"rgn_id","year","L"
1,1989,NA
1,1990,NA
1,1991,NA
1,1992,NA
1,1993,NA
1,1994,NA
1,1995,NA
1,1996,NA
1,1997,NA
1,1998,NA
1,1999,NA
1,2000,NA
1,2001,NA
1,2002,NA
1,2003,NA
1,2004,NA
1,2005,NA
1,2006,NA
1,2007,NA
1,2008,NA
1,2009,NA
1,2010,NA
1,2011,NA
1,2012,NA
1,2013,NA
2,1989,NA
2,1990,NA
2,1991,NA
2,1992,NA
2,1993,NA
2,1994,NA
2,1995,NA
2,1996,NA
2,1997,NA
2,1998,NA
2,1999,NA
2,2000,NA
2,2001,NA
2,2002,NA
2,2003,NA
2,2004,NA
2,2005,NA
2,2006,NA
2,2007,NA
2,2008,NA
2,2009,NA
2,2010,NA
2,2011,NA
2,2012,NA
2,2013,NA
3,1989,NA
3,1990,NA
3,1991,NA
3,1992,NA
3,1993,NA
3,1994,NA
3,1995,NA
3,1996,NA
3,1997,NA
3,1998,NA
3,1999,NA
3,2000,NA
3,2001,NA
3,2002,NA
3,2003,NA
3,2004,NA
3,2005,NA
3,2006,NA
3,2007,NA
3,2008,NA
3,2009,NA
3,2010,NA
3,2011,NA
3,2012,NA
3,2013,NA
4,1989,NA
4,1990,NA
4,1991,NA
4,1992,NA
4,1993,NA
4,1994,NA
4,1995,NA
4,1996,NA
4,1997,NA
4,1998,NA
4,1999,NA
4,2000,NA
4,2001,NA
4,2002,NA
4,2003,NA
4,2004,NA
4,2005,NA
4,2006,NA
4,2007,NA
4,2008,NA
4,2009,NA
4,2010,NA
4,2011,NA
4,2012,NA
4,2013,NA
5,1989,NA
5,1990,69038
5,1991,71471
5,1992,74085
5,1993,76780
5,1994,79336
5,1995,81628
5,1996,83546
5,1997,85226
5,1998,87054
5,1999,88769
5,2000,90522
5,2001,92460
5,2002,94597
5,2003,96304
5,2004,97988
5,2005,99671
5,2006,101369
5,2007,103032
5,2008,104741
5,2009,106559
5,2010,108407
5,2011,110551
5,2012,112737
5,2013,114664
6,1989,NA
6,1990,68767
6,1991,70434
6,1992,72274
6,1993,74173
6,1994,75970
6,1995,77571
6,1996,78830
6,1997,79899
6,1998,80910
6,1999,82028
6,2000,83387
6,2001,85018
6,2002,86870
6,2003,88865
6,2004,91010
6,2005,92987
6,2006,94890
6,2007,96879
6,2008,98723
6,2009,100731
6,2010,103683
6,2011,106609
6,2012,109790
6,2013,112624
7,1989,NA
7,1990,110905
7,1991,114877
7,1992,119154
7,1993,123536
7,1994,128212
7,1995,132966
7,1996,137795
7,1997,142906
7,1998,148076
7,1999,153289
7,2000,158295
7,2001,163313
7,2002,168340
7,2003,173376
7,2004,178414
7,2005,183180
7,2006,187934
7,2007,192693
7,2008,197489
7,2009,202080
7,2010,207100
7,2011,212273
7,2012,217269
7,2013,222614
8,1989,NA
8,1990,NA
8,1991,NA
8,1992,NA
8,1993,NA
8,1994,NA
8,1995,NA
8,1996,NA
8,1997,NA
8,1998,NA
8,1999,NA
8,2000,NA
8,2001,NA
8,2002,NA
8,2003,NA
8,2004,NA
8,2005,NA
8,2006,NA
8,2007,NA
8,2008,NA
8,2009,NA
8,2010,NA
8,2011,NA
8,2012,NA
8,2013,NA
9,1989,NA
9,1990,NA
9,1991,NA
9,1992,NA
9,1993,NA
9,1994,NA
9,1995,NA
9,1996,NA
9,1997,NA
9,1998,NA
9,1999,NA
9,2000,NA
9,2001,NA
9,2002,NA
9,2003,NA
9,2004,NA
9,2005,NA
9,2006,NA
9,2007,NA
9,2008,NA
9,2009,NA
9,2010,NA
9,2011,NA
9,2012,NA
9,2013,NA
10,1989,NA
10,1990,NA
10,1991,NA
10,1992,NA
10,1993,NA
10,1994,NA
10,1995,NA
10,1996,NA
10,1997,NA
10,1998,NA
10,1999,NA
10,2000,NA
10,2001,NA
10,2002,NA
10,2003,NA
10,2004,NA
10,2005,NA
10,2006,NA
10,2007,NA
10,2008,NA
10,2009,NA
10,2010,NA
10,2011,NA
10,2012,NA
10,2013,NA
11,1989,NA
11,1990,NA
11,1991,NA
11,1992,NA
11,1993,NA
11,1994,NA
11,1995,NA
11,1996,NA
11,1997,NA
11,1998,NA
11,1999,NA
11,2000,NA
11,2001,NA
11,2002,NA
11,2003,NA
11,2004,NA
11,2005,NA
11,2006,NA
11,2007,NA
11,2008,NA
11,2009,NA
11,2010,NA
11,2011,NA
11,2012,NA
11,2013,NA
12,1989,NA
12,1990,NA
12,1991,NA
12,1992,NA
12,1993,NA
12,1994,NA
12,1995,NA
12,1996,NA
12,1997,NA
12,1998,NA
12,1999,NA
12,2000,NA
12,2001,NA
12,2002,NA
12,2003,NA
12,2004,NA
12,2005,NA
12,2006,NA
12,2007,NA
12,2008,NA
12,2009,NA
12,2010,NA
12,2011,NA
12,2012,NA
12,2013,NA
13,1989,NA
13,1990,59848
13,1991,61307
13,1992,62641
13,1993,63880
13,1994,64978
13,1995,65963
13,1996,66945
13,1997,67907
13,1998,68712
13,1999,69408
13,2000,69967
13,2001,70390
13,2002,68833
13,2003,69267
13,2004,69648
13,2005,70347
13,2006,72034
13,2007,69783
13,2008,70411
13,2009,71091
13,2010,72244
13,2011,73676
13,2012,74884
13,2013,76248
14,1989,NA
14,1990,NA
14,1991,NA
14,1992,NA
14,1993,NA
14,1994,NA
14,1995,NA
14,1996,NA
14,1997,NA
14,1998,NA
14,1999,NA
14,2000,NA
14,2001,NA
14,2002,NA
14,2003,NA
14,2004,NA
14,2005,NA
14,2006,NA
14,2007,NA
14,2008,NA
14,2009,NA
14,2010,NA
14,2011,NA
14,2012,NA
14,2013,NA
15,1989,NA
15,1990,2.39297e+07
15,1991,2.46033e+07
15,1992,2.54758e+07
15,1993,2.60105e+07
15,1994,2.67138e+07
15,1995,2.78949e+07
15,1996,2.86028e+07
15,1997,2.92815e+07
15,1998,3.02883e+07
15,1999,3.09938e+07
15,2000,3.11319e+07
15,2001,3.32547e+07
15,2002,3.34972e+07
15,2003,3.45928e+07
15,2004,3.51246e+07
15,2005,3.49945e+07
15,2006,3.53153e+07
15,2007,3.57844e+07
15,2008,3.68832e+07
15,2009,3.78965e+07
15,2010,3.91266e+07
15,2011,4.03405e+07
15,2012,4.12786e+07
15,2013,4.22503e+07
16,1989,NA
16,1990,8.50226e+06
16,1991,8.54801e+06
16,1992,8.62326e+06
16,1993,8.67517e+06
16,1994,8.83206e+06
16,1995,9.04969e+06
16,1996,9.15474e+06
16,1997,9.23055e+06
16,1998,9.33122e+06
16,1999,9.42892e+06
16,2000,9.62437e+06
16,2001,9.79333e+06
16,2002,9.9376e+06
16,2003,1.01019e+07
16,2004,1.02296e+07
16,2005,1.05557e+07
16,2006,1.08069e+07
16,2007,1.09862e+07
16,2008,1.12854e+07
16,2009,1.15225e+07
16,2010,1.1715e+07
16,2011,1.18823e+07
16,2012,1.20297e+07
16,2013,1.22039e+07
17,1989,NA
17,1990,1.73914e+06
17,1991,1.78483e+06
17,1992,1.81994e+06
17,1993,1.85163e+06
17,1994,1.9044e+06
17,1995,1.9748e+06
17,1996,2.02416e+06
17,1997,2.10065e+06
17,1998,2.17895e+06
17,1999,2.24312e+06
17,2000,2.32064e+06
17,2001,2.38941e+06
17,2002,2.45905e+06
17,2003,2.52662e+06
17,2004,2.59607e+06
17,2005,2.66794e+06
17,2006,2.73859e+06
17,2007,2.80771e+06
17,2008,2.87529e+06
17,2009,2.95348e+06
17,2010,3.02638e+06
17,2011,3.10632e+06
17,2012,3.19345e+06
17,2013,3.28117e+06
18,1989,NA
18,1990,253432
18,1991,259420
18,1992,266606
18,1993,274562
18,1994,282127
18,1995,289744
18,1996,296279
18,1997,297837
18,1998,299088
18,1999,300399
18,2000,302546
18,2001,305583
18,2002,309413
18,2003,313404
18,2004,317397
18,2005,320703
18,2006,322706
18,2007,324535
18,2008,327874
18,2009,332076
18,2010,335875
18,2011,339227
18,2012,342174
18,2013,344739
19,1989,NA
19,1990,NA
19,1991,NA
19,1992,NA
19,1993,NA
19,1994,NA
19,1995,NA
19,1996,NA
19,1997,NA
19,1998,NA
19,1999,NA
19,2000,NA
19,2001,NA
19,2002,NA
19,2003,NA
19,2004,NA
19,2005,NA
19,2006,NA
19,2007,NA
19,2008,NA
19,2009,NA
19,2010,NA
19,2011,NA
19,2012,NA
19,2013,NA
20,1989,NA
20,1990,1.91607e+07
20,1991,1.96234e+07
20,1992,2.0047e+07
20,1993,2.03532e+07
20,1994,2.09577e+07
20,1995,2.14317e+07
20,1996,2.19e+07
20,1997,2.23692e+07
20,1998,2.19959e+07
20,1999,2.22252e+07
20,2000,2.26649e+07
20,2001,2.29706e+07
20,2002,2.33854e+07
20,2003,2.33734e+07
20,2004,2.38069e+07
20,2005,2.39508e+07
20,2006,2.41829e+07
20,2007,2.44679e+07
20,2008,2.46243e+07
20,2009,2.46336e+07
20,2010,2.49552e+07
20,2011,2.53802e+07
20,2012,2.57655e+07
20,2013,2.6073e+07
21,1989,NA
21,1990,1.21264e+07
21,1991,1.23463e+07
21,1992,1.25341e+07
21,1993,1.26838e+07
21,1994,1.28404e+07
21,1995,1.29833e+07
21,1996,1.3131e+07
21,1997,1.32815e+07
21,1998,1.34341e+07
21,1999,1.35699e+07
21,2000,1.36866e+07
21,2001,1.38183e+07
21,2002,1.39322e+07
21,2003,1.40454e+07
21,2004,1.41402e+07
21,2005,1.42518e+07
21,2006,1.43626e+07
21,2007,1.44539e+07
21,2008,1.45607e+07
21,2009,1.47194e+07
21,2010,1.48167e+07
21,2011,1.4946e+07
21,2012,1.50889e+07
21,2013,1.52067e+07
24,1989,NA
24,1990,4.04875e+06
24,1991,4.14086e+06
24,1992,4.24366e+06
24,1993,4.36283e+06
24,1994,4.48502e+06
24,1995,4.63461e+06
24,1996,4.79721e+06
24,1997,5.027e+06
24,1998,5.28332e+06
24,1999,5.4936e+06
24,2000,5.68162e+06
24,2001,5.92477e+06
24,2002,6.16423e+06
24,2003,6.39654e+06
24,2004,6.62868e+06
24,2005,6.89118e+06
24,2006,7.15199e+06
24,2007,7.41646e+06
24,2008,7.6721e+06
24,2009,7.87533e+06
24,2010,8.07813e+06
24,2011,8.26039e+06
24,2012,8.43316e+06
24,2013,8.60527e+06
25,1989,NA
25,1990,3.21784e+07
25,1991,3.21066e+07
25,1992,3.18614e+07
25,1993,3.14956e+07
25,1994,3.10776e+07
25,1995,3.17215e+07
25,1996,3.24462e+07
25,1997,3.31909e+07
25,1998,3.33818e+07
25,1999,3.35003e+07
25,2000,3.44137e+07
25,2001,3.52006e+07
25,2002,3.57165e+07
25,2003,3.61478e+07
25,2004,3.68474e+07
25,2005,3.73709e+07
25,2006,3.74529e+07
25,2007,3.8276e+07
25,2008,3.86071e+07
25,2009,3.86512e+07
25,2010,3.87811e+07
25,2011,3.91096e+07
25,2012,3.94235e+07
25,2013,3.96543e+07
26,1989,NA
26,1990,NA
26,1991,NA
26,1992,NA
26,1993,NA
26,1994,NA
26,1995,NA
26,1996,NA
26,1997,NA
26,1998,NA
26,1999,NA
26,2000,NA
26,2001,NA
26,2002,NA
26,2003,NA
26,2004,NA
26,2005,NA
26,2006,NA
26,2007,NA
26,2008,NA
26,2009,NA
26,2010,NA
26,2011,NA
26,2012,NA
26,2013,NA
28,1989,NA
28,1990,121622
28,1991,125491
28,1992,129778
28,1993,134033
28,1994,138511
28,1995,143223
28,1996,147913
28,1997,153087
28,1998,158103
28,1999,163402
28,2000,168922
28,2001,174348
28,2002,179700
28,2003,185340
28,2004,190992
28,2005,196695
28,2006,202455
28,2007,208287
28,2008,214266
28,2009,220094
28,2010,226610
28,2011,232659
28,2012,239019
28,2013,245166
29,1989,NA
29,1990,NA
29,1991,NA
29,1992,NA
29,1993,NA
29,1994,NA
29,1995,NA
29,1996,NA
29,1997,NA
29,1998,NA
29,1999,NA
29,2000,NA
29,2001,NA
29,2002,NA
29,2003,NA
29,2004,NA
29,2005,NA
29,2006,NA
29,2007,NA
29,2008,NA
29,2009,NA
29,2010,NA
29,2011,NA
29,2012,NA
29,2013,NA
30,1989,NA
30,1990,NA
30,1991,NA
30,1992,NA
30,1993,NA
30,1994,NA
30,1995,NA
30,1996,NA
30,1997,NA
30,1998,NA
30,1999,NA
30,2000,NA
30,2001,NA
30,2002,NA
30,2003,NA
30,2004,NA
30,2005,NA
30,2006,NA
30,2007,NA
30,2008,NA
30,2009,NA
30,2010,NA
30,2011,NA
30,2012,NA
30,2013,NA
31,1989,NA
31,1990,NA
31,1991,NA
31,1992,NA
31,1993,NA
31,1994,NA
31,1995,NA
31,1996,NA
31,1997,NA
31,1998,NA
31,1999,NA
31,2000,NA
31,2001,NA
31,2002,NA
31,2003,NA
31,2004,NA
31,2005,NA
31,2006,NA
31,2007,NA
31,2008,NA
31,2009,NA
31,2010,NA
31,2011,NA
31,2012,NA
31,2013,NA
32,1989,NA
32,1990,NA
32,1991,NA
32,1992,NA
32,1993,NA
32,1994,NA
32,1995,NA
32,1996,NA
32,1997,NA
32,1998,NA
32,1999,NA
32,2000,NA
32,2001,NA
32,2002,NA
32,2003,NA
32,2004,NA
32,2005,NA
32,2006,NA
32,2007,NA
32,2008,NA
32,2009,NA
32,2010,NA
32,2011,NA
32,2012,NA
32,2013,NA
33,1989,NA
33,1990,NA
33,1991,NA
33,1992,NA
33,1993,NA
33,1994,NA
33,1995,NA
33,1996,NA
33,1997,NA
33,1998,NA
33,1999,NA
33,2000,NA
33,2001,NA
33,2002,NA
33,2003,NA
33,2004,NA
33,2005,NA
33,2006,NA
33,2007,NA
33,2008,NA
33,2009,NA
33,2010,NA
33,2011,NA
33,2012,NA
33,2013,NA
34,1989,NA
34,1990,NA
34,1991,NA
34,1992,NA
34,1993,NA
34,1994,NA
34,1995,NA
34,1996,NA
34,1997,NA
34,1998,NA
34,1999,NA
34,2000,NA
34,2001,NA
34,2002,NA
34,2003,NA
34,2004,NA
34,2005,NA
34,2006,NA
34,2007,NA
34,2008,NA
34,2009,NA
34,2010,NA
34,2011,NA
34,2012,NA
34,2013,NA
35,1989,NA
35,1990,NA
35,1991,NA
35,1992,NA
35,1993,NA
35,1994,NA
35,1995,NA
35,1996,NA
35,1997,NA
35,1998,NA
35,1999,NA
35,2000,NA
35,2001,NA
35,2002,NA
35,2003,NA
35,2004,NA
35,2005,NA
35,2006,NA
35,2007,NA
35,2008,NA
35,2009,NA
35,2010,NA
35,2011,NA
35,2012,NA
35,2013,NA
36,1989,NA
36,1990,NA
36,1991,NA
36,1992,NA
36,1993,NA
36,1994,NA
36,1995,NA
36,1996,NA
36,1997,NA
36,1998,NA
36,1999,NA
36,2000,NA
36,2001,NA
36,2002,NA
36,2003,NA
36,2004,NA
36,2005,NA
36,2006,NA
36,2007,NA
36,2008,NA
36,2009,NA
36,2010,NA
36,2011,NA
36,2012,NA
36,2013,NA
37,1989,NA
37,1990,443610
37,1991,451661
37,1992,461187
37,1993,470762
37,1994,480707
37,1995,487564
37,1996,494761
37,1997,503428
37,1998,511308
37,1999,520357
37,2000,528707
37,2001,534991
37,2002,536162
37,2003,536621
37,2004,536902
37,2005,546850
37,2006,551300
37,2007,553421
37,2008,560090
37,2009,566183
37,2010,578688
37,2011,582454
37,2012,587490
37,2013,591967
38,1989,NA
38,1990,NA
38,1991,NA
38,1992,NA
38,1993,NA
38,1994,NA
38,1995,NA
38,1996,NA
38,1997,NA
38,1998,NA
38,1999,NA
38,2000,NA
38,2001,NA
38,2002,NA
38,2003,NA
38,2004,NA
38,2005,NA
38,2006,NA
38,2007,NA
38,2008,NA
38,2009,NA
38,2010,NA
38,2011,NA
38,2012,NA
38,2013,NA
39,1989,NA
39,1990,57271
39,1991,58996
39,1992,60779
39,1993,62810
39,1994,65184
39,1995,67846
39,1996,71092
39,1997,74659
39,1998,78683
39,1999,82849
39,2000,87593
39,2001,93624
39,2002,100011
39,2003,107056
39,2004,114327
39,2005,121944
39,2006,129877
39,2007,134792
39,2008,139842
39,2009,144856
39,2010,149841
39,2011,154806
39,2012,159737
39,2013,164252
40,1989,NA
40,1990,6.63343e+06
40,1991,6.73269e+06
40,1992,6.79679e+06
40,1993,6.95907e+06
40,1994,7.08482e+06
40,1995,7.10968e+06
40,1996,7.25742e+06
40,1997,7.43344e+06
40,1998,8.05165e+06
40,1999,8.00469e+06
40,2000,7.9492e+06
40,2001,7.81002e+06
40,2002,7.84239e+06
40,2003,7.92059e+06
40,2004,7.90906e+06
40,2005,8.05728e+06
40,2006,8.60448e+06
40,2007,8.45333e+06
40,2008,8.50409e+06
40,2009,8.55901e+06
40,2010,8.50549e+06
40,2011,8.5933e+06
40,2012,8.36834e+06
40,2013,8.43067e+06
41,1989,NA
41,1990,6.03397e+06
41,1991,6.21164e+06
41,1992,6.49499e+06
41,1993,6.83629e+06
41,1994,7.18558e+06
41,1995,7.49706e+06
41,1996,7.75931e+06
41,1997,7.99133e+06
41,1998,8.27018e+06
41,1999,8.52657e+06
41,2000,8.77088e+06
41,2001,9.01299e+06
41,2002,9.24773e+06
41,2003,9.48629e+06
41,2004,9.69522e+06
41,2005,9.91908e+06
41,2006,1.01364e+07
41,2007,1.03721e+07
41,2008,1.06023e+07
41,2009,1.08389e+07
41,2010,1.10953e+07
41,2011,1.13456e+07
41,2012,1.16177e+07
41,2013,1.18811e+07
42,1989,NA
42,1990,5.46058e+06
42,1991,5.63794e+06
42,1992,5.82329e+06
42,1993,6.01403e+06
42,1994,6.2065e+06
42,1995,6.40587e+06
42,1996,6.60406e+06
42,1997,6.80283e+06
42,1998,7.00625e+06
42,1999,7.22002e+06
42,2000,7.44838e+06
42,2001,7.68415e+06
42,2002,7.93483e+06
42,2003,8.1898e+06
42,2004,8.4654e+06
42,2005,8.74085e+06
42,2006,9.09826e+06
42,2007,9.45953e+06
42,2008,9.83601e+06
42,2009,1.02294e+07
42,2010,1.0617e+07
42,2011,1.09722e+07
42,2012,1.13276e+07
42,2013,1.1688e+07
43,1989,NA
43,1990,8.99756e+06
43,1991,9.29338e+06
43,1992,9.60368e+06
43,1993,9.92069e+06
43,1994,1.02343e+07
43,1995,1.05373e+07
43,1996,1.08268e+07
43,1997,1.11047e+07
43,1998,1.13748e+07
43,1999,1.16432e+07
43,2000,1.19138e+07
43,2001,1.21883e+07
43,2002,1.24644e+07
43,2003,1.27566e+07
43,2004,1.30402e+07
43,2005,1.33316e+07
43,2006,1.37578e+07
43,2007,1.42045e+07
43,2008,1.46583e+07
43,2009,1.51292e+07
43,2010,1.56247e+07
43,2011,1.61477e+07
43,2012,1.66975e+07
43,2013,1.72459e+07
44,1989,NA
44,1990,1.95843e+06
44,1991,1.95177e+06
44,1992,1.93783e+06
44,1993,1.92708e+06
44,1994,1.92244e+06
44,1995,1.93423e+06
44,1996,1.96513e+06
44,1997,2.01255e+06
44,1998,2.07157e+06
44,1999,2.13475e+06
44,2000,2.1966e+06
44,2001,2.25598e+06
44,2002,2.31447e+06
44,2003,2.37256e+06
44,2004,2.42716e+06
44,2005,2.48789e+06
44,2006,2.55008e+06
44,2007,2.61362e+06
44,2008,2.68039e+06
44,2009,2.74795e+06
44,2010,2.82768e+06
44,2011,2.91568e+06
44,2012,3.01134e+06
44,2013,3.10904e+06
45,1989,NA
45,1990,1.46261e+06
45,1991,1.46429e+06
45,1992,1.4489e+06
45,1993,1.42398e+06
45,1994,1.4023e+06
45,1995,1.40823e+06
45,1996,1.43382e+06
45,1997,1.47856e+06
45,1998,1.54308e+06
45,1999,1.6249e+06
45,2000,1.72403e+06
45,2001,1.82466e+06
45,2002,1.93862e+06
45,2003,2.06092e+06
45,2004,2.17965e+06
45,2005,2.292e+06
45,2006,2.39562e+06
45,2007,2.49163e+06
45,2008,2.58582e+06
45,2009,2.6735e+06
45,2010,2.76404e+06
45,2011,2.85812e+06
45,2012,2.95493e+06
45,2013,3.05287e+06
46,1989,NA
46,1990,152613
46,1991,158663
46,1992,164511
46,1993,169513
46,1994,174228
46,1995,179080
46,1996,184128
46,1997,189669
46,1998,195440
46,1999,201140
46,2000,207234
46,2001,213790
46,2002,220349
46,2003,227675
46,2004,234684
46,2005,242169
46,2006,250151
46,2007,257643
46,2008,265558
46,2009,273272
46,2010,281252
46,2011,287796
46,2012,294586
46,2013,300966
47,1989,NA
47,1990,2.47368e+06
47,1991,2.63812e+06
47,1992,2.82265e+06
47,1993,3.03021e+06
47,1994,3.24081e+06
47,1995,3.4291e+06
47,1996,3.59681e+06
47,1997,3.75445e+06
47,1998,3.89938e+06
47,1999,4.04849e+06
47,2000,4.20854e+06
47,2001,4.37143e+06
47,2002,4.56318e+06
47,2003,4.75535e+06
47,2004,4.96662e+06
47,2005,5.17531e+06
47,2006,5.39193e+06
47,2007,5.62836e+06
47,2008,5.85938e+06
47,2009,6.10644e+06
47,2010,6.34251e+06
47,2011,6.59252e+06
47,2012,6.85816e+06
47,2013,7.12538e+06
48,1989,NA
48,1990,546546
48,1991,590842
48,1992,643004
48,1993,696999
48,1994,743001
48,1995,772161
48,1996,784445
48,1997,780240
48,1998,768976
48,1999,761875
48,2000,760252
48,2001,770272
48,2002,795610
48,2003,830097
48,2004,867250
48,2005,905047
48,2006,938649
48,2007,972084
48,2008,1.01739e+06
48,2009,1.09687e+06
48,2010,1.21674e+06
48,2011,1.38466e+06
48,2012,1.59524e+06
48,2013,1.80946e+06
49,1989,NA
49,1990,5.74034e+06
49,1991,5.91192e+06
49,1992,6.10412e+06
49,1993,6.28725e+06
49,1994,6.66023e+06
49,1995,6.98804e+06
49,1996,7.26079e+06
49,1997,7.48108e+06
49,1998,7.68664e+06
49,1999,7.90887e+06
49,2000,8.12987e+06
49,2001,8.38328e+06
49,2002,8.63438e+06
49,2003,8.91497e+06
49,2004,9.18926e+06
49,2005,9.47187e+06
49,2006,9.78282e+06
49,2007,1.00868e+07
49,2008,1.03989e+07
49,2009,1.07148e+07
49,2010,1.10322e+07
49,2011,1.13278e+07
49,2012,1.16456e+07
49,2013,1.19461e+07
50,1989,NA
50,1990,5.03203e+06
50,1991,5.20375e+06
50,1992,5.40917e+06
50,1993,5.56182e+06
50,1994,5.68951e+06
50,1995,5.76486e+06
50,1996,5.77887e+06
50,1997,5.73818e+06
50,1998,5.70286e+06
50,1999,5.73023e+06
50,2000,6.02752e+06
50,2001,6.29448e+06
50,2002,6.72132e+06
50,2003,7.2354e+06
50,2004,7.7533e+06
50,2005,8.20853e+06
50,2006,8.60111e+06
50,2007,8.92024e+06
50,2008,9.17458e+06
50,2009,9.40041e+06
50,2010,9.72511e+06
50,2011,1.00415e+07
50,2012,1.03827e+07
50,2013,1.12323e+07
51,1989,NA
51,1990,784499
51,1991,784035
51,1992,NA
51,1993,NA
51,1994,NA
51,1995,770629
51,1996,792118
51,1997,826251
51,1998,868757
51,1999,914454
51,2000,957754
51,2001,998179
51,2002,1.03574e+06
51,2003,1.07404e+06
51,2004,1.11378e+06
51,2005,1.15985e+06
51,2006,1.2179e+06
51,2007,1.28396e+06
51,2008,1.35489e+06
51,2009,1.43688e+06
51,2010,1.51254e+06
51,2011,1.58746e+06
51,2012,1.66232e+06
51,2013,1.73318e+06
52,1989,NA
52,1990,214616
52,1991,223914
52,1992,232525
52,1993,241233
52,1994,249347
52,1995,257123
52,1996,264181
52,1997,271337
52,1998,279387
52,1999,289834
52,2000,303604
52,2001,319802
52,2002,335376
52,2003,355406
52,2004,382853
52,2005,424303
52,2006,477508
52,2007,540749
52,2008,605930
52,2009,664212
52,2010,707016
52,2011,731901
52,2012,741723
52,2013,738890
53,1989,NA
53,1990,3.17049e+07
53,1991,3.25151e+07
53,1992,3.33874e+07
53,1993,3.3877e+07
53,1994,3.50998e+07
53,1995,3.53421e+07
53,1996,3.68112e+07
53,1997,3.85376e+07
53,1998,3.97305e+07
53,1999,4.1362e+07
53,2000,4.29449e+07
53,2001,4.41186e+07
53,2002,4.53842e+07
53,2003,4.71182e+07
53,2004,4.89835e+07
53,2005,5.13807e+07
53,2006,5.38452e+07
53,2007,5.49283e+07
53,2008,5.63188e+07
53,2009,5.83741e+07
53,2010,6.03655e+07
53,2011,6.20597e+07
53,2012,6.37778e+07
53,2013,6.55697e+07
54,1989,NA
54,1990,907318
54,1991,974820
54,1992,1.04982e+06
54,1993,1.12903e+06
54,1994,1.21115e+06
54,1995,1.2914e+06
54,1996,1.37164e+06
54,1997,1.45843e+06
54,1998,1.54724e+06
54,1999,1.63401e+06
54,2000,1.72106e+06
54,2001,1.79507e+06
54,2002,1.8615e+06
54,2003,1.96891e+06
54,2004,2.18225e+06
54,2005,2.54121e+06
54,2006,3.0662e+06
54,2007,3.73563e+06
54,2008,4.46118e+06
54,2009,5.13638e+06
54,2010,5.68638e+06
54,2011,6.04142e+06
54,2012,6.24801e+06
54,2013,6.3255e+06
55,1989,NA
55,1990,NA
55,1991,NA
55,1992,NA
55,1993,NA
55,1994,NA
55,1995,NA
55,1996,NA
55,1997,NA
55,1998,NA
55,1999,NA
55,2000,NA
55,2001,NA
55,2002,NA
55,2003,NA
55,2004,NA
55,2005,NA
55,2006,NA
55,2007,NA
55,2008,NA
55,2009,NA
55,2010,NA
55,2011,NA
55,2012,NA
55,2013,NA
56,1989,NA
56,1990,118191
56,1991,121363
56,1992,125145
56,1993,129741
56,1994,134652
56,1995,139423
56,1996,144180
56,1997,148758
56,1998,153713
56,1999,158732
56,2000,164387
56,2001,170498
56,2002,176957
56,2003,183514
56,2004,190114
56,2005,195932
56,2006,201445
56,2007,206441
56,2008,211119
56,2009,215795
56,2010,221032
56,2011,226236
56,2012,232009
56,2013,237304
57,1989,NA
57,1990,NA
57,1991,NA
57,1992,NA
57,1993,NA
57,1994,NA
57,1995,NA
57,1996,NA
57,1997,NA
57,1998,NA
57,1999,NA
57,2000,NA
57,2001,NA
57,2002,NA
57,2003,NA
57,2004,NA
57,2005,NA
57,2006,NA
57,2007,NA
57,2008,NA
57,2009,NA
57,2010,NA
57,2011,NA
57,2012,NA
57,2013,NA
58,1989,NA
58,1990,NA
58,1991,NA
58,1992,NA
58,1993,NA
58,1994,NA
58,1995,NA
58,1996,NA
58,1997,NA
58,1998,NA
58,1999,NA
58,2000,NA
58,2001,NA
58,2002,NA
58,2003,NA
58,2004,NA
58,2005,NA
58,2006,NA
58,2007,NA
58,2008,NA
58,2009,NA
58,2010,NA
58,2011,NA
58,2012,NA
58,2013,NA
59,1989,NA
59,1990,3.95345e+06
59,1991,4.04356e+06
59,1992,4.0768e+06
59,1993,4.1008e+06
59,1994,4.1634e+06
59,1995,4.19004e+06
59,1996,4.20092e+06
59,1997,4.21503e+06
59,1998,4.25408e+06
59,1999,4.36177e+06
59,2000,4.41156e+06
59,2001,4.31318e+06
59,2002,4.39738e+06
59,2003,4.42944e+06
59,2004,4.5141e+06
59,2005,4.62226e+06
59,2006,4.64054e+06
59,2007,4.73275e+06
59,2008,4.77455e+06
59,2009,4.78876e+06
59,2010,4.89856e+06
59,2011,4.87095e+06
59,2012,4.90233e+06
59,2013,4.94803e+06
60,1989,NA
60,1990,NA
60,1991,NA
60,1992,NA
60,1993,NA
60,1994,NA
60,1995,NA
60,1996,NA
60,1997,NA
60,1998,NA
60,1999,NA
60,2000,NA
60,2001,NA
60,2002,NA
60,2003,NA
60,2004,NA
60,2005,NA
60,2006,NA
60,2007,NA
60,2008,NA
60,2009,NA
60,2010,NA
60,2011,NA
60,2012,NA
60,2013,NA
61,1989,NA
61,1990,2.45361e+06
61,1991,2.52805e+06
61,1992,2.60917e+06
61,1993,2.66638e+06
61,1994,2.76174e+06
61,1995,2.85236e+06
61,1996,2.93878e+06
61,1997,3.0196e+06
61,1998,3.08075e+06
61,1999,3.14351e+06
61,2000,3.19718e+06
61,2001,3.24364e+06
61,2002,3.29563e+06
61,2003,3.34313e+06
61,2004,3.3884e+06
61,2005,3.43157e+06
61,2006,3.50977e+06
61,2007,3.5849e+06
61,2008,3.65929e+06
61,2009,3.7325e+06
61,2010,3.80063e+06
61,2011,3.87158e+06
61,2012,3.93046e+06
61,2013,3.97952e+06
62,1989,NA
62,1990,7.77012e+06
62,1991,7.95866e+06
62,1992,8.22356e+06
62,1993,8.4786e+06
62,1994,8.67819e+06
62,1995,8.97009e+06
62,1996,9.20844e+06
62,1997,9.52623e+06
62,1998,9.79676e+06
62,1999,1.01e+07
62,2000,1.01485e+07
62,2001,9.96219e+06
62,2002,1.00438e+07
62,2003,1.04753e+07
62,2004,1.08114e+07
62,2005,1.09046e+07
62,2006,1.09546e+07
62,2007,1.11085e+07
62,2008,1.1239e+07
62,2009,1.1298e+07
62,2010,1.13716e+07
62,2011,1.15999e+07
62,2012,1.18031e+07
62,2013,1.20262e+07
63,1989,NA
63,1990,NA
63,1991,NA
63,1992,NA
63,1993,NA
63,1994,NA
63,1995,NA
63,1996,NA
63,1997,NA
63,1998,NA
63,1999,NA
63,2000,NA
63,2001,NA
63,2002,NA
63,2003,NA
63,2004,NA
63,2005,NA
63,2006,NA
63,2007,NA
63,2008,NA
63,2009,NA
63,2010,NA
63,2011,NA
63,2012,NA
63,2013,NA
64,1989,NA
64,1990,532765
64,1991,550023
64,1992,570626
64,1993,588686
64,1994,614020
64,1995,634151
64,1996,657925
64,1997,688436
64,1998,717651
64,1999,745394
64,2000,779154
64,2001,813046
64,2002,850155
64,2003,885280
64,2004,921316
64,2005,958008
64,2006,982012
64,2007,1.02931e+06
64,2008,1.06765e+06
64,2009,1.11272e+06
64,2010,1.15004e+06
64,2011,1.1854e+06
64,2012,1.22096e+06
64,2013,1.25579e+06
65,1989,NA
65,1990,382862
65,1991,395434
65,1992,407007
65,1993,417781
65,1994,428791
65,1995,440802
65,1996,453439
65,1997,467640
65,1998,482670
65,1999,497566
65,2000,513382
65,2001,529501
65,2002,547472
65,2003,564563
65,2004,582214
65,2005,601271
65,2006,620224
65,2007,639849
65,2008,660231
65,2009,681483
65,2010,704582
65,2011,726858
65,2012,751038
65,2013,774012
66,1989,NA
66,1990,3.00051e+06
66,1991,3.10576e+06
66,1992,3.22008e+06
66,1993,3.33285e+06
66,1994,3.44972e+06
66,1995,3.55972e+06
66,1996,3.66614e+06
66,1997,3.76998e+06
66,1998,3.86889e+06
66,1999,3.97167e+06
66,2000,4.09198e+06
66,2001,4.21515e+06
66,2002,4.35135e+06
66,2003,4.48784e+06
66,2004,4.63402e+06
66,2005,4.77629e+06
66,2006,4.92677e+06
66,2007,5.08023e+06
66,2008,5.23764e+06
66,2009,5.40039e+06
66,2010,5.56956e+06
66,2011,5.74555e+06
66,2012,5.92826e+06
66,2013,6.10799e+06
67,1989,NA
67,1990,1.1931e+06
67,1991,1.23542e+06
67,1992,1.28782e+06
67,1993,1.33983e+06
67,1994,1.39632e+06
67,1995,1.45712e+06
67,1996,1.51948e+06
67,1997,1.58644e+06
67,1998,1.6543e+06
67,1999,1.71866e+06
67,2000,1.78194e+06
67,2001,1.84351e+06
67,2002,1.90338e+06
67,2003,1.95474e+06
67,2004,2.00574e+06
67,2005,2.05701e+06
67,2006,2.10539e+06
67,2007,2.15825e+06
67,2008,2.20548e+06
67,2009,2.24392e+06
67,2010,2.27162e+06
67,2011,2.29593e+06
67,2012,2.30549e+06
67,2013,2.3191e+06
68,1989,NA
68,1990,138552
68,1991,140538
68,1992,141601
68,1993,142749
68,1994,143338
68,1995,144812
68,1996,146531
68,1997,147845
68,1998,150005
68,1999,152125
68,2000,153540
68,2001,161828
68,2002,162332
68,2003,163314
68,2004,160876
68,2005,164410
68,2006,165600
68,2007,169259
68,2008,171614
68,2009,173790
68,2010,177671
68,2011,181202
68,2012,186156
68,2013,187853
69,1989,NA
69,1990,1.44369e+06
69,1991,1.40842e+06
69,1992,1.35964e+06
69,1993,1.303e+06
69,1994,1.25101e+06
69,1995,1.20276e+06
69,1996,1.16033e+06
69,1997,1.15428e+06
69,1998,1.14789e+06
69,1999,1.12214e+06
69,2000,1.09109e+06
69,2001,1.09752e+06
69,2002,1.13045e+06
69,2003,1.11108e+06
69,2004,1.11053e+06
69,2005,1.10291e+06
69,2006,1.12775e+06
69,2007,1.14422e+06
69,2008,1.158e+06
69,2009,1.11519e+06
69,2010,1.06238e+06
69,2011,1.03766e+06
69,2012,1.04622e+06
69,2013,1.03878e+06
70,1989,NA
70,1990,844998
70,1991,826712
70,1992,796350
70,1993,761737
70,1994,729698
70,1995,701384
70,1996,694109
70,1997,688310
70,1998,677254
70,1999,663454
70,2000,669260
70,2001,671144
70,2002,658188
70,2003,677121
70,2004,679359
70,2005,674866
70,2006,695265
70,2007,694702
70,2008,700186
70,2009,696636
70,2010,691625
70,2011,698460
70,2012,689183
70,2013,687844
71,1989,NA
71,1990,4.07776e+06
71,1991,4.01709e+06
71,1992,3.95635e+06
71,1993,3.88803e+06
71,1994,3.8309e+06
71,1995,3.77548e+06
71,1996,3.70884e+06
71,1997,3.64422e+06
71,1998,3.57661e+06
71,1999,3.50591e+06
71,2000,3.43102e+06
71,2001,3.50851e+06
71,2002,3.42699e+06
71,2003,3.36438e+06
71,2004,3.41444e+06
71,2005,3.35463e+06
71,2006,3.47829e+06
71,2007,3.51199e+06
71,2008,3.58061e+06
71,2009,3.50586e+06
71,2010,3.4169e+06
71,2011,3.3471e+06
71,2012,3.35451e+06
71,2013,3.34239e+06
72,1989,NA
72,1990,1.04556e+07
72,1991,1.05362e+07
72,1992,1.05813e+07
72,1993,1.07906e+07
72,1994,1.10507e+07
72,1995,1.13456e+07
72,1996,1.16659e+07
72,1997,1.20066e+07
72,1998,1.18607e+07
72,1999,1.18908e+07
72,2000,1.18498e+07
72,2001,1.15166e+07
72,2002,1.038e+07
72,2003,1.02878e+07
72,2004,1.02006e+07
72,2005,9.90887e+06
72,2006,1.00665e+07
72,2007,9.93732e+06
72,2008,9.74304e+06
72,2009,9.64357e+06
72,2010,9.65314e+06
72,2011,9.53559e+06
72,2012,9.59314e+06
72,2013,9.58719e+06
73,1989,NA
73,1990,7.67774e+07
73,1991,7.59608e+07
73,1992,7.49678e+07
73,1993,7.27732e+07
73,1994,7.03938e+07
73,1995,7.04954e+07
73,1996,6.96983e+07
73,1997,6.83391e+07
73,1998,6.7708e+07
73,1999,7.24822e+07
73,2000,7.27884e+07
73,2001,7.15306e+07
73,2002,7.25746e+07
73,2003,7.39812e+07
73,2004,7.46459e+07
73,2005,7.51452e+07
73,2006,7.5315e+07
73,2007,7.63449e+07
73,2008,7.665e+07
73,2009,7.644e+07
73,2010,7.63185e+07
73,2011,7.69042e+07
73,2012,7.68722e+07
73,2013,7.69773e+07
74,1989,NA
74,1990,2.32042e+06
74,1991,2.36794e+06
74,1992,2.43589e+06
74,1993,2.46438e+06
74,1994,2.44343e+06
74,1995,2.38553e+06
74,1996,2.3312e+06
74,1997,2.29233e+06
74,1998,2.27945e+06
74,1999,2.27015e+06
74,2000,2.19425e+06
74,2001,2.28052e+06
74,2002,2.21434e+06
74,2003,2.26338e+06
74,2004,2.23274e+06
74,2005,2.26484e+06
74,2006,2.2933e+06
74,2007,2.29383e+06
74,2008,2.30047e+06
74,2009,2.32786e+06
74,2010,2.35683e+06
74,2011,2.38084e+06
74,2012,2.39362e+06
74,2013,2.39484e+06
75,1989,NA
75,1990,2.55216e+07
75,1991,2.54242e+07
75,1992,2.53971e+07
75,1993,2.53658e+07
75,1994,2.52143e+07
75,1995,2.493e+07
75,1996,2.46876e+07
75,1997,2.43792e+07
75,1998,2.41325e+07
75,1999,2.38422e+07
75,2000,2.35394e+07
75,2001,2.32375e+07
75,2002,2.32195e+07
75,2003,2.31129e+07
75,2004,2.31219e+07
75,2005,2.33138e+07
75,2006,2.32904e+07
75,2007,2.32581e+07
75,2008,2.3212e+07
75,2009,2.31643e+07
75,2010,2.31449e+07
75,2011,2.3152e+07
75,2012,2.31251e+07
75,2013,2.31123e+07
76,1989,NA
76,1990,1.95505e+07
76,1991,1.9915e+07
76,1992,2.00645e+07
76,1993,1.91271e+07
76,1994,2.05604e+07
76,1995,2.08363e+07
76,1996,2.11856e+07
76,1997,2.11628e+07
76,1998,2.17028e+07
76,1999,2.21574e+07
76,2000,2.13796e+07
76,2001,2.17509e+07
76,2002,2.20685e+07
76,2003,2.19097e+07
76,2004,2.18646e+07
76,2005,2.23291e+07
76,2006,2.26412e+07
76,2007,2.30444e+07
76,2008,2.3753e+07
76,2009,2.47371e+07
76,2010,2.56446e+07
76,2011,2.66344e+07
76,2012,2.70501e+07
76,2013,2.75201e+07
77,1989,NA
77,1990,3.29805e+06
77,1991,3.47114e+06
77,1992,3.65501e+06
77,1993,3.84917e+06
77,1994,4.06048e+06
77,1995,4.28084e+06
77,1996,4.41159e+06
77,1997,4.55392e+06
77,1998,4.69408e+06
77,1999,4.82474e+06
77,2000,4.9225e+06
77,2001,4.9993e+06
77,2002,5.06944e+06
77,2003,5.1411e+06
77,2004,5.16276e+06
77,2005,5.2294e+06
77,2006,5.35112e+06
77,2007,5.56585e+06
77,2008,5.79764e+06
77,2009,5.81593e+06
77,2010,6.01958e+06
77,2011,6.16295e+06
77,2012,6.31332e+06
77,2013,6.46538e+06
78,1989,NA
78,1990,754907
78,1991,784278
78,1992,814274
78,1993,847475
78,1994,877811
78,1995,904431
78,1996,923649
78,1997,945412
78,1998,958521
78,1999,985904
78,2000,1.02282e+06
78,2001,1.07378e+06
78,2002,1.13504e+06
78,2003,1.20494e+06
78,2004,1.26355e+06
78,2005,1.32503e+06
78,2006,1.37525e+06
78,2007,1.41256e+06
78,2008,1.44566e+06
78,2009,1.48632e+06
78,2010,1.54671e+06
78,2011,1.58974e+06
78,2012,1.63664e+06
78,2013,1.68371e+06
79,1989,NA
79,1990,1.65929e+06
79,1991,1.77782e+06
79,1992,1.86073e+06
79,1993,1.95734e+06
79,1994,2.04388e+06
79,1995,2.12555e+06
79,1996,2.17046e+06
79,1997,2.21997e+06
79,1998,2.28121e+06
79,1999,2.36641e+06
79,2000,2.45127e+06
79,2001,2.51652e+06
79,2002,2.55922e+06
79,2003,2.62095e+06
79,2004,2.69868e+06
79,2005,2.76487e+06
79,2006,2.8401e+06
79,2007,2.93471e+06
79,2008,3.00516e+06
79,2009,3.0988e+06
79,2010,3.17847e+06
79,2011,3.23882e+06
79,2012,3.65186e+06
79,2013,3.69237e+06
80,1989,NA
80,1990,4.18295e+06
80,1991,4.13331e+06
80,1992,4.25663e+06
80,1993,4.32303e+06
80,1994,4.42003e+06
80,1995,4.51349e+06
80,1996,4.62958e+06
80,1997,4.66015e+06
80,1998,4.78492e+06
80,1999,4.84026e+06
80,2000,4.87026e+06
80,2001,4.81488e+06
80,2002,4.87785e+06
80,2003,4.94999e+06
80,2004,5.03095e+06
80,2005,5.05262e+06
80,2006,5.099e+06
80,2007,5.10477e+06
80,2008,5.11296e+06
80,2009,5.15785e+06
80,2010,5.1487e+06
80,2011,5.07502e+06
80,2012,5.03997e+06
80,2013,5.00718e+06
81,1989,NA
81,1990,319300
81,1991,330646
81,1992,334626
81,1993,348838
81,1994,354865
81,1995,361526
81,1996,376052
81,1997,384775
81,1998,392213
81,1999,402690
81,2000,445051
81,2001,466913
81,2002,479585
81,2003,500274
81,2004,515550
81,2005,523972
81,2006,537690
81,2007,551048
81,2008,560533
81,2009,571331
81,2010,584478
81,2011,586250
81,2012,593905
81,2013,603568
82,1989,NA
82,1990,1.39195e+06
82,1991,1.40768e+06
82,1992,1.40561e+06
82,1993,1.39908e+06
82,1994,1.39269e+06
82,1995,1.38018e+06
82,1996,1.37006e+06
82,1997,1.37092e+06
82,1998,1.35738e+06
82,1999,1.34714e+06
82,2000,1.33841e+06
82,2001,1.3296e+06
82,2002,1.33301e+06
82,2003,1.32116e+06
82,2004,1.30871e+06
82,2005,1.29658e+06
82,2006,1.27978e+06
82,2007,1.2628e+06
82,2008,1.24736e+06
82,2009,1.23518e+06
82,2010,1.24092e+06
82,2011,1.2472e+06
82,2012,1.25729e+06
82,2013,1.26712e+06
84,1989,NA
84,1990,6.23392e+06
84,1991,6.53093e+06
84,1992,6.84114e+06
84,1993,7.14948e+06
84,1994,7.47276e+06
84,1995,7.8294e+06
84,1996,8.18519e+06
84,1997,8.40506e+06
84,1998,8.64588e+06
84,1999,8.88562e+06
84,2000,9.12113e+06
84,2001,9.37238e+06
84,2002,9.61843e+06
84,2003,9.85806e+06
84,2004,1.01137e+07
84,2005,1.03622e+07
84,2006,1.0603e+07
84,2007,1.08605e+07
84,2008,1.10819e+07
84,2009,1.1342e+07
84,2010,1.16419e+07
84,2011,1.19294e+07
84,2012,1.22056e+07
84,2013,1.24313e+07
85,1989,NA
85,1990,NA
85,1991,NA
85,1992,NA
85,1993,NA
85,1994,NA
85,1995,NA
85,1996,NA
85,1997,NA
85,1998,NA
85,1999,NA
85,2000,NA
85,2001,NA
85,2002,NA
85,2003,NA
85,2004,NA
85,2005,NA
85,2006,NA
85,2007,NA
85,2008,NA
85,2009,NA
85,2010,NA
85,2011,NA
85,2012,NA
85,2013,NA
86,1989,NA
86,1990,NA
86,1991,NA
86,1992,NA
86,1993,NA
86,1994,NA
86,1995,NA
86,1996,NA
86,1997,NA
86,1998,NA
86,1999,NA
86,2000,NA
86,2001,NA
86,2002,NA
86,2003,NA
86,2004,NA
86,2005,NA
86,2006,NA
86,2007,NA
86,2008,NA
86,2009,NA
86,2010,NA
86,2011,NA
86,2012,NA
86,2013,NA
88,1989,NA
88,1990,NA
88,1991,NA
88,1992,NA
88,1993,NA
88,1994,NA
88,1995,NA
88,1996,NA
88,1997,NA
88,1998,NA
88,1999,NA
88,2000,NA
88,2001,NA
88,2002,NA
88,2003,NA
88,2004,NA
88,2005,NA
88,2006,NA
88,2007,NA
88,2008,NA
88,2009,NA
88,2010,NA
88,2011,NA
88,2012,NA
88,2013,NA
89,1989,NA
89,1990,NA
89,1991,NA
89,1992,NA
89,1993,NA
89,1994,NA
89,1995,NA
89,1996,NA
89,1997,NA
89,1998,NA
89,1999,NA
89,2000,NA
89,2001,NA
89,2002,NA
89,2003,NA
89,2004,NA
89,2005,NA
89,2006,NA
89,2007,NA
89,2008,NA
89,2009,NA
89,2010,NA
89,2011,NA
89,2012,NA
89,2013,NA
90,1989,NA
90,1990,NA
90,1991,NA
90,1992,NA
90,1993,NA
90,1994,NA
90,1995,NA
90,1996,NA
90,1997,NA
90,1998,NA
90,1999,NA
90,2000,NA
90,2001,NA
90,2002,NA
90,2003,NA
90,2004,NA
90,2005,NA
90,2006,NA
90,2007,NA
90,2008,NA
90,2009,NA
90,2010,NA
90,2011,NA
90,2012,NA
90,2013,NA
91,1989,NA
91,1990,NA
91,1991,NA
91,1992,NA
91,1993,NA
91,1994,NA
91,1995,NA
91,1996,NA
91,1997,NA
91,1998,NA
91,1999,NA
91,2000,NA
91,2001,NA
91,2002,NA
91,2003,NA
91,2004,NA
91,2005,NA
91,2006,NA
91,2007,NA
91,2008,NA
91,2009,NA
91,2010,NA
91,2011,NA
91,2012,NA
91,2013,NA
92,1989,NA
92,1990,NA
92,1991,NA
92,1992,NA
92,1993,NA
92,1994,NA
92,1995,NA
92,1996,NA
92,1997,NA
92,1998,NA
92,1999,NA
92,2000,NA
92,2001,NA
92,2002,NA
92,2003,NA
92,2004,NA
92,2005,NA
92,2006,NA
92,2007,NA
92,2008,NA
92,2009,NA
92,2010,NA
92,2011,NA
92,2012,NA
92,2013,NA
93,1989,NA
93,1990,NA
93,1991,NA
93,1992,NA
93,1993,NA
93,1994,NA
93,1995,NA
93,1996,NA
93,1997,NA
93,1998,NA
93,1999,NA
93,2000,NA
93,2001,NA
93,2002,NA
93,2003,NA
93,2004,NA
93,2005,NA
93,2006,NA
93,2007,NA
93,2008,NA
93,2009,NA
93,2010,NA
93,2011,NA
93,2012,NA
93,2013,NA
94,1989,NA
94,1990,NA
94,1991,NA
94,1992,NA
94,1993,NA
94,1994,NA
94,1995,NA
94,1996,NA
94,1997,NA
94,1998,NA
94,1999,NA
94,2000,NA
94,2001,NA
94,2002,NA
94,2003,NA
94,2004,NA
94,2005,NA
94,2006,NA
94,2007,NA
94,2008,NA
94,2009,NA
94,2010,NA
94,2011,NA
94,2012,NA
94,2013,NA
95,1989,NA
95,1990,NA
95,1991,NA
95,1992,NA
95,1993,NA
95,1994,NA
95,1995,NA
95,1996,NA
95,1997,NA
95,1998,NA
95,1999,NA
95,2000,NA
95,2001,NA
95,2002,NA
95,2003,NA
95,2004,NA
95,2005,NA
95,2006,NA
95,2007,NA
95,2008,NA
95,2009,NA
95,2010,NA
95,2011,NA
95,2012,NA
95,2013,NA
96,1989,NA
96,1990,1.44751e+06
96,1991,1.4508e+06
96,1992,1.44812e+06
96,1993,1.4371e+06
96,1994,1.42628e+06
96,1995,1.42057e+06
96,1996,1.42037e+06
96,1997,1.42758e+06
96,1998,1.44328e+06
96,1999,1.46898e+06
96,2000,1.51379e+06
96,2001,1.57541e+06
96,2002,1.6521e+06
96,2003,1.73706e+06
96,2004,1.8631e+06
96,2005,1.94322e+06
96,2006,2.01254e+06
96,2007,2.07291e+06
96,2008,2.12721e+06
96,2009,2.18031e+06
96,2010,2.23254e+06
96,2011,2.28758e+06
96,2012,2.34426e+06
96,2013,2.39616e+06
97,1989,NA
97,1990,696642
97,1991,686343
97,1992,676134
97,1993,670137
97,1994,677305
97,1995,700792
97,1996,743691
97,1997,803395
97,1998,871444
97,1999,935891
97,2000,989943
97,2001,1.02697e+06
97,2002,1.05327e+06
97,2003,1.07291e+06
97,2004,1.09468e+06
97,2005,1.12488e+06
97,2006,1.16537e+06
97,2007,1.21378e+06
97,2008,1.26723e+06
97,2009,1.32115e+06
97,2010,1.37228e+06
97,2011,1.41982e+06
97,2012,1.46508e+06
97,2013,1.5083e+06
98,1989,NA
98,1990,1.53534e+06
98,1991,1.58413e+06
98,1992,1.63447e+06
98,1993,1.68348e+06
98,1994,1.73516e+06
98,1995,1.79325e+06
98,1996,1.8537e+06
98,1997,1.91846e+06
98,1998,1.98961e+06
98,1999,2.06133e+06
98,2000,2.13544e+06
98,2001,2.21191e+06
98,2002,2.2909e+06
98,2003,2.37206e+06
98,2004,2.45191e+06
98,2005,2.53622e+06
98,2006,2.62188e+06
98,2007,2.70228e+06
98,2008,2.78388e+06
98,2009,2.86696e+06
98,2010,2.95174e+06
98,2011,3.03828e+06
98,2012,3.1228e+06
98,2013,3.21108e+06
99,1989,NA
99,1990,1.95566e+06
99,1991,2.03288e+06
99,1992,2.11844e+06
99,1993,2.21166e+06
99,1994,2.30136e+06
99,1995,2.3836e+06
99,1996,2.45976e+06
99,1997,2.52807e+06
99,1998,2.59566e+06
99,1999,2.66444e+06
99,2000,2.74559e+06
99,2001,2.83281e+06
99,2002,2.9283e+06
99,2003,3.04276e+06
99,2004,3.16148e+06
99,2005,3.28224e+06
99,2006,3.40472e+06
99,2007,3.52953e+06
99,2008,3.65651e+06
99,2009,3.78565e+06
99,2010,3.91702e+06
99,2011,4.0448e+06
99,2012,4.17422e+06
99,2013,4.30774e+06
100,1989,NA
100,1990,889897
100,1991,920016
100,1992,949650
100,1993,981777
100,1994,1.01523e+06
100,1995,1.04855e+06
100,1996,1.08511e+06
100,1997,1.12324e+06
100,1998,1.16373e+06
100,1999,1.20196e+06
100,2000,1.24062e+06
100,2001,1.27551e+06
100,2002,1.31082e+06
100,2003,1.3464e+06
100,2004,1.38262e+06
100,2005,1.42509e+06
100,2006,1.47058e+06
100,2007,1.52042e+06
100,2008,1.57297e+06
100,2009,1.62578e+06
100,2010,1.67711e+06
100,2011,1.72162e+06
100,2012,1.76718e+06
100,2013,1.80692e+06
101,1989,NA
101,1990,446037
101,1991,467298
101,1992,487004
101,1993,505896
101,1994,525200
101,1995,537102
101,1996,551964
101,1997,567370
101,1998,592880
101,1999,616961
101,2000,638512
101,2001,663955
101,2002,687116
101,2003,706743
101,2004,726926
101,2005,749086
101,2006,771170
101,2007,796651
101,2008,823146
101,2009,826670
101,2010,831057
101,2011,834972
101,2012,838159
101,2013,869548
102,1989,NA
102,1990,1.14997e+07
102,1991,1.18804e+07
102,1992,1.23335e+07
102,1993,1.279e+07
102,1994,1.3269e+07
102,1995,1.37932e+07
102,1996,1.43196e+07
102,1997,1.49007e+07
102,1998,1.5483e+07
102,1999,1.6119e+07
102,2000,1.67509e+07
102,2001,1.72897e+07
102,2002,1.75647e+07
102,2003,1.73325e+07
102,2004,1.69816e+07
102,2005,1.7719e+07
102,2006,1.82716e+07
102,2007,1.82896e+07
102,2008,1.89183e+07
102,2009,1.8574e+07
102,2010,1.83146e+07
102,2011,1.86176e+07
102,2012,1.91077e+07
102,2013,1.9528e+07
103,1989,NA
103,1990,34006
103,1991,34698
103,1992,35688
103,1993,36735
103,1994,37703
103,1995,38646
103,1996,39565
103,1997,40312
103,1998,41161
103,1999,42042
103,2000,43183
103,2001,44521
103,2002,46071
103,2003,47773
103,2004,49568
103,2005,51472
103,2006,53494
103,2007,55632
103,2008,57848
103,2009,60104
103,2010,62368
103,2011,64519
103,2012,66675
103,2013,68848
104,1989,NA
104,1990,200574
104,1991,204846
104,1992,209283
104,1993,213810
104,1994,218759
104,1995,223722
104,1996,229545
104,1997,235806
104,1998,242545
104,1999,250369
104,2000,258722
104,2001,268249
104,2002,278298
104,2003,288904
104,2004,299722
104,2005,310501
104,2006,321511
104,2007,332452
104,2008,343399
104,2009,354494
104,2010,365836
104,2011,377439
104,2012,389259
104,2013,401157
105,1989,NA
105,1990,NA
105,1991,NA
105,1992,NA
105,1993,NA
105,1994,NA
105,1995,NA
105,1996,NA
105,1997,NA
105,1998,NA
105,1999,NA
105,2000,NA
105,2001,NA
105,2002,NA
105,2003,NA
105,2004,NA
105,2005,NA
105,2006,NA
105,2007,NA
105,2008,NA
105,2009,NA
105,2010,NA
105,2011,NA
105,2012,NA
105,2013,NA
106,1989,NA
106,1990,5.85177e+06
106,1991,6.04905e+06
106,1992,6.25396e+06
106,1993,6.49102e+06
106,1994,6.73105e+06
106,1995,6.97159e+06
106,1996,7.21152e+06
106,1997,7.45254e+06
106,1998,7.70892e+06
106,1999,7.96556e+06
106,2000,8.2367e+06
106,2001,8.37572e+06
106,2002,8.50866e+06
106,2003,8.64577e+06
106,2004,8.77333e+06
106,2005,8.90152e+06
106,2006,9.04392e+06
106,2007,9.32279e+06
106,2008,9.6196e+06
106,2009,9.90064e+06
106,2010,1.02049e+07
106,2011,1.04872e+07
106,2012,1.07791e+07
106,2013,1.10484e+07
107,1989,NA
107,1990,NA
107,1991,NA
107,1992,NA
107,1993,NA
107,1994,NA
107,1995,NA
107,1996,NA
107,1997,NA
107,1998,NA
107,1999,NA
107,2000,NA
107,2001,NA
107,2002,NA
107,2003,NA
107,2004,NA
107,2005,NA
107,2006,NA
107,2007,NA
107,2008,NA
107,2009,NA
107,2010,NA
107,2011,NA
107,2012,NA
107,2013,NA
108,1989,NA
108,1990,NA
108,1991,NA
108,1992,NA
108,1993,NA
108,1994,NA
108,1995,NA
108,1996,NA
108,1997,NA
108,1998,NA
108,1999,NA
108,2000,NA
108,2001,NA
108,2002,NA
108,2003,NA
108,2004,NA
108,2005,NA
108,2006,NA
108,2007,NA
108,2008,NA
108,2009,NA
108,2010,NA
108,2011,NA
108,2012,NA
108,2013,NA
110,1989,NA
110,1990,124701
110,1991,129172
110,1992,133508
110,1993,137841
110,1994,141932
110,1995,142857
110,1996,142951
110,1997,142057
110,1998,140367
110,1999,144087
110,2000,148465
110,2001,153379
110,2002,158951
110,2003,165011
110,2004,171296
110,2005,177842
110,2006,183850
110,2007,190063
110,2008,196207
110,2009,201976
110,2010,207048
110,2011,211650
110,2012,216028
110,2013,219996
111,1989,NA
111,1990,NA
111,1991,NA
111,1992,NA
111,1993,NA
111,1994,NA
111,1995,NA
111,1996,NA
111,1997,NA
111,1998,NA
111,1999,NA
111,2000,NA
111,2001,NA
111,2002,NA
111,2003,NA
111,2004,NA
111,2005,NA
111,2006,NA
111,2007,NA
111,2008,NA
111,2009,NA
111,2010,NA
111,2011,NA
111,2012,NA
111,2013,NA
112,1989,NA
112,1990,4.37345e+06
112,1991,4.4398e+06
112,1992,4.49483e+06
112,1993,4.54158e+06
112,1994,4.59314e+06
112,1995,4.62792e+06
112,1996,4.65475e+06
112,1997,4.67298e+06
112,1998,4.68373e+06
112,1999,4.69676e+06
112,2000,4.70404e+06
112,2001,4.71506e+06
112,2002,4.72938e+06
112,2003,4.74465e+06
112,2004,4.74863e+06
112,2005,4.82069e+06
112,2006,4.87914e+06
112,2007,5.00723e+06
112,2008,5.08665e+06
112,2009,5.24831e+06
112,2010,5.27984e+06
112,2011,5.31083e+06
112,2012,5.33136e+06
112,2013,5.35175e+06
113,1989,NA
113,1990,NA
113,1991,NA
113,1992,NA
113,1993,NA
113,1994,NA
113,1995,NA
113,1996,NA
113,1997,NA
113,1998,NA
113,1999,NA
113,2000,NA
113,2001,NA
113,2002,NA
113,2003,NA
113,2004,NA
113,2005,NA
113,2006,NA
113,2007,NA
113,2008,NA
113,2009,NA
113,2010,NA
113,2011,NA
113,2012,NA
113,2013,NA
114,1989,NA
114,1990,2.70018e+06
114,1991,2.74128e+06
114,1992,2.78478e+06
114,1993,2.83149e+06
114,1994,2.87801e+06
114,1995,2.92904e+06
114,1996,2.98025e+06
114,1997,3.03533e+06
114,1998,3.09254e+06
114,1999,3.15457e+06
114,2000,3.21498e+06
114,2001,3.29958e+06
114,2002,3.3836e+06
114,2003,3.47776e+06
114,2004,3.56582e+06
114,2005,3.65888e+06
114,2006,3.74513e+06
114,2007,3.8363e+06
114,2008,3.92189e+06
114,2009,4.01582e+06
114,2010,4.11976e+06
114,2011,4.21535e+06
114,2012,4.31448e+06
114,2013,4.41574e+06
115,1989,NA
115,1990,2.86414e+06
115,1991,2.94184e+06
115,1992,3.00117e+06
115,1993,3.06981e+06
115,1994,3.1439e+06
115,1995,3.21901e+06
115,1996,3.28497e+06
115,1997,3.35675e+06
115,1998,3.42364e+06
115,1999,3.49592e+06
115,2000,3.56804e+06
115,2001,3.66284e+06
115,2002,3.75835e+06
115,2003,3.85489e+06
115,2004,3.9529e+06
115,2005,4.04644e+06
115,2006,4.14167e+06
115,2007,4.23834e+06
115,2008,4.32249e+06
115,2009,4.40595e+06
115,2010,4.47428e+06
115,2011,4.55451e+06
115,2012,4.63332e+06
115,2013,4.71289e+06
116,1989,NA
116,1990,1.19935e+06
116,1991,1.2362e+06
116,1992,1.2484e+06
116,1993,1.30534e+06
116,1994,1.31007e+06
116,1995,1.31717e+06
116,1996,1.36306e+06
116,1997,1.40738e+06
116,1998,1.42179e+06
116,1999,1.43209e+06
116,2000,1.40628e+06
116,2001,1.42925e+06
116,2002,1.45109e+06
116,2003,1.47218e+06
116,2004,1.47506e+06
116,2005,1.50862e+06
116,2006,1.49967e+06
116,2007,1.46486e+06
116,2008,1.43014e+06
116,2009,1.43442e+06
116,2010,1.35317e+06
116,2011,1.31064e+06
116,2012,1.29442e+06
116,2013,1.29176e+06
117,1989,NA
117,1990,NA
117,1991,NA
117,1992,NA
117,1993,NA
117,1994,NA
117,1995,NA
117,1996,NA
117,1997,NA
117,1998,NA
117,1999,NA
117,2000,NA
117,2001,NA
117,2002,NA
117,2003,NA
117,2004,NA
117,2005,NA
117,2006,NA
117,2007,NA
117,2008,NA
117,2009,NA
117,2010,NA
117,2011,NA
117,2012,NA
117,2013,NA
118,1989,NA
118,1990,NA
118,1991,NA
118,1992,NA
118,1993,NA
118,1994,NA
118,1995,NA
118,1996,NA
118,1997,NA
118,1998,NA
118,1999,NA
118,2000,NA
118,2001,NA
118,2002,NA
118,2003,NA
118,2004,NA
118,2005,NA
118,2006,NA
118,2007,NA
118,2008,NA
118,2009,NA
118,2010,NA
118,2011,NA
118,2012,NA
118,2013,NA
119,1989,NA
119,1990,NA
119,1991,NA
119,1992,NA
119,1993,NA
119,1994,NA
119,1995,NA
119,1996,NA
119,1997,NA
119,1998,NA
119,1999,NA
119,2000,NA
119,2001,NA
119,2002,NA
119,2003,NA
119,2004,NA
119,2005,NA
119,2006,NA
119,2007,NA
119,2008,NA
119,2009,NA
119,2010,NA
119,2011,NA
119,2012,NA
119,2013,NA
120,1989,NA
120,1990,NA
120,1991,NA
120,1992,NA
120,1993,NA
120,1994,NA
120,1995,NA
120,1996,NA
120,1997,NA
120,1998,NA
120,1999,NA
120,2000,NA
120,2001,NA
120,2002,NA
120,2003,NA
120,2004,NA
120,2005,NA
120,2006,NA
120,2007,NA
120,2008,NA
120,2009,NA
120,2010,NA
120,2011,NA
120,2012,NA
120,2013,NA
121,1989,NA
121,1990,NA
121,1991,NA
121,1992,NA
121,1993,NA
121,1994,NA
121,1995,NA
121,1996,NA
121,1997,NA
121,1998,NA
121,1999,NA
121,2000,NA
121,2001,NA
121,2002,NA
121,2003,NA
121,2004,NA
121,2005,NA
121,2006,NA
121,2007,NA
121,2008,NA
121,2009,NA
121,2010,NA
121,2011,NA
121,2012,NA
121,2013,NA
122,1989,NA
122,1990,58222
122,1991,59655
122,1992,60701
122,1993,61908
122,1994,63151
122,1995,64531
122,1996,65890
122,1997,67486
122,1998,69094
122,1999,70851
122,2000,72946
122,2001,75266
122,2002,77403
122,2003,79603
122,2004,81221
122,2005,82952
122,2006,83361
122,2007,84912
122,2008,87090
122,2009,89441
122,2010,91492
122,2011,93071
122,2012,94603
122,2013,95909
123,1989,NA
123,1990,NA
123,1991,NA
123,1992,NA
123,1993,NA
123,1994,NA
123,1995,NA
123,1996,NA
123,1997,NA
123,1998,NA
123,1999,NA
123,2000,NA
123,2001,NA
123,2002,NA
123,2003,NA
123,2004,NA
123,2005,NA
123,2006,NA
123,2007,NA
123,2008,NA
123,2009,NA
123,2010,NA
123,2011,NA
123,2012,NA
123,2013,NA
124,1989,NA
124,1990,136229
124,1991,134263
124,1992,136285
124,1993,137799
124,1994,139068
124,1995,140969
124,1996,140056
124,1997,140992
124,1998,142391
124,1999,143663
124,2000,145446
124,2001,147131
124,2002,146807
124,2003,148665
124,2004,151651
124,2005,153373
124,2006,154889
124,2007,156407
124,2008,158148
124,2009,159858
124,2010,161078
124,2011,162471
124,2012,163584
124,2013,164406
125,1989,NA
125,1990,NA
125,1991,NA
125,1992,NA
125,1993,NA
125,1994,NA
125,1995,NA
125,1996,NA
125,1997,NA
125,1998,NA
125,1999,NA
125,2000,NA
125,2001,NA
125,2002,NA
125,2003,NA
125,2004,NA
125,2005,NA
125,2006,NA
125,2007,NA
125,2008,NA
125,2009,NA
125,2010,NA
125,2011,NA
125,2012,NA
125,2013,NA
126,1989,NA
126,1990,464207
126,1991,453413
126,1992,474267
126,1993,491785
126,1994,508394
126,1995,523164
126,1996,538639
126,1997,549398
126,1998,559614
126,1999,568137
126,2000,577538
126,2001,586858
126,2002,596999
126,2003,616680
126,2004,636027
126,2005,655817
126,2006,661620
126,2007,664413
126,2008,669386
126,2009,665173
126,2010,671730
126,2011,675468
126,2012,678521
126,2013,681127
127,1989,NA
127,1990,41492
127,1991,42276
127,1992,42887
127,1993,43790
127,1994,44675
127,1995,45377
127,1996,46094
127,1997,46407
127,1998,46841
127,1999,47363
127,2000,48077
127,2001,48769
127,2002,49506
127,2003,50259
127,2004,50921
127,2005,51616
127,2006,52025
127,2007,52468
127,2008,52961
127,2009,53436
127,2010,53907
127,2011,54219
127,2012,54525
127,2013,54770
129,1989,NA
129,1990,944094
129,1991,966180
129,1992,1.0119e+06
129,1993,1.05549e+06
129,1994,1.09133e+06
129,1995,1.14064e+06
129,1996,1.17255e+06
129,1997,1.20291e+06
129,1998,1.25923e+06
129,1999,1.28074e+06
129,2000,1.31454e+06
129,2001,1.3488e+06
129,2002,1.38351e+06
129,2003,1.42309e+06
129,2004,1.46776e+06
129,2005,1.50615e+06
129,2006,1.52107e+06
129,2007,1.56702e+06
129,2008,1.64121e+06
129,2009,1.68201e+06
129,2010,1.70286e+06
129,2011,1.73964e+06
129,2012,1.777e+06
129,2013,1.81442e+06
130,1989,NA
130,1990,1.16157e+06
130,1991,1.18535e+06
130,1992,1.20827e+06
130,1993,1.25848e+06
130,1994,1.30333e+06
130,1995,1.36748e+06
130,1996,1.37022e+06
130,1997,1.46808e+06
130,1998,1.55385e+06
130,1999,1.59084e+06
130,2000,1.60537e+06
130,2001,1.7257e+06
130,2002,1.76992e+06
130,2003,1.81323e+06
130,2004,1.8343e+06
130,2005,1.9465e+06
130,2006,1.99403e+06
130,2007,2.07316e+06
130,2008,2.10251e+06
130,2009,2.1439e+06
130,2010,2.19839e+06
130,2011,2.24894e+06
130,2012,2.29887e+06
130,2013,2.34766e+06
131,1989,NA
131,1990,1.31209e+06
131,1991,1.3495e+06
131,1992,1.39209e+06
131,1993,1.43697e+06
131,1994,1.4832e+06
131,1995,1.52999e+06
131,1996,1.58264e+06
131,1997,1.63887e+06
131,1998,1.69275e+06
131,1999,1.74934e+06
131,2000,1.8055e+06
131,2001,1.86092e+06
131,2002,1.91891e+06
131,2003,1.97387e+06
131,2004,2.02985e+06
131,2005,2.09098e+06
131,2006,2.15068e+06
131,2007,2.20497e+06
131,2008,2.26426e+06
131,2009,2.325e+06
131,2010,2.39084e+06
131,2011,2.4544e+06
131,2012,2.51928e+06
131,2013,2.58934e+06
132,1989,NA
132,1990,1.14082e+07
132,1991,1.17112e+07
132,1992,1.19985e+07
132,1993,1.23143e+07
132,1994,1.29394e+07
132,1995,1.36099e+07
132,1996,1.43038e+07
132,1997,1.50216e+07
132,1998,1.57629e+07
132,1999,1.65525e+07
132,2000,1.73377e+07
132,2001,1.81162e+07
132,2002,1.89422e+07
132,2003,1.97611e+07
132,2004,1.96063e+07
132,2005,1.99089e+07
132,2006,1.97221e+07
132,2007,1.98867e+07
132,2008,2.04556e+07
132,2009,2.16459e+07
132,2010,2.22013e+07
132,2011,2.26559e+07
132,2012,2.31073e+07
132,2013,2.3551e+07
133,1989,NA
133,1990,1.59142e+06
133,1991,1.64187e+06
133,1992,1.7135e+06
133,1993,1.77272e+06
133,1994,1.83304e+06
133,1995,1.89427e+06
133,1996,2.04298e+06
133,1997,2.11198e+06
133,1998,2.20987e+06
133,1999,2.34652e+06
133,2000,2.36746e+06
133,2001,2.37692e+06
133,2002,2.35862e+06
133,2003,2.4121e+06
133,2004,2.46738e+06
133,2005,2.54532e+06
133,2006,2.62643e+06
133,2007,2.71496e+06
133,2008,2.80188e+06
133,2009,2.90029e+06
133,2010,2.99616e+06
133,2011,3.08896e+06
133,2012,3.18836e+06
133,2013,3.28301e+06
134,1989,NA
134,1990,1.8922e+06
134,1991,1.93686e+06
134,1992,1.98306e+06
134,1993,2.0588e+06
134,1994,2.12904e+06
134,1995,2.13591e+06
134,1996,2.1145e+06
134,1997,2.1329e+06
134,1998,2.21981e+06
134,1999,2.2235e+06
134,2000,2.22436e+06
134,2001,2.22641e+06
134,2002,2.22935e+06
134,2003,2.30961e+06
134,2004,2.28536e+06
134,2005,2.3361e+06
134,2006,2.39363e+06
134,2007,2.44206e+06
134,2008,2.50117e+06
134,2009,2.55452e+06
134,2010,2.61402e+06
134,2011,2.65861e+06
134,2012,2.70879e+06
134,2013,2.75754e+06
135,1989,NA
135,1990,3.1029e+07
135,1991,3.20018e+07
135,1992,3.3315e+07
135,1993,3.46424e+07
135,1994,3.54383e+07
135,1995,3.63248e+07
135,1996,3.72465e+07
135,1997,3.90426e+07
135,1998,3.98025e+07
135,1999,4.01258e+07
135,2000,4.08108e+07
135,2001,4.11826e+07
135,2002,4.20125e+07
135,2003,4.23302e+07
135,2004,4.41179e+07
135,2005,4.48456e+07
135,2006,4.63671e+07
135,2007,4.74001e+07
135,2008,4.85499e+07
135,2009,4.86066e+07
135,2010,5.03878e+07
135,2011,5.07169e+07
135,2012,5.28475e+07
135,2013,5.38956e+07
136,1989,NA
136,1990,3.11764e+06
136,1991,3.19091e+06
136,1992,3.2612e+06
136,1993,3.33865e+06
136,1994,3.41299e+06
136,1995,3.49494e+06
136,1996,3.57939e+06
136,1997,3.6666e+06
136,1998,3.75689e+06
136,1999,3.85069e+06
136,2000,3.95463e+06
136,2001,4.06297e+06
136,2002,4.17592e+06
136,2003,4.294e+06
136,2004,4.42477e+06
136,2005,4.6918e+06
136,2006,4.95846e+06
136,2007,5.10924e+06
136,2008,5.28254e+06
136,2009,5.46366e+06
136,2010,5.65263e+06
136,2011,5.84087e+06
136,2012,6.0363e+06
136,2013,6.23829e+06
137,1989,NA
137,1990,3.85641e+06
137,1991,3.99566e+06
137,1992,4.15132e+06
137,1993,4.31073e+06
137,1994,4.45974e+06
137,1995,4.62592e+06
137,1996,4.78066e+06
137,1997,4.93801e+06
137,1998,5.10625e+06
137,1999,5.30264e+06
137,2000,5.48025e+06
137,2001,6.01616e+06
137,2002,6.0656e+06
137,2003,6.10274e+06
137,2004,6.43377e+06
137,2005,6.48547e+06
137,2006,6.75004e+06
137,2007,6.69891e+06
137,2008,6.73804e+06
137,2009,6.85436e+06
137,2010,7.04327e+06
137,2011,7.21421e+06
137,2012,7.38724e+06
137,2013,7.56201e+06
138,1989,NA
138,1990,8.29195e+06
138,1991,8.3095e+06
138,1992,8.74373e+06
138,1993,9.16193e+06
138,1994,9.59098e+06
138,1995,1.00914e+07
138,1996,1.06517e+07
138,1997,1.12107e+07
138,1998,1.16346e+07
138,1999,1.2113e+07
138,2000,1.20306e+07
138,2001,1.2804e+07
138,2002,1.26666e+07
138,2003,1.25278e+07
138,2004,1.27037e+07
138,2005,1.28735e+07
138,2006,1.33816e+07
138,2007,1.44998e+07
138,2008,1.48957e+07
138,2009,1.5285e+07
138,2010,1.55692e+07
138,2011,1.58693e+07
138,2012,1.61623e+07
138,2013,1.64871e+07
139,1989,NA
139,1990,7.23128e+06
139,1991,7.59632e+06
139,1992,7.73046e+06
139,1993,7.74471e+06
139,1994,8.13526e+06
139,1995,8.70758e+06
139,1996,9.18487e+06
139,1997,9.63274e+06
139,1998,1.00484e+07
139,1999,1.04138e+07
139,2000,1.06113e+07
139,2001,1.12248e+07
139,2002,1.17748e+07
139,2003,1.1921e+07
139,2004,1.20772e+07
139,2005,1.2206e+07
139,2006,1.23243e+07
139,2007,1.24901e+07
139,2008,1.28252e+07
139,2009,1.3081e+07
139,2010,1.32936e+07
139,2011,1.3565e+07
139,2012,1.38561e+07
139,2013,1.41443e+07
140,1989,NA
140,1990,NA
140,1991,NA
140,1992,NA
140,1993,NA
140,1994,NA
140,1995,NA
140,1996,NA
140,1997,NA
140,1998,NA
140,1999,NA
140,2000,NA
140,2001,NA
140,2002,NA
140,2003,NA
140,2004,NA
140,2005,NA
140,2006,NA
140,2007,NA
140,2008,NA
140,2009,NA
140,2010,NA
140,2011,NA
140,2012,NA
140,2013,NA
141,1989,NA
141,1990,NA
141,1991,NA
141,1992,NA
141,1993,NA
141,1994,NA
141,1995,NA
141,1996,NA
141,1997,NA
141,1998,NA
141,1999,NA
141,2000,NA
141,2001,NA
141,2002,NA
141,2003,NA
141,2004,NA
141,2005,NA
141,2006,NA
141,2007,NA
141,2008,NA
141,2009,NA
141,2010,NA
141,2011,NA
141,2012,NA
141,2013,NA
143,1989,NA
143,1990,143061
143,1991,145377
143,1992,148973
143,1993,148659
143,1994,149933
143,1995,153845
143,1996,152598
143,1997,153466
143,1998,158121
143,1999,162272
143,2000,165913
143,2001,168452
143,2002,168498
143,2003,169974
143,2004,168837
143,2005,174629
143,2006,181743
143,2007,187010
143,2008,189358
143,2009,186491
143,2010,187373
143,2011,186475
143,2012,188184
143,2013,189746
144,1989,NA
144,1990,NA
144,1991,NA
144,1992,NA
144,1993,NA
144,1994,NA
144,1995,NA
144,1996,NA
144,1997,NA
144,1998,NA
144,1999,NA
144,2000,NA
144,2001,NA
144,2002,NA
144,2003,NA
144,2004,NA
144,2005,NA
144,2006,NA
144,2007,NA
144,2008,NA
144,2009,NA
144,2010,NA
144,2011,NA
144,2012,NA
144,2013,NA
145,1989,NA
145,1990,NA
145,1991,NA
145,1992,NA
145,1993,NA
145,1994,NA
145,1995,NA
145,1996,NA
145,1997,NA
145,1998,NA
145,1999,NA
145,2000,NA
145,2001,NA
145,2002,NA
145,2003,NA
145,2004,NA
145,2005,NA
145,2006,NA
145,2007,NA
145,2008,NA
145,2009,NA
145,2010,NA
145,2011,NA
145,2012,NA
145,2013,NA
146,1989,NA
146,1990,NA
146,1991,NA
146,1992,NA
146,1993,NA
146,1994,NA
146,1995,NA
146,1996,NA
146,1997,NA
146,1998,NA
146,1999,NA
146,2000,NA
146,2001,NA
146,2002,NA
146,2003,NA
146,2004,NA
146,2005,NA
146,2006,NA
146,2007,NA
146,2008,NA
146,2009,NA
146,2010,NA
146,2011,NA
146,2012,NA
146,2013,NA
147,1989,NA
147,1990,78072
147,1991,79312
147,1992,80579
147,1993,81841
147,1994,83089
147,1995,84539
147,1996,86230
147,1997,88425
147,1998,90786
147,1999,93075
147,2000,95214
147,2001,97338
147,2002,99450
147,2003,101182
147,2004,102849
147,2005,104439
147,2006,106316
147,2007,107922
147,2008,110008
147,2009,111987
147,2010,113845
147,2011,115979
147,2012,117780
147,2013,119573
148,1989,NA
148,1990,NA
148,1991,NA
148,1992,NA
148,1993,NA
148,1994,NA
148,1995,NA
148,1996,NA
148,1997,NA
148,1998,NA
148,1999,NA
148,2000,NA
148,2001,NA
148,2002,NA
148,2003,NA
148,2004,NA
148,2005,NA
148,2006,NA
148,2007,NA
148,2008,NA
148,2009,NA
148,2010,NA
148,2011,NA
148,2012,NA
148,2013,NA
149,1989,NA
149,1990,NA
149,1991,NA
149,1992,NA
149,1993,NA
149,1994,NA
149,1995,NA
149,1996,NA
149,1997,NA
149,1998,NA
149,1999,NA
149,2000,NA
149,2001,NA
149,2002,NA
149,2003,NA
149,2004,NA
149,2005,NA
149,2006,NA
149,2007,NA
149,2008,NA
149,2009,NA
149,2010,NA
149,2011,NA
149,2012,NA
149,2013,NA
150,1989,NA
150,1990,NA
150,1991,NA
150,1992,NA
150,1993,NA
150,1994,NA
150,1995,NA
150,1996,NA
150,1997,NA
150,1998,NA
150,1999,NA
150,2000,NA
150,2001,NA
150,2002,NA
150,2003,NA
150,2004,NA
150,2005,NA
150,2006,NA
150,2007,NA
150,2008,NA
150,2009,NA
150,2010,NA
150,2011,NA
150,2012,NA
150,2013,NA
151,1989,NA
151,1990,NA
151,1991,NA
151,1992,NA
151,1993,NA
151,1994,NA
151,1995,NA
151,1996,NA
151,1997,NA
151,1998,NA
151,1999,NA
151,2000,NA
151,2001,NA
151,2002,NA
151,2003,NA
151,2004,NA
151,2005,NA
151,2006,NA
151,2007,NA
151,2008,NA
151,2009,NA
151,2010,NA
151,2011,NA
151,2012,NA
151,2013,NA
152,1989,NA
152,1990,57208
152,1991,58129
152,1992,58132
152,1993,58083
152,1994,57882
152,1995,57723
152,1996,57510
152,1997,57253
152,1998,56889
152,1999,56462
152,2000,56102
152,2001,55715
152,2002,55291
152,2003,54906
152,2004,54318
152,2005,53716
152,2006,52983
152,2007,52117
152,2008,51231
152,2009,50203
152,2010,49146
152,2011,47940
152,2012,48577
152,2013,49184
153,1989,NA
153,1990,NA
153,1991,NA
153,1992,NA
153,1993,NA
153,1994,NA
153,1995,NA
153,1996,NA
153,1997,NA
153,1998,NA
153,1999,NA
153,2000,NA
153,2001,NA
153,2002,NA
153,2003,NA
153,2004,NA
153,2005,NA
153,2006,NA
153,2007,NA
153,2008,NA
153,2009,NA
153,2010,NA
153,2011,NA
153,2012,NA
153,2013,NA
154,1989,NA
154,1990,NA
154,1991,NA
154,1992,NA
154,1993,NA
154,1994,NA
154,1995,NA
154,1996,NA
154,1997,NA
154,1998,NA
154,1999,NA
154,2000,NA
154,2001,NA
154,2002,NA
154,2003,NA
154,2004,NA
154,2005,NA
154,2006,NA
154,2007,NA
154,2008,NA
154,2009,NA
154,2010,NA
154,2011,NA
154,2012,NA
154,2013,NA
155,1989,NA
155,1990,32119
155,1991,32773
155,1992,33366
155,1993,34047
155,1994,34702
155,1995,35094
155,1996,35405
155,1997,35740
155,1998,36129
155,1999,36524
155,2000,37015
155,2001,37595
155,2002,38219
155,2003,38956
155,2004,39466
155,2005,40001
155,2006,40449
155,2007,40864
155,2008,41222
155,2009,41494
155,2010,41786
155,2011,41961
155,2012,42090
155,2013,42263
156,1989,NA
156,1990,NA
156,1991,NA
156,1992,NA
156,1993,NA
156,1994,NA
156,1995,NA
156,1996,NA
156,1997,NA
156,1998,NA
156,1999,NA
156,2000,NA
156,2001,NA
156,2002,NA
156,2003,NA
156,2004,NA
156,2005,NA
156,2006,NA
156,2007,NA
156,2008,NA
156,2009,NA
156,2010,NA
156,2011,NA
156,2012,NA
156,2013,NA
157,1989,NA
157,1990,NA
157,1991,NA
157,1992,NA
157,1993,NA
157,1994,NA
157,1995,NA
157,1996,NA
157,1997,NA
157,1998,NA
157,1999,NA
157,2000,NA
157,2001,NA
157,2002,NA
157,2003,NA
157,2004,NA
157,2005,NA
157,2006,NA
157,2007,NA
157,2008,NA
157,2009,NA
157,2010,NA
157,2011,NA
157,2012,NA
157,2013,NA
158,1989,NA
158,1990,NA
158,1991,NA
158,1992,NA
158,1993,NA
158,1994,NA
158,1995,NA
158,1996,NA
158,1997,NA
158,1998,NA
158,1999,NA
158,2000,NA
158,2001,NA
158,2002,NA
158,2003,NA
158,2004,NA
158,2005,NA
158,2006,NA
158,2007,NA
158,2008,NA
158,2009,NA
158,2010,NA
158,2011,NA
158,2012,NA
158,2013,NA
159,1989,NA
159,1990,NA
159,1991,NA
159,1992,NA
159,1993,NA
159,1994,NA
159,1995,NA
159,1996,NA
159,1997,NA
159,1998,NA
159,1999,NA
159,2000,NA
159,2001,NA
159,2002,NA
159,2003,NA
159,2004,NA
159,2005,NA
159,2006,NA
159,2007,NA
159,2008,NA
159,2009,NA
159,2010,NA
159,2011,NA
159,2012,NA
159,2013,NA
161,1989,NA
161,1990,NA
161,1991,NA
161,1992,NA
161,1993,NA
161,1994,NA
161,1995,NA
161,1996,NA
161,1997,NA
161,1998,NA
161,1999,NA
161,2000,NA
161,2001,NA
161,2002,NA
161,2003,NA
161,2004,NA
161,2005,NA
161,2006,NA
161,2007,NA
161,2008,NA
161,2009,NA
161,2010,NA
161,2011,NA
161,2012,NA
161,2013,NA
162,1989,NA
162,1990,1.62789e+06
162,1991,1.70313e+06
162,1992,1.71149e+06
162,1993,1.729e+06
162,1994,1.77472e+06
162,1995,1.81817e+06
162,1996,1.87055e+06
162,1997,1.88998e+06
162,1998,1.89615e+06
162,1999,1.91113e+06
162,2000,1.93162e+06
162,2001,1.96869e+06
162,2002,2.03055e+06
162,2003,2.07158e+06
162,2004,2.12568e+06
162,2005,2.18276e+06
162,2006,2.23618e+06
162,2007,2.27055e+06
162,2008,2.29624e+06
162,2009,2.31814e+06
162,2010,2.34193e+06
162,2011,2.37418e+06
162,2012,2.38319e+06
162,2013,2.40283e+06
163,1989,NA
163,1990,1.28051e+08
163,1991,1.28694e+08
163,1992,1.30998e+08
163,1993,1.32454e+08
163,1994,1.3487e+08
163,1995,1.3671e+08
163,1996,1.38813e+08
163,1997,1.41278e+08
163,1998,1.43349e+08
163,1999,1.45243e+08
163,2000,1.47134e+08
163,2001,1.48217e+08
163,2002,1.49007e+08
163,2003,1.49705e+08
163,2004,1.50729e+08
163,2005,1.52676e+08
163,2006,1.54695e+08
163,2007,1.55977e+08
163,2008,1.57725e+08
163,2009,1.5789e+08
163,2010,1.57454e+08
163,2011,1.57565e+08
163,2012,1.58666e+08
163,2013,1.58959e+08
164,1989,NA
164,1990,62883
164,1991,63990
164,1992,64840
164,1993,65913
164,1994,67548
164,1995,71091
164,1996,75044
164,1997,77975
164,1998,81193
164,1999,84532
164,2000,87868
164,2001,91316
164,2002,94780
164,2003,98290
164,2004,101911
164,2005,105851
164,2006,110307
164,2007,115109
164,2008,119915
164,2009,125095
164,2010,130266
164,2011,134800
164,2012,139456
164,2013,144006
166,1989,NA
166,1990,1.14565e+06
166,1991,1.16023e+06
166,1992,1.17457e+06
166,1993,1.18894e+06
166,1994,1.2021e+06
166,1995,1.19956e+06
166,1996,1.20003e+06
166,1997,1.19411e+06
166,1998,1.18721e+06
166,1999,1.18967e+06
166,2000,1.19097e+06
166,2001,1.19278e+06
166,2002,1.19351e+06
166,2003,1.19426e+06
166,2004,1.1988e+06
166,2005,1.21271e+06
166,2006,1.22507e+06
166,2007,1.23774e+06
166,2008,1.2492e+06
166,2009,1.22204e+06
166,2010,1.21057e+06
166,2011,1.21906e+06
166,2012,1.2378e+06
166,2013,1.25159e+06
167,1989,NA
167,1990,280928
167,1991,281948
167,1992,282998
167,1993,283318
167,1994,282714
167,1995,283290
167,1996,284186
167,1997,285331
167,1998,287567
167,1999,289245
167,2000,290221
167,2001,290978
167,2002,291121
167,2003,290701
167,2004,290289
167,2005,290934
167,2006,291665
167,2007,292530
167,2008,294737
167,2009,297134
167,2010,300412
167,2011,304151
167,2012,308766
167,2013,313815
168,1989,NA
168,1990,156777
168,1991,153681
168,1992,150399
168,1993,144811
168,1994,147731
168,1995,147898
168,1996,152098
168,1997,156211
168,1998,159528
168,1999,162858
168,2000,166439
168,2001,169955
168,2002,173428
168,2003,176848
168,2004,180566
168,2005,184245
168,2006,187874
168,2007,191818
168,2008,195794
168,2009,199891
168,2010,203797
168,2011,207142
168,2012,210247
168,2013,213469
169,1989,NA
169,1990,NA
169,1991,NA
169,1992,NA
169,1993,NA
169,1994,NA
169,1995,NA
169,1996,NA
169,1997,NA
169,1998,NA
169,1999,NA
169,2000,NA
169,2001,NA
169,2002,NA
169,2003,NA
169,2004,NA
169,2005,NA
169,2006,NA
169,2007,NA
169,2008,NA
169,2009,NA
169,2010,NA
169,2011,NA
169,2012,NA
169,2013,NA
171,1989,NA
171,1990,6.25621e+07
171,1991,6.63688e+07
171,1992,7.03259e+07
171,1993,7.18377e+07
171,1994,7.37068e+07
171,1995,7.56271e+07
171,1996,7.52499e+07
171,1997,7.78993e+07
171,1998,7.97751e+07
171,1999,8.2466e+07
171,2000,8.37889e+07
171,2001,8.50283e+07
171,2002,8.77241e+07
171,2003,8.94903e+07
171,2004,9.20071e+07
171,2005,9.46481e+07
171,2006,9.577e+07
171,2007,9.66948e+07
171,2008,9.84274e+07
171,2009,1.00032e+08
171,2010,1.01813e+08
171,2011,1.03194e+08
171,2012,1.04745e+08
171,2013,1.0617e+08
172,1989,NA
172,1990,1.32728e+07
172,1991,1.34123e+07
172,1992,1.3561e+07
172,1993,1.37606e+07
172,1994,1.39819e+07
172,1995,1.43192e+07
172,1996,1.45255e+07
172,1997,1.47491e+07
172,1998,1.49413e+07
172,1999,1.51572e+07
172,2000,1.53736e+07
172,2001,1.56449e+07
172,2002,1.59176e+07
172,2003,1.61916e+07
172,2004,1.74504e+07
172,2005,1.7683e+07
172,2006,1.79153e+07
172,2007,1.80594e+07
172,2008,1.82005e+07
172,2009,1.83379e+07
172,2010,1.835e+07
172,2011,1.86009e+07
172,2012,1.88507e+07
172,2013,1.90925e+07
173,1989,NA
173,1990,1.39218e+06
173,1991,1.41067e+06
173,1992,1.45097e+06
173,1993,1.44693e+06
173,1994,1.48772e+06
173,1995,1.52346e+06
173,1996,1.53937e+06
173,1997,1.5521e+06
173,1998,1.5661e+06
173,1999,1.57833e+06
173,2000,1.58598e+06
173,2001,1.62386e+06
173,2002,1.60188e+06
173,2003,1.57891e+06
173,2004,1.58441e+06
173,2005,1.59182e+06
173,2006,1.63215e+06
173,2007,1.65438e+06
173,2008,1.67565e+06
173,2009,1.70016e+06
173,2010,1.70896e+06
173,2011,1.72266e+06
173,2012,1.73624e+06
173,2013,1.74938e+06
174,1989,NA
174,1990,2.61512e+06
174,1991,2.57344e+06
174,1992,2.532e+06
174,1993,2.50908e+06
174,1994,2.4894e+06
174,1995,2.5146e+06
174,1996,2.52306e+06
174,1997,2.51083e+06
174,1998,2.53179e+06
174,1999,2.58164e+06
174,2000,2.61399e+06
174,2001,2.62954e+06
174,2002,2.63657e+06
174,2003,2.62616e+06
174,2004,2.62152e+06
174,2005,2.6446e+06
174,2006,2.68261e+06
174,2007,2.70926e+06
174,2008,2.73699e+06
174,2009,2.71091e+06
174,2010,2.70026e+06
174,2011,2.71498e+06
174,2012,2.71968e+06
174,2013,2.71759e+06
175,1989,NA
175,1990,2.91356e+06
175,1991,2.9104e+06
175,1992,2.91955e+06
175,1993,2.89637e+06
175,1994,2.78083e+06
175,1995,2.82415e+06
175,1996,2.83734e+06
175,1997,2.85833e+06
175,1998,2.84714e+06
175,1999,2.8791e+06
175,2000,2.86461e+06
175,2001,2.85229e+06
175,2002,2.87965e+06
175,2003,2.87239e+06
175,2004,2.90597e+06
175,2005,2.90235e+06
175,2006,2.93304e+06
175,2007,2.93349e+06
175,2008,2.96607e+06
175,2009,2.95249e+06
175,2010,2.93096e+06
175,2011,2.93044e+06
175,2012,2.91445e+06
175,2013,2.8929e+06
176,1989,NA
176,1990,3.72654e+07
176,1991,3.99084e+07
176,1992,3.98289e+07
176,1993,3.97827e+07
176,1994,3.9697e+07
176,1995,3.9749e+07
176,1996,3.99631e+07
176,1997,4.02161e+07
176,1998,4.05089e+07
176,1999,4.03556e+07
176,2000,4.03091e+07
176,2001,4.04932e+07
176,2002,4.04768e+07
176,2003,4.0276e+07
176,2004,4.07437e+07
176,2005,4.12615e+07
176,2006,4.16057e+07
176,2007,4.18601e+07
176,2008,4.19392e+07
176,2009,4.1983e+07
176,2010,4.19905e+07
176,2011,4.24905e+07
176,2012,4.17625e+07
176,2013,4.19861e+07
177,1989,NA
177,1990,6.88289e+06
177,1991,7.00426e+06
177,1992,7.10596e+06
177,1993,7.1751e+06
177,1994,7.29931e+06
177,1995,7.37931e+06
177,1996,7.48436e+06
177,1997,7.67201e+06
177,1998,7.81936e+06
177,1999,7.97266e+06
177,2000,8.15773e+06
177,2001,8.30921e+06
177,2002,8.45338e+06
177,2003,8.49434e+06
177,2004,8.55518e+06
177,2005,8.5848e+06
177,2006,8.65373e+06
177,2007,8.81319e+06
177,2008,8.93802e+06
177,2009,9.02073e+06
177,2010,8.85492e+06
177,2011,8.87211e+06
177,2012,8.97502e+06
177,2013,8.97297e+06
178,1989,NA
178,1990,1.80786e+07
178,1991,1.79297e+07
178,1992,1.7813e+07
178,1993,1.77868e+07
178,1994,1.76187e+07
178,1995,1.74177e+07
178,1996,1.7365e+07
178,1997,1.73492e+07
178,1998,1.73933e+07
178,1999,1.7212e+07
178,2000,1.72769e+07
178,2001,1.73865e+07
178,2002,1.72026e+07
178,2003,1.72219e+07
178,2004,1.72937e+07
178,2005,1.74506e+07
178,2006,1.73346e+07
178,2007,1.73328e+07
178,2008,1.75862e+07
178,2009,1.78684e+07
178,2010,1.8141e+07
178,2011,1.83903e+07
178,2012,1.85264e+07
178,2013,1.85041e+07
179,1989,NA
179,1990,2.58437e+07
179,1991,2.57512e+07
179,1992,2.59819e+07
179,1993,2.61386e+07
179,1994,2.62366e+07
179,1995,2.63949e+07
179,1996,2.6715e+07
179,1997,2.66659e+07
179,1998,2.68223e+07
179,1999,2.71162e+07
179,2000,2.73038e+07
179,2001,2.7396e+07
179,2002,2.76817e+07
179,2003,2.8313e+07
179,2004,2.84444e+07
179,2005,2.87823e+07
179,2006,2.89467e+07
179,2007,2.91885e+07
179,2008,2.94122e+07
179,2009,2.96778e+07
179,2010,2.98362e+07
179,2011,2.98921e+07
179,2012,3.01047e+07
179,2013,3.01434e+07
180,1989,NA
180,1990,2.92969e+07
180,1991,2.91717e+07
180,1992,2.88859e+07
180,1993,2.86823e+07
180,1994,2.86774e+07
180,1995,2.86443e+07
180,1996,2.88134e+07
180,1997,2.89542e+07
180,1998,2.89801e+07
180,1999,2.9316e+07
180,2000,2.95297e+07
180,2001,2.95726e+07
180,2002,2.9878e+07
180,2003,3.01531e+07
180,2004,3.04061e+07
180,2005,3.06838e+07
180,2006,3.12125e+07
180,2007,3.13427e+07
180,2008,3.1768e+07
180,2009,3.19229e+07
180,2010,3.20299e+07
180,2011,3.22879e+07
180,2012,3.26199e+07
180,2013,3.28069e+07
181,1989,NA
181,1990,1.35426e+06
181,1991,1.38005e+06
181,1992,1.37378e+06
181,1993,1.40469e+06
181,1994,1.44265e+06
181,1995,1.46638e+06
181,1996,1.51364e+06
181,1997,1.55059e+06
181,1998,1.62564e+06
181,1999,1.69754e+06
181,2000,1.75623e+06
181,2001,1.79902e+06
181,2002,1.84966e+06
181,2003,1.89257e+06
181,2004,1.94768e+06
181,2005,2.0548e+06
181,2006,2.13668e+06
181,2007,2.21626e+06
181,2008,2.23854e+06
181,2009,2.21636e+06
181,2010,2.18433e+06
181,2011,2.17101e+06
181,2012,2.16643e+06
181,2013,2.18041e+06
182,1989,NA
182,1990,1.58131e+07
182,1991,1.59576e+07
182,1992,1.60527e+07
182,1993,1.62349e+07
182,1994,1.64673e+07
182,1995,1.66184e+07
182,1996,1.6856e+07
182,1997,1.70881e+07
182,1998,1.73238e+07
182,1999,1.76448e+07
182,2000,1.81859e+07
182,2001,1.82005e+07
182,2002,1.89132e+07
182,2003,1.9665e+07
182,2004,2.04483e+07
182,2005,2.11631e+07
182,2006,2.18526e+07
182,2007,2.24359e+07
182,2008,2.30872e+07
182,2009,2.33037e+07
182,2010,2.34576e+07
182,2011,2.35438e+07
182,2012,2.35597e+07
182,2013,2.32816e+07
183,1989,NA
183,1990,4.75843e+06
183,1991,4.84797e+06
183,1992,4.71118e+06
183,1993,4.72497e+06
183,1994,4.78392e+06
183,1995,4.78692e+06
183,1996,4.87143e+06
183,1997,4.98286e+06
183,1998,5.09588e+06
183,1999,5.15063e+06
183,2000,5.25301e+06
183,2001,5.3537e+06
183,2002,5.42664e+06
183,2003,5.45343e+06
183,2004,5.45413e+06
183,2005,5.50481e+06
183,2006,5.5467e+06
183,2007,5.58098e+06
183,2008,5.58604e+06
183,2009,5.54398e+06
183,2010,5.55329e+06
183,2011,5.49858e+06
183,2012,5.46628e+06
183,2013,5.37433e+06
184,1989,NA
184,1990,2.37846e+07
184,1991,2.39682e+07
184,1992,2.32233e+07
184,1993,2.31258e+07
184,1994,2.29087e+07
184,1995,2.27729e+07
184,1996,2.28758e+07
184,1997,2.2927e+07
184,1998,2.30626e+07
184,1999,2.32387e+07
184,2000,2.32711e+07
184,2001,2.34002e+07
184,2002,2.36953e+07
184,2003,2.40103e+07
184,2004,2.45231e+07
184,2005,2.44025e+07
184,2006,2.44814e+07
184,2007,2.4509e+07
184,2008,2.48263e+07
184,2009,2.46366e+07
184,2010,2.45603e+07
184,2011,2.45513e+07
184,2012,2.50776e+07
184,2013,2.54177e+07
185,1989,NA
185,1990,NA
185,1991,NA
185,1992,NA
185,1993,NA
185,1994,NA
185,1995,NA
185,1996,NA
185,1997,NA
185,1998,NA
185,1999,NA
185,2000,NA
185,2001,NA
185,2002,NA
185,2003,NA
185,2004,NA
185,2005,NA
185,2006,NA
185,2007,NA
185,2008,NA
185,2009,NA
185,2010,NA
185,2011,NA
185,2012,NA
185,2013,NA
186,1989,NA
186,1990,244228
186,1991,247442
186,1992,250219
186,1993,251562
186,1994,251361
186,1995,250492
186,1996,248444
186,1997,247139
186,1998,246190
186,1999,248096
186,2000,247670
186,2001,248293
186,2002,249468
186,2003,250173
186,2004,250813
186,2005,251337
186,2006,254184
186,2007,257922
186,2008,260621
186,2009,257379
186,2010,253685
186,2011,245048
186,2012,251500
186,2013,252455
187,1989,NA
187,1990,2.18547e+06
187,1991,2.07711e+06
187,1992,2.04849e+06
187,1993,2.11563e+06
187,1994,2.11287e+06
187,1995,2.10996e+06
187,1996,2.02294e+06
187,1997,2.0495e+06
187,1998,2.01261e+06
187,1999,2.03108e+06
187,2000,1.96525e+06
187,2001,1.95532e+06
187,2002,1.93902e+06
187,2003,1.94836e+06
187,2004,1.99405e+06
187,2005,1.99266e+06
187,2006,1.97708e+06
187,2007,1.98612e+06
187,2008,1.98467e+06
187,2009,1.97394e+06
187,2010,1.94957e+06
187,2011,1.87424e+06
187,2012,1.86122e+06
187,2013,1.8583e+06
188,1989,NA
188,1990,847793
188,1991,851606
188,1992,852610
188,1993,853182
188,1994,945333
188,1995,959980
188,1996,942522
188,1997,960003
188,1998,979777
188,1999,965827
188,2000,960314
188,2001,969987
188,2002,974055
188,2003,963442
188,2004,1.01018e+06
188,2005,1.01632e+06
188,2006,1.02304e+06
188,2007,1.03836e+06
188,2008,1.03498e+06
188,2009,1.0441e+06
188,2010,1.04458e+06
188,2011,1.02481e+06
188,2012,1.02073e+06
188,2013,1.01874e+06
189,1989,NA
189,1990,1.90118e+06
189,1991,1.88951e+06
189,1992,1.8733e+06
189,1993,1.84823e+06
189,1994,1.82011e+06
189,1995,1.79167e+06
189,1996,1.7615e+06
189,1997,1.72985e+06
189,1998,1.70807e+06
189,1999,1.71331e+06
189,2000,1.68389e+06
189,2001,1.64595e+06
189,2002,1.62948e+06
189,2003,1.69181e+06
189,2004,1.60835e+06
189,2005,1.5659e+06
189,2006,1.53628e+06
189,2007,1.53859e+06
189,2008,1.54151e+06
189,2009,1.56038e+06
189,2010,1.5438e+06
189,2011,1.53911e+06
189,2012,1.53667e+06
189,2013,1.53024e+06
190,1989,NA
190,1990,273230
190,1991,280391
190,1992,284246
190,1993,288175
190,1994,291281
190,1995,294555
190,1996,299172
190,1997,304223
190,1998,313256
190,1999,323200
190,2000,332190
190,2001,340938
190,2002,348397
190,2003,369255
190,2004,414434
190,2005,501009
190,2006,630119
190,2007,794108
190,2008,972980
190,2009,1.14892e+06
190,2010,1.30419e+06
190,2011,1.43385e+06
190,2012,1.54166e+06
190,2013,1.62406e+06
191,1989,NA
191,1990,1.41148e+07
191,1991,1.44559e+07
191,1992,1.46335e+07
191,1993,1.48081e+07
191,1994,1.50294e+07
191,1995,1.53302e+07
191,1996,1.56784e+07
191,1997,1.63937e+07
191,1998,1.71834e+07
191,1999,1.80677e+07
191,2000,1.90328e+07
191,2001,2.00852e+07
191,2002,2.1272e+07
191,2003,2.24702e+07
191,2004,2.36312e+07
191,2005,2.47695e+07
191,2006,2.48013e+07
191,2007,2.4757e+07
191,2008,2.39495e+07
191,2009,2.45212e+07
191,2010,2.50827e+07
191,2011,2.56398e+07
191,2012,2.61299e+07
191,2013,2.6612e+07
192,1989,NA
192,1990,3.87795e+06
192,1991,4.00665e+06
192,1992,4.15207e+06
192,1993,4.32168e+06
192,1994,4.48992e+06
192,1995,4.67448e+06
192,1996,4.85227e+06
192,1997,5.03465e+06
192,1998,5.23293e+06
192,1999,5.42074e+06
192,2000,5.60923e+06
192,2001,5.79883e+06
192,2002,5.98952e+06
192,2003,6.17938e+06
192,2004,6.36606e+06
192,2005,6.58041e+06
192,2006,6.774e+06
192,2007,6.98156e+06
192,2008,7.16227e+06
192,2009,7.37917e+06
192,2010,7.64267e+06
192,2011,7.90201e+06
192,2012,8.17883e+06
192,2013,8.4732e+06
193,1989,NA
193,1990,390505
193,1991,399257
193,1992,408678
193,1993,417608
193,1994,426889
193,1995,436511
193,1996,445285
193,1997,456814
193,1998,482629
193,1999,495418
193,2000,508218
193,2001,523197
193,2002,540642
193,2003,556959
193,2004,572203
193,2005,587200
193,2006,603573
193,2007,620526
193,2008,637262
193,2009,655598
193,2010,673823
193,2011,692857
193,2012,711710
193,2013,731325
194,1989,NA
194,1990,2.41846e+06
194,1991,2.54661e+06
194,1992,2.69214e+06
194,1993,2.84579e+06
194,1994,2.99026e+06
194,1995,3.11327e+06
194,1996,3.21073e+06
194,1997,3.28664e+06
194,1998,3.34692e+06
194,1999,3.40584e+06
194,2000,3.46607e+06
194,2001,3.53359e+06
194,2002,3.59749e+06
194,2003,3.66059e+06
194,2004,3.74705e+06
194,2005,3.8333e+06
194,2006,3.93703e+06
194,2007,4.05849e+06
194,2008,4.17834e+06
194,2009,4.32208e+06
194,2010,4.46378e+06
194,2011,4.59592e+06
194,2012,4.7379e+06
194,2013,4.87829e+06
195,1989,NA
195,1990,4.51815e+06
195,1991,4.69003e+06
195,1992,4.8687e+06
195,1993,5.05108e+06
195,1994,5.23302e+06
195,1995,5.41097e+06
195,1996,5.58529e+06
195,1997,5.7554e+06
195,1998,5.91584e+06
195,1999,6.07814e+06
195,2000,6.21141e+06
195,2001,6.3318e+06
195,2002,6.43342e+06
195,2003,6.52482e+06
195,2004,6.62793e+06
195,2005,6.73239e+06
195,2006,6.84026e+06
195,2007,6.9709e+06
195,2008,7.11603e+06
195,2009,7.26592e+06
195,2010,7.44231e+06
195,2011,7.61381e+06
195,2012,7.81306e+06
195,2013,8.02138e+06
196,1989,NA
196,1990,3.00439e+07
196,1991,3.08307e+07
196,1992,3.16992e+07
196,1993,3.25953e+07
196,1994,3.34587e+07
196,1995,3.43435e+07
196,1996,3.52497e+07
196,1997,3.61757e+07
196,1998,3.70502e+07
196,1999,3.79961e+07
196,2000,3.88756e+07
196,2001,3.96819e+07
196,2002,4.05585e+07
196,2003,4.12909e+07
196,2004,4.21055e+07
196,2005,4.32502e+07
196,2006,4.45091e+07
196,2007,4.57242e+07
196,2008,4.70631e+07
196,2009,4.83617e+07
196,2010,4.97066e+07
196,2011,5.11927e+07
196,2012,5.26423e+07
196,2013,5.41964e+07
197,1989,NA
197,1990,4.35733e+06
197,1991,4.5105e+06
197,1992,4.66264e+06
197,1993,4.82079e+06
197,1994,4.98573e+06
197,1995,5.15049e+06
197,1996,5.31473e+06
197,1997,5.47762e+06
197,1998,5.64608e+06
197,1999,5.81929e+06
197,2000,6.00539e+06
197,2001,6.18705e+06
197,2002,6.37297e+06
197,2003,6.56336e+06
197,2004,6.76845e+06
197,2005,6.9793e+06
197,2006,7.19614e+06
197,2007,7.42972e+06
197,2008,7.65888e+06
197,2009,7.90516e+06
197,2010,8.1579e+06
197,2011,8.40512e+06
197,2012,8.65859e+06
197,2013,8.92409e+06
198,1989,NA
198,1990,347250
198,1991,354953
198,1992,363471
198,1993,372336
198,1994,379806
198,1995,388337
198,1996,397354
198,1997,407476
198,1998,417280
198,1999,427978
198,2000,438059
198,2001,448915
198,2002,459864
198,2003,470179
198,2004,481514
198,2005,493999
198,2006,508591
198,2007,524506
198,2008,540799
198,2009,557319
198,2010,573957
198,2011,590686
198,2012,608562
198,2013,625299
199,1989,NA
199,1990,1.35395e+07
199,1991,1.40777e+07
199,1992,1.46463e+07
199,1993,1.52557e+07
199,1994,1.58009e+07
199,1995,1.62719e+07
199,1996,1.66775e+07
199,1997,1.7055e+07
199,1998,1.73877e+07
199,1999,1.77428e+07
199,2000,1.81775e+07
199,2001,1.8652e+07
199,2002,1.91822e+07
199,2003,1.97329e+07
199,2004,2.0315e+07
199,2005,2.09466e+07
199,2006,2.15702e+07
199,2007,2.22487e+07
199,2008,2.29192e+07
199,2009,2.36423e+07
199,2010,2.43859e+07
199,2011,2.51485e+07
199,2012,2.59303e+07
199,2013,2.66846e+07
200,1989,NA
200,1990,3.84873e+06
200,1991,3.96855e+06
200,1992,4.11331e+06
200,1993,4.2974e+06
200,1994,4.43674e+06
200,1995,4.55999e+06
200,1996,4.67732e+06
200,1997,4.79142e+06
200,1998,4.91413e+06
200,1999,5.05304e+06
200,2000,5.1992e+06
200,2001,5.3689e+06
200,2002,5.53001e+06
200,2003,5.71737e+06
200,2004,5.90291e+06
200,2005,6.06521e+06
200,2006,6.23672e+06
200,2007,6.40124e+06
200,2008,6.59715e+06
200,2009,6.84882e+06
200,2010,7.11174e+06
200,2011,7.36511e+06
200,2012,7.62871e+06
200,2013,7.89069e+06
202,1989,NA
202,1990,1.22639e+07
202,1991,1.27033e+07
202,1992,1.31698e+07
202,1993,1.36506e+07
202,1994,1.41123e+07
202,1995,1.45739e+07
202,1996,1.50159e+07
202,1997,1.54254e+07
202,1998,1.58442e+07
202,1999,1.62667e+07
202,2000,1.66829e+07
202,2001,1.71325e+07
202,2002,1.76557e+07
202,2003,1.81781e+07
202,2004,1.86995e+07
202,2005,1.92415e+07
202,2006,1.9806e+07
202,2007,2.03494e+07
202,2008,2.09166e+07
202,2009,2.15333e+07
202,2010,2.21533e+07
202,2011,2.28016e+07
202,2012,2.35054e+07
202,2013,2.42015e+07
203,1989,NA
203,1990,3.3072e+08
203,1991,3.38668e+08
203,1992,3.46803e+08
203,1993,3.55116e+08
203,1994,3.63e+08
203,1995,3.69789e+08
203,1996,3.77266e+08
203,1997,3.84187e+08
203,1998,3.91155e+08
203,1999,3.98161e+08
203,2000,4.0519e+08
203,2001,4.17145e+08
203,2002,4.28602e+08
203,2003,4.40213e+08
203,2004,4.51935e+08
203,2005,4.64498e+08
203,2006,4.65456e+08
203,2007,4.66033e+08
203,2008,4.66234e+08
203,2009,4.66896e+08
203,2010,4.66391e+08
203,2011,4.69805e+08
203,2012,4.72126e+08
203,2013,4.81236e+08
204,1989,NA
204,1990,4.7167e+07
204,1991,4.85472e+07
204,1992,4.96766e+07
204,1993,5.07476e+07
204,1994,5.18415e+07
204,1995,5.30396e+07
204,1996,5.42007e+07
204,1997,5.53823e+07
204,1998,5.66422e+07
204,1999,5.77972e+07
204,2000,5.89867e+07
204,2001,6.05579e+07
204,2002,6.21059e+07
204,2003,6.36184e+07
204,2004,6.50815e+07
204,2005,6.64883e+07
204,2006,6.78286e+07
204,2007,6.91114e+07
204,2008,7.03727e+07
204,2009,7.1662e+07
204,2010,7.30143e+07
204,2011,7.45466e+07
204,2012,7.60387e+07
204,2013,7.76097e+07
205,1989,NA
205,1990,1.98486e+07
205,1991,2.03709e+07
205,1992,2.09018e+07
205,1993,2.14471e+07
205,1994,2.20147e+07
205,1995,2.26084e+07
205,1996,2.32329e+07
205,1997,2.38808e+07
205,1998,2.45285e+07
205,1999,2.51445e+07
205,2000,2.574e+07
205,2001,2.6274e+07
205,2002,2.67538e+07
205,2003,2.71935e+07
205,2004,2.76153e+07
205,2005,2.80367e+07
205,2006,2.84599e+07
205,2007,2.88822e+07
205,2008,2.92733e+07
205,2009,2.97154e+07
205,2010,3.01378e+07
205,2011,3.05438e+07
205,2012,3.10086e+07
205,2013,3.14337e+07
206,1989,NA
206,1990,7.05653e+06
206,1991,7.29014e+06
206,1992,7.51239e+06
206,1993,7.7386e+06
206,1994,7.97444e+06
206,1995,8.2238e+06
206,1996,8.5015e+06
206,1997,8.77851e+06
206,1998,9.06524e+06
206,1999,9.35744e+06
206,2000,9.80801e+06
206,2001,1.00441e+07
206,2002,1.0278e+07
206,2003,1.05091e+07
206,2004,1.07369e+07
206,2005,1.09612e+07
206,2006,1.11806e+07
206,2007,1.1395e+07
206,2008,1.16056e+07
206,2009,1.18347e+07
206,2010,1.20848e+07
206,2011,1.23997e+07
206,2012,1.27179e+07
206,2013,1.30436e+07
207,1989,NA
207,1990,3.27262e+07
207,1991,3.34462e+07
207,1992,3.41547e+07
207,1993,3.48772e+07
207,1994,3.55988e+07
207,1995,3.63872e+07
207,1996,3.72499e+07
207,1997,3.81792e+07
207,1998,3.92166e+07
207,1999,4.034e+07
207,2000,4.13241e+07
207,2001,4.23479e+07
207,2002,4.32876e+07
207,2003,4.42953e+07
207,2004,4.53292e+07
207,2005,4.62961e+07
207,2006,4.72401e+07
207,2007,4.81661e+07
207,2008,4.91166e+07
207,2009,5.00723e+07
207,2010,5.10139e+07
207,2011,5.19331e+07
207,2012,5.28579e+07
207,2013,5.3741e+07
208,1989,NA
208,1990,1.55312e+06
208,1991,1.60582e+06
208,1992,1.65374e+06
208,1993,1.68004e+06
208,1994,1.73353e+06
208,1995,1.76199e+06
208,1996,1.8688e+06
208,1997,1.91073e+06
208,1998,1.9687e+06
208,1999,2.00943e+06
208,2000,2.06887e+06
208,2001,2.11674e+06
208,2002,2.1191e+06
208,2003,2.10125e+06
208,2004,2.14075e+06
208,2005,2.23835e+06
208,2006,2.36007e+06
208,2007,2.48229e+06
208,2008,2.64449e+06
208,2009,2.73705e+06
208,2010,2.8199e+06
208,2011,2.90698e+06
208,2012,3.02172e+06
208,2013,3.07269e+06
209,1989,NA
209,1990,6.3624e+08
209,1991,6.45377e+08
209,1992,6.54248e+08
209,1993,6.62895e+08
209,1994,6.71257e+08
209,1995,6.80325e+08
209,1996,6.89366e+08
209,1997,6.99088e+08
209,1998,7.08634e+08
209,1999,7.17894e+08
209,2000,7.27889e+08
209,2001,7.34987e+08
209,2002,7.42613e+08
209,2003,7.50021e+08
209,2004,7.56478e+08
209,2005,7.62428e+08
209,2006,7.67571e+08
209,2007,7.72024e+08
209,2008,7.7498e+08
209,2009,7.77702e+08
209,2010,7.78176e+08
209,2011,7.86457e+08
209,2012,7.91712e+08
209,2013,7.974e+08
210,1989,NA
210,1990,6.37763e+07
210,1991,6.50264e+07
210,1992,6.58907e+07
210,1993,6.6198e+07
210,1994,6.65342e+07
210,1995,6.6875e+07
210,1996,6.74251e+07
210,1997,6.79425e+07
210,1998,6.80321e+07
210,1999,6.78211e+07
210,2000,6.75749e+07
210,2001,6.75727e+07
210,2002,6.71079e+07
210,2003,6.69389e+07
210,2004,6.66343e+07
210,2005,6.66322e+07
210,2006,6.66568e+07
210,2007,6.69288e+07
210,2008,6.68182e+07
210,2009,6.65507e+07
210,2010,6.67435e+07
210,2011,6.55697e+07
210,2012,6.52811e+07
210,2013,6.55457e+07
212,1989,NA
212,1990,NA
212,1991,NA
212,1992,NA
212,1993,NA
212,1994,NA
212,1995,NA
212,1996,NA
212,1997,NA
212,1998,NA
212,1999,NA
212,2000,NA
212,2001,NA
212,2002,NA
212,2003,NA
212,2004,NA
212,2005,NA
212,2006,NA
212,2007,NA
212,2008,NA
212,2009,NA
212,2010,NA
212,2011,NA
212,2012,NA
212,2013,NA
213,1989,NA
213,1990,NA
213,1991,NA
213,1992,NA
213,1993,NA
213,1994,NA
213,1995,NA
213,1996,NA
213,1997,NA
213,1998,NA
213,1999,NA
213,2000,NA
213,2001,NA
213,2002,NA
213,2003,NA
213,2004,NA
213,2005,NA
213,2006,NA
213,2007,NA
213,2008,NA
213,2009,NA
213,2010,NA
213,2011,NA
213,2012,NA
213,2013,NA
214,1989,NA
214,1990,1.70358e+07
214,1991,1.65458e+07
214,1992,1.64842e+07
214,1993,1.70291e+07
214,1994,1.77409e+07
214,1995,1.77204e+07
214,1996,1.79266e+07
214,1997,1.81363e+07
214,1998,1.8354e+07
214,1999,1.93773e+07
214,2000,1.96875e+07
214,2001,1.99761e+07
214,2002,2.02342e+07
214,2003,2.11823e+07
214,2004,2.21917e+07
214,2005,2.31058e+07
214,2006,2.31188e+07
214,2007,2.41491e+07
214,2008,2.47737e+07
214,2009,2.53485e+07
214,2010,2.59868e+07
214,2011,2.65853e+07
214,2012,2.71939e+07
214,2013,2.77421e+07
215,1989,NA
215,1990,668387
215,1991,783317
215,1992,850401
215,1993,928376
215,1994,995654
215,1995,1.05014e+06
215,1996,1.09734e+06
215,1997,1.13344e+06
215,1998,1.16478e+06
215,1999,1.19148e+06
215,2000,1.21881e+06
215,2001,1.25032e+06
215,2002,1.27018e+06
215,2003,1.2854e+06
215,2004,1.31119e+06
215,2005,1.36427e+06
215,2006,1.40421e+06
215,2007,1.50297e+06
215,2008,1.54701e+06
215,2009,1.63384e+06
215,2010,1.66016e+06
215,2011,1.69403e+06
215,2012,1.71888e+06
215,2013,1.77264e+06
216,1989,NA
216,1990,7.43942e+07
216,1991,7.61113e+07
216,1992,7.77011e+07
216,1993,8.06409e+07
216,1994,8.31698e+07
216,1995,8.62935e+07
216,1996,8.92716e+07
216,1997,8.93584e+07
216,1998,9.07163e+07
216,1999,9.59237e+07
216,2000,9.7648e+07
216,2001,9.92032e+07
216,2002,1.00611e+08
216,2003,1.02515e+08
216,2004,1.04371e+08
216,2005,1.06377e+08
216,2006,1.07905e+08
216,2007,1.09422e+08
216,2008,1.10969e+08
216,2009,1.12928e+08
216,2010,1.14504e+08
216,2011,1.1638e+08
216,2012,1.18379e+08
216,2013,1.20289e+08
218,1989,NA
218,1990,1.47201e+07
218,1991,1.48188e+07
218,1992,1.4782e+07
218,1993,1.48838e+07
218,1994,1.4995e+07
218,1995,1.50491e+07
218,1996,1.51977e+07
218,1997,1.54496e+07
218,1998,1.5707e+07
218,1999,1.5991e+07
218,2000,1.62407e+07
218,2001,1.64905e+07
218,2002,1.69303e+07
218,2003,1.73442e+07
218,2004,1.75835e+07
218,2005,1.77161e+07
218,2006,1.79223e+07
218,2007,1.82962e+07
218,2008,1.86085e+07
218,2009,1.87303e+07
218,2010,1.89171e+07
218,2011,1.90662e+07
218,2012,1.92699e+07
218,2013,1.94455e+07
219,1989,NA
219,1990,NA
219,1991,NA
219,1992,NA
219,1993,NA
219,1994,NA
219,1995,NA
219,1996,NA
219,1997,NA
219,1998,NA
219,1999,NA
219,2000,NA
219,2001,NA
219,2002,NA
219,2003,NA
219,2004,NA
219,2005,NA
219,2006,NA
219,2007,NA
219,2008,NA
219,2009,NA
219,2010,NA
219,2011,NA
219,2012,NA
219,2013,NA
220,1989,NA
220,1990,NA
220,1991,NA
220,1992,NA
220,1993,NA
220,1994,NA
220,1995,NA
220,1996,NA
220,1997,NA
220,1998,NA
220,1999,NA
220,2000,NA
220,2001,NA
220,2002,NA
220,2003,NA
220,2004,NA
220,2005,NA
220,2006,NA
220,2007,NA
220,2008,NA
220,2009,NA
220,2010,NA
220,2011,NA
220,2012,NA
220,2013,NA
221,1989,NA
221,1990,NA
221,1991,NA
221,1992,NA
221,1993,NA
221,1994,NA
221,1995,NA
221,1996,NA
221,1997,NA
221,1998,NA
221,1999,NA
221,2000,NA
221,2001,NA
221,2002,NA
221,2003,NA
221,2004,NA
221,2005,NA
221,2006,NA
221,2007,NA
221,2008,NA
221,2009,NA
221,2010,NA
221,2011,NA
221,2012,NA
221,2013,NA
222,1989,NA
222,1990,4.68491e+06
222,1991,4.67978e+06
222,1992,4.59586e+06
222,1993,4.503e+06
222,1994,4.4743e+06
222,1995,4.5126e+06
222,1996,4.52502e+06
222,1997,4.46536e+06
222,1998,4.43768e+06
222,1999,4.47066e+06
222,2000,4.552e+06
222,2001,4.58138e+06
222,2002,4.60705e+06
222,2003,4.62841e+06
222,2004,4.6368e+06
222,2005,4.75042e+06
222,2006,4.80637e+06
222,2007,4.86413e+06
222,2008,4.91493e+06
222,2009,4.92688e+06
222,2010,4.97209e+06
222,2011,5.03803e+06
222,2012,5.08243e+06
222,2013,5.11296e+06
223,1989,NA
223,1990,2.16932e+06
223,1991,2.14492e+06
223,1992,2.14473e+06
223,1993,2.1435e+06
223,1994,2.16557e+06
223,1995,2.19723e+06
223,1996,2.2572e+06
223,1997,2.30803e+06
223,1998,2.34688e+06
223,1999,2.35697e+06
223,2000,2.37461e+06
223,2001,2.38301e+06
223,2002,2.4044e+06
223,2003,2.39535e+06
223,2004,2.40924e+06
223,2005,2.42617e+06
223,2006,2.45451e+06
223,2007,2.51608e+06
223,2008,2.59205e+06
223,2009,2.59514e+06
223,2010,2.60824e+06
223,2011,2.63345e+06
223,2012,2.67454e+06
223,2013,2.68227e+06
224,1989,NA
224,1990,5.00708e+06
224,1991,5.09285e+06
224,1992,5.3035e+06
224,1993,5.539e+06
224,1994,5.63196e+06
224,1995,5.63579e+06
224,1996,5.69026e+06
224,1997,5.82971e+06
224,1998,5.95162e+06
224,1999,6.05494e+06
224,2000,6.10493e+06
224,2001,6.14371e+06
224,2002,6.21655e+06
224,2003,6.39561e+06
224,2004,6.58969e+06
224,2005,6.78635e+06
224,2006,6.98535e+06
224,2007,7.18622e+06
224,2008,7.47814e+06
224,2009,7.58765e+06
224,2010,8.05219e+06
224,2011,8.34495e+06
224,2012,8.4582e+06
224,2013,8.59305e+06
227,1989,NA
227,1990,NA
227,1991,NA
227,1992,NA
227,1993,NA
227,1994,NA
227,1995,NA
227,1996,NA
227,1997,NA
227,1998,NA
227,1999,NA
227,2000,NA
227,2001,NA
227,2002,NA
227,2003,NA
227,2004,NA
227,2005,NA
227,2006,NA
227,2007,NA
227,2008,NA
227,2009,NA
227,2010,NA
227,2011,NA
227,2012,NA
227,2013,NA
228,1989,NA
228,1990,NA
228,1991,NA
228,1992,NA
228,1993,NA
228,1994,NA
228,1995,NA
228,1996,NA
228,1997,NA
228,1998,NA
228,1999,NA
228,2000,NA
228,2001,NA
228,2002,NA
228,2003,NA
228,2004,NA
228,2005,NA
228,2006,NA
228,2007,NA
228,2008,NA
228,2009,NA
228,2010,NA
228,2011,NA
228,2012,NA
228,2013,NA
231,1989,NA
231,1990,277256
231,1991,285244
231,1992,293542
231,1993,300540
231,1994,303113
231,1995,299981
231,1996,291269
231,1997,277657
231,1998,265098
231,1999,251551
231,2000,241437
231,2001,251226
231,2002,250979
231,2003,254281
231,2004,256292
231,2005,252048
231,2006,245800
231,2007,238501
231,2008,230615
231,2009,223280
231,2010,216825
231,2011,227904
231,2012,234939
231,2013,242495
232,1989,NA
232,1990,1.59009e+06
232,1991,1.52407e+06
232,1992,1.43444e+06
232,1993,1.34352e+06
232,1994,1.27761e+06
232,1995,1.26127e+06
232,1996,1.28637e+06
232,1997,1.30167e+06
232,1998,1.33471e+06
232,1999,1.36604e+06
232,2000,1.38678e+06
232,2001,1.3975e+06
232,2002,1.39581e+06
232,2003,1.39038e+06
232,2004,1.37927e+06
232,2005,1.3719e+06
232,2006,1.36502e+06
232,2007,1.39531e+06
232,2008,1.41938e+06
232,2009,1.41271e+06
232,2010,1.43596e+06
232,2011,1.44201e+06
232,2012,1.45287e+06
232,2013,1.46213e+06
237,1989,NA
237,1990,NA
237,1991,NA
237,1992,NA
237,1993,NA
237,1994,NA
237,1995,NA
237,1996,NA
237,1997,NA
237,1998,NA
237,1999,NA
237,2000,NA
237,2001,NA
237,2002,NA
237,2003,NA
237,2004,NA
237,2005,NA
237,2006,NA
237,2007,NA
237,2008,NA
237,2009,NA
237,2010,NA
237,2011,NA
237,2012,NA
237,2013,NA
244,1989,NA
244,1990,NA
244,1991,NA
244,1992,NA
244,1993,NA
244,1994,NA
244,1995,NA
244,1996,NA
244,1997,NA
244,1998,NA
244,1999,NA
244,2000,NA
244,2001,NA
244,2002,NA
244,2003,NA
244,2004,NA
244,2005,NA
244,2006,NA
244,2007,NA
244,2008,NA
244,2009,NA
244,2010,NA
244,2011,NA
244,2012,NA
244,2013,NA
245,1989,NA
245,1990,NA
245,1991,NA
245,1992,NA
245,1993,NA
245,1994,NA
245,1995,NA
245,1996,NA
245,1997,NA
245,1998,NA
245,1999,NA
245,2000,NA
245,2001,NA
245,2002,NA
245,2003,NA
245,2004,NA
245,2005,NA
245,2006,NA
245,2007,NA
245,2008,NA
245,2009,NA
245,2010,NA
245,2011,NA
245,2012,NA
245,2013,NA
247,1989,NA
247,1990,109726
247,1991,114258
247,1992,118404
247,1993,122567
247,1994,126657
247,1995,131123
247,1996,136009
247,1997,141086
247,1998,146274
247,1999,151459
247,2000,156328
247,2001,160830
247,2002,164235
247,2003,167545
247,2004,170852
247,2005,173965
247,2006,177425
247,2007,180942
247,2008,184175
247,2009,187584
247,2010,190835
247,2011,193895
247,2012,196800
247,2013,199681
248,1989,NA
248,1990,NA
248,1991,NA
248,1992,NA
248,1993,NA
248,1994,NA
248,1995,NA
248,1996,NA
248,1997,NA
248,1998,NA
248,1999,NA
248,2000,NA
248,2001,NA
248,2002,NA
248,2003,NA
248,2004,NA
248,2005,NA
248,2006,NA
248,2007,NA
248,2008,NA
248,2009,NA
248,2010,NA
248,2011,NA
248,2012,NA
248,2013,NA
249,1989,NA
249,1990,NA
249,1991,NA
249,1992,NA
249,1993,NA
249,1994,NA
249,1995,NA
249,1996,NA
249,1997,NA
249,1998,NA
249,1999,NA
249,2000,NA
249,2001,NA
249,2002,NA
249,2003,NA
249,2004,NA
249,2005,NA
249,2006,NA
249,2007,NA
249,2008,NA
249,2009,NA
249,2010,NA
249,2011,NA
249,2012,NA
249,2013,NA
250,1989,NA
250,1990,NA
250,1991,NA
250,1992,NA
250,1993,NA
250,1994,NA
250,1995,NA
250,1996,NA
250,1997,NA
250,1998,NA
250,1999,NA
250,2000,NA
250,2001,NA
250,2002,NA
250,2003,NA
250,2004,NA
250,2005,NA
250,2006,NA
250,2007,NA
250,2008,NA
250,2009,NA
250,2010,NA
250,2011,NA
250,2012,NA
250,2013,NA
