"rgn_id","sciname","popn_trend"
122," Carcharhinus perezi",
133," Carcharhinus perezi",
119," Carcharhinus perezi",
129," Carcharhinus perezi",
120," Carcharhinus perezi",
171," Carcharhinus perezi",
130," Carcharhinus perezi",
110," Carcharhinus perezi",
166," Carcharhinus perezi",
163," Carcharhinus perezi",
131," Carcharhinus perezi",
108," Carcharhinus perezi",
124," Carcharhinus perezi",
127," Carcharhinus perezi",
112," Carcharhinus perezi",
126," Carcharhinus perezi",
164," Carcharhinus perezi",
123," Carcharhinus perezi",
135," Carcharhinus perezi",
139," Carcharhinus perezi",
132," Carcharhinus perezi",
115," Carcharhinus perezi",
136," Carcharhinus perezi",
167," Carcharhinus perezi",
125," Carcharhinus perezi",
168," Carcharhinus perezi",
114," Carcharhinus perezi",
169," Carcharhinus perezi",
183," Monachus monachus ",
173,"Alopias vulpinus","Decreasing"
106,"Alopias vulpinus","Decreasing"
71,"Alopias vulpinus","Decreasing"
134,"Alopias vulpinus","Decreasing"
131,"Alopias vulpinus","Decreasing"
46,"Alopias vulpinus","Decreasing"
212,"Alopias vulpinus","Decreasing"
102,"Alopias vulpinus","Decreasing"
181,"Alopias vulpinus","Decreasing"
42,"Alopias vulpinus","Decreasing"
197,"Alopias vulpinus","Decreasing"
40,"Alopias vulpinus","Decreasing"
203,"Alopias vulpinus","Decreasing"
132,"Alopias vulpinus","Decreasing"
96,"Alopias vulpinus","Decreasing"
187,"Alopias vulpinus","Decreasing"
6,"Alopias vulpinus","Decreasing"
163,"Alopias vulpinus","Decreasing"
139,"Alopias vulpinus","Decreasing"
116,"Alopias vulpinus","Decreasing"
179,"Alopias vulpinus","Decreasing"
49,"Alopias vulpinus","Decreasing"
16,"Alopias vulpinus","Decreasing"
215,"Alopias vulpinus","Decreasing"
214,"Alopias vulpinus","Decreasing"
20,"Alopias vulpinus","Decreasing"
41,"Alopias vulpinus","Decreasing"
47,"Alopias vulpinus","Decreasing"
74,"Alopias vulpinus","Decreasing"
5,"Alopias vulpinus","Decreasing"
63,"Alopias vulpinus","Decreasing"
169,"Alopias vulpinus","Decreasing"
194,"Alopias vulpinus","Decreasing"
223,"Alopias vulpinus","Decreasing"
43,"Alopias vulpinus","Decreasing"
210,"Alopias vulpinus","Decreasing"
172,"Alopias vulpinus","Decreasing"
53,"Alopias vulpinus","Decreasing"
168,"Alopias vulpinus","Decreasing"
60,"Alopias vulpinus","Decreasing"
61,"Alopias vulpinus","Decreasing"
39,"Alopias vulpinus","Decreasing"
196,"Alopias vulpinus","Decreasing"
137,"Alopias vulpinus","Decreasing"
21,"Alopias vulpinus","Decreasing"
117,"Alopias vulpinus","Decreasing"
64,"Alopias vulpinus","Decreasing"
184,"Alopias vulpinus","Decreasing"
75,"Alopias vulpinus","Decreasing"
115,"Alopias vulpinus","Decreasing"
182,"Alopias vulpinus","Decreasing"
97,"Alopias vulpinus","Decreasing"
218,"Alopias vulpinus","Decreasing"
66,"Alopias vulpinus","Decreasing"
76,"Alopias vulpinus","Decreasing"
180,"Alopias vulpinus","Decreasing"
193,"Alopias vulpinus","Decreasing"
147,"Alopias vulpinus","Decreasing"
81,"Alopias vulpinus","Decreasing"
38,"Alopias vulpinus","Decreasing"
166,"Alopias vulpinus","Decreasing"
216,"Alopias vulpinus","Decreasing"
202,"Alopias vulpinus","Decreasing"
167,"Alopias vulpinus","Decreasing"
62,"Alopias vulpinus","Decreasing"
101,"Alopias vulpinus","Decreasing"
19,"Alopias vulpinus","Decreasing"
72,"Alopias vulpinus","Decreasing"
135,"Alopias vulpinus","Decreasing"
200,"Alopias vulpinus","Decreasing"
84,"Alopias vulpinus","Decreasing"
209,"Alopias vulpinus","Decreasing"
183,"Alopias vulpinus","Decreasing"
77,"Alopias vulpinus","Decreasing"
186,"Alopias vulpinus","Decreasing"
138,"Alopias vulpinus","Decreasing"
110,"Alopias vulpinus","Decreasing"
14,"Alopias vulpinus","Decreasing"
82,"Alopias vulpinus","Decreasing"
112,"Alopias vulpinus","Decreasing"
130,"Alopias vulpinus","Decreasing"
80,"Alopias vulpinus","Decreasing"
171,"Alopias vulpinus","Decreasing"
224,"Alopias vulpinus","Decreasing"
44,"Alopias vulpinus","Decreasing"
195,"Alopias vulpinus","Decreasing"
198,"Alopias vulpinus","Decreasing"
129,"Alopias vulpinus","Decreasing"
162,"Alopias vulpinus","Decreasing"
56,"Alopias vulpinus","Decreasing"
136,"Alopias vulpinus","Decreasing"
218,"Balaena mysticetus","Increasing"
144,"Balaena mysticetus","Increasing"
73,"Balaena mysticetus","Increasing"
145,"Balaena mysticetus","Increasing"
163,"Balaena mysticetus","Increasing"
179,"Balaenoptera acutorostrata","Stable"
63,"Balaenoptera acutorostrata","Stable"
73,"Balaenoptera acutorostrata","Stable"
145,"Balaenoptera acutorostrata","Stable"
172,"Balaenoptera acutorostrata","Stable"
162,"Balaenoptera acutorostrata","Stable"
223,"Balaenoptera acutorostrata","Stable"
248,"Balaenoptera acutorostrata","Stable"
111,"Balaenoptera acutorostrata","Stable"
56,"Balaenoptera acutorostrata","Stable"
16,"Balaenoptera acutorostrata","Stable"
210,"Balaenoptera acutorostrata","Stable"
184,"Balaenoptera acutorostrata","Stable"
143,"Balaenoptera acutorostrata","Stable"
117,"Balaenoptera acutorostrata","Stable"
135,"Balaenoptera acutorostrata","Stable"
169,"Balaenoptera acutorostrata","Stable"
65,"Balaenoptera acutorostrata","Stable"
144,"Balaenoptera acutorostrata","Stable"
163,"Balaenoptera acutorostrata","Stable"
209,"Balaenoptera acutorostrata","Stable"
244,"Balaenoptera acutorostrata","Stable"
219,"Balaenoptera acutorostrata","Stable"
249,"Balaenoptera acutorostrata","Stable"
17,"Balaenoptera acutorostrata","Stable"
216,"Balaenoptera acutorostrata","Stable"
59,"Balaenoptera acutorostrata","Stable"
64,"Balaenoptera acutorostrata","Stable"
204,"Balaenoptera acutorostrata","Stable"
181,"Balaenoptera acutorostrata","Stable"
112,"Balaenoptera acutorostrata","Stable"
118,"Balaenoptera acutorostrata","Stable"
116,"Balaenoptera acutorostrata","Stable"
108,"Balaenoptera acutorostrata","Stable"
80,"Balaenoptera acutorostrata","Stable"
175,"Balaenoptera acutorostrata","Stable"
20,"Balaenoptera acutorostrata","Stable"
177,"Balaenoptera acutorostrata","Stable"
141,"Balaenoptera acutorostrata","Stable"
5,"Balaenoptera acutorostrata","Stable"
102,"Balaenoptera acutorostrata","Stable"
245,"Balaenoptera acutorostrata","Stable"
61,"Balaenoptera acutorostrata","Stable"
25,"Balaenoptera acutorostrata","Stable"
140,"Balaenoptera acutorostrata","Stable"
224,"Balaenoptera acutorostrata","Stable"
183,"Balaenoptera acutorostrata","Stable"
79,"Balaenoptera acutorostrata","Stable"
173,"Balaenoptera acutorostrata","Stable"
137,"Balaenoptera acutorostrata","Stable"
62,"Balaenoptera acutorostrata","Stable"
222,"Balaenoptera acutorostrata","Stable"
220,"Balaenoptera acutorostrata","Stable"
213,"Balaenoptera acutorostrata","Stable"
123,"Balaenoptera acutorostrata","Stable"
182,"Balaenoptera acutorostrata","Stable"
120,"Balaenoptera acutorostrata","Stable"
218,"Balaenoptera acutorostrata","Stable"
41,"Balaenoptera acutorostrata","Stable"
180,"Balaenoptera acutorostrata","Stable"
115,"Balaenoptera acutorostrata","Stable"
21,"Balaenoptera acutorostrata","Stable"
250,"Balaenoptera acutorostrata","Stable"
110,"Balaenoptera acutorostrata","Stable"
171,"Balaenoptera acutorostrata","Stable"
66,"Balaenoptera acutorostrata","Stable"
14,"Balaenoptera acutorostrata","Stable"
16,"Balaenoptera bonaerensis ",
43,"Balaenoptera borealis","Unknown"
115,"Balaenoptera borealis","Unknown"
172,"Balaenoptera borealis","Unknown"
100,"Balaenoptera borealis","Unknown"
199,"Balaenoptera borealis","Unknown"
112,"Balaenoptera borealis","Unknown"
102,"Balaenoptera borealis","Unknown"
110,"Balaenoptera borealis","Unknown"
224,"Balaenoptera borealis","Unknown"
13,"Balaenoptera borealis","Unknown"
143,"Balaenoptera borealis","Unknown"
219,"Balaenoptera borealis","Unknown"
111,"Balaenoptera borealis","Unknown"
218,"Balaenoptera borealis","Unknown"
95,"Balaenoptera borealis","Unknown"
114,"Balaenoptera borealis","Unknown"
60,"Balaenoptera borealis","Unknown"
145,"Balaenoptera borealis","Unknown"
92,"Balaenoptera borealis","Unknown"
162,"Balaenoptera borealis","Unknown"
16,"Balaenoptera borealis","Unknown"
64,"Balaenoptera borealis","Unknown"
138,"Balaenoptera borealis","Unknown"
181,"Balaenoptera borealis","Unknown"
210,"Balaenoptera borealis","Unknown"
141,"Balaenoptera borealis","Unknown"
182,"Balaenoptera borealis","Unknown"
171,"Balaenoptera borealis","Unknown"
56,"Balaenoptera borealis","Unknown"
108,"Balaenoptera borealis","Unknown"
180,"Balaenoptera borealis","Unknown"
163,"Balaenoptera borealis","Unknown"
20,"Balaenoptera borealis","Unknown"
42,"Balaenoptera borealis","Unknown"
21,"Balaenoptera borealis","Unknown"
223,"Balaenoptera borealis","Unknown"
183,"Balaenoptera borealis","Unknown"
91,"Balaenoptera borealis","Unknown"
32,"Balaenoptera borealis","Unknown"
73,"Balaenoptera borealis","Unknown"
62,"Balaenoptera borealis","Unknown"
63,"Balaenoptera borealis","Unknown"
200,"Balaenoptera borealis","Unknown"
89,"Balaenoptera borealis","Unknown"
173,"Balaenoptera borealis","Unknown"
135,"Balaenoptera borealis","Unknown"
93,"Balaenoptera borealis","Unknown"
101,"Balaenoptera borealis","Unknown"
16,"Balaenoptera edeni","Unknown"
43,"Balaenoptera musculus","Increasing"
41,"Balaenoptera musculus","Increasing"
11,"Balaenoptera musculus","Increasing"
101,"Balaenoptera musculus","Increasing"
99,"Balaenoptera musculus","Increasing"
53,"Balaenoptera musculus","Increasing"
223,"Balaenoptera musculus","Increasing"
135,"Balaenoptera musculus","Increasing"
15,"Balaenoptera musculus","Increasing"
203,"Balaenoptera musculus","Increasing"
47,"Balaenoptera musculus","Increasing"
1,"Balaenoptera musculus","Increasing"
106,"Balaenoptera musculus","Increasing"
198,"Balaenoptera musculus","Increasing"
103,"Balaenoptera musculus","Increasing"
146,"Balaenoptera musculus","Increasing"
73,"Balaenoptera musculus","Increasing"
42,"Balaenoptera musculus","Increasing"
14,"Balaenoptera musculus","Increasing"
132,"Balaenoptera musculus","Increasing"
25,"Balaenoptera musculus","Increasing"
131,"Balaenoptera musculus","Increasing"
92,"Balaenoptera musculus","Increasing"
205,"Balaenoptera musculus","Increasing"
224,"Balaenoptera musculus","Increasing"
196,"Balaenoptera musculus","Increasing"
44,"Balaenoptera musculus","Increasing"
45,"Balaenoptera musculus","Increasing"
163,"Balaenoptera musculus","Increasing"
98,"Balaenoptera musculus","Increasing"
183,"Balaenoptera musculus","Increasing"
182,"Balaenoptera musculus","Increasing"
104,"Balaenoptera musculus","Increasing"
141,"Balaenoptera musculus","Increasing"
28,"Balaenoptera musculus","Increasing"
202,"Balaenoptera musculus","Increasing"
93,"Balaenoptera musculus","Increasing"
56,"Balaenoptera musculus","Increasing"
8,"Balaenoptera musculus","Increasing"
37,"Balaenoptera musculus","Increasing"
180,"Balaenoptera musculus","Increasing"
145,"Balaenoptera musculus","Increasing"
197,"Balaenoptera musculus","Increasing"
143,"Balaenoptera musculus","Increasing"
129,"Balaenoptera musculus","Increasing"
162,"Balaenoptera musculus","Increasing"
86,"Balaenoptera musculus","Increasing"
137,"Balaenoptera musculus","Increasing"
231,"Balaenoptera musculus","Increasing"
153,"Balaenoptera musculus","Increasing"
204,"Balaenoptera musculus","Increasing"
16,"Balaenoptera musculus","Increasing"
219,"Balaenoptera musculus","Increasing"
138,"Balaenoptera musculus","Increasing"
91,"Balaenoptera musculus","Increasing"
5,"Balaenoptera musculus","Increasing"
48,"Balaenoptera musculus","Increasing"
206,"Balaenoptera musculus","Increasing"
172,"Balaenoptera musculus","Increasing"
191,"Balaenoptera musculus","Increasing"
102,"Balaenoptera musculus","Increasing"
218,"Balaenoptera musculus","Increasing"
125,"Balaenoptera musculus","Increasing"
89,"Balaenoptera musculus","Increasing"
64,"Balaenoptera musculus","Increasing"
195,"Balaenoptera musculus","Increasing"
136,"Balaenoptera musculus","Increasing"
110,"Balaenoptera musculus","Increasing"
13,"Balaenoptera musculus","Increasing"
216,"Balaenoptera musculus","Increasing"
108,"Balaenoptera musculus","Increasing"
192,"Balaenoptera musculus","Increasing"
39,"Balaenoptera musculus","Increasing"
179,"Balaenoptera musculus","Increasing"
210,"Balaenoptera musculus","Increasing"
80,"Balaenoptera musculus","Increasing"
95,"Balaenoptera musculus","Increasing"
209,"Balaenoptera musculus","Increasing"
181,"Balaenoptera musculus","Increasing"
66,"Balaenoptera musculus","Increasing"
200,"Balaenoptera musculus","Increasing"
46,"Balaenoptera musculus","Increasing"
171,"Balaenoptera musculus","Increasing"
31,"Balaenoptera musculus","Increasing"
32,"Balaenoptera musculus","Increasing"
134,"Balaenoptera musculus","Increasing"
60,"Balaenoptera musculus","Increasing"
40,"Balaenoptera musculus","Increasing"
62,"Balaenoptera musculus","Increasing"
173,"Balaenoptera musculus","Increasing"
130,"Balaenoptera musculus","Increasing"
63,"Balaenoptera musculus","Increasing"
19,"Balaenoptera physalus","Unknown"
102,"Balaenoptera physalus","Unknown"
6,"Balaenoptera physalus","Unknown"
15,"Balaenoptera physalus","Unknown"
91,"Balaenoptera physalus","Unknown"
209,"Balaenoptera physalus","Unknown"
181,"Balaenoptera physalus","Unknown"
145,"Balaenoptera physalus","Unknown"
41,"Balaenoptera physalus","Unknown"
79,"Balaenoptera physalus","Unknown"
179,"Balaenoptera physalus","Unknown"
138,"Balaenoptera physalus","Unknown"
177,"Balaenoptera physalus","Unknown"
199,"Balaenoptera physalus","Unknown"
98,"Balaenoptera physalus","Unknown"
223,"Balaenoptera physalus","Unknown"
78,"Balaenoptera physalus","Unknown"
67,"Balaenoptera physalus","Unknown"
175,"Balaenoptera physalus","Unknown"
60,"Balaenoptera physalus","Unknown"
210,"Balaenoptera physalus","Unknown"
68,"Balaenoptera physalus","Unknown"
162,"Balaenoptera physalus","Unknown"
63,"Balaenoptera physalus","Unknown"
93,"Balaenoptera physalus","Unknown"
214,"Balaenoptera physalus","Unknown"
32,"Balaenoptera physalus","Unknown"
59,"Balaenoptera physalus","Unknown"
14,"Balaenoptera physalus","Unknown"
185,"Balaenoptera physalus","Unknown"
13,"Balaenoptera physalus","Unknown"
163,"Balaenoptera physalus","Unknown"
171,"Balaenoptera physalus","Unknown"
147,"Balaenoptera physalus","Unknown"
92,"Balaenoptera physalus","Unknown"
143,"Balaenoptera physalus","Unknown"
84,"Balaenoptera physalus","Unknown"
16,"Balaenoptera physalus","Unknown"
76,"Balaenoptera physalus","Unknown"
108,"Balaenoptera physalus","Unknown"
224,"Balaenoptera physalus","Unknown"
18,"Balaenoptera physalus","Unknown"
42,"Balaenoptera physalus","Unknown"
20,"Balaenoptera physalus","Unknown"
5,"Balaenoptera physalus","Unknown"
176,"Balaenoptera physalus","Unknown"
184,"Balaenoptera physalus","Unknown"
182,"Balaenoptera physalus","Unknown"
222,"Balaenoptera physalus","Unknown"
101,"Balaenoptera physalus","Unknown"
200,"Balaenoptera physalus","Unknown"
219,"Balaenoptera physalus","Unknown"
141,"Balaenoptera physalus","Unknown"
154,"Balaenoptera physalus","Unknown"
81,"Balaenoptera physalus","Unknown"
61,"Balaenoptera physalus","Unknown"
146,"Balaenoptera physalus","Unknown"
100,"Balaenoptera physalus","Unknown"
183,"Balaenoptera physalus","Unknown"
73,"Balaenoptera physalus","Unknown"
172,"Balaenoptera physalus","Unknown"
21,"Balaenoptera physalus","Unknown"
77,"Balaenoptera physalus","Unknown"
135,"Balaenoptera physalus","Unknown"
180,"Balaenoptera physalus","Unknown"
95,"Balaenoptera physalus","Unknown"
62,"Balaenoptera physalus","Unknown"
80,"Balaenoptera physalus","Unknown"
173,"Balaenoptera physalus","Unknown"
89,"Balaenoptera physalus","Unknown"
218,"Balaenoptera physalus","Unknown"
16,"Berardius arnuxii ",
16,"Caperea marginata","Unknown"
163,"Carcharhinus amblyrhynchos","Unknown"
216,"Carcharhinus amblyrhynchos","Unknown"
38,"Carcharhinus amblyrhynchos","Unknown"
31,"Carcharhinus amblyrhynchos","Unknown"
16,"Carcharhinus amblyrhynchos","Unknown"
32,"Carcharhinus amblyrhynchos","Unknown"
42,"Carcharhinus amblyrhynchos","Unknown"
147,"Carcharhinus amblyrhynchos","Unknown"
40,"Carcharhinus melanopterus","Decreasing"
42,"Carcharhinus melanopterus","Decreasing"
16,"Carcharhinus melanopterus","Decreasing"
11,"Carcharhinus melanopterus","Decreasing"
102,"Carcharhinus melanopterus","Decreasing"
7,"Carcharhinus melanopterus","Decreasing"
209,"Carcharhinus melanopterus","Decreasing"
31,"Carcharhinus melanopterus","Decreasing"
41,"Carcharhinus melanopterus","Decreasing"
5,"Carcharhinus melanopterus","Decreasing"
203,"Carcharhinus melanopterus","Decreasing"
202,"Carcharhinus melanopterus","Decreasing"
45,"Carcharhinus melanopterus","Decreasing"
39,"Carcharhinus melanopterus","Decreasing"
15,"Carcharhinus melanopterus","Decreasing"
53,"Carcharhinus melanopterus","Decreasing"
46,"Carcharhinus melanopterus","Decreasing"
210,"Carcharhinus melanopterus","Decreasing"
37,"Carcharhinus melanopterus","Decreasing"
44,"Carcharhinus melanopterus","Decreasing"
25,"Carcharhinus melanopterus","Decreasing"
43,"Carcharhinus melanopterus","Decreasing"
37,"Carcharodon carcharias","Unknown"
102,"Carcharodon carcharias","Unknown"
202,"Carcharodon carcharias","Unknown"
63,"Carcharodon carcharias","Unknown"
77,"Carcharodon carcharias","Unknown"
188,"Carcharodon carcharias","Unknown"
214,"Carcharodon carcharias","Unknown"
41,"Carcharodon carcharias","Unknown"
187,"Carcharodon carcharias","Unknown"
16,"Carcharodon carcharias","Unknown"
31,"Carcharodon carcharias","Unknown"
82,"Carcharodon carcharias","Unknown"
171,"Carcharodon carcharias","Unknown"
110,"Carcharodon carcharias","Unknown"
232,"Carcharodon carcharias","Unknown"
80,"Carcharodon carcharias","Unknown"
43,"Carcharodon carcharias","Unknown"
5,"Carcharodon carcharias","Unknown"
210,"Carcharodon carcharias","Unknown"
224,"Carcharodon carcharias","Unknown"
61,"Carcharodon carcharias","Unknown"
84,"Carcharodon carcharias","Unknown"
184,"Carcharodon carcharias","Unknown"
40,"Carcharodon carcharias","Unknown"
76,"Carcharodon carcharias","Unknown"
67,"Carcharodon carcharias","Unknown"
64,"Carcharodon carcharias","Unknown"
81,"Carcharodon carcharias","Unknown"
124,"Carcharodon carcharias","Unknown"
101,"Carcharodon carcharias","Unknown"
163,"Carcharodon carcharias","Unknown"
78,"Carcharodon carcharias","Unknown"
79,"Carcharodon carcharias","Unknown"
60,"Carcharodon carcharias","Unknown"
15,"Carcharodon carcharias","Unknown"
182,"Carcharodon carcharias","Unknown"
179,"Carcharodon carcharias","Unknown"
62,"Carcharodon carcharias","Unknown"
162,"Carcharodon carcharias","Unknown"
186,"Carcharodon carcharias","Unknown"
42,"Carcharodon carcharias","Unknown"
133,"Caretta caretta",
114,"Caretta caretta",
52,"Caretta caretta",
132,"Caretta caretta",
101,"Caretta caretta",
41,"Caretta caretta",
45,"Caretta caretta",
125,"Caretta caretta",
136,"Caretta caretta",
116,"Caretta caretta",
173,"Caretta caretta",
130,"Caretta caretta",
204,"Caretta caretta",
67,"Caretta caretta",
135,"Caretta caretta",
131,"Caretta caretta",
122,"Caretta caretta",
15,"Caretta caretta",
113,"Caretta caretta",
163,"Caretta caretta",
129,"Caretta caretta",
209,"Caretta caretta",
84,"Caretta caretta",
117,"Caretta caretta",
102,"Caretta caretta",
111,"Caretta caretta",
115,"Caretta caretta",
5,"Caretta caretta",
76,"Caretta caretta",
81,"Caretta caretta",
182,"Caretta caretta",
82,"Caretta caretta",
16,"Caretta caretta",
184,"Caretta caretta",
140,"Caretta caretta",
66,"Caretta caretta",
79,"Caretta caretta",
48,"Caretta caretta",
166,"Caretta caretta",
210,"Caretta caretta",
110,"Caretta caretta",
61,"Caretta caretta",
179,"Caretta caretta",
112,"Caretta caretta",
171,"Caretta caretta",
42,"Caretta caretta",
62,"Caretta caretta",
214,"Caretta caretta",
121,"Caretta caretta",
40,"Caretta caretta",
80,"Caretta caretta",
139,"Caretta caretta",
164,"Caretta caretta",
216,"Caretta caretta",
162,"Cephalorhynchus hectori","Decreasing"
162,"Cephalorhynchus hectori maui",
80,"Cetorhinus maximus","Decreasing"
187,"Cetorhinus maximus","Decreasing"
60,"Cetorhinus maximus","Decreasing"
64,"Cetorhinus maximus","Decreasing"
186,"Cetorhinus maximus","Decreasing"
180,"Cetorhinus maximus","Decreasing"
76,"Cetorhinus maximus","Decreasing"
172,"Cetorhinus maximus","Decreasing"
224,"Cetorhinus maximus","Decreasing"
184,"Cetorhinus maximus","Decreasing"
188,"Cetorhinus maximus","Decreasing"
79,"Cetorhinus maximus","Decreasing"
173,"Cetorhinus maximus","Decreasing"
102,"Cetorhinus maximus","Decreasing"
171,"Cetorhinus maximus","Decreasing"
210,"Cetorhinus maximus","Decreasing"
232,"Cetorhinus maximus","Decreasing"
16,"Cetorhinus maximus","Decreasing"
183,"Cetorhinus maximus","Decreasing"
143,"Cetorhinus maximus","Decreasing"
82,"Cetorhinus maximus","Decreasing"
209,"Cetorhinus maximus","Decreasing"
62,"Cetorhinus maximus","Decreasing"
182,"Cetorhinus maximus","Decreasing"
177,"Cetorhinus maximus","Decreasing"
68,"Cetorhinus maximus","Decreasing"
218,"Cetorhinus maximus","Decreasing"
77,"Cetorhinus maximus","Decreasing"
223,"Cetorhinus maximus","Decreasing"
176,"Cetorhinus maximus","Decreasing"
175,"Cetorhinus maximus","Decreasing"
61,"Cetorhinus maximus","Decreasing"
214,"Cetorhinus maximus","Decreasing"
59,"Cetorhinus maximus","Decreasing"
162,"Cetorhinus maximus","Decreasing"
138,"Cetorhinus maximus","Decreasing"
73,"Cetorhinus maximus","Decreasing"
84,"Cetorhinus maximus","Decreasing"
78,"Cetorhinus maximus","Decreasing"
66,"Cetorhinus maximus","Decreasing"
63,"Cetorhinus maximus","Decreasing"
81,"Cetorhinus maximus","Decreasing"
163,"Cetorhinus maximus","Decreasing"
67,"Cetorhinus maximus","Decreasing"
179,"Cetorhinus maximus","Decreasing"
137,"Cetorhinus maximus","Decreasing"
208,"Cheilinus undulatus","Decreasing"
8,"Cheilinus undulatus","Decreasing"
209,"Cheilinus undulatus","Decreasing"
16,"Cheilinus undulatus","Decreasing"
147,"Cheilinus undulatus","Decreasing"
212,"Cheilinus undulatus","Decreasing"
15,"Cheilinus undulatus","Decreasing"
10,"Cheilinus undulatus","Decreasing"
231,"Cheilinus undulatus","Decreasing"
50,"Cheilinus undulatus","Decreasing"
207,"Cheilinus undulatus","Decreasing"
28,"Cheilinus undulatus","Decreasing"
216,"Cheilinus undulatus","Decreasing"
40,"Cheilinus undulatus","Decreasing"
11,"Cheilinus undulatus","Decreasing"
153,"Cheilinus undulatus","Decreasing"
39,"Cheilinus undulatus","Decreasing"
45,"Cheilinus undulatus","Decreasing"
1,"Cheilinus undulatus","Decreasing"
47,"Cheilinus undulatus","Decreasing"
206,"Cheilinus undulatus","Decreasing"
37,"Cheilinus undulatus","Decreasing"
210,"Cheilinus undulatus","Decreasing"
46,"Cheilinus undulatus","Decreasing"
25,"Cheilinus undulatus","Decreasing"
202,"Cheilinus undulatus","Decreasing"
2,"Cheilinus undulatus","Decreasing"
44,"Cheilinus undulatus","Decreasing"
205,"Cheilinus undulatus","Decreasing"
7,"Cheilinus undulatus","Decreasing"
9,"Cheilinus undulatus","Decreasing"
154,"Cheilinus undulatus","Decreasing"
19,"Cheilinus undulatus","Decreasing"
151,"Cheilinus undulatus","Decreasing"
14,"Cheilinus undulatus","Decreasing"
155,"Cheilinus undulatus","Decreasing"
12,"Cheilinus undulatus","Decreasing"
161,"Cheilinus undulatus","Decreasing"
43,"Cheilinus undulatus","Decreasing"
42,"Cheilinus undulatus","Decreasing"
156,"Cheilinus undulatus","Decreasing"
6,"Cheilinus undulatus","Decreasing"
24,"Cheilinus undulatus","Decreasing"
17,"Cheilinus undulatus","Decreasing"
146,"Cheilinus undulatus","Decreasing"
41,"Cheilinus undulatus","Decreasing"
18,"Cheilinus undulatus","Decreasing"
5,"Cheilinus undulatus","Decreasing"
31,"Cheilinus undulatus","Decreasing"
255,"Cheilinus undulatus","Decreasing"
13,"Cheilinus undulatus","Decreasing"
49,"Cheilinus undulatus","Decreasing"
79,"Cheilinus undulatus","Decreasing"
152,"Cheilinus undulatus","Decreasing"
29,"Cheilinus undulatus","Decreasing"
203,"Cheilinus undulatus","Decreasing"
214,"Cheilinus undulatus","Decreasing"
118,"Chelonia mydas","Decreasing"
125,"Chelonia mydas","Decreasing"
171,"Chelonia mydas","Decreasing"
53,"Chelonia mydas","Decreasing"
210,"Chelonia mydas","Decreasing"
209,"Chelonia mydas","Decreasing"
103,"Chelonia mydas","Decreasing"
104,"Chelonia mydas","Decreasing"
7,"Chelonia mydas","Decreasing"
216,"Chelonia mydas","Decreasing"
9,"Chelonia mydas","Decreasing"
6,"Chelonia mydas","Decreasing"
156,"Chelonia mydas","Decreasing"
164,"Chelonia mydas","Decreasing"
163,"Chelonia mydas","Decreasing"
8,"Chelonia mydas","Decreasing"
153,"Chelonia mydas","Decreasing"
123,"Chelonia mydas","Decreasing"
151,"Chelonia mydas","Decreasing"
50,"Chelonia mydas","Decreasing"
52,"Chelonia mydas","Decreasing"
167,"Chelonia mydas","Decreasing"
51,"Chelonia mydas","Decreasing"
150,"Chelonia mydas","Decreasing"
135,"Chelonia mydas","Decreasing"
96,"Chelonia mydas","Decreasing"
137,"Chelonia mydas","Decreasing"
54,"Chelonia mydas","Decreasing"
212,"Chelonia mydas","Decreasing"
214,"Chelonia mydas","Decreasing"
17,"Chelonia mydas","Decreasing"
244,"Chelonia mydas","Decreasing"
86,"Chelonia mydas","Decreasing"
249,"Chelonia mydas","Decreasing"
15,"Chelonia mydas","Decreasing"
205,"Chelonia mydas","Decreasing"
120,"Chelonia mydas","Decreasing"
191,"Chelonia mydas","Decreasing"
92,"Chelonia mydas","Decreasing"
130,"Chelonia mydas","Decreasing"
48,"Chelonia mydas","Decreasing"
162,"Chelonia mydas","Decreasing"
108,"Chelonia mydas","Decreasing"
18,"Chelonia mydas","Decreasing"
116,"Chelonia mydas","Decreasing"
204,"Chelonia mydas","Decreasing"
42,"Chelonia mydas","Decreasing"
115,"Chelonia mydas","Decreasing"
122,"Chelonia mydas","Decreasing"
132,"Chelonia mydas","Decreasing"
147,"Chelonia mydas","Decreasing"
81,"Chelonia mydas","Decreasing"
39,"Chelonia mydas","Decreasing"
231,"Chelonia mydas","Decreasing"
193,"Chelonia mydas","Decreasing"
202,"Chelonia mydas","Decreasing"
43,"Chelonia mydas","Decreasing"
93,"Chelonia mydas","Decreasing"
131,"Chelonia mydas","Decreasing"
64,"Chelonia mydas","Decreasing"
91,"Chelonia mydas","Decreasing"
16,"Chelonia mydas","Decreasing"
140,"Chelonia mydas","Decreasing"
126,"Chelonia mydas","Decreasing"
168,"Chelonia mydas","Decreasing"
41,"Chelonia mydas","Decreasing"
76,"Chelonia mydas","Decreasing"
127,"Chelonia mydas","Decreasing"
1,"Chelonia mydas","Decreasing"
40,"Chelonia mydas","Decreasing"
5,"Chelonia mydas","Decreasing"
66,"Chelonia mydas","Decreasing"
44,"Chelonia mydas","Decreasing"
159,"Chelonia mydas","Decreasing"
169,"Chelonia mydas","Decreasing"
47,"Chelonia mydas","Decreasing"
113,"Chelonia mydas","Decreasing"
114,"Chelonia mydas","Decreasing"
11,"Chelonia mydas","Decreasing"
207,"Chelonia mydas","Decreasing"
220,"Chelonia mydas","Decreasing"
37,"Chelonia mydas","Decreasing"
200,"Chelonia mydas","Decreasing"
111,"Chelonia mydas","Decreasing"
124,"Chelonia mydas","Decreasing"
203,"Chelonia mydas","Decreasing"
2,"Chelonia mydas","Decreasing"
117,"Chelonia mydas","Decreasing"
245,"Chelonia mydas","Decreasing"
250,"Chelonia mydas","Decreasing"
138,"Chelonia mydas","Decreasing"
38,"Chelonia mydas","Decreasing"
13,"Chelonia mydas","Decreasing"
166,"Chelonia mydas","Decreasing"
119,"Chelonia mydas","Decreasing"
45,"Chelonia mydas","Decreasing"
28,"Chelonia mydas","Decreasing"
79,"Chelonia mydas","Decreasing"
29,"Chelonia mydas","Decreasing"
194,"Chelonia mydas","Decreasing"
19,"Chelonia mydas","Decreasing"
248,"Chelonia mydas","Decreasing"
31,"Chelonia mydas","Decreasing"
155,"Chelonia mydas","Decreasing"
206,"Chelonia mydas","Decreasing"
25,"Chelonia mydas","Decreasing"
154,"Chelonia mydas","Decreasing"
129,"Chelonia mydas","Decreasing"
112,"Chelonia mydas","Decreasing"
139,"Chelonia mydas","Decreasing"
16,"Delphinus delphis","Unknown"
114,"Dermochelys coriacea","Decreasing"
206,"Dermochelys coriacea","Decreasing"
169,"Dermochelys coriacea","Decreasing"
244,"Dermochelys coriacea","Decreasing"
139,"Dermochelys coriacea","Decreasing"
99,"Dermochelys coriacea","Decreasing"
133,"Dermochelys coriacea","Decreasing"
14,"Dermochelys coriacea","Decreasing"
127,"Dermochelys coriacea","Decreasing"
131,"Dermochelys coriacea","Decreasing"
137,"Dermochelys coriacea","Decreasing"
45,"Dermochelys coriacea","Decreasing"
203,"Dermochelys coriacea","Decreasing"
171,"Dermochelys coriacea","Decreasing"
97,"Dermochelys coriacea","Decreasing"
209,"Dermochelys coriacea","Decreasing"
120,"Dermochelys coriacea","Decreasing"
125,"Dermochelys coriacea","Decreasing"
200,"Dermochelys coriacea","Decreasing"
123,"Dermochelys coriacea","Decreasing"
111,"Dermochelys coriacea","Decreasing"
249,"Dermochelys coriacea","Decreasing"
106,"Dermochelys coriacea","Decreasing"
130,"Dermochelys coriacea","Decreasing"
122,"Dermochelys coriacea","Decreasing"
216,"Dermochelys coriacea","Decreasing"
40,"Dermochelys coriacea","Decreasing"
129,"Dermochelys coriacea","Decreasing"
135,"Dermochelys coriacea","Decreasing"
66,"Dermochelys coriacea","Decreasing"
184,"Dermochelys coriacea","Decreasing"
17,"Dermochelys coriacea","Decreasing"
126,"Dermochelys coriacea","Decreasing"
18,"Dermochelys coriacea","Decreasing"
140,"Dermochelys coriacea","Decreasing"
167,"Dermochelys coriacea","Decreasing"
79,"Dermochelys coriacea","Decreasing"
52,"Dermochelys coriacea","Decreasing"
119,"Dermochelys coriacea","Decreasing"
132,"Dermochelys coriacea","Decreasing"
124,"Dermochelys coriacea","Decreasing"
16,"Dermochelys coriacea","Decreasing"
117,"Dermochelys coriacea","Decreasing"
163,"Dermochelys coriacea","Decreasing"
136,"Dermochelys coriacea","Decreasing"
41,"Dermochelys coriacea","Decreasing"
110,"Dermochelys coriacea","Decreasing"
220,"Dermochelys coriacea","Decreasing"
168,"Dermochelys coriacea","Decreasing"
248,"Dermochelys coriacea","Decreasing"
98,"Dermochelys coriacea","Decreasing"
199,"Dermochelys coriacea","Decreasing"
115,"Dermochelys coriacea","Decreasing"
245,"Dermochelys coriacea","Decreasing"
250,"Dermochelys coriacea","Decreasing"
195,"Dermochelys coriacea","Decreasing"
205,"Dermochelys coriacea","Decreasing"
7,"Dermochelys coriacea","Decreasing"
82,"Dermochelys coriacea","Decreasing"
112,"Dermochelys coriacea","Decreasing"
116,"Dermochelys coriacea","Decreasing"
134,"Dermochelys coriacea","Decreasing"
25,"Dermochelys coriacea","Decreasing"
102,"Dermochelys coriacea","Decreasing"
138,"Engraulis ringens","Unknown"
8,"Eretmochelys imbricata","Decreasing"
116,"Eretmochelys imbricata","Decreasing"
140,"Eretmochelys imbricata","Decreasing"
134,"Eretmochelys imbricata","Decreasing"
125,"Eretmochelys imbricata","Decreasing"
126,"Eretmochelys imbricata","Decreasing"
25,"Eretmochelys imbricata","Decreasing"
120,"Eretmochelys imbricata","Decreasing"
16,"Eretmochelys imbricata","Decreasing"
51,"Eretmochelys imbricata","Decreasing"
191,"Eretmochelys imbricata","Decreasing"
133,"Eretmochelys imbricata","Decreasing"
171,"Eretmochelys imbricata","Decreasing"
52,"Eretmochelys imbricata","Decreasing"
54,"Eretmochelys imbricata","Decreasing"
28,"Eretmochelys imbricata","Decreasing"
216,"Eretmochelys imbricata","Decreasing"
103,"Eretmochelys imbricata","Decreasing"
48,"Eretmochelys imbricata","Decreasing"
6,"Eretmochelys imbricata","Decreasing"
119,"Eretmochelys imbricata","Decreasing"
115,"Eretmochelys imbricata","Decreasing"
49,"Eretmochelys imbricata","Decreasing"
206,"Eretmochelys imbricata","Decreasing"
40,"Eretmochelys imbricata","Decreasing"
139,"Eretmochelys imbricata","Decreasing"
13,"Eretmochelys imbricata","Decreasing"
7,"Eretmochelys imbricata","Decreasing"
38,"Eretmochelys imbricata","Decreasing"
202,"Eretmochelys imbricata","Decreasing"
207,"Eretmochelys imbricata","Decreasing"
129,"Eretmochelys imbricata","Decreasing"
15,"Eretmochelys imbricata","Decreasing"
210,"Eretmochelys imbricata","Decreasing"
132,"Eretmochelys imbricata","Decreasing"
47,"Eretmochelys imbricata","Decreasing"
220,"Eretmochelys imbricata","Decreasing"
131,"Eretmochelys imbricata","Decreasing"
44,"Eretmochelys imbricata","Decreasing"
39,"Eretmochelys imbricata","Decreasing"
112,"Eretmochelys imbricata","Decreasing"
166,"Eretmochelys imbricata","Decreasing"
104,"Eretmochelys imbricata","Decreasing"
14,"Eretmochelys imbricata","Decreasing"
45,"Eretmochelys imbricata","Decreasing"
152,"Eretmochelys imbricata","Decreasing"
92,"Eretmochelys imbricata","Decreasing"
248,"Eretmochelys imbricata","Decreasing"
190,"Eretmochelys imbricata","Decreasing"
41,"Eretmochelys imbricata","Decreasing"
209,"Eretmochelys imbricata","Decreasing"
245,"Eretmochelys imbricata","Decreasing"
17,"Eretmochelys imbricata","Decreasing"
9,"Eretmochelys imbricata","Decreasing"
110,"Eretmochelys imbricata","Decreasing"
205,"Eretmochelys imbricata","Decreasing"
43,"Eretmochelys imbricata","Decreasing"
91,"Eretmochelys imbricata","Decreasing"
50,"Eretmochelys imbricata","Decreasing"
249,"Eretmochelys imbricata","Decreasing"
31,"Eretmochelys imbricata","Decreasing"
135,"Eretmochelys imbricata","Decreasing"
151,"Eretmochelys imbricata","Decreasing"
130,"Eretmochelys imbricata","Decreasing"
93,"Eretmochelys imbricata","Decreasing"
18,"Eretmochelys imbricata","Decreasing"
29,"Eretmochelys imbricata","Decreasing"
137,"Eretmochelys imbricata","Decreasing"
214,"Eretmochelys imbricata","Decreasing"
117,"Eretmochelys imbricata","Decreasing"
250,"Eretmochelys imbricata","Decreasing"
164,"Eretmochelys imbricata","Decreasing"
124,"Eretmochelys imbricata","Decreasing"
42,"Eretmochelys imbricata","Decreasing"
24,"Eretmochelys imbricata","Decreasing"
203,"Eretmochelys imbricata","Decreasing"
244,"Eretmochelys imbricata","Decreasing"
37,"Eretmochelys imbricata","Decreasing"
218,"Eschrichtius robustus","Stable"
21,"Eschrichtius robustus","Stable"
20,"Eschrichtius robustus","Stable"
163,"Eschrichtius robustus","Stable"
143,"Eschrichtius robustus","Stable"
210,"Eschrichtius robustus","Stable"
135,"Eschrichtius robustus","Stable"
73,"Eschrichtius robustus","Stable"
209,"Eschrichtius robustus","Stable"
16,"Eubalaena australis ",
145,"Eubalaena glacialis","Unknown"
181,"Eubalaena glacialis","Unknown"
55,"Eubalaena glacialis","Unknown"
110,"Eubalaena glacialis","Unknown"
141,"Eubalaena glacialis","Unknown"
63,"Eubalaena glacialis","Unknown"
179,"Eubalaena glacialis","Unknown"
163,"Eubalaena glacialis","Unknown"
62,"Eubalaena glacialis","Unknown"
223,"Eubalaena glacialis","Unknown"
183,"Eubalaena glacialis","Unknown"
176,"Eubalaena glacialis","Unknown"
58,"Eubalaena glacialis","Unknown"
57,"Eubalaena glacialis","Unknown"
143,"Eubalaena glacialis","Unknown"
218,"Eubalaena glacialis","Unknown"
177,"Eubalaena glacialis","Unknown"
108,"Eubalaena glacialis","Unknown"
182,"Eubalaena glacialis","Unknown"
59,"Eubalaena glacialis","Unknown"
180,"Eubalaena glacialis","Unknown"
16,"Feresa attenuata","Unknown"
164,"Galeocerdo cuvier","Unknown"
137,"Galeocerdo cuvier","Unknown"
119,"Galeocerdo cuvier","Unknown"
99,"Galeocerdo cuvier","Unknown"
9,"Galeocerdo cuvier","Unknown"
115,"Galeocerdo cuvier","Unknown"
45,"Galeocerdo cuvier","Unknown"
147,"Galeocerdo cuvier","Unknown"
44,"Galeocerdo cuvier","Unknown"
63,"Galeocerdo cuvier","Unknown"
180,"Galeocerdo cuvier","Unknown"
5,"Galeocerdo cuvier","Unknown"
10,"Galeocerdo cuvier","Unknown"
129,"Galeocerdo cuvier","Unknown"
11,"Galeocerdo cuvier","Unknown"
123,"Galeocerdo cuvier","Unknown"
118,"Galeocerdo cuvier","Unknown"
17,"Galeocerdo cuvier","Unknown"
212,"Galeocerdo cuvier","Unknown"
154,"Galeocerdo cuvier","Unknown"
16,"Galeocerdo cuvier","Unknown"
125,"Galeocerdo cuvier","Unknown"
162,"Galeocerdo cuvier","Unknown"
133,"Galeocerdo cuvier","Unknown"
6,"Galeocerdo cuvier","Unknown"
161,"Galeocerdo cuvier","Unknown"
65,"Galeocerdo cuvier","Unknown"
104,"Galeocerdo cuvier","Unknown"
166,"Galeocerdo cuvier","Unknown"
98,"Galeocerdo cuvier","Unknown"
96,"Galeocerdo cuvier","Unknown"
8,"Galeocerdo cuvier","Unknown"
126,"Galeocerdo cuvier","Unknown"
167,"Galeocerdo cuvier","Unknown"
200,"Galeocerdo cuvier","Unknown"
116,"Galeocerdo cuvier","Unknown"
214,"Galeocerdo cuvier","Unknown"
171,"Galeocerdo cuvier","Unknown"
7,"Galeocerdo cuvier","Unknown"
169,"Galeocerdo cuvier","Unknown"
138,"Galeocerdo cuvier","Unknown"
197,"Galeocerdo cuvier","Unknown"
50,"Galeocerdo cuvier","Unknown"
194,"Galeocerdo cuvier","Unknown"
153,"Galeocerdo cuvier","Unknown"
47,"Galeocerdo cuvier","Unknown"
139,"Galeocerdo cuvier","Unknown"
132,"Galeocerdo cuvier","Unknown"
152,"Galeocerdo cuvier","Unknown"
19,"Galeocerdo cuvier","Unknown"
130,"Galeocerdo cuvier","Unknown"
102,"Galeocerdo cuvier","Unknown"
122,"Galeocerdo cuvier","Unknown"
97,"Galeocerdo cuvier","Unknown"
146,"Galeocerdo cuvier","Unknown"
163,"Galeocerdo cuvier","Unknown"
143,"Galeocerdo cuvier","Unknown"
13,"Galeocerdo cuvier","Unknown"
49,"Galeocerdo cuvier","Unknown"
173,"Galeocerdo cuvier","Unknown"
168,"Galeocerdo cuvier","Unknown"
100,"Galeocerdo cuvier","Unknown"
18,"Galeocerdo cuvier","Unknown"
198,"Galeocerdo cuvier","Unknown"
121,"Galeocerdo cuvier","Unknown"
151,"Galeocerdo cuvier","Unknown"
155,"Galeocerdo cuvier","Unknown"
216,"Galeocerdo cuvier","Unknown"
62,"Galeocerdo cuvier","Unknown"
112,"Galeocerdo cuvier","Unknown"
106,"Galeocerdo cuvier","Unknown"
231,"Galeocerdo cuvier","Unknown"
156,"Galeocerdo cuvier","Unknown"
150,"Galeocerdo cuvier","Unknown"
114,"Galeocerdo cuvier","Unknown"
195,"Galeocerdo cuvier","Unknown"
117,"Galeocerdo cuvier","Unknown"
127,"Galeocerdo cuvier","Unknown"
3,"Galeocerdo cuvier","Unknown"
41,"Galeocerdo cuvier","Unknown"
159,"Galeocerdo cuvier","Unknown"
202,"Galeocerdo cuvier","Unknown"
120,"Galeocerdo cuvier","Unknown"
43,"Galeocerdo cuvier","Unknown"
124,"Galeocerdo cuvier","Unknown"
46,"Galeocerdo cuvier","Unknown"
193,"Galeocerdo cuvier","Unknown"
64,"Galeocerdo cuvier","Unknown"
113,"Galeocerdo cuvier","Unknown"
140,"Galeocerdo cuvier","Unknown"
108,"Galeocerdo cuvier","Unknown"
196,"Galeocerdo cuvier","Unknown"
136,"Galeocerdo cuvier","Unknown"
135,"Galeocerdo cuvier","Unknown"
66,"Galeocerdo cuvier","Unknown"
250,"Galeocerdo cuvier","Unknown"
131,"Galeocerdo cuvier","Unknown"
16,"Globicephala macrorhynchus","Unknown"
16,"Globicephala melas","Unknown"
203,"Glyphis gangeticus","Decreasing"
16,"Grampus griseus","Unknown"
16,"Hyperoodon planifrons","Unknown"
16,"Indopacetus pacificus","Unknown"
10,"Isurus oxyrinchus","Decreasing"
138,"Isurus oxyrinchus","Decreasing"
84,"Isurus oxyrinchus","Decreasing"
137,"Isurus oxyrinchus","Decreasing"
122,"Isurus oxyrinchus","Decreasing"
60,"Isurus oxyrinchus","Decreasing"
82,"Isurus oxyrinchus","Decreasing"
21,"Isurus oxyrinchus","Decreasing"
9,"Isurus oxyrinchus","Decreasing"
171,"Isurus oxyrinchus","Decreasing"
184,"Isurus oxyrinchus","Decreasing"
6,"Isurus oxyrinchus","Decreasing"
249,"Isurus oxyrinchus","Decreasing"
135,"Isurus oxyrinchus","Decreasing"
250,"Isurus oxyrinchus","Decreasing"
131,"Isurus oxyrinchus","Decreasing"
118,"Isurus oxyrinchus","Decreasing"
126,"Isurus oxyrinchus","Decreasing"
37,"Isurus oxyrinchus","Decreasing"
43,"Isurus oxyrinchus","Decreasing"
108,"Isurus oxyrinchus","Decreasing"
48,"Isurus oxyrinchus","Decreasing"
207,"Isurus oxyrinchus","Decreasing"
172,"Isurus oxyrinchus","Decreasing"
129,"Isurus oxyrinchus","Decreasing"
40,"Isurus oxyrinchus","Decreasing"
97,"Isurus oxyrinchus","Decreasing"
125,"Isurus oxyrinchus","Decreasing"
66,"Isurus oxyrinchus","Decreasing"
130,"Isurus oxyrinchus","Decreasing"
247,"Isurus oxyrinchus","Decreasing"
110,"Isurus oxyrinchus","Decreasing"
180,"Isurus oxyrinchus","Decreasing"
106,"Isurus oxyrinchus","Decreasing"
18,"Isurus oxyrinchus","Decreasing"
42,"Isurus oxyrinchus","Decreasing"
162,"Isurus oxyrinchus","Decreasing"
203,"Isurus oxyrinchus","Decreasing"
216,"Isurus oxyrinchus","Decreasing"
183,"Isurus oxyrinchus","Decreasing"
224,"Isurus oxyrinchus","Decreasing"
16,"Isurus oxyrinchus","Decreasing"
13,"Isurus oxyrinchus","Decreasing"
212,"Isurus oxyrinchus","Decreasing"
100,"Isurus oxyrinchus","Decreasing"
182,"Isurus oxyrinchus","Decreasing"
61,"Isurus oxyrinchus","Decreasing"
65,"Isurus oxyrinchus","Decreasing"
194,"Isurus oxyrinchus","Decreasing"
223,"Isurus oxyrinchus","Decreasing"
44,"Isurus oxyrinchus","Decreasing"
120,"Isurus oxyrinchus","Decreasing"
41,"Isurus oxyrinchus","Decreasing"
181,"Isurus oxyrinchus","Decreasing"
173,"Isurus oxyrinchus","Decreasing"
231,"Isurus oxyrinchus","Decreasing"
96,"Isurus oxyrinchus","Decreasing"
39,"Isurus oxyrinchus","Decreasing"
112,"Isurus oxyrinchus","Decreasing"
45,"Isurus oxyrinchus","Decreasing"
191,"Isurus oxyrinchus","Decreasing"
124,"Isurus oxyrinchus","Decreasing"
67,"Isurus oxyrinchus","Decreasing"
245,"Isurus oxyrinchus","Decreasing"
111,"Isurus oxyrinchus","Decreasing"
14,"Isurus oxyrinchus","Decreasing"
248,"Isurus oxyrinchus","Decreasing"
53,"Isurus oxyrinchus","Decreasing"
123,"Isurus oxyrinchus","Decreasing"
102,"Isurus oxyrinchus","Decreasing"
197,"Isurus oxyrinchus","Decreasing"
244,"Isurus oxyrinchus","Decreasing"
147,"Isurus oxyrinchus","Decreasing"
49,"Isurus oxyrinchus","Decreasing"
7,"Isurus oxyrinchus","Decreasing"
25,"Isurus oxyrinchus","Decreasing"
210,"Isurus oxyrinchus","Decreasing"
200,"Isurus oxyrinchus","Decreasing"
168,"Isurus oxyrinchus","Decreasing"
214,"Isurus oxyrinchus","Decreasing"
79,"Isurus oxyrinchus","Decreasing"
152,"Isurus oxyrinchus","Decreasing"
99,"Isurus oxyrinchus","Decreasing"
187,"Isurus oxyrinchus","Decreasing"
20,"Isurus oxyrinchus","Decreasing"
206,"Isurus oxyrinchus","Decreasing"
64,"Isurus oxyrinchus","Decreasing"
117,"Isurus oxyrinchus","Decreasing"
195,"Isurus oxyrinchus","Decreasing"
133,"Isurus oxyrinchus","Decreasing"
179,"Isurus oxyrinchus","Decreasing"
153,"Isurus oxyrinchus","Decreasing"
115,"Isurus oxyrinchus","Decreasing"
68,"Isurus oxyrinchus","Decreasing"
56,"Isurus oxyrinchus","Decreasing"
220,"Isurus oxyrinchus","Decreasing"
204,"Isurus oxyrinchus","Decreasing"
5,"Isurus oxyrinchus","Decreasing"
50,"Isurus oxyrinchus","Decreasing"
218,"Isurus oxyrinchus","Decreasing"
127,"Isurus oxyrinchus","Decreasing"
47,"Isurus oxyrinchus","Decreasing"
113,"Isurus oxyrinchus","Decreasing"
24,"Isurus oxyrinchus","Decreasing"
196,"Isurus oxyrinchus","Decreasing"
205,"Isurus oxyrinchus","Decreasing"
164,"Isurus oxyrinchus","Decreasing"
140,"Isurus oxyrinchus","Decreasing"
63,"Isurus oxyrinchus","Decreasing"
186,"Isurus oxyrinchus","Decreasing"
116,"Isurus oxyrinchus","Decreasing"
15,"Isurus oxyrinchus","Decreasing"
193,"Isurus oxyrinchus","Decreasing"
155,"Isurus oxyrinchus","Decreasing"
11,"Isurus oxyrinchus","Decreasing"
136,"Isurus oxyrinchus","Decreasing"
19,"Isurus oxyrinchus","Decreasing"
114,"Isurus oxyrinchus","Decreasing"
101,"Isurus oxyrinchus","Decreasing"
17,"Isurus oxyrinchus","Decreasing"
139,"Isurus oxyrinchus","Decreasing"
166,"Isurus oxyrinchus","Decreasing"
119,"Isurus oxyrinchus","Decreasing"
104,"Isurus oxyrinchus","Decreasing"
62,"Isurus oxyrinchus","Decreasing"
209,"Isurus oxyrinchus","Decreasing"
80,"Isurus oxyrinchus","Decreasing"
169,"Isurus oxyrinchus","Decreasing"
134,"Isurus oxyrinchus","Decreasing"
198,"Isurus oxyrinchus","Decreasing"
163,"Isurus oxyrinchus","Decreasing"
167,"Isurus oxyrinchus","Decreasing"
202,"Isurus oxyrinchus","Decreasing"
208,"Isurus oxyrinchus","Decreasing"
81,"Isurus oxyrinchus","Decreasing"
121,"Isurus oxyrinchus","Decreasing"
8,"Isurus oxyrinchus","Decreasing"
146,"Isurus oxyrinchus","Decreasing"
73,"Isurus oxyrinchus","Decreasing"
76,"Isurus oxyrinchus","Decreasing"
132,"Isurus oxyrinchus","Decreasing"
210,"Isurus paucus","Decreasing"
62,"Isurus paucus","Decreasing"
9,"Isurus paucus","Decreasing"
112,"Isurus paucus","Decreasing"
10,"Isurus paucus","Decreasing"
182,"Isurus paucus","Decreasing"
171,"Isurus paucus","Decreasing"
42,"Isurus paucus","Decreasing"
14,"Isurus paucus","Decreasing"
183,"Isurus paucus","Decreasing"
64,"Isurus paucus","Decreasing"
63,"Isurus paucus","Decreasing"
16,"Isurus paucus","Decreasing"
106,"Isurus paucus","Decreasing"
193,"Isurus paucus","Decreasing"
7,"Isurus paucus","Decreasing"
97,"Isurus paucus","Decreasing"
163,"Isurus paucus","Decreasing"
16,"Kogia breviceps","Unknown"
16,"Kogia simus",
16,"Lagenodelphis hosei","Unknown"
16,"Lagenorhynchus cruciger","Unknown"
16,"Lagenorhynchus obscurus","Unknown"
145,"Lamna nasus","Decreasing"
175,"Lamna nasus","Decreasing"
171,"Lamna nasus","Decreasing"
222,"Lamna nasus","Decreasing"
102,"Lamna nasus","Decreasing"
182,"Lamna nasus","Decreasing"
181,"Lamna nasus","Decreasing"
16,"Lamna nasus","Decreasing"
101,"Lamna nasus","Decreasing"
108,"Lamna nasus","Decreasing"
176,"Lamna nasus","Decreasing"
224,"Lamna nasus","Decreasing"
218,"Lamna nasus","Decreasing"
180,"Lamna nasus","Decreasing"
179,"Lamna nasus","Decreasing"
60,"Lamna nasus","Decreasing"
62,"Lamna nasus","Decreasing"
172,"Lamna nasus","Decreasing"
183,"Lamna nasus","Decreasing"
194,"Lamna nasus","Decreasing"
163,"Lamna nasus","Decreasing"
173,"Lamna nasus","Decreasing"
163,"Lepidochelys kempii",
135,"Lepidochelys kempii",
163,"Lepidochelys olivacea","Decreasing"
25,"Lepidochelys olivacea","Decreasing"
191,"Lepidochelys olivacea","Decreasing"
43,"Lepidochelys olivacea","Decreasing"
44,"Lepidochelys olivacea","Decreasing"
65,"Lepidochelys olivacea","Decreasing"
41,"Lepidochelys olivacea","Decreasing"
100,"Lepidochelys olivacea","Decreasing"
207,"Lepidochelys olivacea","Decreasing"
16,"Lepidochelys olivacea","Decreasing"
137,"Lepidochelys olivacea","Decreasing"
167,"Lepidochelys olivacea","Decreasing"
171,"Lepidochelys olivacea","Decreasing"
103,"Lepidochelys olivacea","Decreasing"
102,"Lepidochelys olivacea","Decreasing"
17,"Lepidochelys olivacea","Decreasing"
115,"Lepidochelys olivacea","Decreasing"
104,"Lepidochelys olivacea","Decreasing"
48,"Lepidochelys olivacea","Decreasing"
198,"Lepidochelys olivacea","Decreasing"
133,"Lepidochelys olivacea","Decreasing"
140,"Lepidochelys olivacea","Decreasing"
96,"Lepidochelys olivacea","Decreasing"
202,"Lepidochelys olivacea","Decreasing"
216,"Lepidochelys olivacea","Decreasing"
106,"Lepidochelys olivacea","Decreasing"
40,"Lepidochelys olivacea","Decreasing"
136,"Lepidochelys olivacea","Decreasing"
97,"Lepidochelys olivacea","Decreasing"
9,"Lepidochelys olivacea","Decreasing"
206,"Lepidochelys olivacea","Decreasing"
53,"Lepidochelys olivacea","Decreasing"
138,"Lepidochelys olivacea","Decreasing"
39,"Lepidochelys olivacea","Decreasing"
195,"Lepidochelys olivacea","Decreasing"
66,"Lepidochelys olivacea","Decreasing"
129,"Lepidochelys olivacea","Decreasing"
45,"Lepidochelys olivacea","Decreasing"
14,"Lepidochelys olivacea","Decreasing"
126,"Lepidochelys olivacea","Decreasing"
166,"Lepidochelys olivacea","Decreasing"
64,"Lepidochelys olivacea","Decreasing"
224,"Lepidochelys olivacea","Decreasing"
210,"Lepidochelys olivacea","Decreasing"
62,"Lepidochelys olivacea","Decreasing"
173,"Lepidochelys olivacea","Decreasing"
49,"Lepidochelys olivacea","Decreasing"
247,"Lepidochelys olivacea","Decreasing"
101,"Lepidochelys olivacea","Decreasing"
116,"Lepidochelys olivacea","Decreasing"
99,"Lepidochelys olivacea","Decreasing"
135,"Lepidochelys olivacea","Decreasing"
168,"Lepidochelys olivacea","Decreasing"
47,"Lepidochelys olivacea","Decreasing"
193,"Lepidochelys olivacea","Decreasing"
24,"Lepidochelys olivacea","Decreasing"
132,"Lepidochelys olivacea","Decreasing"
120,"Lepidochelys olivacea","Decreasing"
98,"Lepidochelys olivacea","Decreasing"
42,"Lepidochelys olivacea","Decreasing"
112,"Lepidochelys olivacea","Decreasing"
196,"Lepidochelys olivacea","Decreasing"
169,"Lepidochelys olivacea","Decreasing"
134,"Lepidochelys olivacea","Decreasing"
15,"Lepidochelys olivacea","Decreasing"
205,"Lepidochelys olivacea","Decreasing"
200,"Lepidochelys olivacea","Decreasing"
197,"Lepidochelys olivacea","Decreasing"
194,"Lepidochelys olivacea","Decreasing"
56,"Lepidochelys olivacea","Decreasing"
203,"Lepidochelys olivacea","Decreasing"
204,"Lepidochelys olivacea","Decreasing"
130,"Lepidochelys olivacea","Decreasing"
131,"Lepidochelys olivacea","Decreasing"
139,"Lepidochelys olivacea","Decreasing"
16,"Lissodelphis peronii","Unknown"
203,"Lutrogale perspicillata","Decreasing"
216,"Megachasma pelagios","Unknown"
163,"Megachasma pelagios","Unknown"
210,"Megachasma pelagios","Unknown"
66,"Megachasma pelagios","Unknown"
16,"Megachasma pelagios","Unknown"
15,"Megachasma pelagios","Unknown"
171,"Megachasma pelagios","Unknown"
64,"Megaptera novaeangliae","Increasing"
100,"Megaptera novaeangliae","Increasing"
181,"Megaptera novaeangliae","Increasing"
44,"Megaptera novaeangliae","Increasing"
111,"Megaptera novaeangliae","Increasing"
15,"Megaptera novaeangliae","Increasing"
131,"Megaptera novaeangliae","Increasing"
86,"Megaptera novaeangliae","Increasing"
61,"Megaptera novaeangliae","Increasing"
162,"Megaptera novaeangliae","Increasing"
91,"Megaptera novaeangliae","Increasing"
118,"Megaptera novaeangliae","Increasing"
203,"Megaptera novaeangliae","Increasing"
54,"Megaptera novaeangliae","Increasing"
42,"Megaptera novaeangliae","Increasing"
10,"Megaptera novaeangliae","Increasing"
117,"Megaptera novaeangliae","Increasing"
244,"Megaptera novaeangliae","Increasing"
47,"Megaptera novaeangliae","Increasing"
28,"Megaptera novaeangliae","Increasing"
102,"Megaptera novaeangliae","Increasing"
248,"Megaptera novaeangliae","Increasing"
206,"Megaptera novaeangliae","Increasing"
65,"Megaptera novaeangliae","Increasing"
130,"Megaptera novaeangliae","Increasing"
179,"Megaptera novaeangliae","Increasing"
135,"Megaptera novaeangliae","Increasing"
145,"Megaptera novaeangliae","Increasing"
171,"Megaptera novaeangliae","Increasing"
195,"Megaptera novaeangliae","Increasing"
220,"Megaptera novaeangliae","Increasing"
204,"Megaptera novaeangliae","Increasing"
231,"Megaptera novaeangliae","Increasing"
141,"Megaptera novaeangliae","Increasing"
136,"Megaptera novaeangliae","Increasing"
216,"Megaptera novaeangliae","Increasing"
139,"Megaptera novaeangliae","Increasing"
175,"Megaptera novaeangliae","Increasing"
99,"Megaptera novaeangliae","Increasing"
40,"Megaptera novaeangliae","Increasing"
73,"Megaptera novaeangliae","Increasing"
43,"Megaptera novaeangliae","Increasing"
182,"Megaptera novaeangliae","Increasing"
123,"Megaptera novaeangliae","Increasing"
1,"Megaptera novaeangliae","Increasing"
127,"Megaptera novaeangliae","Increasing"
46,"Megaptera novaeangliae","Increasing"
147,"Megaptera novaeangliae","Increasing"
202,"Megaptera novaeangliae","Increasing"
103,"Megaptera novaeangliae","Increasing"
207,"Megaptera novaeangliae","Increasing"
56,"Megaptera novaeangliae","Increasing"
250,"Megaptera novaeangliae","Increasing"
154,"Megaptera novaeangliae","Increasing"
106,"Megaptera novaeangliae","Increasing"
224,"Megaptera novaeangliae","Increasing"
8,"Megaptera novaeangliae","Increasing"
210,"Megaptera novaeangliae","Increasing"
161,"Megaptera novaeangliae","Increasing"
41,"Megaptera novaeangliae","Increasing"
163,"Megaptera novaeangliae","Increasing"
126,"Megaptera novaeangliae","Increasing"
48,"Megaptera novaeangliae","Increasing"
218,"Megaptera novaeangliae","Increasing"
104,"Megaptera novaeangliae","Increasing"
132,"Megaptera novaeangliae","Increasing"
166,"Megaptera novaeangliae","Increasing"
245,"Megaptera novaeangliae","Increasing"
151,"Megaptera novaeangliae","Increasing"
129,"Megaptera novaeangliae","Increasing"
92,"Megaptera novaeangliae","Increasing"
199,"Megaptera novaeangliae","Increasing"
140,"Megaptera novaeangliae","Increasing"
119,"Megaptera novaeangliae","Increasing"
122,"Megaptera novaeangliae","Increasing"
205,"Megaptera novaeangliae","Increasing"
37,"Megaptera novaeangliae","Increasing"
11,"Megaptera novaeangliae","Increasing"
212,"Megaptera novaeangliae","Increasing"
153,"Megaptera novaeangliae","Increasing"
17,"Megaptera novaeangliae","Increasing"
219,"Megaptera novaeangliae","Increasing"
137,"Megaptera novaeangliae","Increasing"
89,"Megaptera novaeangliae","Increasing"
53,"Megaptera novaeangliae","Increasing"
196,"Megaptera novaeangliae","Increasing"
20,"Megaptera novaeangliae","Increasing"
62,"Megaptera novaeangliae","Increasing"
101,"Megaptera novaeangliae","Increasing"
152,"Megaptera novaeangliae","Increasing"
98,"Megaptera novaeangliae","Increasing"
32,"Megaptera novaeangliae","Increasing"
173,"Megaptera novaeangliae","Increasing"
191,"Megaptera novaeangliae","Increasing"
18,"Megaptera novaeangliae","Increasing"
180,"Megaptera novaeangliae","Increasing"
198,"Megaptera novaeangliae","Increasing"
183,"Megaptera novaeangliae","Increasing"
114,"Megaptera novaeangliae","Increasing"
115,"Megaptera novaeangliae","Increasing"
14,"Megaptera novaeangliae","Increasing"
143,"Megaptera novaeangliae","Increasing"
93,"Megaptera novaeangliae","Increasing"
249,"Megaptera novaeangliae","Increasing"
39,"Megaptera novaeangliae","Increasing"
146,"Megaptera novaeangliae","Increasing"
31,"Megaptera novaeangliae","Increasing"
223,"Megaptera novaeangliae","Increasing"
200,"Megaptera novaeangliae","Increasing"
155,"Megaptera novaeangliae","Increasing"
5,"Megaptera novaeangliae","Increasing"
116,"Megaptera novaeangliae","Increasing"
66,"Megaptera novaeangliae","Increasing"
172,"Megaptera novaeangliae","Increasing"
124,"Megaptera novaeangliae","Increasing"
63,"Megaptera novaeangliae","Increasing"
7,"Megaptera novaeangliae","Increasing"
6,"Megaptera novaeangliae","Increasing"
21,"Megaptera novaeangliae","Increasing"
108,"Megaptera novaeangliae","Increasing"
16,"Megaptera novaeangliae","Increasing"
19,"Megaptera novaeangliae","Increasing"
112,"Megaptera novaeangliae","Increasing"
133,"Megaptera novaeangliae","Increasing"
113,"Megaptera novaeangliae","Increasing"
120,"Megaptera novaeangliae","Increasing"
138,"Megaptera novaeangliae","Increasing"
95,"Megaptera novaeangliae","Increasing"
125,"Megaptera novaeangliae","Increasing"
110,"Megaptera novaeangliae","Increasing"
13,"Megaptera novaeangliae","Increasing"
197,"Megaptera novaeangliae","Increasing"
134,"Megaptera novaeangliae","Increasing"
16,"Mesoplodon bowdoini","Unknown"
16,"Mesoplodon densirostris","Unknown"
16,"Mesoplodon ginkgodens","Unknown"
16,"Mesoplodon grayi ",
16,"Mesoplodon hectori","Unknown"
16,"Mesoplodon layardii","Unknown"
16,"Mesoplodon mirus","Unknown"
16,"Natator depressus",
204,"Orcaella brevirostris","Decreasing"
206,"Orcaella brevirostris","Decreasing"
207,"Orcaella brevirostris","Decreasing"
205,"Orcaella brevirostris","Decreasing"
247,"Orcaella brevirostris","Decreasing"
216,"Orcaella brevirostris","Decreasing"
25,"Orcaella brevirostris","Decreasing"
208,"Orcaella brevirostris","Decreasing"
15,"Orcaella brevirostris","Decreasing"
24,"Orcaella brevirostris","Decreasing"
203,"Orcaella brevirostris","Decreasing"
16,"Orcaella heinsohni","Unknown"
16,"Orcinus orca","Unknown"
16,"Peponocephala electra","Unknown"
16,"Phocoena dioptrica","Unknown"
135,"Phocoena sinus","Decreasing"
16,"Physeter macrocephalus","Unknown"
218,"Prionace glauca","Unknown"
151,"Prionace glauca","Unknown"
102,"Prionace glauca","Unknown"
193,"Prionace glauca","Unknown"
98,"Prionace glauca","Unknown"
66,"Prionace glauca","Unknown"
190,"Prionace glauca","Unknown"
182,"Prionace glauca","Unknown"
51,"Prionace glauca","Unknown"
212,"Prionace glauca","Unknown"
96,"Prionace glauca","Unknown"
14,"Prionace glauca","Unknown"
249,"Prionace glauca","Unknown"
122,"Prionace glauca","Unknown"
220,"Prionace glauca","Unknown"
40,"Prionace glauca","Unknown"
203,"Prionace glauca","Unknown"
137,"Prionace glauca","Unknown"
25,"Prionace glauca","Unknown"
175,"Prionace glauca","Unknown"
188,"Prionace glauca","Unknown"
42,"Prionace glauca","Unknown"
156,"Prionace glauca","Unknown"
147,"Prionace glauca","Unknown"
18,"Prionace glauca","Unknown"
101,"Prionace glauca","Unknown"
61,"Prionace glauca","Unknown"
191,"Prionace glauca","Unknown"
124,"Prionace glauca","Unknown"
177,"Prionace glauca","Unknown"
169,"Prionace glauca","Unknown"
129,"Prionace glauca","Unknown"
135,"Prionace glauca","Unknown"
110,"Prionace glauca","Unknown"
184,"Prionace glauca","Unknown"
152,"Prionace glauca","Unknown"
44,"Prionace glauca","Unknown"
118,"Prionace glauca","Unknown"
9,"Prionace glauca","Unknown"
162,"Prionace glauca","Unknown"
84,"Prionace glauca","Unknown"
97,"Prionace glauca","Unknown"
80,"Prionace glauca","Unknown"
154,"Prionace glauca","Unknown"
171,"Prionace glauca","Unknown"
117,"Prionace glauca","Unknown"
153,"Prionace glauca","Unknown"
43,"Prionace glauca","Unknown"
197,"Prionace glauca","Unknown"
37,"Prionace glauca","Unknown"
186,"Prionace glauca","Unknown"
204,"Prionace glauca","Unknown"
140,"Prionace glauca","Unknown"
125,"Prionace glauca","Unknown"
210,"Prionace glauca","Unknown"
133,"Prionace glauca","Unknown"
15,"Prionace glauca","Unknown"
194,"Prionace glauca","Unknown"
196,"Prionace glauca","Unknown"
62,"Prionace glauca","Unknown"
49,"Prionace glauca","Unknown"
104,"Prionace glauca","Unknown"
11,"Prionace glauca","Unknown"
115,"Prionace glauca","Unknown"
53,"Prionace glauca","Unknown"
195,"Prionace glauca","Unknown"
192,"Prionace glauca","Unknown"
164,"Prionace glauca","Unknown"
172,"Prionace glauca","Unknown"
63,"Prionace glauca","Unknown"
5,"Prionace glauca","Unknown"
52,"Prionace glauca","Unknown"
216,"Prionace glauca","Unknown"
136,"Prionace glauca","Unknown"
50,"Prionace glauca","Unknown"
28,"Prionace glauca","Unknown"
187,"Prionace glauca","Unknown"
54,"Prionace glauca","Unknown"
207,"Prionace glauca","Unknown"
89,"Prionace glauca","Unknown"
108,"Prionace glauca","Unknown"
47,"Prionace glauca","Unknown"
180,"Prionace glauca","Unknown"
173,"Prionace glauca","Unknown"
206,"Prionace glauca","Unknown"
46,"Prionace glauca","Unknown"
41,"Prionace glauca","Unknown"
205,"Prionace glauca","Unknown"
123,"Prionace glauca","Unknown"
32,"Prionace glauca","Unknown"
127,"Prionace glauca","Unknown"
65,"Prionace glauca","Unknown"
39,"Prionace glauca","Unknown"
48,"Prionace glauca","Unknown"
132,"Prionace glauca","Unknown"
167,"Prionace glauca","Unknown"
95,"Prionace glauca","Unknown"
130,"Prionace glauca","Unknown"
146,"Prionace glauca","Unknown"
161,"Prionace glauca","Unknown"
202,"Prionace glauca","Unknown"
163,"Prionace glauca","Unknown"
17,"Prionace glauca","Unknown"
168,"Prionace glauca","Unknown"
139,"Prionace glauca","Unknown"
155,"Prionace glauca","Unknown"
244,"Prionace glauca","Unknown"
134,"Prionace glauca","Unknown"
99,"Prionace glauca","Unknown"
248,"Prionace glauca","Unknown"
19,"Prionace glauca","Unknown"
8,"Prionace glauca","Unknown"
45,"Prionace glauca","Unknown"
245,"Prionace glauca","Unknown"
116,"Prionace glauca","Unknown"
56,"Prionace glauca","Unknown"
100,"Prionace glauca","Unknown"
121,"Prionace glauca","Unknown"
82,"Prionace glauca","Unknown"
223,"Prionace glauca","Unknown"
119,"Prionace glauca","Unknown"
120,"Prionace glauca","Unknown"
106,"Prionace glauca","Unknown"
200,"Prionace glauca","Unknown"
111,"Prionace glauca","Unknown"
6,"Prionace glauca","Unknown"
198,"Prionace glauca","Unknown"
183,"Prionace glauca","Unknown"
214,"Prionace glauca","Unknown"
113,"Prionace glauca","Unknown"
224,"Prionace glauca","Unknown"
222,"Prionace glauca","Unknown"
64,"Prionace glauca","Unknown"
208,"Prionace glauca","Unknown"
29,"Prionace glauca","Unknown"
10,"Prionace glauca","Unknown"
209,"Prionace glauca","Unknown"
138,"Prionace glauca","Unknown"
131,"Prionace glauca","Unknown"
7,"Prionace glauca","Unknown"
16,"Prionace glauca","Unknown"
13,"Prionace glauca","Unknown"
67,"Prionace glauca","Unknown"
76,"Prionace glauca","Unknown"
250,"Prionace glauca","Unknown"
16,"Pseudorca crassidens ",
66,"Rhincodon typus","Decreasing"
100,"Rhincodon typus","Decreasing"
119,"Rhincodon typus","Decreasing"
25,"Rhincodon typus","Decreasing"
11,"Rhincodon typus","Decreasing"
96,"Rhincodon typus","Decreasing"
162,"Rhincodon typus","Decreasing"
137,"Rhincodon typus","Decreasing"
97,"Rhincodon typus","Decreasing"
64,"Rhincodon typus","Decreasing"
171,"Rhincodon typus","Decreasing"
205,"Rhincodon typus","Decreasing"
62,"Rhincodon typus","Decreasing"
54,"Rhincodon typus","Decreasing"
247,"Rhincodon typus","Decreasing"
136,"Rhincodon typus","Decreasing"
114,"Rhincodon typus","Decreasing"
63,"Rhincodon typus","Decreasing"
204,"Rhincodon typus","Decreasing"
134,"Rhincodon typus","Decreasing"
49,"Rhincodon typus","Decreasing"
65,"Rhincodon typus","Decreasing"
224,"Rhincodon typus","Decreasing"
138,"Rhincodon typus","Decreasing"
129,"Rhincodon typus","Decreasing"
99,"Rhincodon typus","Decreasing"
123,"Rhincodon typus","Decreasing"
10,"Rhincodon typus","Decreasing"
207,"Rhincodon typus","Decreasing"
52,"Rhincodon typus","Decreasing"
167,"Rhincodon typus","Decreasing"
139,"Rhincodon typus","Decreasing"
133,"Rhincodon typus","Decreasing"
112,"Rhincodon typus","Decreasing"
6,"Rhincodon typus","Decreasing"
18,"Rhincodon typus","Decreasing"
117,"Rhincodon typus","Decreasing"
102,"Rhincodon typus","Decreasing"
210,"Rhincodon typus","Decreasing"
111,"Rhincodon typus","Decreasing"
130,"Rhincodon typus","Decreasing"
118,"Rhincodon typus","Decreasing"
203,"Rhincodon typus","Decreasing"
215,"Rhincodon typus","Decreasing"
214,"Rhincodon typus","Decreasing"
56,"Rhincodon typus","Decreasing"
48,"Rhincodon typus","Decreasing"
103,"Rhincodon typus","Decreasing"
44,"Rhincodon typus","Decreasing"
197,"Rhincodon typus","Decreasing"
156,"Rhincodon typus","Decreasing"
202,"Rhincodon typus","Decreasing"
166,"Rhincodon typus","Decreasing"
116,"Rhincodon typus","Decreasing"
147,"Rhincodon typus","Decreasing"
195,"Rhincodon typus","Decreasing"
163,"Rhincodon typus","Decreasing"
127,"Rhincodon typus","Decreasing"
191,"Rhincodon typus","Decreasing"
15,"Rhincodon typus","Decreasing"
161,"Rhincodon typus","Decreasing"
212,"Rhincodon typus","Decreasing"
132,"Rhincodon typus","Decreasing"
5,"Rhincodon typus","Decreasing"
249,"Rhincodon typus","Decreasing"
122,"Rhincodon typus","Decreasing"
120,"Rhincodon typus","Decreasing"
104,"Rhincodon typus","Decreasing"
196,"Rhincodon typus","Decreasing"
7,"Rhincodon typus","Decreasing"
47,"Rhincodon typus","Decreasing"
9,"Rhincodon typus","Decreasing"
140,"Rhincodon typus","Decreasing"
110,"Rhincodon typus","Decreasing"
135,"Rhincodon typus","Decreasing"
248,"Rhincodon typus","Decreasing"
53,"Rhincodon typus","Decreasing"
19,"Rhincodon typus","Decreasing"
43,"Rhincodon typus","Decreasing"
131,"Rhincodon typus","Decreasing"
190,"Rhincodon typus","Decreasing"
168,"Rhincodon typus","Decreasing"
169,"Rhincodon typus","Decreasing"
220,"Rhincodon typus","Decreasing"
16,"Rhincodon typus","Decreasing"
200,"Rhincodon typus","Decreasing"
45,"Rhincodon typus","Decreasing"
209,"Rhincodon typus","Decreasing"
216,"Rhincodon typus","Decreasing"
194,"Rhincodon typus","Decreasing"
198,"Rhincodon typus","Decreasing"
41,"Rhincodon typus","Decreasing"
151,"Rhincodon typus","Decreasing"
98,"Rhincodon typus","Decreasing"
24,"Rhincodon typus","Decreasing"
146,"Rhincodon typus","Decreasing"
250,"Rhincodon typus","Decreasing"
244,"Rhincodon typus","Decreasing"
46,"Rhincodon typus","Decreasing"
173,"Rhincodon typus","Decreasing"
50,"Rhincodon typus","Decreasing"
79,"Rhincodon typus","Decreasing"
14,"Rhincodon typus","Decreasing"
17,"Rhincodon typus","Decreasing"
172,"Rhincodon typus","Decreasing"
192,"Rhincodon typus","Decreasing"
183,"Rhincodon typus","Decreasing"
42,"Rhincodon typus","Decreasing"
101,"Rhincodon typus","Decreasing"
193,"Rhincodon typus","Decreasing"
206,"Rhincodon typus","Decreasing"
245,"Rhincodon typus","Decreasing"
154,"Rhincodon typus","Decreasing"
121,"Rhincodon typus","Decreasing"
152,"Rhincodon typus","Decreasing"
124,"Rhincodon typus","Decreasing"
164,"Rhincodon typus","Decreasing"
199,"Rhincodon typus","Decreasing"
155,"Rhincodon typus","Decreasing"
113,"Rhincodon typus","Decreasing"
106,"Rhincodon typus","Decreasing"
153,"Rhincodon typus","Decreasing"
125,"Rhincodon typus","Decreasing"
16,"Sousa chinensis","Decreasing"
16,"Stenella attenuata","Unknown"
16,"Stenella coeruleoalba","Unknown"
16,"Stenella longirostris","Unknown"
16,"Steno bredanensis","Unknown"
53,"Steno bredanensis","Unknown"
16,"Tasmacetus shepherdi ",
43,"Triaenodon obesus","Unknown"
202,"Triaenodon obesus","Unknown"
16,"Triaenodon obesus","Unknown"
203,"Triaenodon obesus","Unknown"
151,"Triaenodon obesus","Unknown"
153,"Triaenodon obesus","Unknown"
163,"Triaenodon obesus","Unknown"
162,"Triaenodon obesus","Unknown"
214,"Triaenodon obesus","Unknown"
28,"Triaenodon obesus","Unknown"
46,"Triaenodon obesus","Unknown"
1,"Triaenodon obesus","Unknown"
7,"Triaenodon obesus","Unknown"
32,"Triaenodon obesus","Unknown"
2,"Triaenodon obesus","Unknown"
50,"Triaenodon obesus","Unknown"
31,"Triaenodon obesus","Unknown"
42,"Triaenodon obesus","Unknown"
147,"Triaenodon obesus","Unknown"
37,"Triaenodon obesus","Unknown"
212,"Triaenodon obesus","Unknown"
129,"Triaenodon obesus","Unknown"
161,"Triaenodon obesus","Unknown"
5,"Triaenodon obesus","Unknown"
45,"Triaenodon obesus","Unknown"
39,"Triaenodon obesus","Unknown"
13,"Triaenodon obesus","Unknown"
152,"Triaenodon obesus","Unknown"
8,"Triaenodon obesus","Unknown"
49,"Triaenodon obesus","Unknown"
11,"Triaenodon obesus","Unknown"
155,"Triaenodon obesus","Unknown"
130,"Triaenodon obesus","Unknown"
102,"Triaenodon obesus","Unknown"
154,"Triaenodon obesus","Unknown"
15,"Triaenodon obesus","Unknown"
47,"Triaenodon obesus","Unknown"
18,"Triaenodon obesus","Unknown"
44,"Triaenodon obesus","Unknown"
207,"Triaenodon obesus","Unknown"
146,"Triaenodon obesus","Unknown"
29,"Triaenodon obesus","Unknown"
205,"Triaenodon obesus","Unknown"
40,"Triaenodon obesus","Unknown"
19,"Triaenodon obesus","Unknown"
3,"Triaenodon obesus","Unknown"
41,"Triaenodon obesus","Unknown"
10,"Triaenodon obesus","Unknown"
6,"Triaenodon obesus","Unknown"
16,"Tursiops aduncus","Unknown"
16,"Tursiops truncatus","Unknown"
53,"Tursiops truncatus","Unknown"
144,"Ursus maritimus","Decreasing"
223,"Ursus maritimus","Decreasing"
163,"Ursus maritimus","Decreasing"
73,"Ursus maritimus","Decreasing"
218,"Ursus maritimus","Decreasing"
145,"Ursus maritimus","Decreasing"
16,"Ziphius cavirostris","Unknown"
