"species_code","species"
1,"European seabass"
2,"Gilthead seabream"
3,"Kuruma prawn"
4,"Mediterranean mussel"
5,"Caramote prawn"
6,"Common sole"
7,"European eel"
8,"European seabass"
9,"Gilthead seabream"
10,"Grooved carpet shell"
11,"Mediterranean mussel"
12,"Mullets nei"
13,"Pacific cupped oyster"
14,"Blue mussel"
15,"Pacific cupped oyster"
16,"Aquatic invertebrates nei"
17,"Atlantic salmon"
18,"Australian mussel"
19,"Barramundi"
20,"Blacklip abalone"
21,"Brine shrimp"
22,"Brown tiger prawn"
23,"Chinook(=Spring=King)salmon"
24,"Cupped oysters nei"
25,"Eastern king prawn"
26,"Eastern school shrimp"
27,"Flat and cupped oysters nei"
28,"Flat oysters nei"
29,"Giant tiger prawn"
30,"Giant tiger prawn (br)"
31,"Indo-Pacific swamp crab"
32,"Kuruma prawn"
33,"Marine fishes nei"
34,"Pacific cupped oyster"
35,"Pacific cupped oyster (br)"
36,"Penaeus shrimps nei"
37,"Rainbow trout"
38,"Southern Australia scallop"
39,"Southern bluefin tuna"
40,"Sydney cupped oyster"
41,"Brine shrimp"
42,"Florida pompano"
43,"Red drum"
44,"Whiteleg shrimp"
45,"Gilthead seabream"
46,"Mangrove red snapper"
47,"Orange-spotted grouper"
48,"Sobaity seabream"
49,"White-spotted spinefoot"
50,"Giant tiger prawn"
51,"Indian white prawn"
52,"Marine fishes nei"
53,"Metapenaeus shrimps nei"
54,"Penaeus shrimps nei"
55,"Cobia"
56,"Palinurid spiny lobsters nei"
57,"Whiteleg shrimp"
58,"Common dentex"
59,"European flat oyster"
60,"European seabass"
61,"Gilthead seabream"
62,"Marine fishes nei"
63,"Mediterranean mussel"
64,"Cupped oysters nei"
65,"Groupers nei"
66,"Marine fishes nei"
67,"Marine molluscs nei"
68,"Mullets nei"
69,"Pacific lion's paw"
70,"Scallops nei"
71,"Snooks(=Robalos) nei"
72,"South American rock mussel"
73,"Whiteleg shrimp"
74,"Barramundi"
75,"Blue shrimp"
76,"Giant tiger prawn"
77,"Indo-Pacific swamp crab"
78,"Jacks, crevalles nei"
79,"Marine fishes nei"
80,"Orange-spotted grouper"
81,"Snappers nei"
82,"Mediterranean mussel"
83,"Barramundi"
84,"Blood cockle"
85,"Green mussel"
86,"Indo-Pacific swamp crab"
87,"Marine fishes nei"
88,"Marine molluscs nei"
89,"Orange-spotted grouper"
90,"Penaeus shrimps nei"
91,"Snappers nei"
92,"American cupped oyster"
93,"Atlantic bluefin tuna"
94,"Atlantic cod"
95,"Atlantic salmon (Atl)"
96,"Atlantic salmon (Pac)"
97,"Blue mussel"
98,"Butter clam"
99,"Chinook(=Spring=King)salmon"
100,"Coho(=Silver)salmon"
101,"Japanese carpet shell"
102,"Marine molluscs nei"
103,"Pacific cupped oyster"
104,"Rainbow trout"
105,"Salmonids nei"
106,"Scallops nei"
107,"Blue mussel"
108,"Great Atlantic scallop"
109,"Grooved carpet shell"
110,"Pacific cupped oyster"
111,"Tuberculate abalone"
112,"Turbot"
113,"Atlantic salmon"
114,"Bastard halibut"
115,"Chilean flat oyster"
116,"Chilean mussel"
117,"Chinook(=Spring=King)salmon"
118,"Cholga mussel"
119,"Choro mussel"
120,"Coho(=Silver)salmon"
121,"Japanese abalone"
122,"Masu(=Cherry) salmon"
123,"Pacific cupped oyster"
124,"Peruvian calico scallop"
125,"Rainbow trout"
126,"Red abalone"
127,"Turbot"
128,"Abalones nei"
129,"Amberjacks nei"
130,"Aquatic invertebrates nei"
131,"Blood cockle"
132,"Cobia"
133,"Cupped oysters nei"
134,"Fleshy prawn"
135,"Florida pompano"
136,"Giant tiger prawn"
137,"Groupers nei"
138,"Indo-Pacific swamp crab"
139,"Japanese carpet shell"
140,"Japanese sea cucumber"
141,"Japanese seabass"
142,"Jellyfishes nei"
143,"Kuruma prawn"
144,"Large yellow croaker"
145,"Lefteye flounders nei"
146,"Marine crabs nei"
147,"Marine fishes nei"
148,"Marine molluscs nei"
149,"Pearl oyster shells nei"
150,"Pen shells nei"
151,"Penaeus shrimps nei"
152,"Porgies, seabreams nei"
153,"Puffers nei"
154,"Red drum"
155,"Righteye flounders nei"
156,"Scallops nei"
157,"Sea mussels nei"
158,"Sea snails"
159,"Sea urchins nei"
160,"Swimming crabs, etc. nei"
161,"Turbot"
162,"Whiteleg shrimp"
163,"Areolate grouper"
164,"Barramundi"
165,"Goldlined seabream"
166,"Greasy grouper"
167,"Hong Kong grouper"
168,"Mangrove red snapper"
169,"Marine fishes nei"
170,"Orange-spotted grouper"
171,"Pacific cupped oyster"
172,"Russell's snapper"
173,"Snappers nei"
174,"Snubnose pompano"
175,"Cobia"
176,"Cupped oysters nei"
177,"Marine fishes nei"
178,"Tarpon"
179,"Whiteleg shrimp (Atl)"
180,"Whiteleg shrimp (Pac)"
181,"Milkfish"
182,"Natantian decapods nei"
183,"Pacific cupped oyster"
184,"Spotted rose snapper"
185,"Whiteleg shrimp"
186,"Atlantic bluefin tuna"
187,"European flat oyster"
188,"European seabass"
189,"Gilthead seabream"
190,"Marine fishes nei"
191,"Marine molluscs nei"
192,"Meagre"
193,"Mediterranean mussel"
194,"Largemouth black bass"
195,"Mangrove cupped oyster"
196,"Southern white shrimp"
197,"Tropical spiny lobsters nei"
198,"Whiteleg shrimp"
199,"Atlantic bluefin tuna"
200,"Blackspot(=red) seabream"
201,"European seabass"
202,"Gilthead seabream"
203,"Indian white prawn"
204,"Marbled spinefoot"
205,"Meagre"
206,"Red porgy"
207,"Sharpsnout seabream"
208,"Shi drum"
209,"Atlantic cod"
210,"Atlantic salmon"
211,"Blue mussel"
212,"European eel"
213,"European flounder"
214,"European whitefish"
215,"Marine fishes nei"
216,"Rainbow trout"
217,"Sea trout"
218,"Turbot"
219,"American cupped oyster"
220,"Common snook"
221,"European seabass"
222,"Florida pompano"
223,"Gilthead seabream"
224,"Gudgeons, sleepers nei"
225,"Largemouth black bass"
226,"Mullets nei"
227,"Penaeus shrimps nei"
228,"Whiteleg shrimp"
229,"Blue shrimp"
230,"Red drum"
231,"Scallops nei"
232,"Whiteleg shrimp"
233,"European seabass (br)"
234,"Flathead grey mullet"
235,"Gilthead seabream (br)"
236,"Groupers nei"
237,"Jacks, crevalles nei"
238,"Marine fishes nei"
239,"Meagre"
240,"Penaeus shrimps nei"
241,"White seabream"
242,"Anadara clams nei"
243,"Blue shrimp"
244,"Cupped oysters nei"
245,"Marine fishes nei"
246,"Whiteleg shrimp"
247,"blood cockle"
248,"Penaeus shrimps nei"
249,"Rainbow trout"
250,"Blue mussel"
251,"Pacific cupped oyster"
252,"Atlantic salmon"
253,"Rainbow trout"
254,"Anadara clams nei"
255,"Blue shrimp"
256,"Flathead grey mullet"
257,"Giant tiger prawn"
258,"Pearl oyster shells nei"
259,"Atlantic salmon"
260,"European whitefish"
261,"Rainbow trout"
262,"Sea trout"
263,"Atlantic salmon"
264,"Blue mussel"
265,"Clams, etc. nei"
266,"Coho(=Silver)salmon"
267,"Common edible cockle"
268,"European eel"
269,"European flat oyster"
270,"European seabass"
271,"European seabass (br)"
272,"Finfishes nei"
273,"Gilthead seabream"
274,"Great Atlantic scallop"
275,"Grooved carpet shell"
276,"Japanese carpet shell"
277,"Kuruma prawn"
278,"Marine fishes nei"
279,"Marine molluscs nei"
280,"Meagre"
281,"Mediterranean mussel"
282,"Pacific cupped oyster"
283,"Pacific cupped oyster (Med)"
284,"Periwinkles nei"
285,"Rainbow trout"
286,"Sea trout"
287,"Senegalese sole"
288,"Tuberculate abalone"
289,"Turbot"
290,"White seabream"
291,"Barramundi"
292,"Blacklip pearl oyster"
293,"Blue shrimp"
294,"Marine fishes nei"
295,"Sea mussels nei"
296,"Gasar cupped oyster"
297,"Penaeus shrimps nei"
298,"Bastard halibut"
299,"Blue mussel"
300,"Clams, etc. nei"
301,"Common edible cockle"
302,"European seabass"
303,"Pacific cupped oyster"
304,"Rainbow trout"
305,"Turbot"
306,"Atlantic bluefin tuna"
307,"Common dentex"
308,"Common pandora"
309,"Common sole"
310,"European eel"
311,"European eel (br)"
312,"European flat oyster"
313,"European seabass"
314,"European seabass (br)"
315,"Flathead grey mullet"
316,"Flathead grey mullet (br)"
317,"Gilthead seabream"
318,"Gilthead seabream (br)"
319,"Kuruma prawn"
320,"Marine fishes nei"
321,"Meagre"
322,"Mediterranean mussel"
323,"Red porgy"
324,"Sharpsnout seabream"
325,"Shi drum"
326,"Venus clams nei"
327,"White seabream"
328,"Cobia"
329,"Marine fishes nei"
330,"Red drum"
331,"Banana prawn"
332,"Milkfish"
333,"Mullets nei"
334,"Whiteleg shrimp"
335,"Anadara clams nei"
336,"Penaeus shrimps nei"
337,"Sea mussels nei"
338,"Whiteleg shrimp"
339,"Flathead grey mullet"
340,"Lebranche mullet"
341,"Penaeus shrimps nei"
342,"Whitemouth croaker"
343,"Penaeus shrimps nei"
344,"Abalones nei"
345,"Arctic char"
346,"Atlantic cod"
347,"Atlantic halibut"
348,"Atlantic salmon"
349,"Atlantic salmon (br)"
350,"Atlantic wolffish"
351,"Blue mussel"
352,"European seabass"
353,"Haddock"
354,"Rainbow trout"
355,"Spotted wolffish"
356,"Turbot"
357,"Giant tiger prawn"
358,"Green mussel"
359,"Indian backwater oyster"
360,"Indian white prawn"
361,"Marine fishes nei"
362,"Penaeus shrimps nei"
363,"Rooster venus"
364,"Whiteleg shrimp"
365,"Akiami paste shrimp"
366,"Banana prawn"
367,"Barramundi"
368,"Blue shrimp"
369,"Giant tiger prawn"
370,"Groupers nei"
371,"Indo-Pacific swamp crab"
372,"Marine fishes nei"
373,"Marine molluscs nei"
374,"Metapenaeus shrimps nei"
375,"Milkfish"
376,"Mullets nei"
377,"Pearl oyster shells nei"
378,"Penguin wing oyster"
379,"Portunus swimcrabs nei"
380,"Sea cucumbers nei"
381,"Tropical spiny lobsters nei"
382,"Whiteleg shrimp"
383,"Indian white prawn"
384,"Whiteleg shrimp"
385,"Abalones nei"
386,"Atlantic salmon"
387,"Blue mussel"
388,"European flat oyster"
389,"Great Atlantic scallop"
390,"Japanese carpet shell"
391,"Marine molluscs nei"
392,"Pacific cupped oyster"
393,"Rainbow trout"
394,"Stony sea urchin"
395,"Turbot"
396,"Barramundi"
397,"Cupped oysters nei"
398,"European seabass"
399,"Gilthead seabream"
400,"Marine fishes nei"
401,"Red drum"
402,"Striped bass, hybrid"
403,"Atlantic bluefin tuna"
404,"Common prawn"
405,"Common sole"
406,"Cupped oysters nei"
407,"Cupped oysters nei (br)"
408,"European eel"
409,"European eel (br)"
410,"European flat oyster"
411,"European seabass"
412,"European seabass (br)"
413,"Flathead grey mullet"
414,"Flathead grey mullet (br)"
415,"Giant tiger prawn"
416,"Gilthead seabream"
417,"Gilthead seabream (br)"
418,"Green tiger prawn"
419,"Grooved carpet shell"
420,"Japanese carpet shell"
421,"Kuruma prawn"
422,"Kuruma prawn (br)"
423,"Marine fishes nei"
424,"Meagre"
425,"Mediterranean mussel"
426,"Mullets nei"
427,"Pacific cupped oyster"
428,"Porgies, seabreams nei"
429,"Sharpsnout seabream"
430,"Shi drum"
431,"Turbot"
432,"White seabream"
433,"Mangrove cupped oyster"
434,"Whiteleg shrimp"
435,"Aquatic invertebrates nei"
436,"Bastard halibut"
437,"Blackhead seabream"
438,"Clams, etc. nei"
439,"Coho(=Silver)salmon"
440,"Crimson seabream"
441,"Filefishes nei"
442,"Flathead grey mullet"
443,"Gazami crab"
444,"Japanese amberjack"
445,"Japanese jack mackerel"
446,"Kuruma prawn"
447,"Marine crustaceans nei"
448,"Marine fishes nei"
449,"Octopuses, etc. nei"
450,"Pacific bluefin tuna"
451,"Pacific cupped oyster"
452,"Pearl oyster shells nei"
453,"Puffers nei"
454,"Sea squirts nei"
455,"Spiny lobsters nei"
456,"White trevally"
457,"Yesso scallop"
458,"Penaeus shrimps nei"
459,"Milkfish"
460,"Japanese sea cucumber"
461,"Marine molluscs nei"
462,"Yesso scallop"
463,"Abalones nei"
464,"Aquatic invertebrates nei"
465,"Bastard halibut"
466,"Blackhead seabream"
467,"Blood cockle"
468,"Dotted gizzard shad"
469,"Filefishes, leatherjackets nei"
470,"Flathead grey mullet"
471,"Fleshy prawn"
472,"Globose clam"
473,"Groupers nei"
474,"Horned turban"
475,"Inflated ark"
476,"Japanese amberjack"
477,"Japanese carpet shell"
478,"Japanese hard clam"
479,"Japanese jack mackerel"
480,"Japanese seabass"
481,"Korean mussel"
482,"Korean rockfish"
483,"Kuruma prawn"
484,"Mackerels nei"
485,"Marine crustaceans nei"
486,"Marine fishes nei"
487,"Marine molluscs nei"
488,"Okhotsk atka mackerel"
489,"Pacific cupped oyster"
490,"Porgies, seabreams nei"
491,"Scorpionfishes nei"
492,"Sea squirts nei"
493,"Whiteleg shrimp"
494,"Yesso scallop"
495,"Gilthead seabream"
496,"Goldsilk seabream"
497,"Marine fishes nei"
498,"Orange-spotted grouper"
499,"Sobaity seabream"
500,"Whiteleg shrimp"
501,"European seabass"
502,"Gilthead seabream"
503,"Giant tiger prawn"
504,"Indo-Pacific swamp crab"
505,"Sea cucumbers nei"
506,"Banana prawn"
507,"Barramundi"
508,"Blood cockle"
509,"Blood cockle (India)"
510,"Cupped oysters nei"
511,"Cupped oysters nei (India)"
512,"Giant tiger prawn"
513,"Greasy grouper"
514,"Green mussel"
515,"Indo-Pacific swamp crab"
516,"John's snapper"
517,"Mangrove red snapper"
518,"Marine fishes nei"
519,"Whiteleg shrimp"
520,"Atlantic bluefin tuna"
521,"European eel"
522,"European seabass"
523,"Gilthead seabream"
524,"Marine fishes nei"
525,"Turbot"
526,"European seabass"
527,"Giant tiger prawn"
528,"Hooded oyster"
529,"Indo-Pacific swamp crab"
530,"Marine fishes nei"
531,"Red drum"
532,"Cobia"
533,"Goldlined seabream"
534,"Mangrove red snapper"
535,"Marine fishes nei"
536,"Red drum"
537,"Abalones nei"
538,"American cupped oyster"
539,"Bastard halibuts nei"
540,"Callinectes swimcrabs nei"
541,"Clams, etc. nei"
542,"Common snook"
543,"Cortez oyster"
544,"Crevalle jack"
545,"Flathead grey mullet"
546,"Largemouth black bass"
547,"Marine fishes nei"
548,"Mojarras(=Silver-biddies) nei"
549,"Pacific bluefin tuna"
550,"Pacific calico scallop"
551,"Pacific cupped oyster"
552,"Pacific cupped oyster (Atl)"
553,"Red abalone"
554,"Red drum"
555,"Sea mussels nei"
556,"Snappers nei"
557,"Whiteleg shrimp"
558,"Whiteleg shrimp (br)"
559,"Yellowfin tuna"
560,"European eel"
561,"European seabass"
562,"Gilthead seabream"
563,"Mediterranean mussel"
564,"Clams, etc. nei"
565,"European eel"
566,"European flat oyster"
567,"European seabass"
568,"Gilthead seabream"
569,"Marine fishes nei"
570,"Mediterranean mussel"
571,"Pacific cupped oyster"
572,"Penaeus shrimps nei"
573,"Yesso scallop"
574,"Giant tiger prawn"
575,"Indian white prawn"
576,"Japanese meagre"
577,"Aquatic invertebrates nei"
578,"Barramundi"
579,"Giant tiger prawn"
580,"Groupers nei"
581,"Indo-Pacific swamp crab"
582,"Orange mud crab"
583,"Blue mussel"
584,"European flat oyster"
585,"Mediterranean mussel"
586,"Pacific cupped oyster"
587,"Perlemoen abalone"
588,"Milkfish"
589,"Aquatic invertebrates nei"
590,"Blue mussel"
591,"Cupped oysters nei"
592,"European flat oyster"
593,"Rainbow trout"
594,"Soles nei"
595,"Turbot"
596,"Stromboid conchs nei"
597,"Blue shrimp"
598,"Pacific cupped oyster"
599,"Abalones nei"
600,"Chinook(=Spring=King)salmon"
601,"New Zealand mussel"
602,"Pacific cupped oyster"
603,"Blue shrimp"
604,"Whiteleg shrimp"
605,"Mullets nei"
606,"Snappers nei"
607,"Whiteleg shrimp"
608,"Arctic char"
609,"Atlantic cod"
610,"Atlantic halibut"
611,"Atlantic salmon"
612,"Blue mussel"
613,"Chars nei"
614,"European flat oyster"
615,"Finfishes nei"
616,"Great Atlantic scallop"
617,"Marine crustaceans nei"
618,"Marine molluscs nei"
619,"Pacific cupped oyster"
620,"Rainbow trout"
621,"Scallops nei"
622,"European seabass"
623,"Gilthead seabream"
624,"Indian white prawn"
625,"Mullets nei"
626,"Porgies, seabreams nei"
627,"Yellowfin seabream"
628,"Yellowfin tuna"
629,"Penaeus shrimps nei"
630,"Bear paw clam"
631,"Crocus giant clam"
632,"Elongate giant clam"
633,"Fluted giant clam"
634,"Giant clam"
635,"Milkfish"
636,"Smooth giant clam"
637,"Blue shrimp"
638,"Cobia"
639,"Whiteleg shrimp"
640,"Barramundi"
641,"Giant tiger prawn"
642,"Indo-Pacific swamp crab"
643,"Mangrove cupped oyster"
644,"Milkfish"
645,"Pearl oyster shells nei"
646,"Brine shrimp"
647,"False abalone"
648,"Flatfishes nei"
649,"Marine fishes nei"
650,"Pacific cupped oyster"
651,"Peruvian calico scallop"
652,"Whiteleg shrimp"
653,"Banana prawn"
654,"Banana prawn (br)"
655,"Barramundi"
656,"Flathead lobster"
657,"Giant tiger prawn"
658,"Giant tiger prawn (br)"
659,"Green mussel"
660,"Groupers, seabasses nei"
661,"Groupers, seabasses nei (br)"
662,"Indo-Pacific swamp crab"
663,"Jacks, crevalles nei"
664,"Marine fishes nei"
665,"Metapenaeus shrimps nei"
666,"Milkfish"
667,"Milkfish (br)"
668,"Penaeus shrimps nei"
669,"Percoids nei"
670,"Scats"
671,"Slipper cupped oyster"
672,"Snappers nei"
673,"Spinefeet(=Rabbitfishes) nei"
674,"Tropical spiny lobsters nei"
675,"Whiteleg shrimp"
676,"Atlantic bluefin tuna"
677,"Atlantic ditch shrimp"
678,"Atlantic salmon"
679,"Blackspot(=red) seabream"
680,"Brill"
681,"Common cuttlefish"
682,"Common edible cockle"
683,"Common sole"
684,"European eel"
685,"European flat oyster"
686,"European seabass"
687,"European seabass (br)"
688,"Flat and cupped oysters nei"
689,"Gilthead seabream"
690,"Gilthead seabream (br)"
691,"Golden carpet shell"
692,"Grooved carpet shell"
693,"Kuruma prawn"
694,"Marine fishes nei"
695,"Marine molluscs nei"
696,"Meagre"
697,"Mullets nei"
698,"Octopuses nei"
699,"Pacific cupped oyster"
700,"Peppery furrow"
701,"Pullet carpet shell"
702,"Sargo breams nei"
703,"Sea mussels nei"
704,"Seabasses nei"
705,"Solen razor clams nei"
706,"Turbot"
707,"White seabream"
708,"Mangrove cupped oyster"
709,"Penaeus shrimps nei"
710,"White-spotted spinefoot"
711,"Ballan wrasse"
712,"Cobia"
713,"Drums nei"
714,"Mangrove red snapper"
715,"Marine fishes nei"
716,"Pargo breams nei"
717,"Red drum"
718,"Mediterranean mussel"
719,"Aquatic invertebrates nei"
720,"Atlantic cod"
721,"Atlantic salmon"
722,"Cupped oysters nei"
723,"Flatfishes nei"
724,"Japanese sea cucumber"
725,"Marine fishes nei"
726,"Mediterranean mussel"
727,"Mullets nei"
728,"Sea mussels nei"
729,"Sea trout"
730,"Sea urchins nei"
731,"Sturgeons nei"
732,"Yesso scallop"
733,"Whiteleg shrimp"
734,"Barramundi"
735,"Bluespot mullet"
736,"Croakers, drums nei"
737,"Flathead grey mullet"
738,"Giant tiger prawn"
739,"Gilthead seabream"
740,"Groupers nei"
741,"Indian white prawn"
742,"Sea cucumbers nei"
743,"Sobaity seabream"
744,"Spinefeet(=Rabbitfishes) nei"
745,"Blue mussel"
746,"Cupped oysters nei"
747,"Gasar cupped oyster"
748,"Pacific cupped oyster"
749,"Giant tiger prawn"
750,"Banana prawn"
751,"Barramundi"
752,"Blue swimming crab"
753,"Brown-marbled grouper"
754,"Cobia"
755,"Flathead grey mullet"
756,"Fourfinger threadfin"
757,"Giant tiger prawn"
758,"Golden trevally"
759,"Green mussel"
760,"Groupers nei"
761,"Humpback grouper"
762,"Indo-Pacific swamp crab"
763,"Indonesian snakehead"
764,"John's snapper"
765,"Kuruma prawn"
766,"Malabar grouper"
767,"Mangrove red snapper"
768,"Marble goby"
769,"Marine fishes nei"
770,"Milkfish"
771,"Mud spiny lobster"
772,"Orange-spotted grouper"
773,"Pacific cupped oyster"
774,"Papuan black snapper"
775,"Penaeus shrimps nei"
776,"Snappers nei"
777,"Snubnose pompano"
778,"Spinefeet(=Rabbitfishes) nei"
779,"Spotted coralgrouper"
780,"Streaked spinefoot"
781,"Whiteleg shrimp"
782,"Clams, etc. nei"
783,"European seabass"
784,"Gilthead seabream"
785,"Marine fishes nei"
786,"Mediterranean mussel"
787,"Giant tiger prawn"
788,"Carpet shells nei"
789,"European flat oyster"
790,"Giant tiger prawn"
791,"Indian white prawn"
792,"Kuruma prawn"
793,"Marine fishes nei"
794,"Mediterranean mussel"
795,"Mullets nei"
796,"Pacific cupped oyster"
797,"Perlemoen abalone"
798,"Red bait"
799,"Sea mussels nei"
800,"Smooth mactra"
801,"Turbot"
802,"Whiteleg shrimp"
803,"Atlantic bluefin tuna"
804,"Atlantic salmon"
805,"Banded carpet shell"
806,"Blackspot(=red) seabream"
807,"Brown meagre"
808,"Common dentex"
809,"Common edible cockle"
810,"Common prawn"
811,"Common sole"
812,"Cupped oysters nei"
813,"Donax clams"
814,"European eel"
815,"European flat oyster"
816,"European seabass"
817,"Flathead grey mullet"
818,"Gilthead seabream"
819,"Great Atlantic scallop"
820,"Greater amberjack"
821,"Grooved carpet shell"
822,"Groundfishes nei"
823,"Japanese carpet shell"
824,"Kuruma prawn"
825,"Mackerels nei"
826,"Marine fishes nei"
827,"Marine molluscs nei"
828,"Meagre"
829,"Mullets nei"
830,"Octopuses nei"
831,"Pacific cupped oyster"
832,"Palaemonid shrimps nei"
833,"Palinurid spiny lobsters nei"
834,"Pollack"
835,"Pullet carpet shell"
836,"Rainbow trout"
837,"Sea mussels nei"
838,"Seabasses nei"
839,"Senegalese sole"
840,"Silversides(=Sand smelts) nei"
841,"Soles nei"
842,"Spinous spider crab"
843,"Striped venus"
844,"Turbot"
845,"Warty venus"
846,"White seabream"
847,"Barramundi"
848,"Giant tiger prawn"
849,"Indian backwater oyster"
850,"Indo-Pacific swamp crab"
851,"Milkfish"
852,"Whiteleg shrimp"
853,"Atlantic salmon"
854,"Blue mussel"
855,"European flat oyster"
856,"Rainbow trout"
857,"Abalones nei"
858,"Amberjacks nei"
859,"Barramundi"
860,"Blackhead seabream"
861,"Blood cockle"
862,"Blue swimming crab"
863,"Clams, etc. nei"
864,"Cobia"
865,"Croakers, drums nei"
866,"Daggertooth pike conger"
867,"Flathead grey mullet"
868,"Fourfinger threadfin"
869,"Giant tiger prawn"
870,"Gobies nei"
871,"Greasyback shrimp"
872,"Greater amberjack"
873,"Groupers nei"
874,"Indo-Pacific swamp crab"
875,"Japanese carpet shell"
876,"Japanese eel"
877,"Japanese hard clam"
878,"Japanese spiny lobster"
879,"Kuruma prawn"
880,"Marine crabs nei"
881,"Marine fishes nei"
882,"Marine molluscs nei"
883,"Milkfish"
884,"Natantian decapods nei"
885,"Pacific cupped oyster"
886,"Porgies, seabreams nei"
887,"Redtail prawn"
888,"Snappers, jobfishes nei"
889,"Trumpet emperor"
890,"Two-spot red snapper"
891,"Whiteleg shrimp"
892,"Yellowback seabream"
893,"Giant tiger prawn"
894,"Indo-Pacific swamp crab"
895,"Milkfish"
896,"Abalones nei"
897,"Banana prawn"
898,"Barramundi"
899,"Blood cockle"
900,"Blood cockle (Ind)"
901,"Cupped oysters nei"
902,"Cupped oysters nei (Ind)"
903,"Fourfinger threadfin"
904,"Giant tiger prawn"
905,"Green mussel"
906,"Groupers nei"
907,"Groupers nei (Ind)"
908,"Horse mussels nei"
909,"Indo-Pacific swamp crab"
910,"Marine fishes nei"
911,"Metapenaeus shrimps nei"
912,"Penaeus shrimps nei"
913,"Squaretail mullet"
914,"Whiteleg shrimp"
915,"Milkfish"
916,"Penaeus shrimps nei"
917,"Bear paw clam"
918,"Elongate giant clam"
919,"Fluted giant clam"
920,"Giant clam"
921,"Milkfish"
922,"Smooth giant clam"
923,"Atlantic bluefin tuna"
924,"Bluefish"
925,"Carpet shells nei"
926,"Common cuttlefish"
927,"Common sole"
928,"European eel"
929,"European flat oyster"
930,"European seabass"
931,"Flathead grey mullet"
932,"Gilthead seabream"
933,"Groupers nei"
934,"Marine crustaceans nei"
935,"Marine fishes nei"
936,"Mediterranean mussel"
937,"Octopuses nei"
938,"Pacific cupped oyster"
939,"Sargo breams nei"
940,"Thinlip grey mullet"
941,"Atlantic bluefin tuna"
942,"Atlantic salmon"
943,"Common two-banded seabream"
944,"European seabass"
945,"Gilthead seabream"
946,"Marine fishes nei"
947,"Meagre"
948,"Mediterranean mussel"
949,"Natantian decapods nei"
950,"Porgies, seabreams nei"
951,"Rainbow trout"
952,"Stromboid conchs nei"
953,"Milkfish"
954,"Baltic prawn"
955,"European flounder"
956,"Flatfishes nei"
957,"Gobies nei"
958,"Mediterranean mussel"
959,"Mullets nei"
960,"Mullets nei (br)"
961,"So-iuy mullet"
962,"Sturgeons nei"
963,"European seabass"
964,"Giant tiger prawn"
965,"Gilthead seabream"
966,"Greasy grouper"
967,"Indian white prawn"
968,"Mullets nei"
969,"Sobaity seabream"
970,"White-spotted spinefoot"
971,"Atlantic cod"
972,"Atlantic halibut"
973,"Atlantic salmon"
974,"Blue mussel"
975,"Common edible cockle"
976,"Cupped oysters nei"
977,"European flat oyster"
978,"European seabass"
979,"Great Atlantic scallop"
980,"Grooved carpet shell"
981,"Haddock"
982,"Japanese carpet shell"
983,"Mediterranean mussel"
984,"Northern quahog(=Hard clam)"
985,"Pacific cupped oyster"
986,"Queen scallop"
987,"Rainbow trout"
988,"Sea trout"
989,"Turbot"
990,"Whiteleg shrimp"
991,"Abalones nei"
992,"Amberjacks nei"
993,"American cupped oyster"
994,"Atlantic salmon"
995,"Black seabass"
996,"Blue crab"
997,"Blue mussel"
998,"Butter clam"
999,"Chinook(=Spring=King)salmon"
1000,"Clams, etc. nei"
1001,"Cockles nei"
1002,"Coho(=Silver)salmon"
1003,"Cupped oysters nei"
1004,"European flat oyster"
1005,"Flat oysters nei"
1006,"Japanese carpet shell"
1007,"Marine molluscs nei"
1008,"Northern quahog(=Hard clam)"
1009,"Northern white shrimp"
1010,"Olympia oyster"
1011,"Pacific cupped oyster"
1012,"Pacific geoduck"
1013,"Pacific horse clam"
1014,"Pacific littleneck clam"
1015,"Rainbow trout"
1016,"Red drum"
1017,"Sand gaper"
1018,"Scallops nei"
1019,"Whiteleg shrimp"
1020,"Penaeus shrimps nei"
1021,"Blue shrimp"
1022,"Whiteleg shrimp"
1023,"Blue shrimp"
1024,"South American rock mussel"
1025,"Whiteleg shrimp"
1026,"Banana prawn"
1027,"Cobia"
1028,"Giant tiger prawn"
1029,"Indian white prawn"
1030,"Indo-Pacific swamp crab"
1031,"Marine fishes nei"
1032,"Marine molluscs nei"
1033,"Metapenaeus shrimps nei"
1034,"Sea cucumbers nei"
1035,"Tropical spiny lobsters nei"
1036,"Whiteleg shrimp"
