goal,country,region_id,trend
AO,eez_weighted_avg,0,0.19
AO,Cocos Islands,1,0.04
AO,Christmas Island,2,0.04
AO,Norfolk Island,3,2.83
AO,New Caledonia,5,0.01
AO,Vanuatu,6,-3.29
AO,Solomon Islands,7,1.69
AO,Palau,8,-4.4
AO,Micronesia,9,1.61
AO,Nauru,10,1.34
AO,Marshall Islands,11,0
AO,Northern Mariana Islands and Guam,13,2.26
AO,Taiwan,14,1.49
AO,Philippines,15,-0.12
AO,Australia,16,0.15
AO,Papua New Guinea,17,0.03
AO,Fiji,18,-2.51
AO,Tuvalu,19,1.87
AO,South Korea,20,0.74
AO,North Korea,21,1.01
AO,Cambodia,24,0.38
AO,Thailand,25,-0.14
AO,Andaman and Nicobar,26,0.52
AO,Comoro Islands,28,0.14
AO,Mayotte,29,0.17
AO,Seychelles,31,0.89
AO,R_union,32,0.02
AO,Mauritius,37,0.12
AO,Maldives,39,-1.24
AO,Sri Lanka,40,0.04
AO,Mozambique,41,-0.05
AO,Madagascar,42,2.11
AO,Kenya,43,-3.13
AO,Somalia,44,0.06
AO,Eritrea,45,0.11
AO,Djibouti,46,-0.4
AO,Yemen,47,-1
AO,Oman,48,-1.43
AO,Sudan,49,-0.18
AO,Saudi Arabia,50,-0.04
AO,Kuwait,51,-0.46
AO,Bahrain,52,0.38
AO,Pakistan,53,5.51
AO,United Arab Emirates,54,-0.25
AO,Azores,55,0.75
AO,Cape Verde,56,-0.42
AO,Madeira,57,1.05
AO,Canary Islands,58,0.83
AO,Belgium,59,0.02
AO,Gibraltar,60,0.96
AO,Tunisia,61,-0.32
AO,Morocco,62,-0.74
AO,Western Sahara,63,-2.12
AO,Mauritania,64,-0.87
AO,Gambia,65,-0.77
AO,Senegal,66,-1.27
AO,Libya,67,-1.87
AO,Malta,68,1.46
AO,Latvia,69,0.75
AO,Estonia,70,0.82
AO,Bulgaria,71,1.29
AO,Romania,72,1.69
AO,Russia,73,1.06
AO,Georgia,74,0.55
AO,Ukraine,75,-0.05
AO,Turkey,76,-0.25
AO,Syria,77,0.64
AO,Lebanon,78,0.11
AO,Israel,79,0.92
AO,Greece,80,0.69
AO,Cyprus,81,0.53
AO,Albania,82,2.55
AO,Algeria,84,-0.01
AO,Ascension,85,0.19
AO,Saint Helena,86,1.23
AO,Tristan da Cunha,88,-0.93
AO,Falkland Islands,95,0.19
AO,Sierra Leone,96,-0.06
AO,Liberia,97,0.23
AO,Togo,98,-0.45
AO,Benin,99,1.24
AO,Republique du Congo,100,-2.19
AO,Namibia,101,1.56
AO,South Africa,102,-0.83
AO,Sao Tome and Principe,103,-0.39
AO,Equatorial Guinea,104,-1.04
AO,Ghana,106,-1.75
AO,Bermuda,108,-0.15
AO,Bahamas,110,0.77
AO,Turks and Caicos Islands,111,-0.8
AO,Cuba,112,0.15
AO,Cayman Islands,113,0
AO,Haiti,114,-0.69
AO,Dominican Republic,115,-1.92
AO,Puerto Rico and Virgin Islands of the United States,116,-0.3
AO,British Virgin Islands,117,-0.25
AO,Anguilla,118,-0.58
AO,Saint Kitts and Nevis,119,-0.72
AO,Antigua and Barbuda,120,0
AO,Montserrat,121,-0.51
AO,Saint Lucia,122,-1.77
AO,Dominica,123,-1.44
AO,Barbados,124,-0.44
AO,Grenada,125,0.4
AO,Trinidad and Tobago,126,-0.8
AO,Saint Vincent and the Grenadines,127,-1.76
AO,Panama,129,-0.12
AO,Costa Rica,130,0.03
AO,Nicaragua,131,-1.01
AO,Colombia,132,-0.55
AO,Honduras,133,-1.02
AO,El Salvador,134,-0.97
AO,Mexico,135,-0.91
AO,Guatemala,136,2.04
AO,Ecuador,137,-0.33
AO,Peru,138,-1.66
AO,Venezuela,139,1.63
AO,Guadeloupe and Martinique,140,-0.39
AO,Faeroe Islands,141,-0.04
AO,Iceland,143,0.15
AO,Greenland,145,0.01
AO,Pitcairn,146,0.73
AO,French Polynesia,147,2.33
AO,Line Islands (Kiribati),148,0
AO,American Samoa,151,0.37
AO,Samoa,152,1.5
AO,Cook Islands,153,-0.12
AO,Tonga,155,4.16
AO,Phoenix Islands (Kiribati),157,0.02
AO,Wallis and Futuna,161,2.48
AO,New Zealand,162,-0.03
AO,United States,163,-0.65
AO,Belize,164,-0.2
AO,Jamaica,166,5
AO,Guyana,167,1.46
AO,Suriname,168,0.31
AO,French Guiana,169,0.19
AO,Brazil,171,-0.09
AO,Argentina,172,0.65
AO,Uruguay,173,-2.14
AO,Finland,174,-1.17
AO,Denmark,175,0.32
AO,Germany,176,0.57
AO,Netherlands,177,0.85
AO,Poland,178,-0.23
AO,France,179,0.33
AO,United Kingdom,180,-0.58
AO,Ireland,181,0.48
AO,Spain,182,0.28
AO,Portugal,183,0.97
AO,Italy,184,0.59
AO,Monaco,185,0.07
AO,Montenegro,186,-2.54
AO,Croatia,187,-0.01
AO,Slovenia,188,0.5
AO,Lithuania,189,-0.62
AO,Qatar,190,0
AO,Iran,191,0.12
AO,Iraq,192,0.91
AO,Guinea Bissau,193,-0.28
AO,Guinea,194,0.12
AO,Ivory Coast,195,-1.01
AO,Nigeria,196,0.27
AO,Cameroon,197,-0.37
AO,Gabon,198,-0.08
AO,Democratic Republic of the Congo,199,-1
AO,Angola,200,-0.95
AO,Tanzania,202,0.05
AO,India,203,-0.15
AO,Bangladesh,204,3.32
AO,Myanmar,205,-0.39
AO,Malaysia,206,0.32
AO,Vietnam,207,-2.18
AO,Singapore,208,-0.63
AO,China,209,0.71
AO,Japan,210,2.72
AO,Gilbert Islands (Kiribati),212,0.09
AO,Egypt,214,-0.06
AO,Jordan,215,0.77
AO,Indonesia,216,-1.01
AO,Canada,218,-1.61
AO,Saint Pierre and Miquelon,219,1.04
AO,Sint Maarten,220,-0.53
AO,Northern Saint-Martin,221,-0.5
AO,Sweden,222,-0.35
AO,Norway,223,-0.15
AO,Chile,224,1.97
AO,Jersey,227,0.38
AO,Guernsey,228,0.38
AO,East Timor,231,-0.33
AO,Bosnia and Herzegovina,232,0.59
AO,Oecussi Ambeno,237,0.87
AO,Curacao,244,-0.8
AO,Bonaire,245,-0.65
AO,Brunei,247,1.53
AO,Saba,248,-0.5
AO,Sint Eustatius,249,-0.5
AO,Aruba,250,-0.4
BD,eez_weighted_avg,0,-0.02
BD,Cocos Islands,1,0.09
BD,Christmas Island,2,0.78
BD,Norfolk Island,3,0.24
BD,Macquarie Island,4,0.42
BD,New Caledonia,5,-0.17
BD,Vanuatu,6,-0.14
BD,Solomon Islands,7,-0.18
BD,Palau,8,-0.12
BD,Micronesia,9,-0.04
BD,Nauru,10,-0.87
BD,Marshall Islands,11,-0.12
BD,Wake Island,12,-0.25
BD,Northern Mariana Islands and Guam,13,0.31
BD,Taiwan,14,-0.32
BD,Philippines,15,0.22
BD,Australia,16,-0.13
BD,Papua New Guinea,17,-0.32
BD,Fiji,18,-0.14
BD,Tuvalu,19,-0.17
BD,South Korea,20,-0.28
BD,North Korea,21,-0.04
BD,Cambodia,24,0.21
BD,Thailand,25,0.12
BD,Andaman and Nicobar,26,0.36
BD,Comoro Islands,28,0
BD,Mayotte,29,0.02
BD,Glorioso Islands,30,0.16
BD,Seychelles,31,-0.13
BD,R_union,32,0.17
BD,Juan de Nova Island,33,0.3
BD,Bassas da India,34,0.47
BD,Ile Europa,35,-0.06
BD,Ile Tromelin,36,-0.21
BD,Mauritius,37,-0.37
BD,British Indian Ocean Territory,38,-0.13
BD,Maldives,39,-0.05
BD,Sri Lanka,40,-0.02
BD,Mozambique,41,-0.14
BD,Madagascar,42,0.26
BD,Kenya,43,-0.12
BD,Somalia,44,-0.21
BD,Eritrea,45,-0.17
BD,Djibouti,46,-0.11
BD,Yemen,47,-0.22
BD,Oman,48,-0.35
BD,Sudan,49,-0.14
BD,Saudi Arabia,50,-0.16
BD,Kuwait,51,-0.17
BD,Bahrain,52,-0.12
BD,Pakistan,53,-0.17
BD,United Arab Emirates,54,-0.29
BD,Azores,55,-0.02
BD,Cape Verde,56,0.14
BD,Madeira,57,0.35
BD,Canary Islands,58,-0.02
BD,Belgium,59,0.03
BD,Gibraltar,60,-0.26
BD,Tunisia,61,-0.3
BD,Morocco,62,0.05
BD,Western Sahara,63,-0.08
BD,Mauritania,64,-0.06
BD,Gambia,65,-0.04
BD,Senegal,66,-0.07
BD,Libya,67,-0.26
BD,Malta,68,-0.35
BD,Latvia,69,0.1
BD,Estonia,70,0.06
BD,Bulgaria,71,-0.31
BD,Romania,72,0.1
BD,Russia,73,0.04
BD,Georgia,74,-0.29
BD,Ukraine,75,-0.14
BD,Turkey,76,-0.1
BD,Syria,77,-0.28
BD,Lebanon,78,-0.2
BD,Israel,79,-0.21
BD,Greece,80,-0.25
BD,Cyprus,81,-0.27
BD,Albania,82,-0.29
BD,Algeria,84,0.03
BD,Ascension,85,0.29
BD,Saint Helena,86,-0.04
BD,Tristan da Cunha,88,0.49
BD,South Georgia and the South Sandwich Islands,89,-0.53
BD,Prince Edward Islands,90,0.07
BD,Crozet Islands,91,0.06
BD,Amsterdam Island and Saint Paul Island,92,0.4
BD,Kerguelen Islands,93,0.3
BD,Heard and McDonald Islands,94,0.75
BD,Falkland Islands,95,0.08
BD,Sierra Leone,96,-0.31
BD,Liberia,97,-0.21
BD,Togo,98,-0.09
BD,Benin,99,-0.22
BD,Republique du Congo,100,-0.15
BD,Namibia,101,-0.13
BD,South Africa,102,-0.05
BD,Sao Tome and Principe,103,0.01
BD,Equatorial Guinea,104,-0.16
BD,Bouvet Island,105,-1.66
BD,Ghana,106,-0.15
BD,Clipperton Island,107,0.49
BD,Bermuda,108,0.16
BD,Bahamas,110,-0.15
BD,Turks and Caicos Islands,111,0.02
BD,Cuba,112,-0.2
BD,Cayman Islands,113,-0.05
BD,Haiti,114,-0.12
BD,Dominican Republic,115,-0.12
BD,Puerto Rico and Virgin Islands of the United States,116,-0.14
BD,British Virgin Islands,117,-0.18
BD,Anguilla,118,-0.08
BD,Saint Kitts and Nevis,119,-0.14
BD,Antigua and Barbuda,120,-0.13
BD,Montserrat,121,-0.17
BD,Saint Lucia,122,-0.14
BD,Dominica,123,-0.13
BD,Barbados,124,-0.02
BD,Grenada,125,-0.18
BD,Trinidad and Tobago,126,-0.24
BD,Saint Vincent and the Grenadines,127,-0.09
BD,Panama,129,-0.17
BD,Costa Rica,130,-0.13
BD,Nicaragua,131,-0.27
BD,Colombia,132,-0.13
BD,Honduras,133,-0.26
BD,El Salvador,134,-0.08
BD,Mexico,135,-0.17
BD,Guatemala,136,-0.04
BD,Ecuador,137,-0.09
BD,Peru,138,-0.01
BD,Venezuela,139,-0.24
BD,Guadeloupe and Martinique,140,-0.12
BD,Faeroe Islands,141,0.08
BD,Iceland,143,0.36
BD,Jan Mayen,144,0.8
BD,Greenland,145,-0.05
BD,Pitcairn,146,-0.09
BD,French Polynesia,147,-0.12
BD,Line Islands (Kiribati),148,-0.2
BD,Jarvis Island,149,0.57
BD,Palmyra Atoll,150,-0.19
BD,American Samoa,151,-0.14
BD,Samoa,152,-0.14
BD,Cook Islands,153,-0.13
BD,Niue,154,-0.18
BD,Tonga,155,-0.13
BD,Tokelau,156,-0.16
BD,Phoenix Islands (Kiribati),157,-0.21
BD,Howland Island and Baker Island,158,0.52
BD,Johnston Atoll,159,0.45
BD,Wallis and Futuna,161,-0.15
BD,New Zealand,162,0.04
BD,United States,163,-0
BD,Belize,164,-0.21
BD,Jamaica,166,-0.18
BD,Guyana,167,-0.03
BD,Suriname,168,-0.02
BD,French Guiana,169,-0.09
BD,Brazil,171,-0.07
BD,Argentina,172,-0
BD,Uruguay,173,-0.14
BD,Finland,174,-0.01
BD,Denmark,175,0.05
BD,Germany,176,0.08
BD,Netherlands,177,0.43
BD,Poland,178,0.26
BD,France,179,0.32
BD,United Kingdom,180,0.18
BD,Ireland,181,0.12
BD,Spain,182,-0.07
BD,Portugal,183,-0.01
BD,Italy,184,-0.25
BD,Monaco,185,-0.33
BD,Montenegro,186,-0.25
BD,Croatia,187,-0.25
BD,Slovenia,188,-0.26
BD,Lithuania,189,0.2
BD,Qatar,190,-0.29
BD,Iran,191,-0.25
BD,Iraq,192,-0.12
BD,Guinea Bissau,193,-0.18
BD,Guinea,194,-0.45
BD,Ivory Coast,195,-0.19
BD,Nigeria,196,-0.01
BD,Cameroon,197,-0
BD,Gabon,198,-0.25
BD,Democratic Republic of the Congo,199,-0.25
BD,Angola,200,0.32
BD,Tanzania,202,-0.12
BD,India,203,0.14
BD,Bangladesh,204,-0.27
BD,Myanmar,205,-0.13
BD,Malaysia,206,0.12
BD,Vietnam,207,0.39
BD,Singapore,208,0.02
BD,China,209,-0.14
BD,Japan,210,-0.13
BD,Gilbert Islands (Kiribati),212,-0.17
BD,Egypt,214,-0.16
BD,Jordan,215,-0.17
BD,Indonesia,216,0.34
BD,Canada,218,0.1
BD,Saint Pierre and Miquelon,219,0.54
BD,Sint Maarten,220,-0.24
BD,Northern Saint-Martin,221,-0.22
BD,Sweden,222,-0.01
BD,Norway,223,0.08
BD,Chile,224,0.09
BD,Jersey,227,0.08
BD,Guernsey,228,0.01
BD,East Timor,231,0.21
BD,Bosnia and Herzegovina,232,-0.5
BD,Oecussi Ambeno,237,0.46
BD,Curacao,244,-0.11
BD,Bonaire,245,-0.17
BD,Brunei,247,-0.12
BD,Saba,248,-0.27
BD,Sint Eustatius,249,-0.14
BD,Aruba,250,-0.15
CP,eez_weighted_avg,0,0.02
CP,Cocos Islands,1,-0
CP,Christmas Island,2,0
CP,Norfolk Island,3,0
CP,Macquarie Island,4,0
CP,New Caledonia,5,0
CP,Vanuatu,6,-0.03
CP,Solomon Islands,7,0
CP,Palau,8,0
CP,Micronesia,9,0.01
CP,Nauru,10,-0.02
CP,Marshall Islands,11,-0
CP,Wake Island,12,-0
CP,Northern Mariana Islands and Guam,13,-0
CP,Taiwan,14,-0.01
CP,Philippines,15,0.19
CP,Australia,16,0.01
CP,Papua New Guinea,17,-0.01
CP,Fiji,18,0
CP,Tuvalu,19,-0
CP,South Korea,20,0
CP,North Korea,21,-0.07
CP,Cambodia,24,0.2
CP,Thailand,25,0.17
CP,Andaman and Nicobar,26,0.09
CP,Comoro Islands,28,0
CP,Mayotte,29,0
CP,Glorioso Islands,30,-0
CP,Seychelles,31,-0
CP,R_union,32,-0
CP,Juan de Nova Island,33,-0
CP,Bassas da India,34,-0
CP,Ile Europa,35,-0
CP,Ile Tromelin,36,-0
CP,Mauritius,37,0
CP,British Indian Ocean Territory,38,-0
CP,Maldives,39,0.03
CP,Sri Lanka,40,0.13
CP,Mozambique,41,-0.1
CP,Madagascar,42,0.17
CP,Kenya,43,0.11
CP,Somalia,44,0.02
CP,Eritrea,45,-0.09
CP,Djibouti,46,-0.05
CP,Yemen,47,-0.07
CP,Oman,48,0
CP,Sudan,49,0
CP,Saudi Arabia,50,0
CP,Kuwait,51,-0
CP,Bahrain,52,-0.04
CP,Pakistan,53,-0.14
CP,United Arab Emirates,54,0
CP,Azores,55,0
CP,Canary Islands,58,-0
CP,Belgium,59,-0
CP,Tunisia,61,0
CP,Morocco,62,0
CP,Western Sahara,63,0
CP,Mauritania,64,-0
CP,Gambia,65,0
CP,Senegal,66,0
CP,Libya,67,-0.09
CP,Malta,68,0
CP,Latvia,69,0
CP,Estonia,70,0
CP,Bulgaria,71,0
CP,Romania,72,0
CP,Russia,73,0.07
CP,Georgia,74,0
CP,Ukraine,75,-0
CP,Turkey,76,-0.07
CP,Syria,77,-0.09
CP,Lebanon,78,-0.07
CP,Israel,79,0.06
CP,Greece,80,-0
CP,Cyprus,81,-0
CP,Albania,82,-0
CP,Algeria,84,0.02
CP,Tristan da Cunha,88,0
CP,Prince Edward Islands,90,0
CP,Crozet Islands,91,0
CP,Falkland Islands,95,0
CP,Sierra Leone,96,-0.09
CP,Liberia,97,-0.14
CP,Togo,98,0
CP,Benin,99,0
CP,Republique du Congo,100,0
CP,Namibia,101,0
CP,South Africa,102,0
CP,Sao Tome and Principe,103,0.04
CP,Equatorial Guinea,104,-0.06
CP,Ghana,106,-0.01
CP,Clipperton Island,107,-0
CP,Bermuda,108,-0
CP,Bahamas,110,0.01
CP,Turks and Caicos Islands,111,0.04
CP,Cuba,112,-0
CP,Cayman Islands,113,0.01
CP,Haiti,114,0.12
CP,Dominican Republic,115,0.02
CP,Puerto Rico and Virgin Islands of the United States,116,-0
CP,British Virgin Islands,117,-0.01
CP,Anguilla,118,-0
CP,Saint Kitts and Nevis,119,-0
CP,Antigua and Barbuda,120,-0.01
CP,Montserrat,121,-0
CP,Saint Lucia,122,-0
CP,Dominica,123,0
CP,Barbados,124,0
CP,Grenada,125,0
CP,Trinidad and Tobago,126,-0.01
CP,Saint Vincent and the Grenadines,127,-0
CP,Panama,129,-0.03
CP,Costa Rica,130,-0.05
CP,Nicaragua,131,-0.04
CP,Colombia,132,0.07
CP,Honduras,133,0
CP,El Salvador,134,0.03
CP,Mexico,135,0.04
CP,Guatemala,136,-0
CP,Ecuador,137,0.08
CP,Peru,138,0.01
CP,Venezuela,139,0.01
CP,Guadeloupe and Martinique,140,-0.01
CP,Faeroe Islands,141,-0
CP,Iceland,143,-0
CP,Jan Mayen,144,0
CP,Greenland,145,0.02
CP,Pitcairn,146,-0
CP,French Polynesia,147,-0
CP,Line Islands (Kiribati),148,0
CP,Jarvis Island,149,-0
CP,Palmyra Atoll,150,-0
CP,American Samoa,151,-0
CP,Samoa,152,0
CP,Cook Islands,153,0.04
CP,Niue,154,0.04
CP,Tonga,155,0
CP,Tokelau,156,-0
CP,Phoenix Islands (Kiribati),157,-0
CP,Howland Island and Baker Island,158,-0
CP,Johnston Atoll,159,-0
CP,Wallis and Futuna,161,0
CP,New Zealand,162,0
CP,United States,163,0.31
CP,Belize,164,0.04
CP,Jamaica,166,-0.03
CP,Guyana,167,0.01
CP,Suriname,168,-0.24
CP,French Guiana,169,0
CP,Brazil,171,0.02
CP,Argentina,172,0
CP,Uruguay,173,-0
CP,Finland,174,-0
CP,Denmark,175,-0
CP,Germany,176,0
CP,Netherlands,177,-0
CP,Poland,178,0
CP,France,179,0.05
CP,United Kingdom,180,-0
CP,Ireland,181,-0
CP,Spain,182,0
CP,Portugal,183,0
CP,Italy,184,-0
CP,Monaco,185,-0
CP,Montenegro,186,0
CP,Croatia,187,-0
CP,Slovenia,188,-0
CP,Lithuania,189,0
CP,Qatar,190,0
CP,Iran,191,-0.06
CP,Iraq,192,-0.02
CP,Guinea Bissau,193,-0.01
CP,Guinea,194,-0.02
CP,Ivory Coast,195,-0.02
CP,Nigeria,196,-0.03
CP,Cameroon,197,0.06
CP,Gabon,198,-0.05
CP,Democratic Republic of the Congo,199,0.14
CP,Angola,200,-0.03
CP,Tanzania,202,0.03
CP,India,203,-0.03
CP,Bangladesh,204,0.42
CP,Myanmar,205,0.17
CP,Malaysia,206,-0.01
CP,Vietnam,207,-0.02
CP,Singapore,208,0.01
CP,China,209,0.03
CP,Japan,210,-0
CP,Gilbert Islands (Kiribati),212,0
CP,Egypt,214,0
CP,Jordan,215,-0.04
CP,Indonesia,216,0.01
CP,Canada,218,-0.44
CP,Sint Maarten,220,0
CP,Northern Saint-Martin,221,-0
CP,Sweden,222,-0
CP,Norway,223,0.59
CP,Chile,224,0
CP,Jersey,227,-0
CP,Guernsey,228,-0
CP,East Timor,231,0.01
CP,Oecussi Ambeno,237,0.14
CP,Curacao,244,-0
CP,Bonaire,245,-0
CP,Brunei,247,0
CP,Saba,248,-0
CP,Sint Eustatius,249,0
CP,Aruba,250,0
CS,eez_weighted_avg,0,0.02
CS,Cocos Islands,1,-0
CS,Christmas Island,2,-0
CS,New Caledonia,5,0
CS,Vanuatu,6,-0.01
CS,Solomon Islands,7,0.04
CS,Palau,8,0
CS,Micronesia,9,0.04
CS,Marshall Islands,11,0
CS,Northern Mariana Islands and Guam,13,0
CS,Taiwan,14,-0
CS,Philippines,15,0.14
CS,Australia,16,0.01
CS,Papua New Guinea,17,-0
CS,Fiji,18,0.01
CS,Tuvalu,19,0
CS,South Korea,20,0
CS,North Korea,21,0.05
CS,Cambodia,24,0.22
CS,Thailand,25,0.18
CS,Andaman and Nicobar,26,0.13
CS,Comoro Islands,28,0
CS,Mayotte,29,0
CS,Seychelles,31,-0
CS,R_union,32,0
CS,Ile Europa,35,0
CS,Mauritius,37,0
CS,British Indian Ocean Territory,38,0
CS,Maldives,39,0.06
CS,Sri Lanka,40,0.12
CS,Mozambique,41,-0.13
CS,Madagascar,42,0.19
CS,Kenya,43,0.13
CS,Somalia,44,0.1
CS,Eritrea,45,-0.01
CS,Djibouti,46,-0.1
CS,Yemen,47,-0.06
CS,Oman,48,0.04
CS,Sudan,49,0.01
CS,Saudi Arabia,50,0
CS,Kuwait,51,-0
CS,Bahrain,52,-0.03
CS,Pakistan,53,0.14
CS,United Arab Emirates,54,0.01
CS,Canary Islands,58,-0
CS,Belgium,59,-0
CS,Tunisia,61,-0
CS,Morocco,62,0.01
CS,Western Sahara,63,-0
CS,Mauritania,64,0
CS,Gambia,65,0.02
CS,Senegal,66,0
CS,Libya,67,-0.06
CS,Malta,68,0
CS,Latvia,69,0
CS,Estonia,70,0
CS,Bulgaria,71,0
CS,Romania,72,0
CS,Russia,73,0
CS,Georgia,74,0
CS,Ukraine,75,-0
CS,Turkey,76,-0.06
CS,Syria,77,-0
CS,Lebanon,78,-0
CS,Israel,79,0.03
CS,Greece,80,-0
CS,Cyprus,81,0
CS,Albania,82,-0
CS,Algeria,84,0.02
CS,Saint Helena,86,0
CS,Sierra Leone,96,-0.04
CS,Liberia,97,-0.06
CS,Togo,98,-0
CS,Benin,99,0
CS,Republique du Congo,100,0
CS,Namibia,101,-0
CS,South Africa,102,0
CS,Sao Tome and Principe,103,0.04
CS,Equatorial Guinea,104,-0.06
CS,Ghana,106,-0
CS,Bermuda,108,0
CS,Bahamas,110,0.21
CS,Turks and Caicos Islands,111,0.13
CS,Cuba,112,0
CS,Cayman Islands,113,0.02
CS,Haiti,114,0.27
CS,Dominican Republic,115,0.03
CS,Puerto Rico and Virgin Islands of the United States,116,0
CS,British Virgin Islands,117,-0.08
CS,Anguilla,118,0
CS,Saint Kitts and Nevis,119,0
CS,Antigua and Barbuda,120,-0
CS,Montserrat,121,0
CS,Saint Lucia,122,-0
CS,Dominica,123,0
CS,Barbados,124,0
CS,Grenada,125,0.03
CS,Trinidad and Tobago,126,0
CS,Saint Vincent and the Grenadines,127,0
CS,Panama,129,-0.01
CS,Costa Rica,130,-0.06
CS,Nicaragua,131,-0.01
CS,Colombia,132,0.1
CS,Honduras,133,0
CS,El Salvador,134,0.02
CS,Mexico,135,0.03
CS,Guatemala,136,0.02
CS,Ecuador,137,0.1
CS,Peru,138,0.04
CS,Venezuela,139,0.01
CS,Guadeloupe and Martinique,140,0
CS,Iceland,143,0
CS,Greenland,145,0
CS,French Polynesia,147,0
CS,American Samoa,151,0
CS,Samoa,152,0
CS,Cook Islands,153,0.09
CS,Tonga,155,-0
CS,Tokelau,156,0
CS,New Zealand,162,-0.02
CS,United States,163,0.01
CS,Belize,164,0.02
CS,Jamaica,166,-0.01
CS,Guyana,167,0.04
CS,Suriname,168,-0.13
CS,French Guiana,169,0
CS,Brazil,171,-0
CS,Argentina,172,-0
CS,Uruguay,173,-0
CS,Finland,174,0
CS,Denmark,175,-0
CS,Germany,176,-0
CS,Netherlands,177,-0
CS,Poland,178,0
CS,France,179,0
CS,United Kingdom,180,-0
CS,Ireland,181,0
CS,Spain,182,0
CS,Portugal,183,0
CS,Italy,184,0
CS,Monaco,185,-0
CS,Montenegro,186,0
CS,Croatia,187,-0
CS,Slovenia,188,0
CS,Lithuania,189,-0
CS,Qatar,190,0
CS,Iran,191,-0.03
CS,Iraq,192,0.02
CS,Guinea Bissau,193,-0.01
CS,Guinea,194,-0.01
CS,Ivory Coast,195,0.1
CS,Nigeria,196,-0.02
CS,Cameroon,197,0.05
CS,Gabon,198,-0.04
CS,Democratic Republic of the Congo,199,0.11
CS,Angola,200,0.01
CS,Tanzania,202,0.06
CS,India,203,0.02
CS,Bangladesh,204,0.33
CS,Myanmar,205,0.19
CS,Malaysia,206,-0.01
CS,Vietnam,207,-0.02
CS,Singapore,208,0
CS,China,209,0.07
CS,Japan,210,-0.01
CS,Gilbert Islands (Kiribati),212,0.03
CS,Egypt,214,-0
CS,Jordan,215,0.02
CS,Indonesia,216,0.01
CS,Canada,218,-0
CS,Saint Pierre and Miquelon,219,0
CS,Sint Maarten,220,0
CS,Northern Saint-Martin,221,0
CS,Sweden,222,-0
CS,Norway,223,-0
CS,Chile,224,0
CS,Jersey,227,0
CS,Guernsey,228,-0
CS,East Timor,231,0.01
CS,Oecussi Ambeno,237,0.15
CS,Curacao,244,-0
CS,Bonaire,245,-0.03
CS,Brunei,247,0
CS,Saba,248,0
CS,Sint Eustatius,249,0
CS,Aruba,250,-0
CW,eez_weighted_avg,0,0.22
CW,Cocos Islands,1,0.22
CW,Christmas Island,2,0.33
CW,Norfolk Island,3,0.62
CW,Macquarie Island,4,-0.05
CW,New Caledonia,5,0
CW,Vanuatu,6,-0.11
CW,Solomon Islands,7,0.18
CW,Palau,8,0.54
CW,Micronesia,9,1.94
CW,Nauru,10,0.03
CW,Marshall Islands,11,-0.03
CW,Wake Island,12,0.01
CW,Northern Mariana Islands and Guam,13,0.02
CW,Taiwan,14,0.43
CW,Philippines,15,0.44
CW,Australia,16,0.51
CW,Papua New Guinea,17,0.05
CW,Fiji,18,0.21
CW,Tuvalu,19,0.04
CW,South Korea,20,-0.14
CW,North Korea,21,0.44
CW,Cambodia,24,0.59
CW,Thailand,25,0.94
CW,Andaman and Nicobar,26,0.32
CW,Comoro Islands,28,-0.26
CW,Mayotte,29,3.25
CW,Glorioso Islands,30,-0
CW,Seychelles,31,0.81
CW,R_union,32,0.16
CW,Juan de Nova Island,33,-0
CW,Bassas da India,34,0
CW,Ile Europa,35,0
CW,Ile Tromelin,36,-0
CW,Mauritius,37,0.63
CW,British Indian Ocean Territory,38,0.02
CW,Maldives,39,2.65
CW,Sri Lanka,40,0.41
CW,Mozambique,41,0.08
CW,Madagascar,42,-0.01
CW,Kenya,43,0.05
CW,Somalia,44,0.12
CW,Eritrea,45,-0.05
CW,Djibouti,46,0.14
CW,Yemen,47,-0.09
CW,Oman,48,-0.03
CW,Sudan,49,-0.01
CW,Saudi Arabia,50,0.09
CW,Kuwait,51,-0
CW,Bahrain,52,-0.17
CW,Pakistan,53,0.41
CW,United Arab Emirates,54,-0.07
CW,Azores,55,0.17
CW,Cape Verde,56,0.5
CW,Madeira,57,0.22
CW,Canary Islands,58,0.15
CW,Belgium,59,0.04
CW,Gibraltar,60,0.01
CW,Tunisia,61,0.76
CW,Morocco,62,0.28
CW,Western Sahara,63,0.06
CW,Mauritania,64,0.2
CW,Gambia,65,-0.12
CW,Senegal,66,0.13
CW,Libya,67,0.15
CW,Malta,68,-0.04
CW,Latvia,69,0.15
CW,Estonia,70,0.11
CW,Bulgaria,71,0.46
CW,Romania,72,0.6
CW,Russia,73,0.24
CW,Georgia,74,0.04
CW,Ukraine,75,0.07
CW,Turkey,76,0.76
CW,Syria,77,0.38
CW,Lebanon,78,0.99
CW,Israel,79,0.2
CW,Greece,80,-0.03
CW,Cyprus,81,0.17
CW,Albania,82,0.66
CW,Algeria,84,-0.18
CW,Ascension,85,-0.02
CW,Saint Helena,86,-0.1
CW,Tristan da Cunha,88,-0.02
CW,South Georgia and the South Sandwich Islands,89,0.01
CW,Prince Edward Islands,90,-0.6
CW,Crozet Islands,91,0.14
CW,Amsterdam Island and Saint Paul Island,92,0
CW,Kerguelen Islands,93,0.01
CW,Heard and McDonald Islands,94,0
CW,Falkland Islands,95,-0.52
CW,Sierra Leone,96,0.02
CW,Liberia,97,-0.05
CW,Togo,98,0.01
CW,Benin,99,0.02
CW,Republique du Congo,100,0.31
CW,Namibia,101,-0.08
CW,South Africa,102,0
CW,Sao Tome and Principe,103,0.16
CW,Equatorial Guinea,104,0.04
CW,Bouvet Island,105,0
CW,Ghana,106,0.01
CW,Clipperton Island,107,0
CW,Bermuda,108,0.04
CW,Bahamas,110,0.41
CW,Turks and Caicos Islands,111,-0.02
CW,Cuba,112,0.4
CW,Cayman Islands,113,-0.06
CW,Haiti,114,0.06
CW,Dominican Republic,115,0.36
CW,Puerto Rico and Virgin Islands of the United States,116,-0.1
CW,British Virgin Islands,117,-0.03
CW,Anguilla,118,0.98
CW,Saint Kitts and Nevis,119,0.73
CW,Antigua and Barbuda,120,-0.02
CW,Montserrat,121,0.13
CW,Saint Lucia,122,0
CW,Dominica,123,0.25
CW,Barbados,124,0.61
CW,Grenada,125,0.06
CW,Trinidad and Tobago,126,0.08
CW,Saint Vincent and the Grenadines,127,1.33
CW,Panama,129,0.19
CW,Costa Rica,130,0.62
CW,Nicaragua,131,0.38
CW,Colombia,132,0.57
CW,Honduras,133,0.26
CW,El Salvador,134,0.14
CW,Mexico,135,0.36
CW,Guatemala,136,-0.09
CW,Ecuador,137,0.68
CW,Peru,138,0.08
CW,Venezuela,139,0.63
CW,Guadeloupe and Martinique,140,0.76
CW,Faeroe Islands,141,0.01
CW,Iceland,143,-0.15
CW,Jan Mayen,144,-0
CW,Greenland,145,0.01
CW,Pitcairn,146,-0.03
CW,French Polynesia,147,-0.05
CW,Line Islands (Kiribati),148,0.07
CW,Jarvis Island,149,0
CW,Palmyra Atoll,150,0
CW,American Samoa,151,-0.13
CW,Samoa,152,0.51
CW,Cook Islands,153,0.05
CW,Niue,154,0.14
CW,Tonga,155,0.35
CW,Tokelau,156,0.47
CW,Phoenix Islands (Kiribati),157,0.16
CW,Howland Island and Baker Island,158,-0
CW,Johnston Atoll,159,-0
CW,Wallis and Futuna,161,-0.03
CW,New Zealand,162,-0.52
CW,United States,163,-0.06
CW,Belize,164,0.25
CW,Jamaica,166,0.2
CW,Guyana,167,0.1
CW,Suriname,168,0.36
CW,French Guiana,169,0.13
CW,Brazil,171,0.21
CW,Argentina,172,0.72
CW,Uruguay,173,0.28
CW,Finland,174,-0.05
CW,Denmark,175,-0.03
CW,Germany,176,0.05
CW,Netherlands,177,-0.02
CW,Poland,178,0.36
CW,France,179,-0.08
CW,United Kingdom,180,0.03
CW,Ireland,181,-0.05
CW,Spain,182,-0.11
CW,Portugal,183,0.32
CW,Italy,184,-0.02
CW,Monaco,185,-0.03
CW,Montenegro,186,0.38
CW,Croatia,187,-0.09
CW,Slovenia,188,-0.09
CW,Lithuania,189,0.27
CW,Qatar,190,0.16
CW,Iran,191,-0.22
CW,Iraq,192,0.6
CW,Guinea Bissau,193,0.12
CW,Guinea,194,-0.01
CW,Ivory Coast,195,0.03
CW,Nigeria,196,-0.05
CW,Cameroon,197,-0.06
CW,Gabon,198,0.06
CW,Democratic Republic of the Congo,199,0.06
CW,Angola,200,-0.37
CW,Tanzania,202,-0.11
CW,India,203,0.97
CW,Bangladesh,204,1.15
CW,Myanmar,205,0.11
CW,Malaysia,206,0.07
CW,Vietnam,207,0.86
CW,Singapore,208,0.02
CW,China,209,0.94
CW,Japan,210,-0.04
CW,Gilbert Islands (Kiribati),212,0.03
CW,Egypt,214,0.39
CW,Jordan,215,-0.16
CW,Indonesia,216,0.91
CW,Canada,218,0.14
CW,Saint Pierre and Miquelon,219,-0.03
CW,Sint Maarten,220,0.04
CW,Northern Saint-Martin,221,1.08
CW,Sweden,222,-0.04
CW,Norway,223,-0.09
CW,Chile,224,-0.33
CW,Jersey,227,-0.01
CW,Guernsey,228,0.01
CW,East Timor,231,0.26
CW,Bosnia and Herzegovina,232,0.16
CW,Oecussi Ambeno,237,0.52
CW,Curacao,244,0.25
CW,Bonaire,245,-0
CW,Brunei,247,1.21
CW,Saba,248,0.02
CW,Sint Eustatius,249,-0.02
CW,Aruba,250,0.13
FIS,eez_weighted_avg,0,-0.04
FIS,Cocos Islands,1,-0.79
FIS,Christmas Island,2,-0.17
FIS,Norfolk Island,3,0.01
FIS,Macquarie Island,4,0
FIS,New Caledonia,5,-0.32
FIS,Vanuatu,6,-0.41
FIS,Solomon Islands,7,-0.1
FIS,Palau,8,-0.02
FIS,Micronesia,9,0.01
FIS,Nauru,10,0.02
FIS,Marshall Islands,11,0.01
FIS,Wake Island,12,0.07
FIS,Northern Mariana Islands and Guam,13,0.14
FIS,Taiwan,14,0.38
FIS,Philippines,15,0.06
FIS,Australia,16,0.09
FIS,Papua New Guinea,17,-0
FIS,Fiji,18,-0.27
FIS,Tuvalu,19,-0.04
FIS,South Korea,20,0.2
FIS,North Korea,21,0.14
FIS,Cambodia,24,-0.31
FIS,Thailand,25,-0.19
FIS,Andaman and Nicobar,26,-0.08
FIS,Comoro Islands,28,-0.68
FIS,Mayotte,29,-0.35
FIS,Glorioso Islands,30,-0.04
FIS,Seychelles,31,-0.45
FIS,R_union,32,-0.11
FIS,Juan de Nova Island,33,-0.74
FIS,Bassas da India,34,-0.74
FIS,Ile Europa,35,-0.74
FIS,Ile Tromelin,36,-0.43
FIS,Mauritius,37,-0.13
FIS,British Indian Ocean Territory,38,-0.08
FIS,Maldives,39,-0.6
FIS,Sri Lanka,40,-0.08
FIS,Mozambique,41,-0.07
FIS,Madagascar,42,-0.15
FIS,Kenya,43,0.19
FIS,Somalia,44,-0.02
FIS,Eritrea,45,-0.01
FIS,Djibouti,46,1.61
FIS,Yemen,47,-0.38
FIS,Oman,48,-0.37
FIS,Sudan,49,0.01
FIS,Saudi Arabia,50,0.1
FIS,Kuwait,51,0.02
FIS,Bahrain,52,0.2
FIS,Pakistan,53,0.03
FIS,United Arab Emirates,54,-0.19
FIS,Azores,55,-0.4
FIS,Cape Verde,56,-0.19
FIS,Madeira,57,-0.61
FIS,Canary Islands,58,-0.25
FIS,Belgium,59,-0.29
FIS,Gibraltar,60,-0.16
FIS,Tunisia,61,-0.18
FIS,Morocco,62,-0.07
FIS,Western Sahara,63,-0.1
FIS,Mauritania,64,-0.08
FIS,Gambia,65,-0.14
FIS,Senegal,66,-0.01
FIS,Libya,67,-0.05
FIS,Malta,68,0.49
FIS,Latvia,69,-3.31
FIS,Estonia,70,-2.81
FIS,Bulgaria,71,-0.05
FIS,Romania,72,0.15
FIS,Russia,73,0.16
FIS,Georgia,74,-0.03
FIS,Ukraine,75,-0.08
FIS,Turkey,76,-0.36
FIS,Syria,77,-0.78
FIS,Lebanon,78,0.15
FIS,Israel,79,-0.07
FIS,Greece,80,0.01
FIS,Cyprus,81,-0.78
FIS,Albania,82,-0.05
FIS,Algeria,84,-0.17
FIS,Ascension,85,-1.28
FIS,Saint Helena,86,-0.09
FIS,Tristan da Cunha,88,-0.03
FIS,South Georgia and the South Sandwich Islands,89,0.61
FIS,Prince Edward Islands,90,0.16
FIS,Crozet Islands,91,-0.93
FIS,Amsterdam Island and Saint Paul Island,92,-0.03
FIS,Kerguelen Islands,93,-0.06
FIS,Heard and McDonald Islands,94,-1.16
FIS,Falkland Islands,95,0.36
FIS,Sierra Leone,96,-0.13
FIS,Liberia,97,0.04
FIS,Togo,98,-0.15
FIS,Benin,99,0.45
FIS,Republique du Congo,100,-0.37
FIS,Namibia,101,0.87
FIS,South Africa,102,-0.48
FIS,Sao Tome and Principe,103,-0.01
FIS,Equatorial Guinea,104,-0.08
FIS,Bouvet Island,105,-0.02
FIS,Ghana,106,-0.31
FIS,Clipperton Island,107,-1.98
FIS,Bermuda,108,0.06
FIS,Bahamas,110,0.14
FIS,Turks and Caicos Islands,111,-0
FIS,Cuba,112,0.02
FIS,Cayman Islands,113,-0.36
FIS,Haiti,114,-0.04
FIS,Dominican Republic,115,-0.09
FIS,Puerto Rico and Virgin Islands of the United States,116,0.01
FIS,British Virgin Islands,117,0.04
FIS,Anguilla,118,0.06
FIS,Saint Kitts and Nevis,119,-0.05
FIS,Antigua and Barbuda,120,-0.01
FIS,Montserrat,121,0.01
FIS,Saint Lucia,122,-0.08
FIS,Dominica,123,0.02
FIS,Barbados,124,-0.01
FIS,Grenada,125,0.17
FIS,Trinidad and Tobago,126,0.05
FIS,Saint Vincent and the Grenadines,127,0.08
FIS,Panama,129,0.13
FIS,Costa Rica,130,-1.05
FIS,Nicaragua,131,0
FIS,Colombia,132,0.6
FIS,Honduras,133,-0.01
FIS,El Salvador,134,-0.17
FIS,Mexico,135,-1.23
FIS,Guatemala,136,-0.29
FIS,Ecuador,137,0.34
FIS,Peru,138,0.48
FIS,Venezuela,139,1.07
FIS,Guadeloupe and Martinique,140,-0.06
FIS,Faeroe Islands,141,-0.08
FIS,Iceland,143,-0.05
FIS,Jan Mayen,144,0
FIS,Greenland,145,-0.04
FIS,Pitcairn,146,-0.11
FIS,French Polynesia,147,-0.16
FIS,Line Islands (Kiribati),148,0.03
FIS,Jarvis Island,149,-0.33
FIS,Palmyra Atoll,150,0.07
FIS,American Samoa,151,-0.23
FIS,Samoa,152,-0.35
FIS,Cook Islands,153,-0.22
FIS,Niue,154,-0.09
FIS,Tonga,155,-0.19
FIS,Tokelau,156,-0.06
FIS,Phoenix Islands (Kiribati),157,-0.02
FIS,Howland Island and Baker Island,158,0.01
FIS,Johnston Atoll,159,0.01
FIS,Wallis and Futuna,161,-0.14
FIS,New Zealand,162,-0.28
FIS,United States,163,-0.39
FIS,Belize,164,-0.11
FIS,Jamaica,166,-0.05
FIS,Guyana,167,0.06
FIS,Suriname,168,0.02
FIS,French Guiana,169,0.61
FIS,Brazil,171,0.08
FIS,Argentina,172,1.35
FIS,Uruguay,173,1.22
FIS,Finland,174,-2.03
FIS,Denmark,175,0.03
FIS,Germany,176,0.12
FIS,Netherlands,177,-0.05
FIS,Poland,178,-3.4
FIS,France,179,-0.26
FIS,United Kingdom,180,-0.29
FIS,Ireland,181,-0.13
FIS,Spain,182,-0.1
FIS,Portugal,183,0
FIS,Italy,184,0.07
FIS,Monaco,185,-0.13
FIS,Montenegro,186,0.41
FIS,Croatia,187,-0.16
FIS,Slovenia,188,-0.74
FIS,Lithuania,189,-3.61
FIS,Qatar,190,0.2
FIS,Iran,191,0.05
FIS,Iraq,192,0.03
FIS,Guinea Bissau,193,-0.04
FIS,Guinea,194,-0.05
FIS,Ivory Coast,195,-0.15
FIS,Nigeria,196,-0.17
FIS,Cameroon,197,-0.11
FIS,Gabon,198,-0.1
FIS,Democratic Republic of the Congo,199,0.6
FIS,Angola,200,-0.17
FIS,Tanzania,202,-0.14
FIS,India,203,-0.17
FIS,Bangladesh,204,-0.01
FIS,Myanmar,205,-0.02
FIS,Malaysia,206,0.03
FIS,Vietnam,207,-0.12
FIS,Singapore,208,-0.18
FIS,China,209,0.1
FIS,Japan,210,0.36
FIS,Gilbert Islands (Kiribati),212,-0.01
FIS,Egypt,214,-0.06
FIS,Jordan,215,0.03
FIS,Indonesia,216,0
FIS,Canada,218,-0.02
FIS,Saint Pierre and Miquelon,219,0.57
FIS,Sint Maarten,220,0.15
FIS,Northern Saint-Martin,221,-0
FIS,Sweden,222,-2.46
FIS,Norway,223,-0.12
FIS,Chile,224,1.87
FIS,Jersey,227,-0.32
FIS,Guernsey,228,-0.32
FIS,East Timor,231,-0.09
FIS,Bosnia and Herzegovina,232,-0.05
FIS,Oecussi Ambeno,237,-0.16
FIS,Curacao,244,0.15
FIS,Bonaire,245,0.16
FIS,Brunei,247,0.38
FIS,Saba,248,0.05
FIS,Sint Eustatius,249,0.05
FIS,Aruba,250,0.06
FP,eez_weighted_avg,0,-0.14
FP,Cocos Islands,1,-0.79
FP,Christmas Island,2,-0.17
FP,Norfolk Island,3,0.01
FP,Macquarie Island,4,0
FP,New Caledonia,5,-0.29
FP,Vanuatu,6,-0.41
FP,Solomon Islands,7,-0.1
FP,Palau,8,-0.01
FP,Micronesia,9,0.01
FP,Nauru,10,0.02
FP,Marshall Islands,11,0
FP,Wake Island,12,0.07
FP,Northern Mariana Islands and Guam,13,0.33
FP,Taiwan,14,-0.69
FP,Philippines,15,-0
FP,Australia,16,-0.59
FP,Papua New Guinea,17,-0.01
FP,Fiji,18,-0.28
FP,Tuvalu,19,-0.04
FP,South Korea,20,0.62
FP,North Korea,21,1.43
FP,Cambodia,24,-0.36
FP,Thailand,25,-0.44
FP,Andaman and Nicobar,26,-0.08
FP,Comoro Islands,28,-0.68
FP,Mayotte,29,-0.12
FP,Glorioso Islands,30,-0.04
FP,Seychelles,31,-0.46
FP,R_union,32,-0.08
FP,Juan de Nova Island,33,-0.74
FP,Bassas da India,34,-0.74
FP,Ile Europa,35,-0.74
FP,Ile Tromelin,36,-0.43
FP,Mauritius,37,-0.55
FP,British Indian Ocean Territory,38,-0.08
FP,Maldives,39,-0.6
FP,Sri Lanka,40,-0.18
FP,Mozambique,41,-0.06
FP,Madagascar,42,-0.25
FP,Kenya,43,0.18
FP,Somalia,44,-0.02
FP,Eritrea,45,-0.01
FP,Djibouti,46,1.61
FP,Yemen,47,-0.38
FP,Oman,48,-0.5
FP,Sudan,49,0.01
FP,Saudi Arabia,50,-1.4
FP,Kuwait,51,0.02
FP,Bahrain,52,0.2
FP,Pakistan,53,0.02
FP,United Arab Emirates,54,-0.23
FP,Azores,55,-0.4
FP,Cape Verde,56,-0.19
FP,Madeira,57,-0.61
FP,Canary Islands,58,-0.25
FP,Belgium,59,-0.29
FP,Gibraltar,60,-0.16
FP,Tunisia,61,-0.33
FP,Morocco,62,-0.08
FP,Western Sahara,63,-0.1
FP,Mauritania,64,-0.08
FP,Gambia,65,-0.14
FP,Senegal,66,-0.04
FP,Libya,67,-0.05
FP,Malta,68,0.11
FP,Latvia,69,-3.31
FP,Estonia,70,-2.98
FP,Bulgaria,71,-1.07
FP,Romania,72,0.2
FP,Russia,73,0.01
FP,Georgia,74,-0.03
FP,Ukraine,75,-0.01
FP,Turkey,76,-0.1
FP,Syria,77,-0.78
FP,Lebanon,78,0.15
FP,Israel,79,0.52
FP,Greece,80,0.25
FP,Cyprus,81,1.41
FP,Albania,82,1.26
FP,Algeria,84,-0.24
FP,Ascension,85,-1.28
FP,Saint Helena,86,-0.09
FP,Tristan da Cunha,88,-0.03
FP,South Georgia and the South Sandwich Islands,89,0.61
FP,Prince Edward Islands,90,0.16
FP,Crozet Islands,91,-0.93
FP,Amsterdam Island and Saint Paul Island,92,-0.03
FP,Kerguelen Islands,93,-0.06
FP,Heard and McDonald Islands,94,-1.16
FP,Falkland Islands,95,0.36
FP,Sierra Leone,96,-0.13
FP,Liberia,97,0.04
FP,Togo,98,-0.15
FP,Benin,99,0.45
FP,Republique du Congo,100,-0.37
FP,Namibia,101,0.87
FP,South Africa,102,-0.5
FP,Sao Tome and Principe,103,-0.01
FP,Equatorial Guinea,104,-0.08
FP,Bouvet Island,105,-0.02
FP,Ghana,106,-0.31
FP,Clipperton Island,107,-1.98
FP,Bermuda,108,0.06
FP,Bahamas,110,0.14
FP,Turks and Caicos Islands,111,-0
FP,Cuba,112,0.6
FP,Cayman Islands,113,-0.36
FP,Haiti,114,-0.04
FP,Dominican Republic,115,-0.09
FP,Puerto Rico and Virgin Islands of the United States,116,0.01
FP,British Virgin Islands,117,0.04
FP,Anguilla,118,0.06
FP,Saint Kitts and Nevis,119,-0.05
FP,Antigua and Barbuda,120,-0.01
FP,Montserrat,121,0.01
FP,Saint Lucia,122,-0.12
FP,Dominica,123,0.02
FP,Barbados,124,-0.01
FP,Grenada,125,0.17
FP,Trinidad and Tobago,126,0.05
FP,Saint Vincent and the Grenadines,127,0.08
FP,Panama,129,-0.27
FP,Costa Rica,130,-1.15
FP,Nicaragua,131,0.35
FP,Colombia,132,0.34
FP,Honduras,133,-0.66
FP,El Salvador,134,-0.18
FP,Mexico,135,-1.18
FP,Guatemala,136,-0.56
FP,Ecuador,137,2.49
FP,Peru,138,0.5
FP,Venezuela,139,0.33
FP,Guadeloupe and Martinique,140,-0.08
FP,Faeroe Islands,141,0.04
FP,Iceland,143,-0.28
FP,Jan Mayen,144,0
FP,Greenland,145,-0.04
FP,Pitcairn,146,-0.11
FP,French Polynesia,147,0.09
FP,Line Islands (Kiribati),148,0.03
FP,Jarvis Island,149,-0.33
FP,Palmyra Atoll,150,0.07
FP,American Samoa,151,-0.23
FP,Samoa,152,-0.36
FP,Cook Islands,153,-0.23
FP,Niue,154,-0.09
FP,Tonga,155,-0.2
FP,Tokelau,156,-0.06
FP,Phoenix Islands (Kiribati),157,-0.02
FP,Howland Island and Baker Island,158,0.01
FP,Johnston Atoll,159,0.01
FP,Wallis and Futuna,161,-0.14
FP,New Zealand,162,-0.51
FP,United States,163,-0.46
FP,Belize,164,1.49
FP,Jamaica,166,-0.05
FP,Guyana,167,-0.03
FP,Suriname,168,0.03
FP,French Guiana,169,0.61
FP,Brazil,171,-0.34
FP,Argentina,172,1.35
FP,Uruguay,173,1.22
FP,Finland,174,-1.26
FP,Denmark,175,0.19
FP,Germany,176,1.16
FP,Netherlands,177,-0.02
FP,Poland,178,-3.4
FP,France,179,-0.25
FP,United Kingdom,180,-0.1
FP,Ireland,181,-0.34
FP,Spain,182,-0.12
FP,Portugal,183,0.43
FP,Italy,184,-0.4
FP,Monaco,185,-0.13
FP,Montenegro,186,0.2
FP,Croatia,187,2.1
FP,Slovenia,188,0.01
FP,Lithuania,189,-3.61
FP,Qatar,190,0.2
FP,Iran,191,0.12
FP,Iraq,192,0.03
FP,Guinea Bissau,193,-0.04
FP,Guinea,194,-0.05
FP,Ivory Coast,195,-0.15
FP,Nigeria,196,-0.17
FP,Cameroon,197,-0.11
FP,Gabon,198,-0.1
FP,Democratic Republic of the Congo,199,0.6
FP,Angola,200,-0.17
FP,Tanzania,202,-0.46
FP,India,203,-0.64
FP,Bangladesh,204,-0.06
FP,Myanmar,205,-0.04
FP,Malaysia,206,-0.08
FP,Vietnam,207,-0.21
FP,Singapore,208,-0.33
FP,China,209,0.21
FP,Japan,210,0.19
FP,Gilbert Islands (Kiribati),212,0.01
FP,Egypt,214,-0.68
FP,Jordan,215,0.03
FP,Indonesia,216,0.25
FP,Canada,218,-0.02
FP,Saint Pierre and Miquelon,219,0.57
FP,Sint Maarten,220,0.15
FP,Northern Saint-Martin,221,-0
FP,Sweden,222,-2.46
FP,Norway,223,-0.38
FP,Chile,224,-0
FP,Jersey,227,-0.29
FP,Guernsey,228,-0.32
FP,East Timor,231,-0.09
FP,Bosnia and Herzegovina,232,-0.2
FP,Oecussi Ambeno,237,-0.16
FP,Curacao,244,0.15
FP,Bonaire,245,0.16
FP,Brunei,247,0.06
FP,Saba,248,0.05
FP,Sint Eustatius,249,0.05
FP,Aruba,250,0.06
HAB,eez_weighted_avg,0,0.15
HAB,Cocos Islands,1,0.37
HAB,Christmas Island,2,1.74
HAB,Norfolk Island,3,0.48
HAB,Macquarie Island,4,0.67
HAB,New Caledonia,5,-0.04
HAB,Vanuatu,6,0
HAB,Solomon Islands,7,-0.16
HAB,Palau,8,-0.04
HAB,Micronesia,9,0.15
HAB,Nauru,10,-1.52
HAB,Marshall Islands,11,0
HAB,Northern Mariana Islands and Guam,13,0.82
HAB,Taiwan,14,-0.28
HAB,Philippines,15,0.64
HAB,Australia,16,0.08
HAB,Papua New Guinea,17,-0.35
HAB,Fiji,18,-0
HAB,Tuvalu,19,-0.04
HAB,South Korea,20,-0.05
HAB,North Korea,21,0.22
HAB,Cambodia,24,0.88
HAB,Thailand,25,0.68
HAB,Andaman and Nicobar,26,1.02
HAB,Comoro Islands,28,0.15
HAB,Mayotte,29,0.21
HAB,Glorioso Islands,30,0.5
HAB,Seychelles,31,0
HAB,R_union,32,0.52
HAB,Juan de Nova Island,33,0.78
HAB,Bassas da India,34,1.09
HAB,Ile Europa,35,0
HAB,Mauritius,37,-0.5
HAB,British Indian Ocean Territory,38,-0.02
HAB,Maldives,39,0.17
HAB,Sri Lanka,40,0.28
HAB,Mozambique,41,0.04
HAB,Madagascar,42,0.67
HAB,Kenya,43,0.03
HAB,Somalia,44,-0.15
HAB,Eritrea,45,0.15
HAB,Djibouti,46,0.13
HAB,Yemen,47,-0
HAB,Oman,48,-0.35
HAB,Sudan,49,0.13
HAB,Saudi Arabia,50,0.04
HAB,Kuwait,51,0.22
HAB,Bahrain,52,0.23
HAB,Pakistan,53,-0.04
HAB,United Arab Emirates,54,0.12
HAB,Azores,55,0.08
HAB,Cape Verde,56,0.33
HAB,Madeira,57,0.88
HAB,Canary Islands,58,0.2
HAB,Belgium,59,-0.07
HAB,Gibraltar,60,-0.09
HAB,Tunisia,61,-0.13
HAB,Morocco,62,0.36
HAB,Western Sahara,63,0.06
HAB,Mauritania,64,0.1
HAB,Gambia,65,0.03
HAB,Senegal,66,-0.01
HAB,Libya,67,0.03
HAB,Malta,68,-0.26
HAB,Latvia,69,-0.04
HAB,Estonia,70,-0.12
HAB,Bulgaria,71,-0.08
HAB,Romania,72,0.71
HAB,Russia,73,0.17
HAB,Georgia,74,-0.15
HAB,Ukraine,75,0.26
HAB,Turkey,76,0.32
HAB,Syria,77,-0.09
HAB,Lebanon,78,0.11
HAB,Israel,79,0.03
HAB,Greece,80,0.09
HAB,Cyprus,81,-0.01
HAB,Albania,82,-0.07
HAB,Algeria,84,0.55
HAB,Ascension,85,0.65
HAB,Saint Helena,86,0.02
HAB,Tristan da Cunha,88,0.9
HAB,South Georgia and the South Sandwich Islands,89,-1.26
HAB,Prince Edward Islands,90,0.06
HAB,Crozet Islands,91,0
HAB,Amsterdam Island and Saint Paul Island,92,0.71
HAB,Kerguelen Islands,93,0.4
HAB,Heard and McDonald Islands,94,1.29
HAB,Falkland Islands,95,0.06
HAB,Sierra Leone,96,-0.47
HAB,Liberia,97,-0.24
HAB,Togo,98,-0.02
HAB,Benin,99,-0.2
HAB,Republique du Congo,100,-0.2
HAB,Namibia,101,-0.1
HAB,South Africa,102,0.01
HAB,Sao Tome and Principe,103,0.18
HAB,Equatorial Guinea,104,-0.13
HAB,Bouvet Island,105,-3.52
HAB,Ghana,106,-0.13
HAB,Clipperton Island,107,1.32
HAB,Bermuda,108,0.36
HAB,Bahamas,110,0.16
HAB,Turks and Caicos Islands,111,0.31
HAB,Cuba,112,0.05
HAB,Cayman Islands,113,0.09
HAB,Haiti,114,0.1
HAB,Dominican Republic,115,0.03
HAB,Puerto Rico and Virgin Islands of the United States,116,-0.06
HAB,British Virgin Islands,117,-0.19
HAB,Anguilla,118,0.04
HAB,Saint Kitts and Nevis,119,0.09
HAB,Antigua and Barbuda,120,-0.04
HAB,Montserrat,121,-0.01
HAB,Saint Lucia,122,0.06
HAB,Dominica,123,-0.04
HAB,Barbados,124,0.05
HAB,Grenada,125,0.01
HAB,Trinidad and Tobago,126,0
HAB,Saint Vincent and the Grenadines,127,0.13
HAB,Panama,129,0.01
HAB,Costa Rica,130,-0
HAB,Nicaragua,131,0
HAB,Colombia,132,0.03
HAB,Honduras,133,-0.02
HAB,El Salvador,134,0.13
HAB,Mexico,135,0.02
HAB,Guatemala,136,0.14
HAB,Ecuador,137,0.1
HAB,Peru,138,0.18
HAB,Venezuela,139,0.01
HAB,Guadeloupe and Martinique,140,-0.03
HAB,Faeroe Islands,141,-0.13
HAB,Iceland,143,0.85
HAB,Jan Mayen,144,1.51
HAB,Greenland,145,0.06
HAB,French Polynesia,147,-0
HAB,Line Islands (Kiribati),148,-0.07
HAB,Jarvis Island,149,1.46
HAB,Palmyra Atoll,150,-0.1
HAB,American Samoa,151,-0
HAB,Samoa,152,0
HAB,Cook Islands,153,-0
HAB,Niue,154,-0.12
HAB,Tonga,155,-0
HAB,Tokelau,156,0
HAB,Phoenix Islands (Kiribati),157,-0.1
HAB,Howland Island and Baker Island,158,1.32
HAB,Johnston Atoll,159,1.15
HAB,Wallis and Futuna,161,-0.02
HAB,New Zealand,162,-0.01
HAB,United States,163,0.16
HAB,Belize,164,0.12
HAB,Jamaica,166,-0.12
HAB,Guyana,167,0.17
HAB,Suriname,168,0.25
HAB,French Guiana,169,0.04
HAB,Brazil,171,0.09
HAB,Argentina,172,0.1
HAB,Uruguay,173,-0.08
HAB,Finland,174,-0.02
HAB,Denmark,175,-0.05
HAB,Germany,176,0.05
HAB,Netherlands,177,0.76
HAB,Poland,178,0.13
HAB,France,179,0.68
HAB,United Kingdom,180,0.19
HAB,Ireland,181,0.07
HAB,Spain,182,0.06
HAB,Portugal,183,0.06
HAB,Italy,184,0.06
HAB,Monaco,185,-0
HAB,Montenegro,186,0.01
HAB,Croatia,187,-0
HAB,Slovenia,188,-0.02
HAB,Lithuania,189,0.2
HAB,Qatar,190,0.13
HAB,Iran,191,0.05
HAB,Iraq,192,0.25
HAB,Guinea Bissau,193,-0.17
HAB,Guinea,194,-0.65
HAB,Ivory Coast,195,-0.26
HAB,Nigeria,196,0.24
HAB,Cameroon,197,0.19
HAB,Gabon,198,-0.3
HAB,Democratic Republic of the Congo,199,-0.2
HAB,Angola,200,0.76
HAB,Tanzania,202,0.02
HAB,India,203,0.63
HAB,Bangladesh,204,-0.14
HAB,Myanmar,205,0.21
HAB,Malaysia,206,0.49
HAB,Vietnam,207,1.11
HAB,Singapore,208,0.42
HAB,China,209,0.07
HAB,Japan,210,0.01
HAB,Gilbert Islands (Kiribati),212,-0.09
HAB,Egypt,214,0.14
HAB,Jordan,215,0.03
HAB,Indonesia,216,0.91
HAB,Canada,218,0.28
HAB,Saint Pierre and Miquelon,219,1.1
HAB,Sint Maarten,220,-0.03
HAB,Northern Saint-Martin,221,0.13
HAB,Sweden,222,-0.19
HAB,Norway,223,0.08
HAB,Chile,224,0.04
HAB,Jersey,227,0.05
HAB,Guernsey,228,-0.13
HAB,East Timor,231,0.51
HAB,Oecussi Ambeno,237,0.98
HAB,Curacao,244,0
HAB,Bonaire,245,-0.05
HAB,Brunei,247,0.05
HAB,Saba,248,-0.29
HAB,Sint Eustatius,249,-0.05
HAB,Aruba,250,0
ICO,eez_weighted_avg,0,-0.34
ICO,Cocos Islands,1,-1.01
ICO,Christmas Island,2,-1.16
ICO,Norfolk Island,3,-0.4
ICO,Macquarie Island,4,-0.52
ICO,New Caledonia,5,-0.49
ICO,Vanuatu,6,-0.92
ICO,Solomon Islands,7,-0.68
ICO,Palau,8,-0.8
ICO,Micronesia,9,-0.86
ICO,Nauru,10,-1.13
ICO,Marshall Islands,11,-0.95
ICO,Wake Island,12,-1.07
ICO,Northern Mariana Islands and Guam,13,-0.84
ICO,Taiwan,14,-0.69
ICO,Philippines,15,-0.54
ICO,Australia,16,-0.03
ICO,Papua New Guinea,17,-0.69
ICO,Fiji,18,-0.49
ICO,Tuvalu,19,-0.9
ICO,South Korea,20,-0
ICO,North Korea,21,-0.13
ICO,Cambodia,24,-0.8
ICO,Thailand,25,-0.76
ICO,Andaman and Nicobar,26,-0.7
ICO,Comoro Islands,28,-0.31
ICO,Mayotte,29,-0.64
ICO,Glorioso Islands,30,0.63
ICO,Seychelles,31,-0.26
ICO,R_union,32,-0.75
ICO,Juan de Nova Island,33,0.63
ICO,Bassas da India,34,0.63
ICO,Ile Europa,35,0.63
ICO,Ile Tromelin,36,0.63
ICO,Mauritius,37,0.01
ICO,British Indian Ocean Territory,38,-0.96
ICO,Maldives,39,-0.89
ICO,Sri Lanka,40,-0.44
ICO,Mozambique,41,-0.38
ICO,Madagascar,42,-0.41
ICO,Kenya,43,-0.46
ICO,Somalia,44,-0.63
ICO,Eritrea,45,-0.56
ICO,Djibouti,46,-0.56
ICO,Yemen,47,-0.74
ICO,Oman,48,-0.73
ICO,Sudan,49,-0.95
ICO,Saudi Arabia,50,-0.69
ICO,Kuwait,51,-0.24
ICO,Bahrain,52,-0.17
ICO,Pakistan,53,-0.63
ICO,United Arab Emirates,54,-0.61
ICO,Azores,55,0.05
ICO,Cape Verde,56,-0.28
ICO,Madeira,57,0.05
ICO,Canary Islands,58,0.05
ICO,Belgium,59,0
ICO,Gibraltar,60,-0.15
ICO,Tunisia,61,-0.01
ICO,Morocco,62,-0.22
ICO,Western Sahara,63,-0.66
ICO,Mauritania,64,-0.41
ICO,Gambia,65,-0.44
ICO,Senegal,66,-0.27
ICO,Libya,67,0.11
ICO,Malta,68,-0
ICO,Latvia,69,-0.05
ICO,Estonia,70,-0.05
ICO,Bulgaria,71,0
ICO,Romania,72,0
ICO,Russia,73,-0.02
ICO,Georgia,74,-0.31
ICO,Ukraine,75,0
ICO,Turkey,76,-0.02
ICO,Syria,77,0.47
ICO,Lebanon,78,0.42
ICO,Israel,79,-0.28
ICO,Greece,80,0.14
ICO,Cyprus,81,0.18
ICO,Albania,82,-0.02
ICO,Algeria,84,-0.24
ICO,Ascension,85,-0.3
ICO,Saint Helena,86,-0.3
ICO,Tristan da Cunha,88,-0.3
ICO,South Georgia and the South Sandwich Islands,89,0.53
ICO,Prince Edward Islands,90,0.76
ICO,Crozet Islands,91,0.63
ICO,Amsterdam Island and Saint Paul Island,92,0.63
ICO,Kerguelen Islands,93,0.63
ICO,Heard and McDonald Islands,94,0.84
ICO,Falkland Islands,95,0.02
ICO,Sierra Leone,96,-0.25
ICO,Liberia,97,-0.52
ICO,Togo,98,-0.15
ICO,Benin,99,-0.51
ICO,Republique du Congo,100,0.06
ICO,Namibia,101,-0.45
ICO,South Africa,102,-0.45
ICO,Sao Tome and Principe,103,-0.53
ICO,Equatorial Guinea,104,-0.51
ICO,Bouvet Island,105,1.34
ICO,Ghana,106,-0.5
ICO,Clipperton Island,107,-0.43
ICO,Bermuda,108,-0.26
ICO,Bahamas,110,-0.45
ICO,Turks and Caicos Islands,111,-0.48
ICO,Cuba,112,-0.44
ICO,Cayman Islands,113,-0.65
ICO,Haiti,114,-0.57
ICO,Dominican Republic,115,-0.32
ICO,Puerto Rico and Virgin Islands of the United States,116,-0.42
ICO,British Virgin Islands,117,-0.46
ICO,Anguilla,118,-0.49
ICO,Saint Kitts and Nevis,119,-0.37
ICO,Antigua and Barbuda,120,-0.59
ICO,Montserrat,121,-0.4
ICO,Saint Lucia,122,-0.4
ICO,Dominica,123,-0.66
ICO,Barbados,124,-0.48
ICO,Grenada,125,-0.37
ICO,Trinidad and Tobago,126,-0.37
ICO,Saint Vincent and the Grenadines,127,-0.4
ICO,Panama,129,-0.5
ICO,Costa Rica,130,-0.57
ICO,Nicaragua,131,-0.42
ICO,Colombia,132,-0.49
ICO,Honduras,133,-0.44
ICO,El Salvador,134,-0.43
ICO,Mexico,135,-0.18
ICO,Guatemala,136,-0.42
ICO,Ecuador,137,-0.34
ICO,Peru,138,-0.12
ICO,Venezuela,139,-0.43
ICO,Guadeloupe and Martinique,140,-0.44
ICO,Faeroe Islands,141,-0.2
ICO,Iceland,143,-0.15
ICO,Jan Mayen,144,0.3
ICO,Greenland,145,0.03
ICO,Pitcairn,146,-0.74
ICO,French Polynesia,147,-0.75
ICO,Line Islands (Kiribati),148,-0.98
ICO,Jarvis Island,149,-1.07
ICO,Palmyra Atoll,150,-1.07
ICO,American Samoa,151,-0.9
ICO,Samoa,152,-0.96
ICO,Cook Islands,153,-1.15
ICO,Niue,154,-1.03
ICO,Tonga,155,-0.71
ICO,Tokelau,156,-1.09
ICO,Phoenix Islands (Kiribati),157,-0.98
ICO,Howland Island and Baker Island,158,-1.07
ICO,Johnston Atoll,159,-1.07
ICO,Wallis and Futuna,161,-1.07
ICO,New Zealand,162,0.04
ICO,United States,163,-0.1
ICO,Belize,164,-0.46
ICO,Jamaica,166,-0.47
ICO,Guyana,167,-0.76
ICO,Suriname,168,-0.56
ICO,French Guiana,169,-0.53
ICO,Brazil,171,-0.25
ICO,Argentina,172,0.01
ICO,Uruguay,173,-0.15
ICO,Finland,174,-0.05
ICO,Denmark,175,-0.03
ICO,Germany,176,-0.03
ICO,Netherlands,177,0
ICO,Poland,178,-0.05
ICO,France,179,0
ICO,United Kingdom,180,-0.1
ICO,Ireland,181,-0.13
ICO,Spain,182,-0.1
ICO,Portugal,183,-0.03
ICO,Italy,184,0.13
ICO,Monaco,185,0.01
ICO,Montenegro,186,-0.03
ICO,Croatia,187,0.16
ICO,Slovenia,188,0.43
ICO,Lithuania,189,-0.05
ICO,Qatar,190,-0.71
ICO,Iran,191,-0.61
ICO,Iraq,192,-0.69
ICO,Guinea Bissau,193,-0.5
ICO,Guinea,194,-0.44
ICO,Ivory Coast,195,-0.43
ICO,Nigeria,196,-0.36
ICO,Cameroon,197,-0.46
ICO,Gabon,198,-0.28
ICO,Democratic Republic of the Congo,199,0.07
ICO,Angola,200,-0.09
ICO,Tanzania,202,-0.53
ICO,India,203,-0.64
ICO,Bangladesh,204,-0.56
ICO,Myanmar,205,-0.62
ICO,Malaysia,206,-0.44
ICO,Vietnam,207,-0.67
ICO,Singapore,208,-0.89
ICO,China,209,-0.34
ICO,Japan,210,-0.4
ICO,Gilbert Islands (Kiribati),212,-0.83
ICO,Egypt,214,-0.46
ICO,Jordan,215,-0.54
ICO,Indonesia,216,-0.51
ICO,Canada,218,-0.01
ICO,Saint Pierre and Miquelon,219,0.03
ICO,Sint Maarten,220,-0.54
ICO,Northern Saint-Martin,221,-0.54
ICO,Sweden,222,-0.03
ICO,Norway,223,-0.26
ICO,Chile,224,-0
ICO,Jersey,227,-0.36
ICO,Guernsey,228,-0.36
ICO,East Timor,231,-0.92
ICO,Bosnia and Herzegovina,232,-0.02
ICO,Oecussi Ambeno,237,-0.92
ICO,Curacao,244,-0.51
ICO,Bonaire,245,-0.41
ICO,Brunei,247,-0.65
ICO,Saba,248,-0.41
ICO,Sint Eustatius,249,-0.41
ICO,Aruba,250,-0.55
Index,eez_weighted_avg,0,-0.11
Index,Cocos Islands,1,0.47
Index,Christmas Island,2,0.37
Index,Norfolk Island,3,1.1
Index,Macquarie Island,4,-0.02
Index,New Caledonia,5,-0.77
Index,Vanuatu,6,-1.14
Index,Solomon Islands,7,-0.71
Index,Palau,8,-0.87
Index,Micronesia,9,-0.31
Index,Nauru,10,-0.01
Index,Marshall Islands,11,-0.75
Index,Wake Island,12,-0.17
Index,Northern Mariana Islands and Guam,13,-0.27
Index,Taiwan,14,0.18
Index,Philippines,15,-0.29
Index,Australia,16,-0.43
Index,Papua New Guinea,17,-0.82
Index,Fiji,18,-0.4
Index,Tuvalu,19,-0.02
Index,South Korea,20,-0.45
Index,North Korea,21,0.62
Index,Cambodia,24,0.38
Index,Thailand,25,0.33
Index,Andaman and Nicobar,26,0.12
Index,Comoro Islands,28,-0.04
Index,Mayotte,29,0.43
Index,Glorioso Islands,30,0.65
Index,Seychelles,31,0.41
Index,R_union,32,0.11
Index,Juan de Nova Island,33,0.13
Index,Bassas da India,34,0.16
Index,Ile Europa,35,0.06
Index,Ile Tromelin,36,-0.04
Index,Mauritius,37,-0.32
Index,British Indian Ocean Territory,38,-0.17
Index,Maldives,39,-0.12
Index,Sri Lanka,40,-0.17
Index,Mozambique,41,-0.05
Index,Madagascar,42,0.04
Index,Kenya,43,-0.05
Index,Somalia,44,-0.02
Index,Eritrea,45,-0.05
Index,Djibouti,46,0.59
Index,Yemen,47,-0.98
Index,Oman,48,0.39
Index,Sudan,49,0.96
Index,Saudi Arabia,50,-0.02
Index,Kuwait,51,-0.07
Index,Bahrain,52,-0
Index,Pakistan,53,0.95
Index,United Arab Emirates,54,0.71
Index,Azores,55,-0.18
Index,Cape Verde,56,0.47
Index,Madeira,57,0.12
Index,Canary Islands,58,0.23
Index,Belgium,59,-0.11
Index,Gibraltar,60,0.09
Index,Tunisia,61,0.07
Index,Morocco,62,-0.1
Index,Western Sahara,63,-0.35
Index,Mauritania,64,0.12
Index,Gambia,65,0.65
Index,Senegal,66,0.18
Index,Libya,67,-0.96
Index,Malta,68,-0.22
Index,Latvia,69,-0.33
Index,Estonia,70,-0.38
Index,Bulgaria,71,1.29
Index,Romania,72,0.24
Index,Russia,73,0.47
Index,Georgia,74,0.96
Index,Ukraine,75,-1
Index,Turkey,76,0.08
Index,Syria,77,-0.37
Index,Lebanon,78,0.17
Index,Israel,79,-0.46
Index,Greece,80,0.28
Index,Cyprus,81,0.25
Index,Albania,82,0.47
Index,Algeria,84,-0.34
Index,Ascension,85,0.69
Index,Saint Helena,86,0.14
Index,Tristan da Cunha,88,-0.11
Index,South Georgia and the South Sandwich Islands,89,0.2
Index,Prince Edward Islands,90,0.12
Index,Crozet Islands,91,-0.39
Index,Amsterdam Island and Saint Paul Island,92,0.07
Index,Kerguelen Islands,93,-0.25
Index,Heard and McDonald Islands,94,-0.26
Index,Falkland Islands,95,0.2
Index,Sierra Leone,96,0.19
Index,Liberia,97,-0.17
Index,Togo,98,-0.04
Index,Benin,99,0.89
Index,Republique du Congo,100,-0.2
Index,Namibia,101,0.36
Index,South Africa,102,-0.05
Index,Sao Tome and Principe,103,0.31
Index,Equatorial Guinea,104,-0.05
Index,Bouvet Island,105,-0.27
Index,Ghana,106,0.06
Index,Clipperton Island,107,0.4
Index,Bermuda,108,-0.89
Index,Bahamas,110,0.13
Index,Turks and Caicos Islands,111,0.1
Index,Cuba,112,-0.54
Index,Cayman Islands,113,-0.16
Index,Haiti,114,0.03
Index,Dominican Republic,115,-0.49
Index,Puerto Rico and Virgin Islands of the United States,116,-0.22
Index,British Virgin Islands,117,-0.69
Index,Anguilla,118,0.02
Index,Saint Kitts and Nevis,119,0.79
Index,Antigua and Barbuda,120,0.01
Index,Montserrat,121,-0.11
Index,Saint Lucia,122,0.62
Index,Dominica,123,-0.5
Index,Barbados,124,-0.73
Index,Grenada,125,0.34
Index,Trinidad and Tobago,126,-0.72
Index,Saint Vincent and the Grenadines,127,0.38
Index,Panama,129,-0.27
Index,Costa Rica,130,0.02
Index,Nicaragua,131,0.7
Index,Colombia,132,0.76
Index,Honduras,133,-0.57
Index,El Salvador,134,0.35
Index,Mexico,135,0.23
Index,Guatemala,136,0.21
Index,Ecuador,137,0.78
Index,Peru,138,-0.29
Index,Venezuela,139,0.35
Index,Guadeloupe and Martinique,140,-0.06
Index,Faeroe Islands,141,-0.02
Index,Iceland,143,0.18
Index,Jan Mayen,144,0.16
Index,Greenland,145,0.06
Index,Pitcairn,146,0.75
Index,French Polynesia,147,0.42
Index,Line Islands (Kiribati),148,-0.49
Index,Jarvis Island,149,-0
Index,Palmyra Atoll,150,-0.13
Index,American Samoa,151,-0.88
Index,Samoa,152,-0.42
Index,Cook Islands,153,0.23
Index,Niue,154,-0.47
Index,Tonga,155,0.19
Index,Tokelau,156,-0.05
Index,Phoenix Islands (Kiribati),157,-0.27
Index,Howland Island and Baker Island,158,0
Index,Johnston Atoll,159,-0.07
Index,Wallis and Futuna,161,0.15
Index,New Zealand,162,-0.34
Index,United States,163,-0.57
Index,Belize,164,0.59
Index,Jamaica,166,0.69
Index,Guyana,167,0.1
Index,Suriname,168,-0.2
Index,French Guiana,169,0.1
Index,Brazil,171,-0.25
Index,Argentina,172,-0.07
Index,Uruguay,173,-0.15
Index,Finland,174,-0.9
Index,Denmark,175,0.06
Index,Germany,176,-0.09
Index,Netherlands,177,0.11
Index,Poland,178,0.05
Index,France,179,0.25
Index,United Kingdom,180,-0.41
Index,Ireland,181,0.27
Index,Spain,182,-0.21
Index,Portugal,183,0.23
Index,Italy,184,0.25
Index,Monaco,185,-0.35
Index,Montenegro,186,-0.15
Index,Croatia,187,0.05
Index,Slovenia,188,-0.3
Index,Lithuania,189,-0.6
Index,Qatar,190,0.08
Index,Iran,191,-0.1
Index,Iraq,192,0.01
Index,Guinea Bissau,193,-0.06
Index,Guinea,194,0.45
Index,Ivory Coast,195,0.41
Index,Nigeria,196,0.33
Index,Cameroon,197,0.31
Index,Gabon,198,0.33
Index,Democratic Republic of the Congo,199,-0.04
Index,Angola,200,-0.2
Index,Tanzania,202,-0.16
Index,India,203,0.28
Index,Bangladesh,204,0.78
Index,Myanmar,205,-0.26
Index,Malaysia,206,-0.94
Index,Vietnam,207,-0.26
Index,Singapore,208,-0.38
Index,China,209,-0.17
Index,Japan,210,0.41
Index,Gilbert Islands (Kiribati),212,-0.97
Index,Egypt,214,-0.1
Index,Jordan,215,-0.89
Index,Indonesia,216,-0.14
Index,Canada,218,-0.6
Index,Saint Pierre and Miquelon,219,0.57
Index,Sint Maarten,220,-0.74
Index,Northern Saint-Martin,221,0.01
Index,Sweden,222,-0.57
Index,Norway,223,-0.03
Index,Chile,224,0.15
Index,Jersey,227,0.12
Index,Guernsey,228,0.09
Index,East Timor,231,-0.29
Index,Bosnia and Herzegovina,232,1.2
Index,Oecussi Ambeno,237,0.34
Index,Curacao,244,-0.35
Index,Bonaire,245,0.1
Index,Brunei,247,-0.27
Index,Saba,248,-0.05
Index,Sint Eustatius,249,0.03
Index,Aruba,250,0.03
LE,eez_weighted_avg,0,0.06
LE,Vanuatu,6,-3.82
LE,Solomon Islands,7,-3.06
LE,Taiwan,14,0.96
LE,Philippines,15,-1.72
LE,Australia,16,-1.72
LE,Papua New Guinea,17,-2.09
LE,Fiji,18,-0.26
LE,South Korea,20,-2.22
LE,Cambodia,24,2.94
LE,Thailand,25,2.48
LE,Comoro Islands,28,0.09
LE,Seychelles,31,0.08
LE,R_union,32,1.04
LE,Mauritius,37,-1.45
LE,Maldives,39,-3.57
LE,Sri Lanka,40,0.45
LE,Mozambique,41,1.3
LE,Madagascar,42,-0.6
LE,Kenya,43,0.35
LE,Yemen,47,-1.97
LE,Oman,48,3.19
LE,Sudan,49,6.33
LE,Saudi Arabia,50,2.45
LE,Kuwait,51,2.46
LE,Bahrain,52,1.05
LE,Pakistan,53,1.39
LE,United Arab Emirates,54,5.4
LE,Cape Verde,56,3.32
LE,Belgium,59,0.24
LE,Tunisia,61,1
LE,Morocco,62,1.17
LE,Mauritania,64,1.83
LE,Gambia,65,4.18
LE,Senegal,66,3.21
LE,Libya,67,-4.81
LE,Malta,68,-2.93
LE,Latvia,69,0.18
LE,Estonia,70,1.46
LE,Bulgaria,71,6.08
LE,Romania,72,1.33
LE,Russia,73,3.22
LE,Georgia,74,8.3
LE,Ukraine,75,-3.34
LE,Turkey,76,0.94
LE,Syria,77,0.46
LE,Lebanon,78,0.05
LE,Israel,79,-0.08
LE,Greece,80,-1.3
LE,Cyprus,81,1.37
LE,Albania,82,1.9
LE,Algeria,84,-1.56
LE,Sierra Leone,96,2.79
LE,Togo,98,-3.11
LE,Benin,99,3.22
LE,Republique du Congo,100,3.53
LE,Namibia,101,3.56
LE,South Africa,102,3.65
LE,Sao Tome and Principe,103,2.06
LE,Ghana,106,2.99
LE,Bermuda,108,-4.06
LE,Bahamas,110,2.69
LE,Cuba,112,-1.66
LE,Cayman Islands,113,1.26
LE,Haiti,114,0.14
LE,Dominican Republic,115,-1.42
LE,Puerto Rico and Virgin Islands of the United States,116,-0.15
LE,Antigua and Barbuda,120,-0.91
LE,Montserrat,121,1.85
LE,Saint Lucia,122,2.06
LE,Barbados,124,-1.82
LE,Grenada,125,-0.37
LE,Trinidad and Tobago,126,-1.81
LE,Saint Vincent and the Grenadines,127,1.21
LE,Panama,129,-0.13
LE,Costa Rica,130,1.92
LE,Nicaragua,131,3.28
LE,Colombia,132,4.8
LE,Honduras,133,-1.49
LE,El Salvador,134,3.8
LE,Mexico,135,1.84
LE,Guatemala,136,1.77
LE,Ecuador,137,2.77
LE,Peru,138,-0.41
LE,Venezuela,139,6.04
LE,Guadeloupe and Martinique,140,-0.43
LE,Iceland,143,-1.77
LE,Greenland,145,1.6
LE,Tonga,155,3.22
LE,New Zealand,162,1.52
LE,United States,163,-0.57
LE,Belize,164,3.95
LE,Jamaica,166,-0.12
LE,Guyana,167,1.33
LE,Suriname,168,-3.46
LE,Brazil,171,1.81
LE,Argentina,172,-0.09
LE,Uruguay,173,-0.64
LE,Finland,174,0.06
LE,Denmark,175,-0.74
LE,Germany,176,-0.64
LE,Netherlands,177,-0.12
LE,Poland,178,3.98
LE,France,179,1.33
LE,United Kingdom,180,0.24
LE,Ireland,181,-0.63
LE,Spain,182,-2.46
LE,Portugal,183,-1.92
LE,Italy,184,-2.04
LE,Montenegro,186,1.11
LE,Croatia,187,-2.82
LE,Slovenia,188,-2.43
LE,Lithuania,189,-0.74
LE,Qatar,190,2.56
LE,Iran,191,-0.32
LE,Iraq,192,-0.98
LE,Guinea,194,4.05
LE,Ivory Coast,195,5.62
LE,Nigeria,196,2.56
LE,Cameroon,197,3.02
LE,Gabon,198,3.43
LE,Democratic Republic of the Congo,199,-1.34
LE,Angola,200,2.18
LE,Tanzania,202,-1.15
LE,India,203,1.25
LE,Bangladesh,204,0.46
LE,Myanmar,205,-2.43
LE,Malaysia,206,-3.22
LE,Vietnam,207,0.52
LE,Singapore,208,-0.95
LE,China,209,-0.1
LE,Japan,210,-2.04
LE,Egypt,214,-0.33
LE,Jordan,215,-1.54
LE,Indonesia,216,-2.25
LE,Canada,218,-0.56
LE,Sint Maarten,220,-1.43
LE,Sweden,222,-0.22
LE,Norway,223,1.9
LE,Chile,224,-0.88
LE,Bosnia and Herzegovina,232,5.66
LE,Curacao,244,-1.82
LE,Brunei,247,-0.12
LE,Aruba,250,2.03
LIV,eez_weighted_avg,0,0.06
LIV,Vanuatu,6,-3.82
LIV,Solomon Islands,7,-3.06
LIV,Taiwan,14,0.96
LIV,Philippines,15,-1.72
LIV,Australia,16,-1.72
LIV,Papua New Guinea,17,-2.09
LIV,Fiji,18,-0.26
LIV,South Korea,20,-2.22
LIV,Cambodia,24,2.94
LIV,Thailand,25,2.48
LIV,Comoro Islands,28,0.09
LIV,Seychelles,31,0.08
LIV,R_union,32,1.04
LIV,Mauritius,37,-1.45
LIV,Maldives,39,-3.57
LIV,Sri Lanka,40,0.45
LIV,Mozambique,41,1.3
LIV,Madagascar,42,-0.6
LIV,Kenya,43,0.35
LIV,Yemen,47,-1.97
LIV,Oman,48,3.19
LIV,Sudan,49,6.33
LIV,Saudi Arabia,50,2.45
LIV,Kuwait,51,2.46
LIV,Bahrain,52,1.05
LIV,Pakistan,53,1.39
LIV,United Arab Emirates,54,5.4
LIV,Cape Verde,56,3.32
LIV,Belgium,59,0.24
LIV,Tunisia,61,1
LIV,Morocco,62,1.17
LIV,Mauritania,64,1.83
LIV,Gambia,65,4.18
LIV,Senegal,66,3.21
LIV,Libya,67,-4.81
LIV,Malta,68,-2.93
LIV,Latvia,69,0.18
LIV,Estonia,70,1.46
LIV,Bulgaria,71,6.08
LIV,Romania,72,1.33
LIV,Russia,73,3.22
LIV,Georgia,74,8.3
LIV,Ukraine,75,-3.34
LIV,Turkey,76,0.94
LIV,Syria,77,0.46
LIV,Lebanon,78,0.05
LIV,Israel,79,-0.08
LIV,Greece,80,-1.3
LIV,Cyprus,81,1.37
LIV,Albania,82,1.9
LIV,Algeria,84,-1.56
LIV,Sierra Leone,96,2.79
LIV,Togo,98,-3.11
LIV,Benin,99,3.22
LIV,Republique du Congo,100,3.53
LIV,Namibia,101,3.56
LIV,South Africa,102,3.65
LIV,Sao Tome and Principe,103,2.06
LIV,Ghana,106,2.99
LIV,Bermuda,108,-4.06
LIV,Bahamas,110,2.69
LIV,Cuba,112,-1.66
LIV,Cayman Islands,113,1.26
LIV,Haiti,114,0.14
LIV,Dominican Republic,115,-1.42
LIV,Puerto Rico and Virgin Islands of the United States,116,-0.15
LIV,Antigua and Barbuda,120,-0.91
LIV,Montserrat,121,1.85
LIV,Saint Lucia,122,2.06
LIV,Barbados,124,-1.82
LIV,Grenada,125,-0.37
LIV,Trinidad and Tobago,126,-1.81
LIV,Saint Vincent and the Grenadines,127,1.21
LIV,Panama,129,-0.13
LIV,Costa Rica,130,1.92
LIV,Nicaragua,131,3.28
LIV,Colombia,132,4.8
LIV,Honduras,133,-1.49
LIV,El Salvador,134,3.8
LIV,Mexico,135,1.84
LIV,Guatemala,136,1.77
LIV,Ecuador,137,2.77
LIV,Peru,138,-0.41
LIV,Venezuela,139,6.04
LIV,Guadeloupe and Martinique,140,-0.43
LIV,Iceland,143,-1.77
LIV,Greenland,145,1.6
LIV,Tonga,155,3.22
LIV,New Zealand,162,1.52
LIV,United States,163,-0.57
LIV,Belize,164,3.95
LIV,Jamaica,166,-0.12
LIV,Guyana,167,1.33
LIV,Suriname,168,-3.46
LIV,Brazil,171,1.81
LIV,Argentina,172,-0.09
LIV,Uruguay,173,-0.64
LIV,Finland,174,0.06
LIV,Denmark,175,-0.74
LIV,Germany,176,-0.64
LIV,Netherlands,177,-0.12
LIV,Poland,178,3.98
LIV,France,179,1.33
LIV,United Kingdom,180,0.24
LIV,Ireland,181,-0.63
LIV,Spain,182,-2.46
LIV,Portugal,183,-1.92
LIV,Italy,184,-2.04
LIV,Montenegro,186,1.11
LIV,Croatia,187,-2.82
LIV,Slovenia,188,-2.43
LIV,Lithuania,189,-0.74
LIV,Qatar,190,2.56
LIV,Iran,191,-0.32
LIV,Iraq,192,-0.98
LIV,Guinea,194,4.05
LIV,Ivory Coast,195,5.62
LIV,Nigeria,196,2.56
LIV,Cameroon,197,3.02
LIV,Gabon,198,3.43
LIV,Democratic Republic of the Congo,199,-1.34
LIV,Angola,200,2.18
LIV,Tanzania,202,-1.15
LIV,India,203,1.25
LIV,Bangladesh,204,0.46
LIV,Myanmar,205,-2.43
LIV,Malaysia,206,-3.22
LIV,Vietnam,207,0.52
LIV,Singapore,208,-0.95
LIV,China,209,-0.1
LIV,Japan,210,-2.04
LIV,Egypt,214,-0.33
LIV,Jordan,215,-1.54
LIV,Indonesia,216,-2.25
LIV,Canada,218,-0.56
LIV,Sint Maarten,220,-1.43
LIV,Sweden,222,-0.22
LIV,Norway,223,1.9
LIV,Chile,224,-0.88
LIV,Bosnia and Herzegovina,232,5.66
LIV,Curacao,244,-1.82
LIV,Brunei,247,-0.12
LIV,Aruba,250,2.03
LSP,eez_weighted_avg,0,0.65
LSP,Cocos Islands,1,8.5
LSP,Christmas Island,2,4.38
LSP,Norfolk Island,3,8.84
LSP,Macquarie Island,4,0
LSP,New Caledonia,5,0.31
LSP,Vanuatu,6,0
LSP,Solomon Islands,7,0
LSP,Palau,8,0
LSP,Micronesia,9,0
LSP,Nauru,10,0
LSP,Marshall Islands,11,-0.12
LSP,Wake Island,12,0
LSP,Northern Mariana Islands and Guam,13,-0.28
LSP,Taiwan,14,-0.03
LSP,Philippines,15,2.27
LSP,Australia,16,0
LSP,Papua New Guinea,17,-0
LSP,Fiji,18,0.01
LSP,Tuvalu,19,-0
LSP,South Korea,20,0.08
LSP,North Korea,21,0
LSP,Cambodia,24,1.93
LSP,Thailand,25,3.48
LSP,Andaman and Nicobar,26,0
LSP,Comoro Islands,28,0.81
LSP,Mayotte,29,0
LSP,Glorioso Islands,30,9.89
LSP,Seychelles,31,4.93
LSP,R_union,32,0
LSP,Juan de Nova Island,33,0
LSP,Bassas da India,34,0
LSP,Ile Europa,35,0
LSP,Ile Tromelin,36,0
LSP,Mauritius,37,-0.04
LSP,British Indian Ocean Territory,38,0
LSP,Maldives,39,0.46
LSP,Sri Lanka,40,1.96
LSP,Mozambique,41,-0.15
LSP,Madagascar,42,3.24
LSP,Kenya,43,0.09
LSP,Somalia,44,-0
LSP,Eritrea,45,0
LSP,Djibouti,46,0
LSP,Yemen,47,0.61
LSP,Oman,48,3.55
LSP,Sudan,49,0
LSP,Saudi Arabia,50,2.19
LSP,Kuwait,51,0.47
LSP,Bahrain,52,0
LSP,Pakistan,53,2.37
LSP,United Arab Emirates,54,0.5
LSP,Azores,55,-0.46
LSP,Cape Verde,56,0.25
LSP,Madeira,57,0
LSP,Canary Islands,58,0
LSP,Belgium,59,0
LSP,Gibraltar,60,0
LSP,Tunisia,61,-0.63
LSP,Morocco,62,0.15
LSP,Western Sahara,63,0
LSP,Mauritania,64,0.07
LSP,Gambia,65,0.3
LSP,Senegal,66,1.13
LSP,Libya,67,0
LSP,Malta,68,0.43
LSP,Latvia,69,0
LSP,Estonia,70,0
LSP,Bulgaria,71,0
LSP,Romania,72,0
LSP,Russia,73,0.3
LSP,Georgia,74,-0
LSP,Ukraine,75,0
LSP,Turkey,76,0
LSP,Syria,77,0
LSP,Lebanon,78,0.07
LSP,Israel,79,1.85
LSP,Greece,80,-0.12
LSP,Cyprus,81,2.78
LSP,Albania,82,-0.26
LSP,Algeria,84,0.25
LSP,Ascension,85,8.87
LSP,Saint Helena,86,0
LSP,Tristan da Cunha,88,0
LSP,South Georgia and the South Sandwich Islands,89,0
LSP,Prince Edward Islands,90,1.38
LSP,Crozet Islands,91,0
LSP,Amsterdam Island and Saint Paul Island,92,0
LSP,Kerguelen Islands,93,0
LSP,Heard and McDonald Islands,94,0
LSP,Falkland Islands,95,-0
LSP,Sierra Leone,96,-0.04
LSP,Liberia,97,0.02
LSP,Togo,98,0
LSP,Benin,99,0
LSP,Republique du Congo,100,0.93
LSP,Namibia,101,0
LSP,South Africa,102,1.99
LSP,Sao Tome and Principe,103,-0
LSP,Equatorial Guinea,104,0.74
LSP,Bouvet Island,105,0
LSP,Ghana,106,-0.06
LSP,Clipperton Island,107,8.79
LSP,Bermuda,108,0
LSP,Bahamas,110,0.85
LSP,Turks and Caicos Islands,111,-0
LSP,Cuba,112,-0.03
LSP,Cayman Islands,113,-0
LSP,Haiti,114,3.1
LSP,Dominican Republic,115,0
LSP,Puerto Rico and Virgin Islands of the United States,116,-0
LSP,British Virgin Islands,117,0
LSP,Anguilla,118,-0
LSP,Saint Kitts and Nevis,119,6.19
LSP,Antigua and Barbuda,120,1.34
LSP,Montserrat,121,0
LSP,Saint Lucia,122,-0
LSP,Dominica,123,0
LSP,Barbados,124,0
LSP,Grenada,125,0.7
LSP,Trinidad and Tobago,126,0
LSP,Saint Vincent and the Grenadines,127,-0
LSP,Panama,129,0.08
LSP,Costa Rica,130,0.29
LSP,Nicaragua,131,0
LSP,Colombia,132,2.86
LSP,Honduras,133,0
LSP,El Salvador,134,0.09
LSP,Mexico,135,0
LSP,Guatemala,136,0.15
LSP,Ecuador,137,0
LSP,Peru,138,0.04
LSP,Venezuela,139,-0.2
LSP,Guadeloupe and Martinique,140,0
LSP,Faeroe Islands,141,-0.24
LSP,Iceland,143,0.26
LSP,Jan Mayen,144,0
LSP,Greenland,145,-0.01
LSP,Pitcairn,146,8.79
LSP,French Polynesia,147,0
LSP,Line Islands (Kiribati),148,0
LSP,Jarvis Island,149,0
LSP,Palmyra Atoll,150,0
LSP,American Samoa,151,-0
LSP,Samoa,152,0
LSP,Cook Islands,153,9.81
LSP,Niue,154,0
LSP,Tonga,155,-0
LSP,Tokelau,156,0
LSP,Phoenix Islands (Kiribati),157,0
LSP,Howland Island and Baker Island,158,0
LSP,Johnston Atoll,159,0
LSP,Wallis and Futuna,161,0
LSP,New Zealand,162,0.06
LSP,United States,163,-0.02
LSP,Belize,164,3.59
LSP,Jamaica,166,0.13
LSP,Guyana,167,-0.57
LSP,Suriname,168,0
LSP,French Guiana,169,0
LSP,Brazil,171,0.01
LSP,Argentina,172,0.33
LSP,Uruguay,173,1.17
LSP,Finland,174,0.15
LSP,Denmark,175,0
LSP,Germany,176,0
LSP,Netherlands,177,0
LSP,Poland,178,0
LSP,France,179,0
LSP,United Kingdom,180,0
LSP,Ireland,181,4.14
LSP,Spain,182,0.18
LSP,Portugal,183,0
LSP,Italy,184,0.04
LSP,Monaco,185,-1.29
LSP,Montenegro,186,0
LSP,Croatia,187,2.31
LSP,Slovenia,188,0.88
LSP,Lithuania,189,0
LSP,Qatar,190,-0
LSP,Iran,191,0
LSP,Iraq,192,0
LSP,Guinea Bissau,193,0.12
LSP,Guinea,194,0.07
LSP,Ivory Coast,195,0.04
LSP,Nigeria,196,-0.02
LSP,Cameroon,197,1.94
LSP,Gabon,198,2.38
LSP,Democratic Republic of the Congo,199,0.05
LSP,Angola,200,0.03
LSP,Tanzania,202,0.06
LSP,India,203,0.05
LSP,Bangladesh,204,3.64
LSP,Myanmar,205,0.28
LSP,Malaysia,206,1.81
LSP,Vietnam,207,0.02
LSP,Singapore,208,0
LSP,China,209,0.03
LSP,Japan,210,0.5
LSP,Gilbert Islands (Kiribati),212,0
LSP,Egypt,214,-0.05
LSP,Jordan,215,2.22
LSP,Indonesia,216,0.64
LSP,Canada,218,0.76
LSP,Saint Pierre and Miquelon,219,0
LSP,Sint Maarten,220,-0.68
LSP,Northern Saint-Martin,221,0
LSP,Sweden,222,0.7
LSP,Norway,223,0.42
LSP,Chile,224,0.23
LSP,Jersey,227,0.91
LSP,Guernsey,228,0.61
LSP,East Timor,231,0.17
LSP,Bosnia and Herzegovina,232,-0
LSP,Oecussi Ambeno,237,1.75
LSP,Curacao,244,-0.04
LSP,Bonaire,245,3.17
LSP,Brunei,247,-0.05
LSP,Saba,248,1.09
LSP,Sint Eustatius,249,2.12
LSP,Aruba,250,0
MAR,eez_weighted_avg,0,0.11
MAR,Cocos Islands,1,0
MAR,Christmas Island,2,0
MAR,Norfolk Island,3,0
MAR,New Caledonia,5,-0
MAR,Vanuatu,6,-0
MAR,Solomon Islands,7,-0
MAR,Palau,8,-0
MAR,Micronesia,9,0
MAR,Marshall Islands,11,0
MAR,Northern Mariana Islands and Guam,13,-0.02
MAR,Taiwan,14,-0.12
MAR,Philippines,15,0.14
MAR,Australia,16,0.01
MAR,Papua New Guinea,17,0
MAR,Fiji,18,-0
MAR,Tuvalu,19,0
MAR,South Korea,20,0.03
MAR,North Korea,21,1.77
MAR,Cambodia,24,0.21
MAR,Thailand,25,-0.5
MAR,Andaman and Nicobar,26,0
MAR,Comoro Islands,28,0
MAR,Mayotte,29,-0.01
MAR,Seychelles,31,-0
MAR,R_union,32,-0.2
MAR,Mauritius,37,0.03
MAR,British Indian Ocean Territory,38,0
MAR,Maldives,39,0
MAR,Sri Lanka,40,0.13
MAR,Mozambique,41,-0
MAR,Madagascar,42,0
MAR,Kenya,43,0.01
MAR,Somalia,44,0
MAR,Eritrea,45,0
MAR,Djibouti,46,0
MAR,Yemen,47,-0
MAR,Oman,48,0.01
MAR,Sudan,49,0
MAR,Saudi Arabia,50,0.63
MAR,Kuwait,51,-0
MAR,Bahrain,52,0
MAR,Pakistan,53,0
MAR,United Arab Emirates,54,0.09
MAR,Azores,55,0
MAR,Cape Verde,56,0
MAR,Madeira,57,0
MAR,Canary Islands,58,0
MAR,Belgium,59,0
MAR,Gibraltar,60,0
MAR,Tunisia,61,0.26
MAR,Morocco,62,0.01
MAR,Western Sahara,63,0
MAR,Mauritania,64,0
MAR,Gambia,65,0
MAR,Senegal,66,0.01
MAR,Libya,67,-0
MAR,Malta,68,-0.09
MAR,Latvia,69,0
MAR,Estonia,70,0.24
MAR,Bulgaria,71,0
MAR,Romania,72,-0
MAR,Russia,73,0.6
MAR,Georgia,74,0
MAR,Ukraine,75,-0.01
MAR,Turkey,76,0.03
MAR,Syria,77,0
MAR,Lebanon,78,-0.04
MAR,Israel,79,1.58
MAR,Greece,80,-0.06
MAR,Cyprus,81,2.27
MAR,Albania,82,2.17
MAR,Algeria,84,1.18
MAR,Ascension,85,0
MAR,Saint Helena,86,0
MAR,Tristan da Cunha,88,0
MAR,Falkland Islands,95,0
MAR,Sierra Leone,96,0
MAR,Liberia,97,0
MAR,Togo,98,0
MAR,Benin,99,0
MAR,Republique du Congo,100,0
MAR,Namibia,101,-0
MAR,South Africa,102,0.01
MAR,Sao Tome and Principe,103,0
MAR,Equatorial Guinea,104,0
MAR,Ghana,106,0
MAR,Bermuda,108,0
MAR,Bahamas,110,0
MAR,Turks and Caicos Islands,111,0
MAR,Cuba,112,0
MAR,Cayman Islands,113,0
MAR,Haiti,114,0
MAR,Dominican Republic,115,-0.03
MAR,Puerto Rico and Virgin Islands of the United States,116,-0
MAR,Anguilla,118,0
MAR,Antigua and Barbuda,120,0
MAR,Montserrat,121,0
MAR,Saint Lucia,122,0.02
MAR,Dominica,123,0
MAR,Barbados,124,0
MAR,Grenada,125,0
MAR,Trinidad and Tobago,126,0
MAR,Saint Vincent and the Grenadines,127,0
MAR,Panama,129,0
MAR,Costa Rica,130,-0.01
MAR,Nicaragua,131,0.02
MAR,Colombia,132,-0.02
MAR,Honduras,133,0.09
MAR,El Salvador,134,0.02
MAR,Mexico,135,0.06
MAR,Guatemala,136,0.14
MAR,Ecuador,137,3.98
MAR,Peru,138,0.04
MAR,Venezuela,139,0.06
MAR,Guadeloupe and Martinique,140,0
MAR,Faeroe Islands,141,0.62
MAR,Iceland,143,0.52
MAR,Greenland,145,0
MAR,Pitcairn,146,0
MAR,French Polynesia,147,-0.02
MAR,Line Islands (Kiribati),148,0
MAR,American Samoa,151,0
MAR,Samoa,152,0
MAR,Cook Islands,153,0
MAR,Niue,154,0
MAR,Tonga,155,-0.01
MAR,Tokelau,156,0
MAR,Phoenix Islands (Kiribati),157,0
MAR,Wallis and Futuna,161,0
MAR,New Zealand,162,0.01
MAR,United States,163,0.03
MAR,Belize,164,-0.17
MAR,Jamaica,166,-0
MAR,Guyana,167,0
MAR,Suriname,168,0
MAR,French Guiana,169,0
MAR,Brazil,171,0
MAR,Argentina,172,0
MAR,Uruguay,173,0
MAR,Finland,174,0.01
MAR,Denmark,175,-0.37
MAR,Germany,176,3.66
MAR,Netherlands,177,0
MAR,Poland,178,0
MAR,France,179,-0.18
MAR,United Kingdom,180,-0.06
MAR,Ireland,181,0
MAR,Spain,182,-0.05
MAR,Portugal,183,3.3
MAR,Italy,184,-1.32
MAR,Monaco,185,0
MAR,Montenegro,186,0
MAR,Croatia,187,3.45
MAR,Slovenia,188,0.2
MAR,Lithuania,189,0
MAR,Qatar,190,0
MAR,Iran,191,2.12
MAR,Iraq,192,0
MAR,Guinea Bissau,193,0
MAR,Guinea,194,0
MAR,Ivory Coast,195,0
MAR,Nigeria,196,0
MAR,Cameroon,197,0
MAR,Gabon,198,0
MAR,Democratic Republic of the Congo,199,0
MAR,Angola,200,0
MAR,Tanzania,202,-0.05
MAR,India,203,0.4
MAR,Bangladesh,204,0.33
MAR,Myanmar,205,-0.02
MAR,Malaysia,206,-0.1
MAR,Vietnam,207,0.85
MAR,Singapore,208,0.16
MAR,China,209,-0.05
MAR,Japan,210,-0.42
MAR,Gilbert Islands (Kiribati),212,-0.05
MAR,Egypt,214,-0.31
MAR,Jordan,215,0
MAR,Indonesia,216,0.2
MAR,Canada,218,0.09
MAR,Sint Maarten,220,0
MAR,Northern Saint-Martin,221,0
MAR,Sweden,222,-2.23
MAR,Norway,223,-0.05
MAR,Chile,224,0.72
MAR,Jersey,227,-0
MAR,East Timor,231,-0
MAR,Bosnia and Herzegovina,232,0.01
MAR,Oecussi Ambeno,237,0
MAR,Brunei,247,0.21
MAR,Saba,248,0
MAR,Sint Eustatius,249,0
NP,eez_weighted_avg,0,0.22
NP,Norfolk Island,3,-2.18
NP,Macquarie Island,4,-0.22
NP,New Caledonia,5,-2.25
NP,Vanuatu,6,1.81
NP,Solomon Islands,7,-0.22
NP,Palau,8,-0.52
NP,Micronesia,9,0.39
NP,Nauru,10,0.03
NP,Marshall Islands,11,-1.32
NP,Wake Island,12,-0.32
NP,Taiwan,14,0.07
NP,Philippines,15,-1.28
NP,Australia,16,-2.11
NP,Papua New Guinea,17,-0.2
NP,Fiji,18,2
NP,Tuvalu,19,0.01
NP,South Korea,20,1.7
NP,North Korea,21,2.17
NP,Cambodia,24,0.04
NP,Thailand,25,0.13
NP,Andaman and Nicobar,26,0
NP,Comoro Islands,28,0
NP,Glorioso Islands,30,-1.46
NP,Seychelles,31,0
NP,R_union,32,-0
NP,Juan de Nova Island,33,0.89
NP,Bassas da India,34,0.89
NP,Ile Europa,35,0.89
NP,Ile Tromelin,36,-0
NP,Mauritius,37,0.05
NP,Sri Lanka,40,-3.3
NP,Mozambique,41,0.04
NP,Madagascar,42,-1.22
NP,Kenya,43,4.19
NP,Somalia,44,0.08
NP,Eritrea,45,0.09
NP,Djibouti,46,0.54
NP,Yemen,47,-0.35
NP,Sudan,49,3.45
NP,Saudi Arabia,50,0.32
NP,Bahrain,52,1.2
NP,Pakistan,53,0.05
NP,United Arab Emirates,54,0.3
NP,Azores,55,-1.57
NP,Cape Verde,56,-0.19
NP,Madeira,57,-0.31
NP,Canary Islands,58,1.13
NP,Belgium,59,0.68
NP,Tunisia,61,2.46
NP,Morocco,62,-0.42
NP,Western Sahara,63,-0.26
NP,Mauritania,64,-0.17
NP,Gambia,65,-0.39
NP,Senegal,66,-0.4
NP,Libya,67,0.22
NP,Malta,68,-0.58
NP,Latvia,69,0.01
NP,Estonia,70,-0.01
NP,Bulgaria,71,7.84
NP,Romania,72,-1.76
NP,Russia,73,1.07
NP,Georgia,74,-0
NP,Ukraine,75,-0.08
NP,Turkey,76,0.1
NP,Syria,77,-3.6
NP,Lebanon,78,1.57
NP,Israel,79,-4.66
NP,Greece,80,2.32
NP,Cyprus,81,-2.63
NP,Algeria,84,-1.12
NP,South Georgia and the South Sandwich Islands,89,0.63
NP,Prince Edward Islands,90,0
NP,Crozet Islands,91,-1.95
NP,Amsterdam Island and Saint Paul Island,92,-0.32
NP,Kerguelen Islands,93,-1.82
NP,Heard and McDonald Islands,94,-1.3
NP,Falkland Islands,95,1.28
NP,Sierra Leone,96,-0.58
NP,Liberia,97,-0.95
NP,Togo,98,-0.77
NP,Benin,99,1.11
NP,Republique du Congo,100,-2.18
NP,Namibia,101,-0.98
NP,South Africa,102,-0.67
NP,Sao Tome and Principe,103,-0.53
NP,Equatorial Guinea,104,0.86
NP,Bouvet Island,105,-0.32
NP,Ghana,106,0.96
NP,Clipperton Island,107,-0.32
NP,Bahamas,110,-1.45
NP,Cuba,112,-3.22
NP,Cayman Islands,113,0.24
NP,Haiti,114,0.47
NP,Dominican Republic,115,-2.51
NP,Saint Kitts and Nevis,119,7.25
NP,Antigua and Barbuda,120,2.07
NP,Saint Lucia,122,7.26
NP,Trinidad and Tobago,126,0.37
NP,Saint Vincent and the Grenadines,127,5.78
NP,Panama,129,0.22
NP,Costa Rica,130,0.06
NP,Nicaragua,131,7.31
NP,Colombia,132,-0.84
NP,Honduras,133,0.1
NP,El Salvador,134,0.28
NP,Mexico,135,-0.21
NP,Guatemala,136,-0.67
NP,Ecuador,137,1.53
NP,Peru,138,0.11
NP,Venezuela,139,-1.89
NP,Faeroe Islands,141,-0.02
NP,Iceland,143,-0.13
NP,Jan Mayen,144,0
NP,Greenland,145,-0.32
NP,French Polynesia,147,3.16
NP,Line Islands (Kiribati),148,-2.85
NP,American Samoa,151,-0.32
NP,Samoa,152,-0.21
NP,Cook Islands,153,-2.23
NP,Niue,154,-0.66
NP,Tonga,155,-0.83
NP,Tokelau,156,-0.07
NP,Phoenix Islands (Kiribati),157,-1.36
NP,Johnston Atoll,159,-0.32
NP,Wallis and Futuna,161,-0.63
NP,New Zealand,162,-0.42
NP,United States,163,-0.33
NP,Belize,164,-1.81
NP,Jamaica,166,2.67
NP,Guyana,167,-4.85
NP,Suriname,168,2.23
NP,French Guiana,169,0.25
NP,Brazil,171,-0.01
NP,Argentina,172,0.47
NP,Uruguay,173,0.27
NP,Finland,174,-2.18
NP,Denmark,175,0.15
NP,Germany,176,0.6
NP,Netherlands,177,0.3
NP,Poland,178,0.02
NP,France,179,2.99
NP,United Kingdom,180,-0.36
NP,Ireland,181,1.89
NP,Spain,182,1.72
NP,Portugal,183,1.21
NP,Italy,184,6.06
NP,Montenegro,186,-1.84
NP,Croatia,187,-1.07
NP,Slovenia,188,-2.65
NP,Lithuania,189,-0.08
NP,Iran,191,0.04
NP,Guinea Bissau,193,-0.45
NP,Guinea,194,-0.53
NP,Ivory Coast,195,-0.51
NP,Nigeria,196,-2.63
NP,Cameroon,197,0.56
NP,Gabon,198,-1.07
NP,Democratic Republic of the Congo,199,-2
NP,Angola,200,-0.88
NP,Tanzania,202,-1.33
NP,India,203,-1.27
NP,Bangladesh,204,-0.06
NP,Myanmar,205,0.01
NP,Malaysia,206,-1.73
NP,Vietnam,207,-0.46
NP,Singapore,208,2.29
NP,China,209,2.74
NP,Japan,210,2.91
NP,Gilbert Islands (Kiribati),212,-4.27
NP,Egypt,214,1.24
NP,Indonesia,216,3.44
NP,Canada,218,0.34
NP,Saint Pierre and Miquelon,219,1.83
NP,Sweden,222,-0.01
NP,Norway,223,0.01
NP,Chile,224,2.95
NP,Jersey,227,0.5
NP,Guernsey,228,0.5
NP,East Timor,231,0.25
NP,Curacao,244,0.53
NP,Brunei,247,-0.09
NP,Aruba,250,-0.62
SP,eez_weighted_avg,0,0.16
SP,Cocos Islands,1,3.75
SP,Christmas Island,2,1.61
SP,Norfolk Island,3,4.22
SP,Macquarie Island,4,-0.26
SP,New Caledonia,5,-0.09
SP,Vanuatu,6,-0.46
SP,Solomon Islands,7,-0.34
SP,Palau,8,-0.4
SP,Micronesia,9,-0.43
SP,Nauru,10,-0.57
SP,Marshall Islands,11,-0.54
SP,Wake Island,12,-0.53
SP,Northern Mariana Islands and Guam,13,-0.56
SP,Taiwan,14,-0.36
SP,Philippines,15,0.87
SP,Australia,16,-0.02
SP,Papua New Guinea,17,-0.34
SP,Fiji,18,-0.24
SP,Tuvalu,19,-0.45
SP,South Korea,20,0.04
SP,North Korea,21,-0.06
SP,Cambodia,24,0.57
SP,Thailand,25,1.36
SP,Andaman and Nicobar,26,-0.35
SP,Comoro Islands,28,0.25
SP,Mayotte,29,-0.32
SP,Glorioso Islands,30,5.26
SP,Seychelles,31,2.34
SP,R_union,32,-0.38
SP,Juan de Nova Island,33,0.32
SP,Bassas da India,34,0.32
SP,Ile Europa,35,0.32
SP,Ile Tromelin,36,0.32
SP,Mauritius,37,-0.02
SP,British Indian Ocean Territory,38,-0.48
SP,Maldives,39,-0.21
SP,Sri Lanka,40,0.76
SP,Mozambique,41,-0.27
SP,Madagascar,42,1.41
SP,Kenya,43,-0.18
SP,Somalia,44,-0.31
SP,Eritrea,45,-0.28
SP,Djibouti,46,-0.28
SP,Yemen,47,-0.07
SP,Oman,48,1.41
SP,Sudan,49,-0.48
SP,Saudi Arabia,50,0.75
SP,Kuwait,51,0.11
SP,Bahrain,52,-0.08
SP,Pakistan,53,0.87
SP,United Arab Emirates,54,-0.05
SP,Azores,55,-0.21
SP,Cape Verde,56,-0.01
SP,Madeira,57,0.02
SP,Canary Islands,58,0.02
SP,Belgium,59,0
SP,Gibraltar,60,-0.08
SP,Tunisia,61,-0.32
SP,Morocco,62,-0.03
SP,Western Sahara,63,-0.33
SP,Mauritania,64,-0.17
SP,Gambia,65,-0.07
SP,Senegal,66,0.43
SP,Libya,67,0.06
SP,Malta,68,0.21
SP,Latvia,69,-0.02
SP,Estonia,70,-0.02
SP,Bulgaria,71,0
SP,Romania,72,0
SP,Russia,73,0.14
SP,Georgia,74,-0.16
SP,Ukraine,75,0
SP,Turkey,76,-0.01
SP,Syria,77,0.23
SP,Lebanon,78,0.24
SP,Israel,79,0.79
SP,Greece,80,0.01
SP,Cyprus,81,1.48
SP,Albania,82,-0.14
SP,Algeria,84,0.01
SP,Ascension,85,4.29
SP,Saint Helena,86,-0.15
SP,Tristan da Cunha,88,-0.15
SP,South Georgia and the South Sandwich Islands,89,0.26
SP,Prince Edward Islands,90,1.07
SP,Crozet Islands,91,0.32
SP,Amsterdam Island and Saint Paul Island,92,0.32
SP,Kerguelen Islands,93,0.32
SP,Heard and McDonald Islands,94,0.42
SP,Falkland Islands,95,0.01
SP,Sierra Leone,96,-0.15
SP,Liberia,97,-0.25
SP,Togo,98,-0.08
SP,Benin,99,-0.25
SP,Republique du Congo,100,0.5
SP,Namibia,101,-0.23
SP,South Africa,102,0.77
SP,Sao Tome and Principe,103,-0.26
SP,Equatorial Guinea,104,0.12
SP,Bouvet Island,105,0.67
SP,Ghana,106,-0.28
SP,Clipperton Island,107,4.18
SP,Bermuda,108,-0.13
SP,Bahamas,110,0.2
SP,Turks and Caicos Islands,111,-0.24
SP,Cuba,112,-0.24
SP,Cayman Islands,113,-0.33
SP,Haiti,114,1.27
SP,Dominican Republic,115,-0.16
SP,Puerto Rico and Virgin Islands of the United States,116,-0.21
SP,British Virgin Islands,117,-0.23
SP,Anguilla,118,-0.24
SP,Saint Kitts and Nevis,119,2.91
SP,Antigua and Barbuda,120,0.37
SP,Montserrat,121,-0.2
SP,Saint Lucia,122,-0.2
SP,Dominica,123,-0.33
SP,Barbados,124,-0.24
SP,Grenada,125,0.17
SP,Trinidad and Tobago,126,-0.18
SP,Saint Vincent and the Grenadines,127,-0.2
SP,Panama,129,-0.21
SP,Costa Rica,130,-0.14
SP,Nicaragua,131,-0.21
SP,Colombia,132,1.18
SP,Honduras,133,-0.22
SP,El Salvador,134,-0.17
SP,Mexico,135,-0.09
SP,Guatemala,136,-0.14
SP,Ecuador,137,-0.17
SP,Peru,138,-0.04
SP,Venezuela,139,-0.31
SP,Guadeloupe and Martinique,140,-0.22
SP,Faeroe Islands,141,-0.22
SP,Iceland,143,0.05
SP,Jan Mayen,144,0.15
SP,Greenland,145,0.01
SP,Pitcairn,146,4.03
SP,French Polynesia,147,-0.38
SP,Line Islands (Kiribati),148,-0.49
SP,Jarvis Island,149,-0.53
SP,Palmyra Atoll,150,-0.53
SP,American Samoa,151,-0.45
SP,Samoa,152,-0.48
SP,Cook Islands,153,4.33
SP,Niue,154,-0.51
SP,Tonga,155,-0.36
SP,Tokelau,156,-0.54
SP,Phoenix Islands (Kiribati),157,-0.49
SP,Howland Island and Baker Island,158,-0.53
SP,Johnston Atoll,159,-0.53
SP,Wallis and Futuna,161,-0.53
SP,New Zealand,162,0.05
SP,United States,163,-0.06
SP,Belize,164,1.57
SP,Jamaica,166,-0.17
SP,Guyana,167,-0.66
SP,Suriname,168,-0.28
SP,French Guiana,169,-0.26
SP,Brazil,171,-0.12
SP,Argentina,172,0.17
SP,Uruguay,173,0.51
SP,Finland,174,0.05
SP,Denmark,175,-0.01
SP,Germany,176,-0.02
SP,Netherlands,177,0
SP,Poland,178,-0.02
SP,France,179,0
SP,United Kingdom,180,-0.05
SP,Ireland,181,2.01
SP,Spain,182,0.04
SP,Portugal,183,-0.02
SP,Italy,184,0.09
SP,Monaco,185,-0.64
SP,Montenegro,186,-0.02
SP,Croatia,187,1.24
SP,Slovenia,188,0.65
SP,Lithuania,189,-0.02
SP,Qatar,190,-0.35
SP,Iran,191,-0.31
SP,Iraq,192,-0.35
SP,Guinea Bissau,193,-0.19
SP,Guinea,194,-0.18
SP,Ivory Coast,195,-0.2
SP,Nigeria,196,-0.19
SP,Cameroon,197,0.74
SP,Gabon,198,1.05
SP,Democratic Republic of the Congo,199,0.06
SP,Angola,200,-0.03
SP,Tanzania,202,-0.23
SP,India,203,-0.29
SP,Bangladesh,204,1.54
SP,Myanmar,205,-0.17
SP,Malaysia,206,0.68
SP,Vietnam,207,-0.33
SP,Singapore,208,-0.45
SP,China,209,-0.16
SP,Japan,210,0.05
SP,Gilbert Islands (Kiribati),212,-0.41
SP,Egypt,214,-0.26
SP,Jordan,215,0.84
SP,Indonesia,216,0.07
SP,Canada,218,0.38
SP,Saint Pierre and Miquelon,219,0.02
SP,Sint Maarten,220,-0.61
SP,Northern Saint-Martin,221,-0.27
SP,Sweden,222,0.33
SP,Norway,223,0.08
SP,Chile,224,0.11
SP,Jersey,227,0.28
SP,Guernsey,228,0.13
SP,East Timor,231,-0.37
SP,Bosnia and Herzegovina,232,-0.01
SP,Oecussi Ambeno,237,0.42
SP,Curacao,244,-0.27
SP,Bonaire,245,1.38
SP,Brunei,247,-0.35
SP,Saba,248,0.34
SP,Sint Eustatius,249,0.86
SP,Aruba,250,-0.28
SPP,eez_weighted_avg,0,-0.19
SPP,Cocos Islands,1,-0.2
SPP,Christmas Island,2,-0.18
SPP,Norfolk Island,3,0
SPP,Macquarie Island,4,0.18
SPP,New Caledonia,5,-0.29
SPP,Vanuatu,6,-0.29
SPP,Solomon Islands,7,-0.2
SPP,Palau,8,-0.21
SPP,Micronesia,9,-0.22
SPP,Nauru,10,-0.22
SPP,Marshall Islands,11,-0.23
SPP,Wake Island,12,-0.25
SPP,Northern Mariana Islands and Guam,13,-0.2
SPP,Taiwan,14,-0.35
SPP,Philippines,15,-0.19
SPP,Australia,16,-0.35
SPP,Papua New Guinea,17,-0.28
SPP,Fiji,18,-0.28
SPP,Tuvalu,19,-0.3
SPP,South Korea,20,-0.5
SPP,North Korea,21,-0.29
SPP,Cambodia,24,-0.46
SPP,Thailand,25,-0.44
SPP,Andaman and Nicobar,26,-0.29
SPP,Comoro Islands,28,-0.15
SPP,Mayotte,29,-0.17
SPP,Glorioso Islands,30,-0.18
SPP,Seychelles,31,-0.26
SPP,R_union,32,-0.19
SPP,Juan de Nova Island,33,-0.18
SPP,Bassas da India,34,-0.15
SPP,Ile Europa,35,-0.11
SPP,Ile Tromelin,36,-0.21
SPP,Mauritius,37,-0.24
SPP,British Indian Ocean Territory,38,-0.25
SPP,Maldives,39,-0.26
SPP,Sri Lanka,40,-0.32
SPP,Mozambique,41,-0.33
SPP,Madagascar,42,-0.16
SPP,Kenya,43,-0.26
SPP,Somalia,44,-0.26
SPP,Eritrea,45,-0.49
SPP,Djibouti,46,-0.35
SPP,Yemen,47,-0.44
SPP,Oman,48,-0.35
SPP,Sudan,49,-0.4
SPP,Saudi Arabia,50,-0.36
SPP,Kuwait,51,-0.55
SPP,Bahrain,52,-0.48
SPP,Pakistan,53,-0.3
SPP,United Arab Emirates,54,-0.69
SPP,Azores,55,-0.13
SPP,Cape Verde,56,-0.05
SPP,Madeira,57,-0.19
SPP,Canary Islands,58,-0.24
SPP,Belgium,59,0.14
SPP,Gibraltar,60,-0.42
SPP,Tunisia,61,-0.47
SPP,Morocco,62,-0.27
SPP,Western Sahara,63,-0.22
SPP,Mauritania,64,-0.22
SPP,Gambia,65,-0.11
SPP,Senegal,66,-0.13
SPP,Libya,67,-0.55
SPP,Malta,68,-0.44
SPP,Latvia,69,0.24
SPP,Estonia,70,0.24
SPP,Bulgaria,71,-0.54
SPP,Romania,72,-0.51
SPP,Russia,73,-0.09
SPP,Georgia,74,-0.43
SPP,Ukraine,75,-0.53
SPP,Turkey,76,-0.53
SPP,Syria,77,-0.46
SPP,Lebanon,78,-0.51
SPP,Israel,79,-0.45
SPP,Greece,80,-0.58
SPP,Cyprus,81,-0.52
SPP,Albania,82,-0.51
SPP,Algeria,84,-0.5
SPP,Ascension,85,-0.08
SPP,Saint Helena,86,-0.1
SPP,Tristan da Cunha,88,0.08
SPP,South Georgia and the South Sandwich Islands,89,0.19
SPP,Prince Edward Islands,90,0.09
SPP,Crozet Islands,91,0.13
SPP,Amsterdam Island and Saint Paul Island,92,0.08
SPP,Kerguelen Islands,93,0.21
SPP,Heard and McDonald Islands,94,0.21
SPP,Falkland Islands,95,0.1
SPP,Sierra Leone,96,-0.15
SPP,Liberia,97,-0.18
SPP,Togo,98,-0.17
SPP,Benin,99,-0.24
SPP,Republique du Congo,100,-0.09
SPP,Namibia,101,-0.16
SPP,South Africa,102,-0.12
SPP,Sao Tome and Principe,103,-0.15
SPP,Equatorial Guinea,104,-0.19
SPP,Bouvet Island,105,0.2
SPP,Ghana,106,-0.18
SPP,Clipperton Island,107,-0.33
SPP,Bermuda,108,-0.04
SPP,Bahamas,110,-0.46
SPP,Turks and Caicos Islands,111,-0.26
SPP,Cuba,112,-0.45
SPP,Cayman Islands,113,-0.19
SPP,Haiti,114,-0.34
SPP,Dominican Republic,115,-0.27
SPP,Puerto Rico and Virgin Islands of the United States,116,-0.23
SPP,British Virgin Islands,117,-0.18
SPP,Anguilla,118,-0.21
SPP,Saint Kitts and Nevis,119,-0.36
SPP,Antigua and Barbuda,120,-0.21
SPP,Montserrat,121,-0.33
SPP,Saint Lucia,122,-0.35
SPP,Dominica,123,-0.22
SPP,Barbados,124,-0.09
SPP,Grenada,125,-0.37
SPP,Trinidad and Tobago,126,-0.48
SPP,Saint Vincent and the Grenadines,127,-0.32
SPP,Panama,129,-0.36
SPP,Costa Rica,130,-0.26
SPP,Nicaragua,131,-0.54
SPP,Colombia,132,-0.3
SPP,Honduras,133,-0.51
SPP,El Salvador,134,-0.3
SPP,Mexico,135,-0.37
SPP,Guatemala,136,-0.23
SPP,Ecuador,137,-0.28
SPP,Peru,138,-0.2
SPP,Venezuela,139,-0.5
SPP,Guadeloupe and Martinique,140,-0.21
SPP,Faeroe Islands,141,0.3
SPP,Iceland,143,-0.13
SPP,Jan Mayen,144,0.08
SPP,Greenland,145,-0.17
SPP,Pitcairn,146,-0.09
SPP,French Polynesia,147,-0.24
SPP,Line Islands (Kiribati),148,-0.33
SPP,Jarvis Island,149,-0.33
SPP,Palmyra Atoll,150,-0.29
SPP,American Samoa,151,-0.29
SPP,Samoa,152,-0.29
SPP,Cook Islands,153,-0.27
SPP,Niue,154,-0.23
SPP,Tonga,155,-0.26
SPP,Tokelau,156,-0.33
SPP,Phoenix Islands (Kiribati),157,-0.32
SPP,Howland Island and Baker Island,158,-0.28
SPP,Johnston Atoll,159,-0.25
SPP,Wallis and Futuna,161,-0.27
SPP,New Zealand,162,0.08
SPP,United States,163,-0.17
SPP,Belize,164,-0.53
SPP,Jamaica,166,-0.24
SPP,Guyana,167,-0.23
SPP,Suriname,168,-0.28
SPP,French Guiana,169,-0.23
SPP,Brazil,171,-0.23
SPP,Argentina,172,-0.11
SPP,Uruguay,173,-0.21
SPP,Finland,174,-0.01
SPP,Denmark,175,0.15
SPP,Germany,176,0.11
SPP,Netherlands,177,0.1
SPP,Poland,178,0.38
SPP,France,179,-0.04
SPP,United Kingdom,180,0.17
SPP,Ireland,181,0.17
SPP,Spain,182,-0.21
SPP,Portugal,183,-0.09
SPP,Italy,184,-0.55
SPP,Monaco,185,-0.66
SPP,Montenegro,186,-0.51
SPP,Croatia,187,-0.5
SPP,Slovenia,188,-0.51
SPP,Lithuania,189,0.2
SPP,Qatar,190,-0.71
SPP,Iran,191,-0.55
SPP,Iraq,192,-0.49
SPP,Guinea Bissau,193,-0.19
SPP,Guinea,194,-0.26
SPP,Ivory Coast,195,-0.12
SPP,Nigeria,196,-0.26
SPP,Cameroon,197,-0.19
SPP,Gabon,198,-0.2
SPP,Democratic Republic of the Congo,199,-0.31
SPP,Angola,200,-0.12
SPP,Tanzania,202,-0.27
SPP,India,203,-0.34
SPP,Bangladesh,204,-0.4
SPP,Myanmar,205,-0.46
SPP,Malaysia,206,-0.25
SPP,Vietnam,207,-0.33
SPP,Singapore,208,-0.39
SPP,China,209,-0.35
SPP,Japan,210,-0.27
SPP,Gilbert Islands (Kiribati),212,-0.24
SPP,Egypt,214,-0.46
SPP,Jordan,215,-0.37
SPP,Indonesia,216,-0.24
SPP,Canada,218,-0.09
SPP,Saint Pierre and Miquelon,219,-0.02
SPP,Sint Maarten,220,-0.44
SPP,Northern Saint-Martin,221,-0.57
SPP,Sweden,222,0.17
SPP,Norway,223,0.09
SPP,Chile,224,0.14
SPP,Jersey,227,0.11
SPP,Guernsey,228,0.15
SPP,East Timor,231,-0.1
SPP,Bosnia and Herzegovina,232,-0.5
SPP,Oecussi Ambeno,237,-0.06
SPP,Curacao,244,-0.22
SPP,Bonaire,245,-0.28
SPP,Brunei,247,-0.28
SPP,Saba,248,-0.25
SPP,Sint Eustatius,249,-0.24
SPP,Aruba,250,-0.3
TR,eez_weighted_avg,0,-2.42
TR,New Caledonia,5,-4.18
TR,Vanuatu,6,-4.91
TR,Solomon Islands,7,-5.11
TR,Palau,8,-2.89
TR,Micronesia,9,-6.32
TR,Marshall Islands,11,-4.75
TR,Northern Mariana Islands and Guam,13,-4.55
TR,Philippines,15,-1.67
TR,Papua New Guinea,17,-5.27
TR,Fiji,18,-2.77
TR,Tuvalu,19,-1.43
TR,South Korea,20,-5
TR,Cambodia,24,-0.98
TR,Thailand,25,-1.55
TR,Comoro Islands,28,2.5
TR,Seychelles,31,0.63
TR,Mauritius,37,-1.63
TR,Maldives,39,0.45
TR,Sri Lanka,40,-0.08
TR,Mozambique,41,-1.14
TR,Madagascar,42,-1.71
TR,Kenya,43,-2.07
TR,Djibouti,46,3.99
TR,Yemen,47,-5.62
TR,Oman,48,-0.85
TR,Sudan,49,0.7
TR,Saudi Arabia,50,-2.27
TR,Kuwait,51,-2.59
TR,Bahrain,52,-2.21
TR,Pakistan,53,1.46
TR,United Arab Emirates,54,2.33
TR,Cape Verde,56,0.59
TR,Belgium,59,-1.87
TR,Tunisia,61,-2.29
TR,Morocco,62,-1.22
TR,Gambia,65,3.86
TR,Senegal,66,-0.16
TR,Libya,67,-2.9
TR,Malta,68,-0.04
TR,Latvia,69,-1.14
TR,Estonia,70,-3.22
TR,Bulgaria,71,-1.37
TR,Russia,73,-1.13
TR,Georgia,74,1.18
TR,Ukraine,75,-6.4
TR,Turkey,76,-0.41
TR,Syria,77,-0.71
TR,Lebanon,78,-1.17
TR,Israel,79,-2.12
TR,Greece,80,1.09
TR,Cyprus,81,0.42
TR,Albania,82,4.29
TR,Sierra Leone,96,0.44
TR,Togo,98,4.25
TR,Benin,99,3.3
TR,Republique du Congo,100,-1.47
TR,Namibia,101,-1
TR,South Africa,102,-2.85
TR,Sao Tome and Principe,103,1.96
TR,Ghana,106,-0.9
TR,Bermuda,108,-3.98
TR,Bahamas,110,-1.48
TR,Turks and Caicos Islands,111,1.65
TR,Cuba,112,-1.26
TR,Cayman Islands,113,-2.34
TR,Haiti,114,-1.19
TR,Dominican Republic,115,0.88
TR,Puerto Rico and Virgin Islands of the United States,116,-1.16
TR,British Virgin Islands,117,-4.77
TR,Saint Kitts and Nevis,119,-2.77
TR,Antigua and Barbuda,120,-1.25
TR,Saint Lucia,122,-0.93
TR,Dominica,123,-3.85
TR,Barbados,124,-2.21
TR,Grenada,125,-0.5
TR,Trinidad and Tobago,126,-4.71
TR,Saint Vincent and the Grenadines,127,-2.53
TR,Panama,129,-2.2
TR,Costa Rica,130,-0.92
TR,Nicaragua,131,-2.75
TR,Colombia,132,2.04
TR,Honduras,133,-2.45
TR,El Salvador,134,0.67
TR,Mexico,135,2.59
TR,Guatemala,136,-0.24
TR,Peru,138,-1.57
TR,Venezuela,139,-2.68
TR,Iceland,143,3.53
TR,French Polynesia,147,-1.25
TR,American Samoa,151,-6.99
TR,Samoa,152,-4.54
TR,Tonga,155,-4.28
TR,New Zealand,162,-3.47
TR,United States,163,-3.87
TR,Belize,164,0.84
TR,Jamaica,166,-0.45
TR,Guyana,167,1.42
TR,Suriname,168,-0.84
TR,Brazil,171,-3.9
TR,Argentina,172,-3.99
TR,Uruguay,173,-0.82
TR,Finland,174,-4.48
TR,Denmark,175,0.7
TR,Germany,176,-2.72
TR,Netherlands,177,-0.34
TR,Poland,178,-0.44
TR,France,179,-2.2
TR,United Kingdom,180,-3.47
TR,Ireland,181,-0.78
TR,Spain,182,-1.42
TR,Portugal,183,1.28
TR,Italy,184,-1.57
TR,Monaco,185,-1.73
TR,Montenegro,186,1.3
TR,Croatia,187,1.44
TR,Slovenia,188,1.31
TR,Lithuania,189,-1.43
TR,Qatar,190,-1.54
TR,Guinea Bissau,193,0.54
TR,Guinea,194,1.54
TR,Nigeria,196,0.76
TR,Cameroon,197,-0.77
TR,Democratic Republic of the Congo,199,3.22
TR,Angola,200,-2.1
TR,Tanzania,202,1.65
TR,India,203,2.81
TR,Bangladesh,204,1
TR,Myanmar,205,0.07
TR,Malaysia,206,-5.57
TR,Vietnam,207,-1.18
TR,Singapore,208,-3.74
TR,China,209,-5.99
TR,Gilbert Islands (Kiribati),212,-4.08
TR,Egypt,214,-1.18
TR,Jordan,215,-3.23
TR,Indonesia,216,-3.12
TR,Canada,218,-4.3
TR,Sint Maarten,220,-4.01
TR,Sweden,222,-2.91
TR,Norway,223,-2.35
TR,Chile,224,-2.37
TR,East Timor,231,-2.55
TR,Bosnia and Herzegovina,232,2.73
TR,Curacao,244,-1.4
TR,Brunei,247,-4.82
TR,Aruba,250,-0.5
NP,Maldives,39,0.3
NP,Oman,48,2.05
NP,Jordan,215,-9.62
NP,British Indian Ocean Territory,38,NA
NP,Albania,82,-11.42
NP,Barbados,124,-6.86
NP,Grenada,125,10.39
NP,Jarvis Island,149,15.78
NP,Northern Mariana Islands and Guam,13,-0.29
NP,Puerto Rico and Virgin Islands of the United States,116,40.35
NP,Palmyra Atoll,150,-0.29
NP,Howland Island and Baker Island,158,-0.29
NP,Ascension,85,NA
NP,Dominica,123,-0
