"rgn_id","habitat","health"
3,"coral",1
2,"coral",1
1,"coral",1
3,"soft_bottom",1
2,"soft_bottom",1
1,"soft_bottom",1
3,"seagrass",0.855116269050631
2,"seagrass",0.855116269050631
1,"seagrass",0.855116269050631
4,"soft_bottom",1
94,"soft_bottom",1
5,"mangrove",0.798076923076923
5,"seagrass",0.721897450142865
5,"soft_bottom",1
5,"coral",0.730957557997747
6,"mangrove",0.833333333333333
6,"soft_bottom",1
6,"coral",0.964113890082612
6,"seagrass",0.855116269050631
7,"mangrove",0.687086092715232
7,"soft_bottom",1
7,"coral",0.730957557997747
7,"seagrass",0.721897450142865
8,"mangrove",1
8,"seagrass",0.855116269050631
8,"soft_bottom",1
8,"coral",1
9,"mangrove",1
9,"seagrass",0.855116269050631
9,"soft_bottom",1
9,"coral",0.964113890082612
10,"soft_bottom",1
10,"coral",0.964113890082612
11,"seagrass",0.855116269050631
11,"coral",0.964113890082612
11,"soft_bottom",1
14,"coral",1
14,"soft_bottom",0.946175390377
14,"seagrass",0.912847483095417
15,"mangrove",0.813559322033898
15,"seagrass",0.912847483095417
15,"coral",1
15,"soft_bottom",0.725606933915
16,"saltmarsh",1
16,"soft_bottom",1
16,"coral",0.730957557997747
16,"seagrass",0.721897450142865
16,"mangrove",0.99519890260631
17,"soft_bottom",1
17,"mangrove",0.697247706422018
17,"coral",0.953679013210641
17,"seagrass",0.721897450142865
18,"soft_bottom",1
18,"mangrove",0.778723404255319
18,"coral",1
18,"seagrass",0.855116269050631
19,"soft_bottom",1
19,"coral",1
20,"seagrass",0
20,"soft_bottom",0.921364481509
21,"soft_bottom",0.98465945832
24,"mangrove",0.758771929824561
24,"soft_bottom",0.981199858956
24,"coral",1
25,"seagrass",0.855116269050631
25,"coral",1
25,"mangrove",0.857142857142857
25,"soft_bottom",0.951684150704
28,"seagrass",0.855116269050631
28,"coral",0.755307777337641
28,"soft_bottom",1
35,"seagrass",0.855116269050631
32,"seagrass",0.855116269050631
29,"seagrass",0.855116269050631
34,"seagrass",0.855116269050631
36,"seagrass",0.855116269050631
33,"seagrass",0.855116269050631
30,"seagrass",0.855116269050631
35,"mangrove",1
32,"mangrove",1
29,"mangrove",1
34,"mangrove",1
36,"mangrove",1
33,"mangrove",1
30,"mangrove",1
35,"soft_bottom",1
32,"soft_bottom",1
29,"soft_bottom",1
34,"soft_bottom",1
36,"soft_bottom",1
33,"soft_bottom",1
30,"soft_bottom",1
35,"coral",0.855746556788467
32,"coral",0.855746556788467
29,"coral",0.855746556788467
34,"coral",0.855746556788467
36,"coral",0.855746556788467
33,"coral",0.855746556788467
30,"coral",0.855746556788467
31,"mangrove",1
31,"soft_bottom",1
31,"coral",0.855746556788467
37,"coral",0.855746556788467
37,"seagrass",0.855116269050631
37,"soft_bottom",1
38,"soft_bottom",1
38,"coral",1
39,"coral",1
39,"soft_bottom",1
39,"mangrove",0.885170418930361
39,"seagrass",0.855116269050631
40,"mangrove",0.916666666666667
40,"coral",1
40,"soft_bottom",1
40,"seagrass",0.855116269050631
41,"soft_bottom",0.996021604259
41,"mangrove",0.96944099378882
41,"seagrass",1
41,"coral",0.755307777337641
42,"mangrove",0.909090909090909
42,"soft_bottom",1
42,"seagrass",0.855116269050631
42,"coral",0.755307777337641
43,"seagrass",0.855116269050631
43,"mangrove",0.914076782449726
43,"coral",0.580673354488477
43,"soft_bottom",1
44,"coral",0.580673354488477
44,"soft_bottom",1
44,"mangrove",0.768421052631579
45,"soft_bottom",1
45,"coral",0.984538344672957
45,"seagrass",0.855116269050631
45,"mangrove",0.955223880597015
46,"coral",0.984538344672957
46,"soft_bottom",1
47,"soft_bottom",0.943172795371
47,"seagrass",0.855116269050631
47,"coral",0.984538344672957
47,"mangrove",0.9
48,"soft_bottom",0.952118291254
48,"coral",0.984538344672957
49,"mangrove",1
49,"seagrass",0.855116269050631
49,"soft_bottom",0.997904223373
49,"coral",0.984538344672957
50,"seagrass",0.855116269050631
50,"soft_bottom",0.975020160706
50,"coral",0.984538344672957
50,"mangrove",0.952380952380952
51,"soft_bottom",0.975638307842
51,"seagrass",0.855116269050631
51,"coral",0.984538344672957
52,"soft_bottom",0.904210489541
52,"seagrass",0.855116269050631
52,"mangrove",0.6
52,"coral",0.984538344672957
53,"mangrove",0.455072463768116
53,"soft_bottom",0.899305032562
54,"coral",0.984538344672957
54,"soft_bottom",1
54,"seagrass",0.855116269050631
54,"mangrove",1
56,"soft_bottom",0.989096178422
59,"soft_bottom",0.942006842687
59,"saltmarsh",1
60,"soft_bottom",1
61,"soft_bottom",0.94387682985
62,"soft_bottom",0.862232893006
63,"soft_bottom",0.987279566106
64,"soft_bottom",0.940426826266
65,"soft_bottom",0.884607535953
65,"mangrove",0.823863636363636
66,"mangrove",0.680473372781065
66,"soft_bottom",0.813941819112
66,"seagrass",0.258539503138599
67,"soft_bottom",1
68,"soft_bottom",0.945953783461
68,"seagrass",0.82451230316197
69,"soft_bottom",1
69,"saltmarsh",0.5
70,"soft_bottom",1
70,"saltmarsh",1
71,"soft_bottom",1
72,"soft_bottom",1
73,"soft_bottom",0.99425731898
73,"seagrass",1
74,"soft_bottom",1
75,"seagrass",0.82451230316197
75,"soft_bottom",1
76,"soft_bottom",0.861105357631
77,"soft_bottom",0.950184845189
78,"soft_bottom",0.887261458081
79,"seagrass",0.82451230316197
79,"soft_bottom",0.967429403985
80,"soft_bottom",0.917644669567
81,"soft_bottom",0.932802864661
82,"soft_bottom",0.998573899206
84,"soft_bottom",0.882317707522
93,"soft_bottom",1
91,"soft_bottom",1
92,"soft_bottom",1
89,"soft_bottom",0.986376356729
95,"soft_bottom",0.986376356729
88,"soft_bottom",0.986376356729
86,"soft_bottom",0.986376356729
85,"soft_bottom",0.986376356729
96,"soft_bottom",0.933967272404
96,"seagrass",0.258539503138599
96,"mangrove",0.596302921884317
97,"mangrove",0.349740932642487
97,"soft_bottom",0.993978038394
98,"seagrass",1
98,"soft_bottom",0.979809040288
99,"seagrass",1
100,"soft_bottom",0.89572949625
100,"mangrove",0.4
101,"soft_bottom",0.947679444502
90,"seagrass",1
102,"seagrass",1
90,"mangrove",0.857142857142857
102,"mangrove",0.857142857142857
90,"soft_bottom",0.972211724449
102,"soft_bottom",0.972211724449
90,"coral",0.755307777337641
102,"coral",0.755307777337641
103,"soft_bottom",0.992095138637
104,"mangrove",0.936329588014981
104,"soft_bottom",1
106,"soft_bottom",0.930926842793
106,"mangrove",0.688888888888889
106,"seagrass",1
107,"coral",1
107,"soft_bottom",1
110,"seagrass",1
110,"mangrove",0.777777777777778
110,"soft_bottom",1
110,"coral",0.397647968195135
112,"soft_bottom",1
112,"mangrove",1
112,"seagrass",1
112,"coral",0
114,"seagrass",1
114,"soft_bottom",0.982209960978
114,"mangrove",0.769662921348315
114,"coral",0.422740366276086
115,"soft_bottom",0.99074780079
115,"seagrass",1
115,"coral",1
115,"mangrove",0.488372093023256
116,"mangrove",1
116,"seagrass",1
116,"soft_bottom",0.983431313339
116,"coral",0.595384173926359
121,"coral",0.517296486375576
111,"coral",0.517296486375576
108,"coral",0.517296486375576
118,"coral",0.517296486375576
117,"coral",0.517296486375576
113,"coral",0.517296486375576
121,"seagrass",1
111,"seagrass",1
108,"seagrass",1
118,"seagrass",1
117,"seagrass",1
113,"seagrass",1
121,"mangrove",0.969822341202239
111,"mangrove",0.969822341202239
108,"mangrove",0.969822341202239
118,"mangrove",0.969822341202239
117,"mangrove",0.969822341202239
113,"mangrove",0.969822341202239
121,"soft_bottom",1
111,"soft_bottom",1
108,"soft_bottom",1
118,"soft_bottom",1
117,"soft_bottom",1
113,"soft_bottom",1
119,"coral",0.725611882724082
119,"seagrass",1
119,"soft_bottom",1
120,"seagrass",1
120,"coral",0.517296486375576
120,"soft_bottom",1
122,"coral",0.715200330885569
122,"soft_bottom",1
122,"seagrass",0.252772343349348
123,"seagrass",0.252772343349348
123,"soft_bottom",0.941248699187
123,"coral",0.567313208117372
124,"coral",1
124,"seagrass",0.252772343349348
124,"soft_bottom",1
125,"soft_bottom",1
125,"mangrove",0.728813559322034
125,"coral",0.567313208117372
125,"seagrass",0.252772343349348
126,"soft_bottom",1
126,"mangrove",0.933333333333333
126,"coral",0.715200330885569
127,"soft_bottom",1
127,"coral",0.715200330885569
220,"soft_bottom",1
249,"soft_bottom",1
250,"soft_bottom",1
245,"soft_bottom",1
244,"soft_bottom",1
248,"soft_bottom",1
220,"coral",1
249,"coral",1
250,"coral",1
245,"coral",1
244,"coral",1
248,"coral",1
220,"mangrove",0.87719298245614
249,"mangrove",0.87719298245614
250,"mangrove",0.87719298245614
245,"mangrove",0.87719298245614
244,"mangrove",0.87719298245614
248,"mangrove",0.87719298245614
220,"seagrass",1
249,"seagrass",1
250,"seagrass",1
245,"seagrass",1
244,"seagrass",1
248,"seagrass",1
129,"seagrass",0
129,"coral",1
129,"soft_bottom",0.941192353127
129,"mangrove",0.68
130,"coral",1
130,"mangrove",0.646687697160883
130,"soft_bottom",0.985135207237
131,"soft_bottom",0.994192072208
131,"seagrass",0
131,"mangrove",0.62862669245648
131,"coral",1
132,"coral",0.850910287291316
132,"soft_bottom",1
132,"mangrove",0.795454545454545
132,"seagrass",0
133,"coral",0.975251135882013
133,"mangrove",0.440655737704918
133,"soft_bottom",1
133,"seagrass",1
134,"mangrove",0.599571734475375
134,"soft_bottom",0.997210164085
135,"seagrass",1
135,"soft_bottom",0.97103060369
135,"coral",1
135,"mangrove",0.729537366548043
136,"soft_bottom",1
136,"mangrove",0.940860215053763
137,"soft_bottom",0.953081538236
137,"coral",1
137,"mangrove",0.741379310344828
138,"mangrove",0.542168674698795
138,"soft_bottom",0.936891123495
139,"mangrove",0.859615384615385
139,"seagrass",1
139,"soft_bottom",0.925148923945
139,"coral",0.567313208117372
140,"mangrove",0.969387755102041
221,"mangrove",0.969387755102041
140,"soft_bottom",0.979061664075
221,"soft_bottom",0.979061664075
140,"seagrass",1
221,"seagrass",1
140,"coral",0.76285514465227
221,"coral",0.76285514465227
143,"soft_bottom",0.842995645758
146,"coral",1
161,"soft_bottom",1
147,"soft_bottom",1
161,"coral",1
147,"coral",1
161,"seagrass",0.855116269050631
147,"seagrass",0.855116269050631
149,"coral",0.964113890082612
149,"soft_bottom",0.855714548769
13,"coral",1
158,"coral",1
151,"coral",1
13,"seagrass",0.912847483095417
158,"seagrass",0.912847483095417
151,"seagrass",0.912847483095417
13,"soft_bottom",0.877029548413
158,"soft_bottom",0.877029548413
151,"soft_bottom",0.877029548413
152,"seagrass",0.855116269050631
152,"coral",1
155,"seagrass",0.855116269050631
155,"soft_bottom",1
155,"coral",1
155,"mangrove",0.866666666666667
150,"soft_bottom",1
159,"soft_bottom",1
12,"soft_bottom",1
150,"coral",0.743013670160413
159,"coral",0.743013670160413
12,"coral",0.743013670160413
154,"mangrove",0.935483870967742
162,"mangrove",0.935483870967742
156,"mangrove",0.935483870967742
153,"mangrove",0.935483870967742
154,"saltmarsh",0.5
162,"saltmarsh",0.5
156,"saltmarsh",0.5
153,"saltmarsh",0.5
154,"soft_bottom",0.918405279603
162,"soft_bottom",0.918405279603
156,"soft_bottom",0.918405279603
153,"soft_bottom",0.918405279603
154,"coral",1
162,"coral",1
156,"coral",1
153,"coral",1
163,"seagrass",1
163,"soft_bottom",0.958429278325
163,"mangrove",0.709090909090909
163,"saltmarsh",0.5
163,"coral",0.422873323253544
164,"seagrass",0.217264308537159
164,"coral",0.0199508481299071
164,"soft_bottom",0.973168662157
164,"mangrove",0.968152866242038
166,"coral",0.226458805310968
166,"mangrove",0.8
166,"soft_bottom",1
166,"seagrass",1
167,"soft_bottom",0.97200299921
167,"mangrove",0.879120879120879
168,"mangrove",0.994782608695652
168,"soft_bottom",0.990039958487
169,"soft_bottom",1
169,"mangrove",1
171,"soft_bottom",0.9819987002
171,"coral",0.923285557938854
171,"seagrass",1
171,"mangrove",0.952380952380952
172,"soft_bottom",0.933082320141
173,"soft_bottom",0.92342003944
174,"soft_bottom",1
141,"soft_bottom",0.903656562515
175,"soft_bottom",0.903656562515
145,"soft_bottom",0.903656562515
141,"seagrass",1
175,"seagrass",1
145,"seagrass",1
176,"saltmarsh",1
176,"soft_bottom",0.94656138836
177,"seagrass",1
177,"saltmarsh",1
177,"soft_bottom",0.912365821921
178,"soft_bottom",1
178,"seagrass",1
178,"saltmarsh",0.5
179,"soft_bottom",0.894033485818
179,"seagrass",1
179,"saltmarsh",0.5
228,"saltmarsh",0.5
227,"saltmarsh",0.5
180,"saltmarsh",0.5
228,"soft_bottom",0.934666605127
227,"soft_bottom",0.934666605127
180,"soft_bottom",0.934666605127
181,"soft_bottom",0.935619178413
181,"saltmarsh",0.5
58,"soft_bottom",0.88754394896
182,"soft_bottom",0.88754394896
58,"seagrass",0.5
182,"seagrass",0.5
55,"soft_bottom",0.897192773925
183,"soft_bottom",0.897192773925
57,"soft_bottom",0.897192773925
184,"saltmarsh",1
184,"seagrass",0.610246840188935
184,"soft_bottom",0.982434599055
186,"soft_bottom",0.972896443414
187,"soft_bottom",0.972494259699
188,"soft_bottom",0.974856467338
189,"soft_bottom",1
190,"seagrass",0.855116269050631
190,"mangrove",1
190,"coral",0.984538344672957
190,"soft_bottom",1
191,"soft_bottom",0.988029381833
191,"coral",0.984538344672957
191,"mangrove",0.690909090909091
191,"seagrass",0.855116269050631
192,"soft_bottom",0.999814010137
192,"seagrass",0.855116269050631
193,"seagrass",0.258539503138599
193,"mangrove",0.760869565217391
193,"soft_bottom",1
194,"soft_bottom",0.979939134188
194,"seagrass",0.258539503138599
194,"mangrove",0.922459893048128
195,"soft_bottom",1
195,"mangrove",0.327814569536424
196,"soft_bottom",0.00728914684228
196,"seagrass",1
196,"mangrove",0.997997997997998
197,"soft_bottom",0.867004878257
197,"mangrove",0.919117647058823
198,"soft_bottom",0.621753490292
198,"mangrove",0.68649885583524
199,"soft_bottom",1
199,"mangrove",0.306122448979592
200,"seagrass",1
200,"soft_bottom",0.89362771264
200,"mangrove",0.622641509433962
202,"soft_bottom",1
202,"coral",0.580673354488477
202,"mangrove",0.822368421052632
202,"seagrass",0.855116269050631
26,"soft_bottom",0.849098395917
203,"soft_bottom",0.849098395917
26,"mangrove",0.884152358397474
203,"mangrove",0.884152358397474
26,"seagrass",0.855116269050631
203,"seagrass",0.855116269050631
26,"coral",1
203,"coral",1
204,"coral",1
204,"soft_bottom",0.991892088857
204,"mangrove",1
205,"coral",1
205,"seagrass",0.855116269050631
205,"mangrove",0.912691269126913
205,"soft_bottom",0.960680890268
247,"coral",1
206,"coral",1
247,"mangrove",0.838278931750742
206,"mangrove",0.838278931750742
247,"soft_bottom",0.895471741725
206,"soft_bottom",0.895471741725
247,"seagrass",0.855116269050631
206,"seagrass",0.855116269050631
207,"seagrass",0.893645547136102
207,"soft_bottom",0.961703076958
207,"mangrove",0.583317852498607
207,"coral",1
208,"seagrass",0.855116269050631
208,"coral",1
208,"mangrove",0.279329608938548
208,"soft_bottom",0.598465048525
209,"seagrass",0.727201968811659
209,"coral",0.811450896179176
209,"soft_bottom",0.812670839146
209,"saltmarsh",0.5
210,"seagrass",0.912847483095417
210,"coral",1
210,"soft_bottom",0.79953423647
212,"coral",1
148,"coral",1
157,"coral",1
212,"seagrass",0.855116269050631
148,"seagrass",0.855116269050631
157,"seagrass",0.855116269050631
212,"soft_bottom",0.838223722733
148,"soft_bottom",0.838223722733
157,"soft_bottom",0.838223722733
213,"soft_bottom",1
214,"seagrass",0.82451230316197
214,"coral",0.984538344672957
214,"mangrove",1
214,"soft_bottom",1
215,"seagrass",0.855116269050631
215,"coral",0.984538344672957
216,"seagrass",0.721897450142865
216,"soft_bottom",0.962794559433
216,"coral",1
216,"mangrove",0.69047619047619
218,"soft_bottom",1
218,"saltmarsh",0.5
218,"seagrass",1
219,"soft_bottom",1
222,"seagrass",1
222,"saltmarsh",0.5
222,"soft_bottom",1
144,"soft_bottom",0.921047292093
105,"soft_bottom",0.921047292093
223,"soft_bottom",0.921047292093
224,"soft_bottom",0.840083991778
231,"seagrass",0.855116269050631
237,"seagrass",0.855116269050631
231,"mangrove",0.423529411764706
237,"mangrove",0.423529411764706
231,"soft_bottom",1
237,"soft_bottom",1
231,"coral",1
237,"coral",1
232,"soft_bottom",0.701691962123
21,"seaice_edge",1
69,"seaice_edge",0.916666667
70,"seaice_edge",1
73,"seaice_edge",1
143,"seaice_edge",0.461538462
144,"seaice_edge",0.019255456
145,"seaice_edge",0.832101909
163,"seaice_edge",0.963905347
174,"seaice_edge",1
175,"seaice_edge",0.843938204
176,"seaice_edge",0.7281491
177,"seaice_edge",0.134969325
178,"seaice_edge",0.088888889
179,"seaice_edge",0.551148225
180,"seaice_edge",0.601640839
189,"seaice_edge",0.792647059
209,"seaice_edge",1
210,"seaice_edge",1
218,"seaice_edge",0.918449021
222,"seaice_edge",1
223,"seaice_edge",0.836272275
255,"seaice_edge",0.190906483
89,"seaice_edge",0.714864389
213,"seaice_edge",0.982204905
21,"seaice_shoreline",1
69,"seaice_shoreline",1
70,"seaice_shoreline",1
73,"seaice_shoreline",0.923106654
143,"seaice_shoreline",0.493457944
145,"seaice_shoreline",0.921847826
163,"seaice_shoreline",0.965709764
174,"seaice_shoreline",1
175,"seaice_shoreline",1
176,"seaice_shoreline",0.94590846
179,"seaice_shoreline",0.097345133
180,"seaice_shoreline",0.301687764
189,"seaice_shoreline",0.861751152
209,"seaice_shoreline",1
210,"seaice_shoreline",0.93781344
218,"seaice_shoreline",0.933867901
222,"seaice_shoreline",1
223,"seaice_shoreline",0.832558519
255,"seaice_shoreline",0.366007194
213,"seaice_shoreline",0.980240515
