"rgn_id","sciname","category"
82,"Isurus oxyrinchus","VU"
82,"Dermochelys coriacea","CR"
82,"Cetorhinus maximus","VU"
82,"Prionace glauca","NT"
82,"Carcharodon carcharias","VU"
82,"Alopias vulpinus","VU"
82,"Caretta caretta","EN"
84,"Cetorhinus maximus","VU"
84,"Prionace glauca","NT"
84,"Isurus oxyrinchus","VU"
84,"Caretta caretta","EN"
84,"Alopias vulpinus","VU"
84,"Balaenoptera physalus","EN"
84,"Carcharodon carcharias","VU"
151,"Chelonia mydas","EN"
151,"Galeocerdo cuvier","NT"
151,"Triaenodon obesus","NT"
151,"Megaptera novaeangliae","LC"
151,"Prionace glauca","NT"
151,"Eretmochelys imbricata","CR"
151,"Cheilinus undulatus","EN"
151,"Rhincodon typus","VU"
92,"Megaptera novaeangliae","LC"
92,"Balaenoptera musculus","EN"
92,"Balaenoptera physalus","EN"
92,"Balaenoptera borealis","EN"
92,"Chelonia mydas","EN"
92,"Eretmochelys imbricata","CR"
200,"Dermochelys coriacea","CR"
200,"Chelonia mydas","EN"
200,"Balaenoptera musculus","EN"
200,"Lepidochelys olivacea","VU"
200,"Alopias vulpinus","VU"
200,"Balaenoptera borealis","EN"
200,"Isurus oxyrinchus","VU"
200,"Balaenoptera physalus","EN"
200,"Galeocerdo cuvier","NT"
200,"Megaptera novaeangliae","LC"
200,"Rhincodon typus","VU"
200,"Prionace glauca","NT"
118,"Isurus oxyrinchus","VU"
118,"Megaptera novaeangliae","LC"
118,"Galeocerdo cuvier","NT"
118,"Prionace glauca","NT"
118,"Chelonia mydas","EN"
118,"Rhincodon typus","VU"
118,"Balaenoptera acutorostrata","LC"
213,"Balaenoptera acutorostrata","LC"
120,"Isurus oxyrinchus","VU"
120,"Dermochelys coriacea","CR"
120,"Prionace glauca","NT"
120,"Galeocerdo cuvier","NT"
120,"Eretmochelys imbricata","CR"
120,"Rhincodon typus","VU"
120,"Chelonia mydas","EN"
120,"Lepidochelys olivacea","VU"
120,"Balaenoptera acutorostrata","LC"
120," Carcharhinus perezi","NT"
120,"Megaptera novaeangliae","LC"
172,"Megaptera novaeangliae","LC"
172,"Isurus oxyrinchus","VU"
172,"Prionace glauca","NT"
172,"Balaenoptera physalus","EN"
172,"Balaenoptera acutorostrata","LC"
172,"Alopias vulpinus","VU"
172,"Balaenoptera musculus","EN"
172,"Lamna nasus","VU"
172,"Balaenoptera borealis","EN"
172,"Rhincodon typus","VU"
172,"Cetorhinus maximus","VU"
250,"Eretmochelys imbricata","CR"
250,"Prionace glauca","NT"
250,"Dermochelys coriacea","CR"
250,"Galeocerdo cuvier","NT"
250,"Rhincodon typus","VU"
250,"Chelonia mydas","EN"
250,"Balaenoptera acutorostrata","LC"
250,"Megaptera novaeangliae","LC"
250,"Isurus oxyrinchus","VU"
16,"Lepidochelys olivacea","VU"
16,"Phocoena dioptrica","DD"
16,"Delphinus delphis","LC"
16,"Globicephala macrorhynchus","DD"
16,"Eretmochelys imbricata","CR"
16,"Lagenodelphis hosei","LC"
16,"Dermochelys coriacea","CR"
16,"Prionace glauca","NT"
16,"Lissodelphis peronii","DD"
16,"Mesoplodon grayi ","DD"
16,"Lagenorhynchus obscurus","DD"
16,"Caretta caretta","EN"
16,"Peponocephala electra","LC"
16,"Tursiops truncatus","LC"
16,"Carcharodon carcharias","VU"
16,"Stenella attenuata","LC"
16,"Cheilinus undulatus","EN"
16,"Balaenoptera borealis","EN"
16,"Megachasma pelagios","DD"
16,"Isurus paucus","VU"
16,"Pseudorca crassidens ","DD"
16,"Mesoplodon layardii","DD"
16,"Stenella longirostris","DD"
16,"Galeocerdo cuvier","NT"
16,"Carcharhinus melanopterus","NT"
16,"Orcinus orca","DD"
16,"Globicephala melas","DD"
16,"Chelonia mydas","EN"
16,"Feresa attenuata","DD"
16,"Lagenorhynchus cruciger","LC"
16,"Sousa chinensis","NT"
16,"Cetorhinus maximus","VU"
16,"Mesoplodon bowdoini","DD"
16,"Tursiops aduncus","DD"
16,"Carcharhinus amblyrhynchos","NT"
16,"Kogia simus","DD"
16,"Orcaella heinsohni","NT"
16,"Stenella coeruleoalba","LC"
16,"Steno bredanensis","LC"
16,"Isurus oxyrinchus","VU"
16,"Grampus griseus","LC"
16,"Physeter macrocephalus","VU"
16,"Balaenoptera acutorostrata","LC"
16,"Ziphius cavirostris","LC"
16,"Balaenoptera edeni","DD"
16,"Triaenodon obesus","NT"
16,"Kogia breviceps","DD"
16,"Tasmacetus shepherdi ","DD"
16,"Hyperoodon planifrons","LC"
16,"Eubalaena australis ","LC"
16,"Indopacetus pacificus","DD"
16,"Rhincodon typus","VU"
16,"Balaenoptera physalus","EN"
16,"Mesoplodon densirostris","DD"
16,"Mesoplodon hectori","DD"
16,"Alopias vulpinus","VU"
16,"Lamna nasus","VU"
16,"Mesoplodon ginkgodens","DD"
16,"Megaptera novaeangliae","LC"
16,"Natator depressus","DD"
16,"Caperea marginata","DD"
16,"Berardius arnuxii ","DD"
16,"Balaenoptera bonaerensis ","DD"
16,"Balaenoptera musculus","EN"
16,"Mesoplodon mirus","DD"
55,"Eubalaena glacialis","EX"
110,"Eubalaena glacialis","EN"
110,"Carcharodon carcharias","VU"
110,"Balaenoptera borealis","EN"
110,"Dermochelys coriacea","CR"
110,"Isurus oxyrinchus","VU"
110,"Megaptera novaeangliae","LC"
110,"Balaenoptera acutorostrata","LC"
110,"Eretmochelys imbricata","CR"
110,"Alopias vulpinus","VU"
110,"Rhincodon typus","VU"
110,"Balaenoptera musculus","EN"
110,"Caretta caretta","EN"
110,"Prionace glauca","NT"
110," Carcharhinus perezi","NT"
52,"Prionace glauca","NT"
52,"Dermochelys coriacea","CR"
52,"Eretmochelys imbricata","CR"
52,"Caretta caretta","EN"
52,"Rhincodon typus","VU"
52,"Chelonia mydas","EN"
204,"Caretta caretta","EN"
204,"Lepidochelys olivacea","VU"
204,"Rhincodon typus","VU"
204,"Balaenoptera acutorostrata","LC"
204,"Orcaella brevirostris","VU"
204,"Balaenoptera musculus","EN"
204,"Chelonia mydas","EN"
204,"Megaptera novaeangliae","LC"
204,"Isurus oxyrinchus","VU"
204,"Prionace glauca","NT"
124,"Eretmochelys imbricata","CR"
124,"Galeocerdo cuvier","NT"
124," Carcharhinus perezi","NT"
124,"Isurus oxyrinchus","VU"
124,"Chelonia mydas","EN"
124,"Rhincodon typus","VU"
124,"Dermochelys coriacea","CR"
124,"Megaptera novaeangliae","LC"
124,"Prionace glauca","NT"
124,"Carcharodon carcharias","VU"
59,"Eubalaena glacialis","EX"
59,"Cetorhinus maximus","VU"
59,"Balaenoptera physalus","EN"
59,"Balaenoptera acutorostrata","LC"
164,"Chelonia mydas","EN"
164,"Galeocerdo cuvier","NT"
164,"Rhincodon typus","VU"
164,"Eretmochelys imbricata","CR"
164,"Caretta caretta","EN"
164,"Prionace glauca","NT"
164," Carcharhinus perezi","NT"
164,"Isurus oxyrinchus","VU"
99,"Lepidochelys olivacea","VU"
99,"Prionace glauca","NT"
99,"Isurus oxyrinchus","VU"
99,"Megaptera novaeangliae","LC"
99,"Rhincodon typus","VU"
99,"Balaenoptera musculus","EN"
99,"Galeocerdo cuvier","NT"
99,"Dermochelys coriacea","CR"
108,"Isurus oxyrinchus","VU"
108,"Prionace glauca","NT"
108,"Lamna nasus","VU"
108,"Balaenoptera borealis","EN"
108,"Galeocerdo cuvier","NT"
108,"Megaptera novaeangliae","LC"
108,"Balaenoptera acutorostrata","LC"
108,"Balaenoptera musculus","EN"
108,"Eubalaena glacialis","EN"
108,"Balaenoptera physalus","EN"
108,"Chelonia mydas","EN"
108," Carcharhinus perezi","NT"
245,"Eretmochelys imbricata","CR"
245,"Megaptera novaeangliae","LC"
245,"Balaenoptera acutorostrata","LC"
245,"Dermochelys coriacea","CR"
245,"Isurus oxyrinchus","VU"
245,"Rhincodon typus","VU"
245,"Chelonia mydas","EN"
245,"Prionace glauca","NT"
232,"Carcharodon carcharias","VU"
232,"Cetorhinus maximus","VU"
171,"Megachasma pelagios","DD"
171,"Eretmochelys imbricata","CR"
171,"Cetorhinus maximus","VU"
171,"Lepidochelys olivacea","VU"
171,"Megaptera novaeangliae","LC"
171,"Galeocerdo cuvier","NT"
171,"Balaenoptera acutorostrata","LC"
171,"Balaenoptera physalus","EN"
171," Carcharhinus perezi","NT"
171,"Carcharodon carcharias","VU"
171,"Alopias vulpinus","VU"
171,"Lamna nasus","VU"
171,"Dermochelys coriacea","CR"
171,"Prionace glauca","NT"
171,"Isurus paucus","VU"
171,"Chelonia mydas","EN"
171,"Rhincodon typus","VU"
171,"Isurus oxyrinchus","VU"
171,"Balaenoptera borealis","EN"
171,"Balaenoptera musculus","EN"
171,"Caretta caretta","EN"
38,"Carcharhinus amblyrhynchos","NT"
38,"Eretmochelys imbricata","CR"
38,"Alopias vulpinus","VU"
38,"Chelonia mydas","EN"
37,"Cheilinus undulatus","EN"
117,"Megaptera novaeangliae","LC"
247,"Lepidochelys olivacea","VU"
247,"Isurus oxyrinchus","VU"
247,"Orcaella brevirostris","VU"
247,"Rhincodon typus","VU"
71,"Alopias vulpinus","VU"
24,"Eretmochelys imbricata","CR"
24,"Lepidochelys olivacea","VU"
24,"Isurus oxyrinchus","VU"
24,"Rhincodon typus","VU"
24,"Cheilinus undulatus","EN"
24,"Orcaella brevirostris","VU"
197,"Galeocerdo cuvier","NT"
197,"Balaenoptera musculus","EN"
197,"Prionace glauca","NT"
197,"Isurus oxyrinchus","VU"
197,"Rhincodon typus","VU"
197,"Alopias vulpinus","VU"
197,"Lepidochelys olivacea","VU"
197,"Megaptera novaeangliae","LC"
218,"Balaenoptera physalus","EN"
218,"Balaena mysticetus","LC"
218,"Eschrichtius robustus","LC"
218,"Ursus maritimus","VU"
218,"Balaenoptera musculus","EN"
218,"Balaenoptera borealis","EN"
218,"Balaenoptera acutorostrata","LC"
218,"Eubalaena glacialis","EN"
218,"Alopias vulpinus","VU"
218,"Megaptera novaeangliae","LC"
218,"Isurus oxyrinchus","VU"
218,"Lamna nasus","VU"
218,"Cetorhinus maximus","VU"
218,"Prionace glauca","NT"
58,"Eubalaena glacialis","EX"
56,"Balaenoptera borealis","EN"
56,"Prionace glauca","NT"
56,"Balaenoptera acutorostrata","LC"
56,"Alopias vulpinus","VU"
56,"Isurus oxyrinchus","VU"
56,"Megaptera novaeangliae","LC"
56,"Balaenoptera musculus","EN"
56,"Rhincodon typus","VU"
56,"Lepidochelys olivacea","VU"
113,"Caretta caretta","EN"
113,"Prionace glauca","NT"
113,"Rhincodon typus","VU"
113,"Isurus oxyrinchus","VU"
113,"Megaptera novaeangliae","LC"
113,"Galeocerdo cuvier","NT"
113,"Chelonia mydas","EX"
224,"Balaenoptera physalus","EN"
224,"Carcharodon carcharias","VU"
224,"Isurus oxyrinchus","VU"
224,"Balaenoptera borealis","EN"
224,"Lepidochelys olivacea","VU"
224,"Rhincodon typus","VU"
224,"Balaenoptera musculus","EN"
224,"Alopias vulpinus","VU"
224,"Prionace glauca","NT"
224,"Cetorhinus maximus","VU"
224,"Megaptera novaeangliae","LC"
224,"Balaenoptera acutorostrata","LC"
224,"Lamna nasus","VU"
209,"Balaenoptera acutorostrata","LC"
209,"Eretmochelys imbricata","CR"
209,"Alopias vulpinus","VU"
209,"Eschrichtius robustus","LC"
209,"Cheilinus undulatus","EN"
209,"Dermochelys coriacea","CR"
209,"Chelonia mydas","EN"
209,"Balaenoptera physalus","EN"
209,"Isurus oxyrinchus","VU"
209,"Carcharhinus melanopterus","NT"
209,"Prionace glauca","NT"
209,"Balaenoptera musculus","EN"
209,"Rhincodon typus","VU"
209,"Caretta caretta","EN"
209,"Cetorhinus maximus","VU"
2,"Chelonia mydas","EN"
2,"Cheilinus undulatus","EN"
2,"Triaenodon obesus","NT"
1,"Triaenodon obesus","NT"
1,"Cheilinus undulatus","EN"
1,"Chelonia mydas","EN"
1,"Balaenoptera musculus","EN"
1,"Megaptera novaeangliae","LC"
132,"Isurus oxyrinchus","VU"
132,"Alopias vulpinus","VU"
132,"Prionace glauca","NT"
132,"Megaptera novaeangliae","LC"
132,"Rhincodon typus","VU"
132,"Galeocerdo cuvier","NT"
132,"Chelonia mydas","EN"
132,"Lepidochelys olivacea","VU"
132,"Balaenoptera musculus","EN"
132,"Eretmochelys imbricata","CR"
132,"Dermochelys coriacea","CR"
132,"Caretta caretta","EN"
132," Carcharhinus perezi","NT"
28,"Balaenoptera musculus","EN"
28,"Megaptera novaeangliae","LC"
28,"Cheilinus undulatus","EN"
28,"Prionace glauca","NT"
28,"Chelonia mydas","EN"
28,"Eretmochelys imbricata","CR"
28,"Triaenodon obesus","NT"
100,"Balaenoptera physalus","EN"
100,"Galeocerdo cuvier","NT"
100,"Balaenoptera borealis","EN"
100,"Isurus oxyrinchus","VU"
100,"Megaptera novaeangliae","LC"
100,"Lepidochelys olivacea","VU"
100,"Rhincodon typus","VU"
100,"Prionace glauca","NT"
199,"Dermochelys coriacea","CR"
199,"Megaptera novaeangliae","LC"
199,"Rhincodon typus","VU"
153,"Isurus oxyrinchus","VU"
153,"Galeocerdo cuvier","NT"
153,"Balaenoptera musculus","EN"
153,"Prionace glauca","NT"
153,"Cheilinus undulatus","EN"
153,"Triaenodon obesus","NT"
153,"Megaptera novaeangliae","LC"
153,"Chelonia mydas","EN"
153,"Rhincodon typus","VU"
130,"Galeocerdo cuvier","NT"
130,"Balaenoptera musculus","EN"
130,"Eretmochelys imbricata","CR"
130,"Lepidochelys olivacea","VU"
130,"Alopias vulpinus","VU"
130,"Prionace glauca","NT"
130,"Triaenodon obesus","NT"
130," Carcharhinus perezi","NT"
130,"Chelonia mydas","EN"
130,"Rhincodon typus","VU"
130,"Isurus oxyrinchus","VU"
130,"Dermochelys coriacea","CR"
130,"Megaptera novaeangliae","LC"
130,"Caretta caretta","EN"
195,"Isurus oxyrinchus","VU"
195,"Prionace glauca","NT"
195,"Balaenoptera musculus","EN"
195,"Megaptera novaeangliae","LC"
195,"Dermochelys coriacea","CR"
195,"Galeocerdo cuvier","NT"
195,"Alopias vulpinus","VU"
195,"Lepidochelys olivacea","VU"
195,"Rhincodon typus","VU"
187,"Isurus oxyrinchus","VU"
187,"Alopias vulpinus","VU"
187,"Prionace glauca","NT"
187,"Carcharodon carcharias","VU"
187,"Cetorhinus maximus","VU"
91,"Balaenoptera musculus","EN"
91,"Balaenoptera physalus","EN"
91,"Megaptera novaeangliae","LC"
91,"Balaenoptera borealis","EN"
91,"Chelonia mydas","EN"
91,"Eretmochelys imbricata","CR"
112,"Balaenoptera borealis","EN"
112,"Eretmochelys imbricata","CR"
112,"Lepidochelys olivacea","VU"
112,"Balaenoptera acutorostrata","LC"
112,"Megaptera novaeangliae","LC"
112,"Isurus oxyrinchus","VU"
112,"Chelonia mydas","EN"
112," Carcharhinus perezi","NT"
112,"Isurus paucus","VU"
112,"Dermochelys coriacea","CR"
112,"Galeocerdo cuvier","NT"
112,"Caretta caretta","EN"
112,"Alopias vulpinus","VU"
112,"Rhincodon typus","VU"
244,"Balaenoptera acutorostrata","LC"
244,"Chelonia mydas","EN"
244,"Megaptera novaeangliae","LC"
244,"Isurus oxyrinchus","VU"
244,"Dermochelys coriacea","CR"
244,"Rhincodon typus","VU"
244,"Prionace glauca","NT"
244,"Eretmochelys imbricata","CR"
81,"Cetorhinus maximus","VU"
81,"Isurus oxyrinchus","VU"
81,"Alopias vulpinus","VU"
81,"Balaenoptera physalus","EN"
81,"Caretta caretta","EN"
81,"Carcharodon carcharias","VU"
81,"Chelonia mydas","EN"
199,"Balaenoptera borealis","EN"
199,"Balaenoptera physalus","EN"
175,"Megaptera novaeangliae","LC"
175,"Balaenoptera acutorostrata","LC"
175,"Lamna nasus","VU"
175,"Balaenoptera physalus","EN"
175,"Cetorhinus maximus","VU"
175,"Prionace glauca","NT"
255,"Cheilinus undulatus","EN"
46,"Galeocerdo cuvier","NT"
46,"Rhincodon typus","VU"
46,"Prionace glauca","NT"
46,"Cheilinus undulatus","EN"
46,"Megaptera novaeangliae","LC"
46,"Balaenoptera musculus","EN"
46,"Triaenodon obesus","NT"
46,"Carcharhinus melanopterus","NT"
46,"Alopias vulpinus","VU"
123,"Balaenoptera acutorostrata","LC"
123,"Chelonia mydas","EN"
123,"Rhincodon typus","VU"
123,"Megaptera novaeangliae","LC"
123,"Galeocerdo cuvier","NT"
123,"Prionace glauca","NT"
123," Carcharhinus perezi","NT"
123,"Dermochelys coriacea","CR"
123,"Isurus oxyrinchus","VU"
115,"Eretmochelys imbricata","CR"
115,"Chelonia mydas","EN"
115," Carcharhinus perezi","NT"
115,"Prionace glauca","NT"
115,"Galeocerdo cuvier","NT"
115,"Balaenoptera borealis","EN"
115,"Lepidochelys olivacea","VU"
115,"Balaenoptera acutorostrata","LC"
115,"Megaptera novaeangliae","LC"
115,"Isurus oxyrinchus","VU"
115,"Dermochelys coriacea","CR"
115,"Alopias vulpinus","VU"
115,"Caretta caretta","EN"
231,"Balaenoptera musculus","EN"
231,"Megaptera novaeangliae","LC"
137,"Chelonia mydas","EN"
137,"Dermochelys coriacea","CR"
137,"Rhincodon typus","VU"
137,"Lepidochelys olivacea","VU"
137,"Cetorhinus maximus","VU"
137,"Galeocerdo cuvier","NT"
137,"Alopias vulpinus","VU"
137,"Eretmochelys imbricata","CR"
137,"Balaenoptera musculus","EN"
137,"Prionace glauca","NT"
137,"Isurus oxyrinchus","VU"
137,"Balaenoptera acutorostrata","LC"
137,"Megaptera novaeangliae","LC"
214,"Alopias vulpinus","VU"
214,"Rhincodon typus","VU"
214,"Triaenodon obesus","NT"
214,"Balaenoptera physalus","EN"
214,"Cheilinus undulatus","EN"
214,"Galeocerdo cuvier","NT"
214,"Prionace glauca","NT"
214,"Isurus oxyrinchus","VU"
214,"Cetorhinus maximus","VU"
214,"Chelonia mydas","EN"
214,"Eretmochelys imbricata","CR"
214,"Caretta caretta","EN"
214,"Carcharodon carcharias","VU"
134,"Eretmochelys imbricata","CR"
134,"Rhincodon typus","VU"
134,"Alopias vulpinus","VU"
134,"Megaptera novaeangliae","LC"
134,"Lepidochelys olivacea","VU"
134,"Prionace glauca","NT"
134,"Balaenoptera musculus","EN"
134,"Dermochelys coriacea","CR"
134,"Isurus oxyrinchus","VU"
104,"Megaptera novaeangliae","LC"
104,"Isurus oxyrinchus","VU"
104,"Rhincodon typus","VU"
104,"Prionace glauca","NT"
104,"Balaenoptera musculus","EN"
104,"Lepidochelys olivacea","VU"
104,"Eretmochelys imbricata","CR"
104,"Chelonia mydas","EN"
104,"Galeocerdo cuvier","NT"
45,"Galeocerdo cuvier","NT"
45,"Cheilinus undulatus","EN"
45,"Rhincodon typus","VU"
45,"Caretta caretta","EN"
45,"Carcharhinus melanopterus","NT"
45,"Dermochelys coriacea","CR"
45,"Eretmochelys imbricata","CR"
45,"Triaenodon obesus","NT"
45,"Balaenoptera musculus","EN"
45,"Lepidochelys olivacea","VU"
45,"Prionace glauca","NT"
45,"Isurus oxyrinchus","VU"
45,"Chelonia mydas","EN"
95,"Balaenoptera musculus","EN"
95,"Balaenoptera physalus","EN"
95,"Megaptera novaeangliae","LC"
95,"Prionace glauca","NT"
95,"Balaenoptera borealis","EN"
141,"Balaenoptera physalus","EN"
141,"Balaenoptera acutorostrata","LC"
141,"Balaenoptera musculus","EN"
141,"Balaenoptera borealis","EN"
141,"Eubalaena glacialis","EX"
141,"Megaptera novaeangliae","LC"
18,"Rhincodon typus","VU"
18,"Eretmochelys imbricata","CR"
18,"Prionace glauca","NT"
18,"Isurus oxyrinchus","VU"
18,"Balaenoptera physalus","EN"
18,"Triaenodon obesus","NT"
18,"Megaptera novaeangliae","LC"
18,"Cheilinus undulatus","EN"
18,"Dermochelys coriacea","CR"
18,"Galeocerdo cuvier","NT"
18,"Chelonia mydas","EN"
179,"Megaptera novaeangliae","LC"
179,"Alopias vulpinus","VU"
179,"Eubalaena glacialis","EX"
179,"Balaenoptera acutorostrata","LC"
179,"Balaenoptera physalus","EN"
179,"Cetorhinus maximus","VU"
179,"Balaenoptera musculus","EN"
179,"Isurus oxyrinchus","VU"
179,"Carcharodon carcharias","VU"
179,"Caretta caretta","EN"
179,"Lamna nasus","VU"
169,"Chelonia mydas","EN"
169,"Prionace glauca","NT"
169,"Lepidochelys olivacea","VU"
169," Carcharhinus perezi","NT"
169,"Balaenoptera acutorostrata","LC"
169,"Galeocerdo cuvier","NT"
169,"Alopias vulpinus","VU"
169,"Dermochelys coriacea","CR"
169,"Rhincodon typus","VU"
169,"Isurus oxyrinchus","VU"
147,"Galeocerdo cuvier","NT"
147,"Alopias vulpinus","VU"
147,"Triaenodon obesus","NT"
147,"Chelonia mydas","EN"
147,"Carcharhinus amblyrhynchos","NT"
147,"Balaenoptera physalus","EN"
147,"Prionace glauca","NT"
147,"Rhincodon typus","VU"
147,"Isurus oxyrinchus","VU"
147,"Megaptera novaeangliae","LC"
147,"Cheilinus undulatus","EN"
198,"Lepidochelys olivacea","VU"
198,"Balaenoptera musculus","EN"
198,"Alopias vulpinus","VU"
198,"Rhincodon typus","VU"
198,"Isurus oxyrinchus","VU"
198,"Galeocerdo cuvier","NT"
198,"Prionace glauca","NT"
198,"Megaptera novaeangliae","LC"
65,"Megaptera novaeangliae","LC"
65,"Lepidochelys olivacea","VU"
65,"Prionace glauca","NT"
65,"Galeocerdo cuvier","NT"
65,"Rhincodon typus","VU"
65,"Isurus oxyrinchus","VU"
65,"Balaenoptera acutorostrata","LC"
74,"Alopias vulpinus","VU"
176,"Lamna nasus","VU"
176,"Cetorhinus maximus","VU"
176,"Balaenoptera physalus","EN"
176,"Eubalaena glacialis","EX"
106,"Dermochelys coriacea","CR"
106,"Galeocerdo cuvier","NT"
106,"Lepidochelys olivacea","VU"
106,"Alopias vulpinus","VU"
106,"Isurus paucus","VU"
106,"Balaenoptera musculus","EN"
106,"Rhincodon typus","VU"
106,"Isurus oxyrinchus","VU"
106,"Megaptera novaeangliae","LC"
106,"Prionace glauca","NT"
60,"Balaenoptera musculus","EN"
60,"Isurus oxyrinchus","VU"
60,"Carcharodon carcharias","VU"
60,"Balaenoptera borealis","EN"
60,"Balaenoptera physalus","EN"
60,"Alopias vulpinus","VU"
60,"Lamna nasus","VU"
60,"Cetorhinus maximus","VU"
80,"Balaenoptera musculus","EN"
80,"Cetorhinus maximus","VU"
80,"Alopias vulpinus","VU"
80,"Balaenoptera physalus","EN"
80,"Caretta caretta","EN"
80,"Isurus oxyrinchus","VU"
80,"Balaenoptera acutorostrata","LC"
80,"Prionace glauca","NT"
80,"Carcharodon carcharias","VU"
145,"Balaenoptera borealis","EN"
145,"Eubalaena glacialis","EN"
145,"Balaena mysticetus","LC"
145,"Balaenoptera acutorostrata","LC"
145,"Lamna nasus","VU"
145,"Balaenoptera physalus","EN"
145,"Ursus maritimus","VU"
145,"Megaptera novaeangliae","LC"
145,"Balaenoptera musculus","EN"
125,"Prionace glauca","NT"
125,"Galeocerdo cuvier","NT"
125,"Chelonia mydas","EN"
125,"Megaptera novaeangliae","LC"
125,"Isurus oxyrinchus","VU"
125,"Eretmochelys imbricata","CR"
125,"Caretta caretta","EN"
125," Carcharhinus perezi","NT"
125,"Balaenoptera musculus","EN"
125,"Rhincodon typus","VU"
125,"Dermochelys coriacea","CR"
140,"Prionace glauca","NT"
140,"Caretta caretta","EN"
140,"Galeocerdo cuvier","NT"
140,"Balaenoptera acutorostrata","LC"
140,"Megaptera novaeangliae","LC"
140,"Rhincodon typus","VU"
140,"Isurus oxyrinchus","VU"
140,"Dermochelys coriacea","CR"
140,"Eretmochelys imbricata","CR"
140,"Lepidochelys olivacea","VU"
13,"Eretmochelys imbricata","CR"
13,"Galeocerdo cuvier","NT"
13,"Triaenodon obesus","NT"
13,"Prionace glauca","NT"
13,"Megaptera novaeangliae","LC"
13,"Chelonia mydas","EN"
13,"Cheilinus undulatus","EN"
136,"Balaenoptera musculus","EN"
136,"Galeocerdo cuvier","NT"
136,"Dermochelys coriacea","CR"
136,"Prionace glauca","NT"
136,"Alopias vulpinus","VU"
136,"Lepidochelys olivacea","VU"
136,"Caretta caretta","EN"
136,"Rhincodon typus","VU"
136,"Megaptera novaeangliae","LC"
136," Carcharhinus perezi","NT"
136,"Isurus oxyrinchus","VU"
194,"Isurus oxyrinchus","VU"
194,"Rhincodon typus","VU"
194,"Chelonia mydas","EN"
194,"Lepidochelys olivacea","VU"
194,"Prionace glauca","NT"
194,"Lamna nasus","VU"
194,"Galeocerdo cuvier","NT"
194,"Alopias vulpinus","VU"
193,"Isurus oxyrinchus","VU"
193,"Isurus paucus","VU"
193,"Galeocerdo cuvier","NT"
193,"Prionace glauca","NT"
193,"Chelonia mydas","EN"
193,"Alopias vulpinus","VU"
193,"Rhincodon typus","VU"
193,"Lepidochelys olivacea","VU"
167,"Prionace glauca","NT"
167,"Isurus oxyrinchus","VU"
167,"Dermochelys coriacea","CR"
167,"Alopias vulpinus","VU"
167,"Chelonia mydas","EN"
167,"Rhincodon typus","VU"
167,"Galeocerdo cuvier","NT"
167,"Lepidochelys olivacea","VU"
167," Carcharhinus perezi","NT"
114,"Balaenoptera borealis","EN"
114,"Dermochelys coriacea","CR"
114,"Caretta caretta","EN"
114,"Rhincodon typus","VU"
114,"Isurus oxyrinchus","VU"
114,"Chelonia mydas","EN"
114,"Galeocerdo cuvier","NT"
114," Carcharhinus perezi","NT"
114,"Megaptera novaeangliae","LC"
133,"Lepidochelys olivacea","VU"
133,"Megaptera novaeangliae","LC"
133,"Rhincodon typus","VU"
133,"Galeocerdo cuvier","NT"
133," Carcharhinus perezi","NT"
133,"Dermochelys coriacea","CR"
133,"Caretta caretta","EN"
133,"Eretmochelys imbricata","CR"
133,"Isurus oxyrinchus","VU"
133,"Prionace glauca","NT"
143,"Megaptera novaeangliae","LC"
143,"Eschrichtius robustus","EX"
143,"Balaenoptera borealis","EN"
143,"Cetorhinus maximus","VU"
143,"Galeocerdo cuvier","NT"
143,"Balaenoptera acutorostrata","LC"
143,"Balaenoptera musculus","EN"
143,"Eubalaena glacialis","EN"
143,"Balaenoptera physalus","EN"
203,"Carcharhinus melanopterus","NT"
203,"Triaenodon obesus","NT"
203,"Alopias vulpinus","VU"
203,"Glyphis gangeticus","CR"
203,"Isurus oxyrinchus","VU"
203,"Chelonia mydas","EN"
203,"Lutrogale perspicillata","VU"
203,"Prionace glauca","NT"
203,"Megaptera novaeangliae","LC"
203,"Rhincodon typus","VU"
203,"Orcaella brevirostris","VU"
203,"Dermochelys coriacea","CR"
203,"Balaenoptera musculus","EN"
203,"Lepidochelys olivacea","VU"
203,"Cheilinus undulatus","EN"
203,"Eretmochelys imbricata","CR"
216,"Caretta caretta","EN"
216,"Galeocerdo cuvier","NT"
216,"Prionace glauca","NT"
216,"Isurus oxyrinchus","VU"
216,"Alopias vulpinus","VU"
216,"Lepidochelys olivacea","VU"
216,"Cheilinus undulatus","EN"
216,"Balaenoptera acutorostrata","LC"
216,"Dermochelys coriacea","CR"
216,"Carcharhinus amblyrhynchos","NT"
216,"Rhincodon typus","VU"
216,"Megachasma pelagios","DD"
216,"Megaptera novaeangliae","LC"
216,"Chelonia mydas","EN"
216,"Eretmochelys imbricata","CR"
216,"Orcaella brevirostris","VU"
216,"Balaenoptera musculus","EN"
191,"Balaenoptera musculus","EN"
191,"Megaptera novaeangliae","LC"
191,"Eretmochelys imbricata","CR"
191,"Chelonia mydas","EN"
191,"Lepidochelys olivacea","VU"
191,"Prionace glauca","NT"
191,"Rhincodon typus","VU"
191,"Isurus oxyrinchus","VU"
192,"Balaenoptera musculus","EN"
192,"Prionace glauca","NT"
192,"Rhincodon typus","VU"
181,"Balaenoptera borealis","EN"
181,"Balaenoptera musculus","EN"
181,"Balaenoptera physalus","EN"
181,"Isurus oxyrinchus","VU"
181,"Eubalaena glacialis","EX"
181,"Balaenoptera acutorostrata","LC"
181,"Megaptera novaeangliae","LC"
181,"Lamna nasus","VU"
181,"Alopias vulpinus","VU"
79,"Balaenoptera physalus","EN"
79,"Chelonia mydas","EX"
79,"Cetorhinus maximus","VU"
79,"Carcharodon carcharias","VU"
79,"Cheilinus undulatus","EN"
79,"Balaenoptera acutorostrata","LC"
79,"Caretta caretta","EN"
79,"Rhincodon typus","VU"
79,"Isurus oxyrinchus","VU"
79,"Dermochelys coriacea","EX"
184,"Alopias vulpinus","VU"
184,"Prionace glauca","NT"
184,"Cetorhinus maximus","VU"
184,"Caretta caretta","EN"
184,"Carcharodon carcharias","VU"
184,"Balaenoptera acutorostrata","LC"
184,"Dermochelys coriacea","CR"
184,"Balaenoptera physalus","EN"
184,"Isurus oxyrinchus","VU"
166,"Lepidochelys olivacea","VU"
166,"Caretta caretta","EN"
166,"Eretmochelys imbricata","CR"
166,"Alopias vulpinus","VU"
166," Carcharhinus perezi","NT"
166,"Isurus oxyrinchus","VU"
166,"Galeocerdo cuvier","NT"
166,"Rhincodon typus","VU"
166,"Chelonia mydas","EN"
166,"Megaptera novaeangliae","LC"
210,"Carcharhinus melanopterus","NT"
210,"Balaenoptera musculus","EN"
210,"Cheilinus undulatus","EN"
210,"Prionace glauca","NT"
210,"Carcharodon carcharias","VU"
210,"Lepidochelys olivacea","VU"
210,"Balaenoptera physalus","EN"
210,"Rhincodon typus","VU"
210,"Alopias vulpinus","VU"
210,"Balaenoptera acutorostrata","LC"
210,"Eschrichtius robustus","LC"
210,"Megaptera novaeangliae","LC"
210,"Isurus paucus","VU"
210,"Chelonia mydas","EN"
210,"Megachasma pelagios","DD"
210,"Isurus oxyrinchus","VU"
210,"Cetorhinus maximus","VU"
210,"Balaenoptera borealis","EN"
210,"Eretmochelys imbricata","CR"
210,"Caretta caretta","EN"
159,"Galeocerdo cuvier","NT"
159,"Chelonia mydas","EN"
215,"Rhincodon typus","VU"
215,"Alopias vulpinus","VU"
43,"Lepidochelys olivacea","VU"
43,"Balaenoptera borealis","EN"
43,"Megaptera novaeangliae","LC"
43,"Isurus oxyrinchus","VU"
43,"Balaenoptera musculus","EN"
43,"Carcharodon carcharias","VU"
43,"Cheilinus undulatus","EN"
43,"Eretmochelys imbricata","CR"
43,"Galeocerdo cuvier","NT"
43,"Carcharhinus melanopterus","NT"
43,"Alopias vulpinus","VU"
43,"Rhincodon typus","VU"
43,"Prionace glauca","NT"
43,"Chelonia mydas","EN"
43,"Triaenodon obesus","NT"
93,"Balaenoptera physalus","EN"
93,"Eretmochelys imbricata","CR"
93,"Megaptera novaeangliae","LC"
93,"Balaenoptera borealis","EN"
93,"Chelonia mydas","EN"
93,"Balaenoptera musculus","EN"
212,"Galeocerdo cuvier","NT"
212,"Rhincodon typus","VU"
212,"Triaenodon obesus","NT"
212,"Cheilinus undulatus","EN"
212,"Prionace glauca","NT"
212,"Isurus oxyrinchus","VU"
212,"Chelonia mydas","EN"
212,"Alopias vulpinus","VU"
212,"Megaptera novaeangliae","LC"
21,"Isurus oxyrinchus","VU"
21,"Balaenoptera acutorostrata","LC"
21,"Megaptera novaeangliae","LC"
21,"Alopias vulpinus","VU"
21,"Balaenoptera physalus","EN"
20,"Megaptera novaeangliae","LC"
20,"Alopias vulpinus","VU"
20,"Balaenoptera acutorostrata","LC"
20,"Balaenoptera physalus","EN"
20,"Isurus oxyrinchus","VU"
51,"Prionace glauca","NT"
51,"Eretmochelys imbricata","CR"
51,"Chelonia mydas","EN"
78,"Balaenoptera physalus","EN"
78,"Carcharodon carcharias","VU"
78,"Cetorhinus maximus","VU"
97,"Rhincodon typus","VU"
97,"Prionace glauca","NT"
97,"Dermochelys coriacea","CR"
97,"Isurus oxyrinchus","VU"
97,"Isurus paucus","VU"
97,"Alopias vulpinus","VU"
97,"Lepidochelys olivacea","VU"
97,"Galeocerdo cuvier","NT"
67,"Balaenoptera physalus","EN"
67,"Prionace glauca","NT"
67,"Cetorhinus maximus","VU"
67,"Carcharodon carcharias","VU"
67,"Isurus oxyrinchus","VU"
67,"Caretta caretta","EN"
42,"Cheilinus undulatus","EN"
42,"Carcharhinus melanopterus","NT"
42,"Alopias vulpinus","VU"
42,"Rhincodon typus","VU"
42,"Chelonia mydas","EN"
42,"Triaenodon obesus","NT"
42,"Carcharhinus amblyrhynchos","NT"
42,"Prionace glauca","NT"
42,"Megaptera novaeangliae","LC"
42,"Carcharodon carcharias","VU"
42,"Eretmochelys imbricata","CR"
42,"Isurus oxyrinchus","VU"
42,"Isurus paucus","VU"
42,"Caretta caretta","EN"
42,"Balaenoptera borealis","EN"
42,"Lepidochelys olivacea","VU"
42,"Balaenoptera physalus","EN"
42,"Balaenoptera musculus","EN"
57,"Eubalaena glacialis","EX"
206,"Cheilinus undulatus","EN"
206,"Dermochelys coriacea","CR"
206,"Isurus oxyrinchus","VU"
206,"Megaptera novaeangliae","LC"
206,"Orcaella brevirostris","VU"
206,"Eretmochelys imbricata","CR"
206,"Chelonia mydas","EN"
206,"Balaenoptera musculus","EN"
206,"Rhincodon typus","VU"
206,"Prionace glauca","NT"
206,"Lepidochelys olivacea","VU"
39,"Lepidochelys olivacea","VU"
39,"Chelonia mydas","EN"
39,"Eretmochelys imbricata","CR"
39,"Isurus oxyrinchus","VU"
39,"Prionace glauca","NT"
39,"Alopias vulpinus","VU"
39,"Balaenoptera musculus","EN"
39,"Cheilinus undulatus","EN"
39,"Triaenodon obesus","NT"
39,"Megaptera novaeangliae","LC"
39,"Carcharhinus melanopterus","NT"
68,"Isurus oxyrinchus","VU"
68,"Cetorhinus maximus","VU"
68,"Balaenoptera physalus","EN"
11,"Prionace glauca","NT"
11,"Triaenodon obesus","NT"
11,"Rhincodon typus","VU"
11,"Megaptera novaeangliae","LC"
11,"Carcharhinus melanopterus","NT"
11,"Galeocerdo cuvier","NT"
11,"Cheilinus undulatus","EN"
11,"Balaenoptera musculus","EN"
11,"Isurus oxyrinchus","VU"
11,"Chelonia mydas","EN"
140,"Chelonia mydas","EN"
64,"Balaenoptera musculus","EN"
64,"Lepidochelys olivacea","VU"
64,"Isurus paucus","VU"
64,"Carcharodon carcharias","VU"
64,"Alopias vulpinus","VU"
64,"Cetorhinus maximus","VU"
64,"Isurus oxyrinchus","VU"
64,"Prionace glauca","NT"
64,"Balaenoptera acutorostrata","LC"
64,"Rhincodon typus","VU"
64,"Balaenoptera borealis","EN"
64,"Megaptera novaeangliae","LC"
64,"Galeocerdo cuvier","NT"
64,"Chelonia mydas","EN"
37,"Triaenodon obesus","NT"
37,"Megaptera novaeangliae","LC"
37,"Balaenoptera musculus","EN"
37,"Carcharhinus melanopterus","NT"
37,"Isurus oxyrinchus","VU"
37,"Chelonia mydas","EX"
37,"Prionace glauca","NT"
37,"Eretmochelys imbricata","CR"
37,"Carcharodon carcharias","VU"
29,"Cheilinus undulatus","EN"
29,"Chelonia mydas","EN"
29,"Triaenodon obesus","NT"
29,"Prionace glauca","NT"
29,"Eretmochelys imbricata","CR"
135,"Eretmochelys imbricata","CR"
135,"Isurus oxyrinchus","VU"
135," Carcharhinus perezi","NT"
135,"Balaenoptera acutorostrata","LC"
135,"Lepidochelys olivacea","VU"
135,"Chelonia mydas","EN"
135,"Alopias vulpinus","VU"
135,"Galeocerdo cuvier","NT"
135,"Phocoena sinus","CR"
135,"Dermochelys coriacea","CR"
135,"Balaenoptera borealis","EN"
135,"Balaenoptera physalus","EN"
135,"Rhincodon typus","VU"
135,"Caretta caretta","EN"
135,"Prionace glauca","NT"
135,"Eschrichtius robustus","LC"
135,"Lepidochelys kempii","CR"
135,"Balaenoptera musculus","EN"
135,"Megaptera novaeangliae","LC"
9,"Cheilinus undulatus","EN"
9,"Lepidochelys olivacea","VU"
9,"Prionace glauca","NT"
9,"Isurus oxyrinchus","VU"
9,"Galeocerdo cuvier","NT"
9,"Chelonia mydas","EN"
9,"Eretmochelys imbricata","CR"
9,"Isurus paucus","VU"
9,"Rhincodon typus","VU"
185,"Balaenoptera physalus","EN"
186,"Isurus oxyrinchus","VU"
186,"Prionace glauca","NT"
186,"Cetorhinus maximus","VU"
186,"Alopias vulpinus","VU"
186,"Carcharodon carcharias","VU"
121,"Prionace glauca","NT"
121,"Rhincodon typus","VU"
121,"Isurus oxyrinchus","VU"
121,"Galeocerdo cuvier","NT"
121,"Caretta caretta","EN"
62,"Galeocerdo cuvier","NT"
62,"Megaptera novaeangliae","LC"
62,"Isurus paucus","VU"
62,"Prionace glauca","NT"
62,"Lamna nasus","VU"
62,"Cetorhinus maximus","VU"
62,"Rhincodon typus","VU"
62,"Caretta caretta","EN"
62,"Isurus oxyrinchus","VU"
62,"Eubalaena glacialis","EX"
62,"Balaenoptera musculus","EN"
62,"Balaenoptera borealis","EN"
62,"Balaenoptera physalus","EN"
62,"Carcharodon carcharias","VU"
62,"Balaenoptera acutorostrata","LC"
62,"Lepidochelys olivacea","VU"
62,"Alopias vulpinus","VU"
41,"Chelonia mydas","EN"
41,"Balaenoptera musculus","EN"
41,"Caretta caretta","EN"
41,"Balaenoptera physalus","EN"
41,"Eretmochelys imbricata","CR"
41,"Carcharhinus melanopterus","NT"
41,"Cheilinus undulatus","EN"
41,"Balaenoptera acutorostrata","LC"
41,"Triaenodon obesus","NT"
41,"Isurus oxyrinchus","VU"
41,"Prionace glauca","NT"
41,"Rhincodon typus","VU"
41,"Dermochelys coriacea","CR"
41,"Lepidochelys olivacea","VU"
41,"Carcharodon carcharias","VU"
41,"Megaptera novaeangliae","LC"
41,"Alopias vulpinus","VU"
41,"Galeocerdo cuvier","NT"
205,"Chelonia mydas","EN"
205,"Dermochelys coriacea","CR"
205,"Lepidochelys olivacea","VU"
205,"Rhincodon typus","VU"
205,"Orcaella brevirostris","VU"
205,"Eretmochelys imbricata","CR"
205,"Prionace glauca","NT"
205,"Balaenoptera musculus","EN"
205,"Isurus oxyrinchus","VU"
205,"Megaptera novaeangliae","LC"
205,"Triaenodon obesus","NT"
205,"Cheilinus undulatus","EN"
101,"Caretta caretta","EN"
101,"Balaenoptera musculus","EN"
101,"Lepidochelys olivacea","VU"
101,"Prionace glauca","NT"
101,"Balaenoptera borealis","EN"
101,"Rhincodon typus","VU"
101,"Balaenoptera physalus","EN"
101,"Alopias vulpinus","VU"
101,"Isurus oxyrinchus","VU"
101,"Carcharodon carcharias","VU"
101,"Megaptera novaeangliae","LC"
101,"Lamna nasus","VU"
10,"Galeocerdo cuvier","NT"
10,"Isurus paucus","VU"
10,"Prionace glauca","NT"
10,"Rhincodon typus","VU"
10,"Cheilinus undulatus","EN"
10,"Megaptera novaeangliae","LC"
10,"Triaenodon obesus","NT"
10,"Isurus oxyrinchus","VU"
177,"Eubalaena glacialis","EX"
177,"Prionace glauca","NT"
177,"Cetorhinus maximus","VU"
177,"Balaenoptera physalus","EN"
177,"Balaenoptera acutorostrata","LC"
5,"Carcharodon carcharias","VU"
5,"Isurus oxyrinchus","VU"
5,"Balaenoptera acutorostrata","LC"
5,"Megaptera novaeangliae","LC"
5,"Balaenoptera physalus","EN"
5,"Carcharhinus melanopterus","NT"
5,"Cheilinus undulatus","EN"
5,"Caretta caretta","EN"
5,"Chelonia mydas","EN"
5,"Balaenoptera musculus","EN"
5,"Prionace glauca","NT"
5,"Rhincodon typus","VU"
5,"Galeocerdo cuvier","NT"
5,"Triaenodon obesus","NT"
5,"Alopias vulpinus","VU"
162,"Rhincodon typus","VU"
162,"Galeocerdo cuvier","NT"
162,"Cephalorhynchus hectori maui","CR"
162,"Alopias vulpinus","VU"
162,"Prionace glauca","NT"
162,"Cephalorhynchus hectori","EN"
162,"Isurus oxyrinchus","VU"
162,"Cetorhinus maximus","VU"
162,"Balaenoptera borealis","EN"
162,"Carcharodon carcharias","VU"
162,"Balaenoptera musculus","EN"
162,"Balaenoptera physalus","EN"
162,"Balaenoptera acutorostrata","LC"
162,"Triaenodon obesus","NT"
162,"Megaptera novaeangliae","LC"
162,"Chelonia mydas","EN"
131,"Prionace glauca","NT"
131,"Eretmochelys imbricata","CR"
131,"Megaptera novaeangliae","LC"
131,"Alopias vulpinus","VU"
131,"Balaenoptera musculus","EN"
131,"Caretta caretta","EN"
131,"Galeocerdo cuvier","NT"
131,"Chelonia mydas","EN"
131,"Rhincodon typus","VU"
131,"Isurus oxyrinchus","VU"
131,"Dermochelys coriacea","CR"
131," Carcharhinus perezi","NT"
131,"Lepidochelys olivacea","VU"
196,"Alopias vulpinus","VU"
196,"Isurus oxyrinchus","VU"
196,"Galeocerdo cuvier","NT"
196,"Lepidochelys olivacea","VU"
196,"Rhincodon typus","VU"
196,"Balaenoptera musculus","EN"
196,"Megaptera novaeangliae","LC"
196,"Prionace glauca","NT"
154,"Prionace glauca","NT"
154,"Cheilinus undulatus","EN"
154,"Chelonia mydas","EN"
154,"Galeocerdo cuvier","NT"
154,"Megaptera novaeangliae","LC"
154,"Rhincodon typus","VU"
154,"Triaenodon obesus","NT"
154,"Balaenoptera physalus","EN"
3,"Galeocerdo cuvier","NT"
3,"Triaenodon obesus","NT"
21,"Balaenoptera borealis","EN"
21,"Eschrichtius robustus","LC"
13,"Balaenoptera musculus","EN"
13,"Balaenoptera borealis","EN"
13,"Isurus oxyrinchus","VU"
13,"Balaenoptera physalus","EN"
223,"Balaenoptera physalus","EN"
223,"Eubalaena glacialis","EX"
223,"Ursus maritimus","VU"
223,"Balaenoptera musculus","EN"
223,"Balaenoptera acutorostrata","LC"
223,"Prionace glauca","NT"
223,"Isurus oxyrinchus","VU"
223,"Megaptera novaeangliae","LC"
223,"Balaenoptera borealis","EN"
223,"Cetorhinus maximus","VU"
223,"Alopias vulpinus","VU"
48,"Megaptera novaeangliae","LC"
48,"Eretmochelys imbricata","CR"
48,"Caretta caretta","EN"
48,"Chelonia mydas","EN"
48,"Balaenoptera musculus","EN"
48,"Lepidochelys olivacea","VU"
48,"Prionace glauca","NT"
48,"Isurus oxyrinchus","VU"
48,"Rhincodon typus","VU"
53,"Steno bredanensis","LC"
53,"Megaptera novaeangliae","LC"
53,"Alopias vulpinus","VU"
53,"Isurus oxyrinchus","VU"
53,"Rhincodon typus","VU"
53,"Lepidochelys olivacea","VU"
53,"Carcharhinus melanopterus","NT"
53,"Balaenoptera musculus","EN"
53,"Prionace glauca","NT"
53,"Tursiops truncatus","LC"
53,"Chelonia mydas","EN"
8,"Eretmochelys imbricata","CR"
8,"Chelonia mydas","EN"
8,"Megaptera novaeangliae","LC"
8,"Triaenodon obesus","NT"
8,"Isurus oxyrinchus","VU"
8,"Cheilinus undulatus","EN"
8,"Prionace glauca","NT"
8,"Galeocerdo cuvier","NT"
8,"Balaenoptera musculus","EN"
150,"Galeocerdo cuvier","NT"
150,"Chelonia mydas","EN"
129,"Rhincodon typus","VU"
129,"Dermochelys coriacea","CR"
129," Carcharhinus perezi","NT"
129,"Galeocerdo cuvier","NT"
129,"Balaenoptera musculus","EN"
129,"Chelonia mydas","EN"
129,"Isurus oxyrinchus","VU"
129,"Alopias vulpinus","VU"
129,"Triaenodon obesus","NT"
129,"Lepidochelys olivacea","VU"
129,"Megaptera novaeangliae","LC"
129,"Prionace glauca","NT"
129,"Caretta caretta","EN"
129,"Eretmochelys imbricata","CR"
17,"Balaenoptera acutorostrata","LC"
17,"Rhincodon typus","VU"
17,"Megaptera novaeangliae","LC"
17,"Chelonia mydas","EN"
17,"Isurus oxyrinchus","VU"
17,"Prionace glauca","NT"
17,"Eretmochelys imbricata","CR"
17,"Dermochelys coriacea","CR"
17,"Cheilinus undulatus","EN"
17,"Lepidochelys olivacea","VU"
17,"Galeocerdo cuvier","NT"
138,"Rhincodon typus","VU"
138,"Balaenoptera musculus","EN"
138,"Megaptera novaeangliae","LC"
138,"Cetorhinus maximus","VU"
138,"Alopias vulpinus","VU"
138,"Prionace glauca","NT"
138,"Isurus oxyrinchus","VU"
138,"Galeocerdo cuvier","NT"
138,"Engraulis ringens","LC"
138,"Chelonia mydas","EN"
138,"Balaenoptera borealis","EN"
138,"Balaenoptera physalus","EN"
138,"Lepidochelys olivacea","VU"
15,"Eretmochelys imbricata","CR"
15,"Megachasma pelagios","DD"
15,"Balaenoptera physalus","EN"
15,"Balaenoptera musculus","EN"
15,"Orcaella brevirostris","VU"
15,"Cheilinus undulatus","EN"
15,"Lepidochelys olivacea","VU"
15,"Megaptera novaeangliae","LC"
15,"Carcharhinus melanopterus","NT"
15,"Prionace glauca","NT"
15,"Triaenodon obesus","NT"
15,"Chelonia mydas","EN"
15,"Carcharodon carcharias","VU"
15,"Rhincodon typus","VU"
15,"Isurus oxyrinchus","VU"
15,"Caretta caretta","EN"
146,"Balaenoptera physalus","EN"
146,"Triaenodon obesus","NT"
146,"Isurus oxyrinchus","VU"
146,"Rhincodon typus","VU"
146,"Megaptera novaeangliae","LC"
146,"Cheilinus undulatus","EN"
146,"Galeocerdo cuvier","NT"
146,"Prionace glauca","NT"
146,"Balaenoptera musculus","EN"
183,"Isurus paucus","VU"
183,"Cetorhinus maximus","VU"
183,"Alopias vulpinus","VU"
183," Monachus monachus ","CR"
183,"Balaenoptera borealis","EN"
183,"Megaptera novaeangliae","LC"
183,"Eubalaena glacialis","EX"
183,"Prionace glauca","NT"
183,"Lamna nasus","VU"
183,"Balaenoptera physalus","EN"
183,"Rhincodon typus","VU"
183,"Balaenoptera acutorostrata","LC"
183,"Isurus oxyrinchus","VU"
183,"Balaenoptera musculus","EN"
116,"Isurus oxyrinchus","VU"
116,"Chelonia mydas","EN"
116,"Galeocerdo cuvier","NT"
116,"Rhincodon typus","VU"
116,"Eretmochelys imbricata","CR"
116,"Dermochelys coriacea","CR"
116,"Alopias vulpinus","VU"
116,"Caretta caretta","EN"
116,"Prionace glauca","NT"
116,"Balaenoptera acutorostrata","LC"
116,"Lepidochelys olivacea","VU"
116,"Megaptera novaeangliae","LC"
190,"Prionace glauca","NT"
190,"Eretmochelys imbricata","CR"
190,"Rhincodon typus","VU"
32,"Triaenodon obesus","NT"
32,"Prionace glauca","NT"
32,"Carcharhinus amblyrhynchos","NT"
32,"Megaptera novaeangliae","LC"
32,"Balaenoptera physalus","EN"
32,"Balaenoptera musculus","EN"
32,"Balaenoptera borealis","EN"
72,"Alopias vulpinus","VU"
73,"Balaenoptera borealis","EN"
73,"Balaenoptera physalus","EN"
73,"Balaena mysticetus","LC"
73,"Ursus maritimus","VU"
73,"Megaptera novaeangliae","LC"
73,"Balaenoptera musculus","EN"
73,"Eschrichtius robustus","LC"
73,"Cetorhinus maximus","VU"
73,"Balaenoptera acutorostrata","LC"
73,"Isurus oxyrinchus","VU"
248,"Megaptera novaeangliae","LC"
248,"Balaenoptera acutorostrata","LC"
248,"Prionace glauca","NT"
248,"Eretmochelys imbricata","CR"
248,"Dermochelys coriacea","CR"
248,"Isurus oxyrinchus","VU"
248,"Rhincodon typus","VU"
248,"Chelonia mydas","EN"
86,"Chelonia mydas","EN"
86,"Balaenoptera musculus","EN"
86,"Megaptera novaeangliae","LC"
119," Carcharhinus perezi","NT"
119,"Eretmochelys imbricata","CR"
119,"Galeocerdo cuvier","NT"
119,"Dermochelys coriacea","CR"
119,"Isurus oxyrinchus","VU"
119,"Rhincodon typus","VU"
119,"Prionace glauca","NT"
119,"Megaptera novaeangliae","LC"
119,"Chelonia mydas","EN"
122,"Rhincodon typus","VU"
122,"Isurus oxyrinchus","VU"
122,"Megaptera novaeangliae","LC"
122," Carcharhinus perezi","NT"
122,"Dermochelys coriacea","CR"
122,"Caretta caretta","EN"
122,"Prionace glauca","NT"
122,"Galeocerdo cuvier","NT"
122,"Chelonia mydas","EN"
219,"Megaptera novaeangliae","LC"
219,"Balaenoptera musculus","EN"
219,"Balaenoptera physalus","EN"
219,"Balaenoptera acutorostrata","LC"
219,"Balaenoptera borealis","EN"
127,"Dermochelys coriacea","CR"
127,"Rhincodon typus","VU"
127,"Prionace glauca","NT"
127,"Megaptera novaeangliae","LC"
127,"Chelonia mydas","EN"
127,"Isurus oxyrinchus","VU"
127," Carcharhinus perezi","NT"
127,"Galeocerdo cuvier","NT"
152,"Megaptera novaeangliae","LC"
152,"Rhincodon typus","VU"
152,"Cheilinus undulatus","EN"
152,"Triaenodon obesus","NT"
152,"Galeocerdo cuvier","NT"
152,"Isurus oxyrinchus","VU"
152,"Eretmochelys imbricata","CR"
152,"Prionace glauca","NT"
103,"Megaptera novaeangliae","LC"
103,"Balaenoptera musculus","EN"
103,"Lepidochelys olivacea","VU"
103,"Eretmochelys imbricata","CR"
103,"Rhincodon typus","VU"
103,"Chelonia mydas","EN"
50,"Chelonia mydas","EN"
50,"Rhincodon typus","VU"
50,"Triaenodon obesus","NT"
50,"Eretmochelys imbricata","CR"
50,"Prionace glauca","NT"
50,"Galeocerdo cuvier","NT"
50,"Isurus oxyrinchus","VU"
50,"Cheilinus undulatus","EN"
66,"Alopias vulpinus","VU"
66,"Galeocerdo cuvier","NT"
66,"Chelonia mydas","EN"
66,"Balaenoptera acutorostrata","LC"
66,"Cetorhinus maximus","VU"
66,"Balaenoptera musculus","EN"
66,"Megaptera novaeangliae","LC"
66,"Dermochelys coriacea","CR"
66,"Caretta caretta","EN"
66,"Megachasma pelagios","DD"
66,"Isurus oxyrinchus","VU"
66,"Prionace glauca","NT"
66,"Lepidochelys olivacea","VU"
66,"Rhincodon typus","VU"
31,"Carcharhinus amblyrhynchos","NT"
31,"Carcharodon carcharias","VU"
31,"Triaenodon obesus","NT"
31,"Chelonia mydas","EN"
31,"Carcharhinus melanopterus","NT"
31,"Cheilinus undulatus","EN"
31,"Balaenoptera musculus","EN"
31,"Eretmochelys imbricata","CR"
31,"Megaptera novaeangliae","LC"
96,"Chelonia mydas","EN"
96,"Alopias vulpinus","VU"
96,"Prionace glauca","NT"
96,"Isurus oxyrinchus","VU"
96,"Rhincodon typus","VU"
96,"Lepidochelys olivacea","VU"
96,"Galeocerdo cuvier","NT"
208,"Orcaella brevirostris","VU"
208,"Isurus oxyrinchus","VU"
208,"Cheilinus undulatus","EN"
208,"Prionace glauca","NT"
249,"Isurus oxyrinchus","VU"
249,"Chelonia mydas","EN"
249,"Eretmochelys imbricata","CR"
249,"Dermochelys coriacea","CR"
249,"Rhincodon typus","VU"
249,"Megaptera novaeangliae","LC"
249,"Balaenoptera acutorostrata","LC"
249,"Prionace glauca","NT"
220,"Chelonia mydas","EN"
220,"Prionace glauca","NT"
220,"Eretmochelys imbricata","CR"
220,"Megaptera novaeangliae","LC"
220,"Balaenoptera acutorostrata","LC"
220,"Rhincodon typus","VU"
220,"Dermochelys coriacea","CR"
220,"Isurus oxyrinchus","VU"
188,"Carcharodon carcharias","VU"
188,"Cetorhinus maximus","VU"
188,"Prionace glauca","NT"
7,"Cheilinus undulatus","EN"
7,"Triaenodon obesus","NT"
7,"Galeocerdo cuvier","NT"
7,"Chelonia mydas","EN"
7,"Isurus oxyrinchus","VU"
7,"Isurus paucus","VU"
7,"Rhincodon typus","VU"
7,"Dermochelys coriacea","CR"
7,"Prionace glauca","NT"
7,"Megaptera novaeangliae","LC"
7,"Carcharhinus melanopterus","NT"
7,"Eretmochelys imbricata","CR"
44,"Triaenodon obesus","NT"
44,"Rhincodon typus","VU"
44,"Balaenoptera musculus","EN"
44,"Prionace glauca","NT"
44,"Galeocerdo cuvier","NT"
44,"Megaptera novaeangliae","LC"
44,"Lepidochelys olivacea","VU"
44,"Cheilinus undulatus","EN"
44,"Isurus oxyrinchus","VU"
44,"Carcharhinus melanopterus","NT"
44,"Alopias vulpinus","VU"
44,"Chelonia mydas","EN"
44,"Eretmochelys imbricata","CR"
102,"Cetorhinus maximus","VU"
102,"Triaenodon obesus","NT"
102,"Lepidochelys olivacea","VU"
102,"Balaenoptera physalus","EN"
102,"Rhincodon typus","VU"
102,"Prionace glauca","NT"
102,"Galeocerdo cuvier","NT"
102,"Alopias vulpinus","VU"
102,"Megaptera novaeangliae","LC"
102,"Balaenoptera musculus","EN"
102,"Dermochelys coriacea","CR"
102,"Carcharhinus melanopterus","NT"
102,"Lamna nasus","VU"
102,"Carcharodon carcharias","VU"
102,"Caretta caretta","EN"
102,"Isurus oxyrinchus","VU"
102,"Balaenoptera borealis","EN"
102,"Balaenoptera acutorostrata","LC"
89,"Balaenoptera musculus","EN"
89,"Balaenoptera borealis","EN"
89,"Prionace glauca","NT"
89,"Balaenoptera physalus","EN"
89,"Megaptera novaeangliae","LC"
20,"Eschrichtius robustus","LC"
20,"Balaenoptera borealis","EN"
182,"Balaenoptera physalus","EN"
182,"Alopias vulpinus","VU"
182,"Lamna nasus","VU"
182,"Caretta caretta","EN"
182,"Cetorhinus maximus","VU"
182,"Eubalaena glacialis","EX"
182,"Prionace glauca","NT"
182,"Isurus oxyrinchus","VU"
182,"Megaptera novaeangliae","LC"
182,"Balaenoptera acutorostrata","LC"
182,"Balaenoptera musculus","EN"
182,"Balaenoptera borealis","EN"
182,"Isurus paucus","VU"
182,"Carcharodon carcharias","VU"
40,"Cheilinus undulatus","EN"
40,"Megaptera novaeangliae","LC"
40,"Lepidochelys olivacea","VU"
40,"Dermochelys coriacea","CR"
40,"Eretmochelys imbricata","CR"
40,"Prionace glauca","NT"
40,"Alopias vulpinus","VU"
40,"Balaenoptera musculus","EN"
40,"Caretta caretta","EN"
40,"Triaenodon obesus","NT"
40,"Carcharhinus melanopterus","NT"
40,"Chelonia mydas","EN"
40,"Carcharodon carcharias","VU"
40,"Isurus oxyrinchus","VU"
49,"Prionace glauca","NT"
49,"Triaenodon obesus","NT"
49,"Lepidochelys olivacea","VU"
49,"Galeocerdo cuvier","NT"
49,"Rhincodon typus","VU"
49,"Alopias vulpinus","VU"
49,"Eretmochelys imbricata","CR"
49,"Isurus oxyrinchus","VU"
49,"Cheilinus undulatus","EN"
168,"Dermochelys coriacea","CR"
168," Carcharhinus perezi","NT"
168,"Rhincodon typus","VU"
168,"Isurus oxyrinchus","VU"
168,"Lepidochelys olivacea","VU"
168,"Galeocerdo cuvier","NT"
168,"Prionace glauca","NT"
168,"Chelonia mydas","EN"
168,"Alopias vulpinus","VU"
144,"Balaenoptera acutorostrata","LC"
144,"Ursus maritimus","VU"
144,"Balaena mysticetus","LC"
222,"Lamna nasus","VU"
222,"Prionace glauca","NT"
222,"Balaenoptera physalus","EN"
222,"Balaenoptera acutorostrata","LC"
77,"Balaenoptera physalus","EN"
77,"Alopias vulpinus","VU"
77,"Cetorhinus maximus","VU"
77,"Carcharodon carcharias","VU"
14,"Balaenoptera physalus","EN"
14,"Prionace glauca","NT"
14,"Megaptera novaeangliae","LC"
14,"Balaenoptera musculus","EN"
14,"Balaenoptera acutorostrata","LC"
14,"Dermochelys coriacea","CR"
14,"Lepidochelys olivacea","VU"
14,"Rhincodon typus","VU"
14,"Cheilinus undulatus","EN"
14,"Isurus paucus","VU"
14,"Isurus oxyrinchus","VU"
14,"Eretmochelys imbricata","CR"
14,"Alopias vulpinus","VU"
202,"Balaenoptera musculus","EN"
202,"Megaptera novaeangliae","LC"
202,"Alopias vulpinus","VU"
202,"Carcharhinus melanopterus","NT"
202,"Lepidochelys olivacea","VU"
202,"Cheilinus undulatus","EN"
202,"Carcharodon carcharias","VU"
202,"Eretmochelys imbricata","CR"
202,"Chelonia mydas","EN"
202,"Isurus oxyrinchus","VU"
202,"Prionace glauca","NT"
202,"Galeocerdo cuvier","NT"
202,"Rhincodon typus","VU"
202,"Triaenodon obesus","NT"
25,"Balaenoptera musculus","EN"
25,"Prionace glauca","NT"
25,"Lepidochelys olivacea","VU"
25,"Dermochelys coriacea","CR"
25,"Rhincodon typus","VU"
25,"Isurus oxyrinchus","VU"
25,"Orcaella brevirostris","VU"
25,"Balaenoptera acutorostrata","LC"
25,"Chelonia mydas","EN"
25,"Cheilinus undulatus","EN"
25,"Carcharhinus melanopterus","NT"
25,"Eretmochelys imbricata","CR"
231,"Isurus oxyrinchus","VU"
231,"Galeocerdo cuvier","NT"
231,"Cheilinus undulatus","EN"
231,"Chelonia mydas","EN"
98,"Balaenoptera physalus","EN"
98,"Balaenoptera musculus","EN"
98,"Prionace glauca","NT"
98,"Megaptera novaeangliae","LC"
98,"Galeocerdo cuvier","NT"
98,"Lepidochelys olivacea","VU"
98,"Rhincodon typus","VU"
98,"Dermochelys coriacea","CR"
156,"Galeocerdo cuvier","NT"
156,"Rhincodon typus","VU"
156,"Cheilinus undulatus","EN"
156,"Chelonia mydas","EN"
156,"Prionace glauca","NT"
155,"Cheilinus undulatus","EN"
155,"Galeocerdo cuvier","NT"
155,"Triaenodon obesus","NT"
155,"Prionace glauca","NT"
155,"Megaptera novaeangliae","LC"
155,"Rhincodon typus","VU"
155,"Isurus oxyrinchus","VU"
155,"Chelonia mydas","EN"
126,"Chelonia mydas","EN"
126," Carcharhinus perezi","NT"
126,"Dermochelys coriacea","CR"
126,"Galeocerdo cuvier","NT"
126,"Eretmochelys imbricata","CR"
126,"Megaptera novaeangliae","LC"
126,"Isurus oxyrinchus","VU"
126,"Lepidochelys olivacea","VU"
61,"Isurus oxyrinchus","VU"
61,"Alopias vulpinus","VU"
61,"Carcharodon carcharias","VU"
61,"Prionace glauca","NT"
61,"Megaptera novaeangliae","LC"
61,"Caretta caretta","EN"
61,"Cetorhinus maximus","VU"
61,"Balaenoptera acutorostrata","LC"
61,"Balaenoptera physalus","EN"
76,"Chelonia mydas","EN"
76,"Cetorhinus maximus","VU"
76,"Caretta caretta","EN"
76,"Alopias vulpinus","VU"
76,"Isurus oxyrinchus","VU"
76,"Prionace glauca","NT"
76,"Carcharodon carcharias","VU"
76,"Balaenoptera physalus","EN"
111,"Isurus oxyrinchus","VU"
111,"Prionace glauca","NT"
111,"Rhincodon typus","VU"
111,"Dermochelys coriacea","CR"
111,"Balaenoptera borealis","EN"
111,"Caretta caretta","EN"
111,"Balaenoptera acutorostrata","LC"
111,"Chelonia mydas","EN"
111,"Megaptera novaeangliae","LC"
19,"Balaenoptera physalus","EN"
19,"Cheilinus undulatus","EN"
19,"Isurus oxyrinchus","VU"
19,"Alopias vulpinus","VU"
19,"Prionace glauca","NT"
19,"Chelonia mydas","EN"
19,"Triaenodon obesus","NT"
19,"Megaptera novaeangliae","LC"
19,"Rhincodon typus","VU"
19,"Galeocerdo cuvier","NT"
75,"Alopias vulpinus","VU"
54,"Rhincodon typus","VU"
54,"Megaptera novaeangliae","LC"
54,"Prionace glauca","NT"
54,"Chelonia mydas","EN"
54,"Eretmochelys imbricata","CR"
180,"Balaenoptera borealis","EN"
180,"Balaenoptera physalus","EN"
180,"Prionace glauca","NT"
180,"Balaenoptera acutorostrata","LC"
180,"Megaptera novaeangliae","LC"
180,"Lamna nasus","VU"
180,"Balaenoptera musculus","EN"
180,"Eubalaena glacialis","EX"
180,"Galeocerdo cuvier","NT"
180,"Alopias vulpinus","VU"
180,"Cetorhinus maximus","VU"
180,"Isurus oxyrinchus","VU"
163,"Lepidochelys kempii","CR"
163,"Isurus oxyrinchus","VU"
163,"Dermochelys coriacea","CR"
163,"Galeocerdo cuvier","NT"
163,"Lamna nasus","VU"
163,"Megachasma pelagios","DD"
163,"Carcharhinus amblyrhynchos","NT"
163,"Eschrichtius robustus","LC"
163,"Megaptera novaeangliae","LC"
163," Carcharhinus perezi","NT"
163,"Carcharodon carcharias","VU"
163,"Triaenodon obesus","NT"
163,"Caretta caretta","EN"
163,"Chelonia mydas","EN"
163,"Isurus paucus","VU"
163,"Ursus maritimus","VU"
163,"Balaenoptera borealis","EN"
163,"Prionace glauca","NT"
163,"Cetorhinus maximus","VU"
163,"Balaenoptera physalus","EN"
163,"Balaenoptera acutorostrata","LC"
163,"Balaena mysticetus","LC"
163,"Alopias vulpinus","VU"
163,"Balaenoptera musculus","EN"
163,"Lepidochelys olivacea","VU"
163,"Eubalaena glacialis","EN"
163,"Rhincodon typus","VU"
12,"Cheilinus undulatus","EN"
173,"Lamna nasus","VU"
173,"Balaenoptera borealis","EN"
173,"Lepidochelys olivacea","VU"
173,"Balaenoptera physalus","EN"
173,"Prionace glauca","NT"
173,"Galeocerdo cuvier","NT"
173,"Isurus oxyrinchus","VU"
173,"Cetorhinus maximus","VU"
173,"Rhincodon typus","VU"
173,"Alopias vulpinus","VU"
173,"Balaenoptera acutorostrata","LC"
173,"Balaenoptera musculus","EN"
173,"Caretta caretta","EN"
173,"Megaptera novaeangliae","LC"
6,"Galeocerdo cuvier","NT"
6,"Prionace glauca","NT"
6,"Chelonia mydas","EN"
6,"Triaenodon obesus","NT"
6,"Isurus oxyrinchus","VU"
6,"Cheilinus undulatus","EN"
6,"Eretmochelys imbricata","CR"
6,"Rhincodon typus","VU"
6,"Alopias vulpinus","VU"
6,"Balaenoptera physalus","EN"
6,"Megaptera novaeangliae","LC"
139,"Dermochelys coriacea","CR"
139,"Lepidochelys olivacea","VU"
139,"Alopias vulpinus","VU"
139,"Prionace glauca","NT"
139,"Caretta caretta","EN"
139,"Megaptera novaeangliae","LC"
139,"Chelonia mydas","EN"
139,"Isurus oxyrinchus","VU"
139,"Galeocerdo cuvier","NT"
139,"Eretmochelys imbricata","CR"
139," Carcharhinus perezi","NT"
139,"Rhincodon typus","VU"
207,"Lepidochelys olivacea","VU"
207,"Cheilinus undulatus","EN"
207,"Prionace glauca","NT"
207,"Chelonia mydas","EN"
207,"Isurus oxyrinchus","VU"
207,"Rhincodon typus","VU"
207,"Triaenodon obesus","NT"
207,"Eretmochelys imbricata","CR"
207,"Orcaella brevirostris","VU"
207,"Megaptera novaeangliae","LC"
117,"Prionace glauca","NT"
117,"Chelonia mydas","EN"
117,"Rhincodon typus","VU"
117,"Galeocerdo cuvier","NT"
117,"Isurus oxyrinchus","VU"
117,"Alopias vulpinus","VU"
117,"Eretmochelys imbricata","CR"
117,"Dermochelys coriacea","CR"
117,"Caretta caretta","EN"
117,"Balaenoptera acutorostrata","LC"
161,"Cheilinus undulatus","EN"
161,"Galeocerdo cuvier","NT"
161,"Prionace glauca","NT"
161,"Rhincodon typus","VU"
161,"Triaenodon obesus","NT"
161,"Megaptera novaeangliae","LC"
63,"Balaenoptera acutorostrata","LC"
63,"Galeocerdo cuvier","NT"
63,"Carcharodon carcharias","VU"
63,"Balaenoptera borealis","EN"
63,"Megaptera novaeangliae","LC"
63,"Cetorhinus maximus","VU"
63,"Balaenoptera musculus","EN"
63,"Prionace glauca","NT"
63,"Alopias vulpinus","VU"
63,"Isurus oxyrinchus","VU"
63,"Balaenoptera physalus","EN"
63,"Eubalaena glacialis","EX"
63,"Isurus paucus","VU"
63,"Rhincodon typus","VU"
47,"Megaptera novaeangliae","LC"
47,"Cheilinus undulatus","EN"
47,"Prionace glauca","NT"
47,"Balaenoptera musculus","EN"
47,"Isurus oxyrinchus","VU"
47,"Rhincodon typus","VU"
47,"Triaenodon obesus","NT"
47,"Chelonia mydas","EN"
47,"Alopias vulpinus","VU"
47,"Galeocerdo cuvier","NT"
47,"Lepidochelys olivacea","VU"
47,"Eretmochelys imbricata","CR"
