"cntry_key","sector","year","value"
"ABW","cf",2003,1244.8549176
"ABW","cf",2004,1244.8549176
"ABW","cf",2005,1242.602466
"ABW","cf",2006,1242.602466
"ABW","cf",2007,1335.203254
"ABW","cf",2008,1363.98458
"ABW","mar",2003,21.41042723901
"ABW","mar",2004,21.41042723901
"ABW","mar",2005,23.26281721587
"ABW","mar",2006,23.26281721587
"ABW","mar",2007,2.3262817194
"ABW","mar",2008,2.3262817194
"ABW","tour",2005,29700
"ABW","tour",2006,30400
"ABW","tour",2007,34500
"ABW","tour",2008,35300
"ABW","tour",2009,36400
"ABW","tour",2010,36400
"AGO","cf",1995,75992.711536
"AGO","cf",2000,60253.0803
"AGO","cf",2001,60253.0803
"AGO","cf",2002,65666.472312
"AGO","tour",2005,7472.28929676
"AGO","tour",2006,6380.94865174
"AGO","tour",2007,7383.51996199
"AGO","tour",2008,6516.71351667
"AGO","tour",2009,7874.36216597
"AGO","tour",2010,6678.58700947
"AIA","cf",2003,788.35806
"AIA","cf",2004,788.35806
"AIA","cf",2005,870.947952
"AIA","cf",2006,569.36971
"AIA","cf",2007,362.89498
"AIA","cf",2008,383.6675892
"AIA","tour",2005,4000
"AIA","tour",2006,4000
"AIA","tour",2007,3600
"AIA","tour",2008,3200
"AIA","tour",2009,3400
"AIA","tour",2010,3900
"ALB","cf",2003,6306.86448
"ALB","cf",2004,7007.6272
"ALB","cf",2005,7182.81788
"ALB","cf",2006,6707.30032
"ALB","cf",2007,8690.70909
"ALB","cf",2008,8166.388412
"ALB","mar",2003,331.533865416478
"ALB","mar",2004,376.743028894747
"ALB","mar",2005,731.305786917498
"ALB","mar",2006,1257.84595335796
"ALB","mar",2007,1053.08033327019
"ALB","mar",2008,1345.60264795934
"ALB","tour",2005,74564.9966688
"ALB","tour",2006,78627.9810074
"ALB","tour",2007,86338.4171955
"ALB","tour",2008,88139.0579819
"ALB","tour",2009,98481.1999347
"ALB","tour",2010,104529.506166
"ANT","mmw",1998,0
"ANT","mmw",2008,0
"ANT","tour",2005,17600
"ANT","tour",2006,17300
"ANT","tour",2007,18400
"ANT","tour",2008,19500
"ANT","tour",2009,19000
"ANT","tour",2010,18600
"ARE","cf",2003,30638.8477528
"ARE","cf",2004,23165.213344
"ARE","cf",2005,25863.4000884
"ARE","cf",2007,53107.80328
"ARE","cf",2008,51678.747876
"ARE","mar",2004,204.12
"ARE","mar",2005,291.6
"ARE","tour",2005,70552.0301819
"ARE","tour",2006,75347.9196472
"ARE","tour",2007,113452.760165
"ARE","tour",2008,125105.27285
"ARE","tour",2009,115550.961806
"ARE","tour",2010,104797.678395
"ARG","cf",2003,19063.248708
"ARG","cf",2004,19457.427738
"ARG","cf",2005,19457.427738
"ARG","cf",2008,57732.837232
"ARG","mmw",1998,242.03685
"ARG","mmw",2006,704.1072
"ARG","tour",2005,110777.545539
"ARG","tour",2006,117631.570035
"ARG","tour",2007,121840.29128
"ARG","tour",2008,113122.672534
"ARG","tour",2009,111984.504232
"ARG","tour",2010,109852.002086
"ASM","cf",1999,154.0426622
"ASM","cf",2000,154.0426622
"ASM","cf",2001,154.0426622
"ASM","cf",2002,154.0426622
"ASM","cf",2003,154.0426622
"ASM","cf",2004,154.0426622
"ASM","mar",1999,2.06358433315433
"ASM","mar",2000,2.2431580784962
"ASM","mar",2001,2.2431580784962
"ASM","mar",2002,2.2431580784962
"ASM","mar",2003,2.2431580784962
"ASM","mar",2004,2.2431580784962
"ASM","mmw",2005,0
"ASM","mmw",2008,0
"ATA","mmw",1998,5
"ATA","mmw",2008,84
"ATG","cf",2003,1677.450761
"ATG","cf",2004,1720.7478862
"ATG","cf",2005,1790.4487496
"ATG","cf",2006,1937.8591932
"ATG","cf",2007,2007.9354652
"ATG","cf",2008,2112.299056
"ATG","mar",2003,1.07182344230702
"ATG","mar",2004,1.07182344230702
"ATG","mar",2005,0.931644476468955
"ATG","mar",2006,0.931644476468955
"ATG","mar",2007,0.931644476468955
"ATG","mar",2008,0.931644476468955
"ATG","mmw",1998,0
"ATG","mmw",2008,0
"ATG","tour",2005,17500
"ATG","tour",2006,17400
"ATG","tour",2007,17500
"ATG","tour",2008,19000
"ATG","tour",2009,19300
"ATG","tour",2010,19200
"AUS","cf",2002,9576.673386
"AUS","cf",2004,15948.60869
"AUS","cf",2006,7883.5806
"AUS","cf",2007,6632.2186
"AUS","cf",2008,9134.9426
"AUS","mar",1999,0
"AUS","mar",2002,14659.66893267
"AUS","mar",2004,21903.71950134
"AUS","tour",2005,196307.180307
"AUS","tour",2006,171862.321768
"AUS","tour",2007,171883.108212
"AUS","tour",2008,166634.531018
"AUS","tour",2009,187431.368575
"AUS","tour",2010,193760.840876
"Azores","mmw",1998,11
"Azores","mmw",2008,46
"BEL","cf",2003,1626.7706
"BEL","cf",2004,1484.115332
"BEL","cf",2005,1429.055404
"BEL","cf",2006,939.0220448
"BEL","cf",2007,947.6564426
"BEL","cf",2008,959.4192454
"BEL","tour",2005,59596.7543386
"BEL","tour",2006,54370.7320357
"BEL","tour",2007,53285.3274036
"BEL","tour",2008,49868.312821
"BEL","tour",2009,50853.2170242
"BEL","tour",2010,48240.2058727
"BEN","cf",2003,156032.32778
"BEN","cf",2004,156032.32778
"BEN","cf",2005,120109.9793908
"BEN","cf",2006,120109.9793908
"BEN","cf",2007,77619.1067274
"BEN","cf",2008,71486.556974
"BEN","mmw",1998,0
"BEN","mmw",2008,0
"BEN","tour",2005,3000.91947917
"BEN","tour",2006,3423.72944015
"BEN","tour",2007,4289.97423826
"BEN","tour",2008,4228.09960982
"BEN","tour",2009,3523.41634152
"BEN","tour",2010,3712.47770619
"BGD","cf",2003,2300288.5413998
"BGD","cf",2004,2300288.5413998
"BGD","cf",2005,2300288.5413998
"BGD","cf",2006,4600527.0283196
"BGD","cf",2007,4600527.0283196
"BGD","cf",2008,4600527.0283196
"BGD","mmw",1998,0
"BGD","mmw",2008,0
"BGD","tour",2005,615960.771724
"BGD","tour",2006,635873.208822
"BGD","tour",2007,648774.511466
"BGD","tour",2008,653013.802066
"BGD","tour",2009,652483.890741
"BGD","tour",2010,657293.855076
"BGR","tour",2005,63227.1596006
"BGR","tour",2006,63375.1863516
"BGR","tour",2007,47911.3250914
"BGR","tour",2008,45977.1088776
"BGR","tour",2009,43470.5225598
"BGR","tour",2010,42148.1502504
"BHR","cf",2002,13823.0451968
"BHR","cf",2004,15825.349533
"BHR","cf",2005,15825.349533
"BHR","cf",2006,15825.349533
"BHR","cf",2007,15825.349533
"BHR","cf",2008,15825.349533
"BHR","mar",2002,116.64
"BHR","mar",2004,257.337
"BHR","mar",2005,264.627
"BHR","mar",2006,281.394
"BHR","mar",2007,310.554
"BHR","mar",2008,310.554
"BHR","mmw",1998,0
"BHR","mmw",2008,25.670575
"BHR","tour",2005,58100
"BHR","tour",2006,56100
"BHR","tour",2007,53900
"BHR","tour",2008,66400
"BHR","tour",2009,79400
"BHR","tour",2010,78500
"BHS","mmw",1998,3.667225
"BHS","mmw",2008,7.33445
"BHS","tour",2005,88500
"BHS","tour",2006,88200
"BHS","tour",2007,89300
"BHS","tour",2008,83000
"BHS","tour",2009,82300
"BHS","tour",2010,86600
"BIH","tour",2005,10327.3156993
"BIH","tour",2006,10389.4660445
"BIH","tour",2007,10897.0271972
"BIH","tour",2008,9985.48880052
"BIH","tour",2009,9001.44166769
"BIH","tour",2010,8224.56235229
"BLM","mmw",1998,0
"BLM","mmw",2008,0
"BLZ","cf",2003,5697.451186
"BLZ","cf",2004,4184.554528
"BLZ","cf",2005,5070.518824
"BLZ","cf",2006,5333.304844
"BLZ","cf",2007,5280.74764
"BLZ","cf",2008,5673.675308
"BLZ","mmw",1998,0
"BLZ","mmw",2006,0
"BLZ","tour",2005,18538.3311951
"BLZ","tour",2006,22078.6374998
"BLZ","tour",2007,25297.0977767
"BLZ","tour",2008,25361.4669822
"BLZ","tour",2009,23816.6060493
"BLZ","tour",2010,23623.4984327
"BMU","cf",2003,480.523008
"BMU","cf",2004,487.7809076
"BMU","cf",2005,397.1822988
"BMU","cf",2006,470.3869758
"BMU","cf",2007,471.137793
"BMU","cf",2008,458.9995816
"BMU","mmw",1998,0
"BMU","mmw",2008,0
"BMU","tour",2005,7400
"BMU","tour",2006,7500
"BMU","tour",2007,9700
"BMU","tour",2008,8600
"BMU","tour",2009,9400
"BMU","tour",2010,9300
"BRA","mmw",1998,432.73255
"BRA","mmw",2006,594.09045
"BRA","tour",2005,330978.911177
"BRA","tour",2006,305837.449575
"BRA","tour",2007,308005.974041
"BRA","tour",2008,295972.131308
"BRA","tour",2009,314813.546977
"BRA","tour",2010,319687.483978
"BRB","cf",1996,5616.738337
"BRB","cf",1999,5616.738337
"BRB","cf",2000,5616.738337
"BRB","cf",2001,5616.738337
"BRB","tour",2005,59000
"BRB","tour",2006,63600
"BRB","tour",2007,67700
"BRB","tour",2008,63600
"BRB","tour",2009,58300
"BRB","tour",2010,63300
"BRN","cf",2003,690.751824
"BRN","cf",2004,898.477916
"BRN","cf",2005,635.691896
"BRN","cf",2006,683.243652
"BRN","cf",2007,755.822648
"BRN","cf",2008,755.822648
"BRN","mar",1998,178.3682740899
"BRN","mar",1999,151.9433446005
"BRN","mar",2000,108.9038836386
"BRN","mar",2001,113.6388350853
"BRN","mar",2002,127.8436894983
"BRN","mar",2003,127.8436894983
"BRN","tour",2005,8683.68326295
"BRN","tour",2006,8226.64730175
"BRN","tour",2007,8683.68326295
"BRN","tour",2008,8291.93815335
"BRN","tour",2009,8683.68326295
"BRN","tour",2010,8487.81070815
"CAN","cf",1999,59926.8502266
"CAN","cf",2000,54352.90847
"CAN","cf",2001,52013.2369386
"CAN","cf",2002,53665.4101872
"CAN","cf",2003,50878.1264684
"CAN","cf",2004,61546.988608
"CAN","tour",2005,332943.422695
"CAN","tour",2006,318450.060257
"CAN","tour",2007,296306.103221
"CAN","tour",2008,294975.56503
"CAN","tour",2009,281052.433245
"CAN","tour",2010,289748.450708
"CAN","wte",2005,16.3466
"CAN","wte",2006,16.3466
"CAN","wte",2007,16.3466
"CAN","wte",2008,16.3466
"CAN","wte",2009,16.3466
"CAN","wte",2010,16.3466
"Canary Islands","mmw",1998,943
"Canary Islands","mmw",2008,576
"CHL","cf",2003,124903.446668
"CHL","cf",2004,133670.48884
"CHL","cf",2005,142687.803412
"CHL","cf",2006,151512.408236
"CHL","cf",2007,164168.683504
"CHL","cf",2008,177110.269308
"CHL","mmw",1998,11.001675
"CHL","mmw",2006,36.67225
"CHL","tour",2005,240057.233924
"CHL","tour",2006,228982.21288
"CHL","tour",2007,225930.429303
"CHL","tour",2008,254823.92865
"CHL","tour",2009,289427.216624
"CHL","tour",2010,269935.179586
"CHN","cf",2003,4683174.733244
"CHN","cf",2004,4568605.033972
"CHN","cf",2005,4440205.281876
"CHN","cf",2006,4372884.509
"CHN","cf",2007,4465157.440156
"CHN","cf",2008,4555348.104944
"CHN","mar",2003,8280738.82891214
"CHN","mar",2004,8598238.00034668
"CHN","mar",2005,5785025.29652353
"CHN","mar",2006,5771149.79635581
"CHN","mar",2007,6299448.02859836
"CHN","mar",2008,6459117.54597927
"CHN","mmw",1998,0
"CHN","mmw",2008,1045.159125
"CHN","tour",2005,2067526.17273
"CHN","tour",2006,2191376.86519
"CHN","tour",2007,2181234.72514
"CHN","tour",2008,2080438.81665
"CHN","tour",2009,2041546.96801
"CHN","tour",2010,2003709.61375
"CIV","cf",1999,7280.424116
"CIV","cf",2000,29867.508216
"CIV","cf",2001,27732.684644
"CIV","cf",2002,25027.24
"CIV","cf",2003,15115.201598
"CIV","cf",2004,15561.937832
"CIV","tour",2005,11112.5301591
"CIV","tour",2006,13593.9689325
"CIV","tour",2007,15218.6449581
"CIV","tour",2008,15732.7026068
"CIV","tour",2009,14450.7316804
"CIV","tour",2010,13003.7545951
"CMR","cf",2000,52056.6592
"CMR","cf",2001,62317.8276
"CMR","cf",2002,36352.0661
"CMR","cf",2003,37540.86
"CMR","tour",2005,8621.67356399
"CMR","tour",2006,8645.76766803
"CMR","tour",2007,8513.25009579
"CMR","tour",2008,7465.15656985
"CMR","tour",2009,9111.5870129
"CMR","tour",2010,8336.55999946
"COD","cf",2001,137399.5476
"COD","cf",2002,125136.2
"COD","cf",2003,332385.0225332
"COD","cf",2004,308508.284756
"COD","cf",2005,279874.4943358
"COD","cf",2006,304376.4125682
"COD","mar",1998,0
"COD","mar",1999,0
"COD","mar",2000,0
"COD","mar",2001,0
"COD","mar",2002,0
"COD","tour",2005,307.29763087
"COD","tour",2006,266.363049647
"COD","tour",2007,245.223125072
"COD","tour",2008,264.633419454
"COD","tour",2009,291.538778005
"COD","tour",2010,255.600906227
"COG","cf",1995,29657.2794
"COG","cf",1996,31606.901396
"COG","cf",1997,26278.602
"COG","cf",1998,26278.602
"COG","cf",1999,26278.602
"COG","cf",2000,26278.602
"COG","tour",2005,324.944271344
"COG","tour",2006,316.820664561
"COG","tour",2007,398.056732397
"COG","tour",2008,353.376895087
"COG","tour",2009,361.500501871
"COG","tour",2010,296.511647602
"COK","cf",1996,165.805465
"COK","cf",2006,51.931523
"COK","mmw",2005,25.670575
"COK","mmw",2008,25.670575
"COL","mmw",1998,0
"COL","mmw",2006,22.00335
"COL","tour",2005,76082.0820738
"COL","tour",2006,79745.1829072
"COL","tour",2007,78372.452656
"COL","tour",2008,73359.003043
"COL","tour",2009,72247.3899591
"COL","tour",2010,71188.0003087
"COM","cf",2000,14156.4080336
"COM","cf",2001,14002.74078
"COM","cf",2002,14002.74078
"COM","cf",2003,14221.72913
"COM","cf",2004,14253.01318
"COM","cf",2005,14109.10655
"COM","tour",2005,9700
"COM","tour",2006,9500
"COM","tour",2007,9100
"COM","tour",2008,7500
"COM","tour",2009,7300
"COM","tour",2010,7700
"CPV","cf",2002,12521.128172
"CPV","cf",2003,12641.258924
"CPV","cf",2004,14142.893324
"CPV","cf",2005,12055.621508
"CPV","cf",2006,12055.621508
"CPV","cf",2007,12055.621508
"CPV","tour",2005,25400
"CPV","tour",2006,33700
"CPV","tour",2007,37800
"CPV","tour",2008,46100
"CPV","tour",2009,42300
"CPV","tour",2010,40600
"CRI","mmw",1998,3.667225
"CRI","mmw",2006,187.028475
"CRI","tour",2005,172247.802348
"CRI","tour",2006,168233.67965
"CRI","tour",2007,178298.942535
"CRI","tour",2008,178838.153047
"CRI","tour",2009,159306.750068
"CRI","tour",2010,144628.241694
"CUB","cf",2004,12806.438708
"CUB","cf",2005,13657.364868
"CUB","cf",2006,16718.19632
"CUB","cf",2007,16885.878828
"CUB","cf",2008,12383.478352
"CUB","mar",2004,2651.16167517734
"CUB","mar",2005,4112.02066027995
"CUB","mar",2006,3868.24273065519
"CUB","mar",2007,3889.46252000624
"CUB","mar",2008,4287.64562132422
"CUB","tour",2005,501335.04047
"CUB","tour",2006,436501.133507
"CUB","tour",2007,435528.182653
"CUB","tour",2008,432963.130399
"CUB","tour",2009,460294.204412
"CUB","tour",2010,457198.451692
"CYM","tour",2005,6100
"CYM","tour",2006,8100
"CYM","tour",2007,7700
"CYM","tour",2008,7600
"CYM","tour",2009,7600
"CYM","tour",2010,7800
"CYP","cf",2003,2317.522424
"CYP","cf",2004,2492.713104
"CYP","cf",2005,2948.208872
"CYP","cf",2006,1383.7560996
"CYP","cf",2007,1399.2729884
"CYP","cf",2008,1896.1888386
"CYP","mar",2003,1177.052885748
"CYP","mar",2004,762.691139595
"CYP","mar",2005,1315.693285623
"CYP","mar",2006,1450.977677865
"CYP","mar",2007,1580.303949462
"CYP","mar",2008,2153.334988494
"CYP","mmw",1998,0
"CYP","mmw",2008,0
"CYP","tour",2005,84938.1212264
"CYP","tour",2006,81277.8044001
"CYP","tour",2007,85313.5383368
"CYP","tour",2008,75177.2763562
"CYP","tour",2009,64196.3258772
"CYP","tour",2010,68138.2055363
"DEU","cf",2003,5032.977964
"DEU","cf",2004,4885.317248
"DEU","cf",2005,4663.826174
"DEU","cf",2006,4399.788792
"DEU","cf",2007,4098.21055
"DEU","cf",2008,3971.822988
"DEU","mmw",1998,0
"DEU","mmw",2008,0
"DEU","tour",2005,238483.556131
"DEU","tour",2006,239789.333911
"DEU","tour",2007,232705.778339
"DEU","tour",2008,232405.333894
"DEU","tour",2009,244561.778367
"DEU","tour",2010,233318.222785
"DMA","cf",2002,1674.4474922
"DMA","cf",2005,1759.9155168
"DMA","cf",2006,1809.3443158
"DMA","cf",2007,1932.2280642
"DMA","cf",2008,2025.7048056
"DMA","mmw",1998,7.33445
"DMA","mmw",2008,25.670575
"DMA","tour",2005,8300
"DMA","tour",2006,9900
"DMA","tour",2007,9700
"DMA","tour",2008,8900
"DMA","tour",2009,8700
"DMA","tour",2010,8600
"DNK","cf",2003,8719.2401436
"DNK","cf",2004,8145.740939
"DNK","cf",2005,7502.9162796
"DNK","cf",2006,6644.106539
"DNK","cf",2007,5924.6985252
"DNK","cf",2008,2626.608838
"DNK","mar",2003,512.6884014132
"DNK","mar",2004,485.8221301479
"DNK","mar",2005,1103.590035783
"DNK","mar",2006,1049.41898109
"DNK","mar",2007,1033.15710519
"DNK","mar",2008,520.5912233805
"DNK","mmw",1998,0
"DNK","mmw",2008,0
"DNK","tour",2005,373813.04663
"DNK","tour",2006,355200.761814
"DNK","tour",2007,332474.182459
"DNK","tour",2008,331004.791552
"DNK","tour",2009,348147.685462
"DNK","tour",2010,332474.182459
"DOM","cf",2004,26311.763093
"DOM","cf",2005,23677.1455382
"DOM","mmw",1998,40.339475
"DOM","mmw",2008,51.34115
"DOM","tour",2005,421149.479794
"DOM","tour",2006,461119.199794
"DOM","tour",2007,425901.124829
"DOM","tour",2008,414022.012241
"DOM","tour",2009,426180.63336
"DOM","tour",2010,456018.169095
"DZA","tour",2005,11483.2505449
"DZA","tour",2006,12337.3461276
"DZA","tour",2007,11905.686589
"DZA","tour",2008,11451.8906639
"DZA","tour",2009,12756.092774
"DZA","tour",2010,12440.649265
"ECU","cf",1997,27204.60988
"ECU","cf",2007,58018.147768
"ECU","mar",2004,136883.517634329
"ECU","mar",2005,137929.354050876
"ECU","mar",2006,137929.354050876
"ECU","mmw",1998,29.3378
"ECU","mmw",2006,110.01675
"ECU","tour",2005,42681.329861
"ECU","tour",2006,40794.8622428
"ECU","tour",2007,47179.8295658
"ECU","tour",2008,50245.3394453
"ECU","tour",2009,48812.34962
"ECU","tour",2010,47034.7166721
"EGY","cf",1994,309437.5461772
"EGY","cf",1996,266622.1953472
"EGY","cf",1997,274740.281186
"EGY","cf",1998,662084.1216696
"EGY","cf",1999,737291.1030058
"EGY","cf",2000,992431.6765944
"EGY","mar",1996,112051.013985254
"EGY","mar",1997,116783.033809189
"EGY","mar",2000,159367.674901766
"EGY","mmw",1998,33.005025
"EGY","mmw",2008,121.018425
"EGY","tour",2005,353053.056277
"EGY","tour",2006,372082.267268
"EGY","tour",2007,405819.314642
"EGY","tour",2008,410357.299506
"EGY","tour",2009,395378.700302
"EGY","tour",2010,393483.360562
"ERI","mmw",1998,0
"ERI","mmw",2008,0
"ESP","cf",2001,111384.1070286
"ESP","cf",2002,98609.5780516
"ESP","cf",2003,90680.1976024
"ESP","cf",2004,89894.5925388
"ESP","cf",2005,83999.3010206
"ESP","cf",2006,42605.4974226
"ESP","mar",2001,48689.22174381
"ESP","mar",2002,47710.97138772
"ESP","mar",2003,46966.65046128
"ESP","mar",2004,45568.39042935
"ESP","mar",2005,51523.79759055
"ESP","mar",2006,49287.9055653
"ESP","mmw",1998,106.349525
"ESP","mmw",2008,315.38135
"ESP","tour",2005,580181.981197
"ESP","tour",2006,561506.095142
"ESP","tour",2007,554404.59477
"ESP","tour",2008,558177.929296
"ESP","tour",2009,535410.731086
"ESP","tour",2010,496999.033548
"EST","cf",2003,14950.7726312
"EST","cf",2004,16271.7103584
"EST","cf",2005,7453.112072
"EST","cf",2006,7615.0383148
"EST","cf",2007,7834.5272096
"EST","cf",2008,6991.359494
"EST","mar",2003,0
"EST","mar",2004,0
"EST","mar",2005,0
"EST","mar",2006,0
"EST","mar",2007,0
"EST","mar",2008,0
"EST","tour",2005,48271.431645
"EST","tour",2006,48372.9488514
"EST","tour",2007,41622.0546256
"EST","tour",2008,43144.8127216
"EST","tour",2009,42028.1234512
"EST","tour",2010,38271.9868143
"FIN","cf",2003,3848.0632862
"FIN","cf",2004,3629.9508896
"FIN","cf",2005,3387.8123426
"FIN","cf",2006,3123.2744158
"FIN","cf",2007,3076.2232046
"FIN","cf",2008,2787.9093998
"FIN","mar",2003,4941.247962222
"FIN","mar",2004,4495.130551791
"FIN","mar",2005,4570.650700263
"FIN","mar",2006,3649.204160496
"FIN","mar",2007,4349.959306272
"FIN","mar",2008,3883.089062097
"FIN","tour",2005,36668.87183
"FIN","tour",2006,35695.518572
"FIN","tour",2007,36031.7678793
"FIN","tour",2008,34262.0346829
"FIN","tour",2009,34598.2839902
"FIN","tour",2010,30315.5296549
"FJI","cf",2003,2495.215828
"FJI","cf",2004,3175.956756
"FJI","cf",2005,3433.737328
"FJI","cf",2006,3386.185572
"FJI","cf",2007,3628.9498
"FJI","cf",2008,3366.16378
"FJI","mmw",2005,0
"FJI","mmw",2008,0
"FJI","tour",2005,104500
"FJI","tour",2006,94300
"FJI","tour",2007,91300
"FJI","tour",2008,97400
"FJI","tour",2009,88000
"FJI","tour",2010,77400
"FLK","cf",2003,2228.1751772
"FLK","cf",2004,2279.981564
"FLK","cf",2005,2147.337192
"FLK","cf",2006,2185.6288692
"FLK","cf",2007,2174.867156
"FLK","cf",2008,1902.07024
"FLK","mar",2003,15.6735
"FLK","mar",2004,31.347
"FLK","mar",2005,22.9635
"FLK","mar",2006,29.16
"FLK","mar",2007,72.9
"FLK","mar",2008,14.58
"FLK","mmw",1998,0
"FLK","mmw",2008,0
"FRA","cf",2002,33064.6129898
"FRA","cf",2003,32830.8585682
"FRA","cf",2004,31486.770644
"FRA","cf",2007,29588.3293538
"FRA","mar",2001,67470.44868549
"FRA","mar",2002,60884.04102345
"FRA","mmw",1998,3.667225
"FRA","mmw",2008,22.00335
"FRA","tour",2005,542884.235473
"FRA","tour",2006,543792.223578
"FRA","tour",2007,534063.779587
"FRA","tour",2008,531654.831551
"FRA","tour",2009,515329.576014
"FRA","tour",2010,490980.670481
"FRA","wte",2003,204.9952
"FRA","wte",2004,204.9952
"FRA","wte",2005,204.9952
"FRA","wte",2006,204.9952
"FRA","wte",2007,204.9952
"FRA","wte",2008,204.9952
"FRO","mmw",1998,0
"FRO","mmw",2008,0
"FSM","mmw",2005,0
"FSM","mmw",2008,0
"GAB","cf",2002,15494.7396926
"GAB","cf",2003,13742.2072116
"GAB","cf",2004,13742.2072116
"GAB","cf",2005,13337.5167408
"GAB","cf",2006,10849.4336762
"GAB","cf",2007,8267.4984616
"GAB","mmw",1998,0
"GAB","mmw",2008,0
"GAB","tour",2005,1525.08385095
"GAB","tour",2006,1298.70421683
"GAB","tour",2007,1119.98345304
"GAB","tour",2008,1298.70421683
"GAB","tour",2009,1310.61893441
"GAB","tour",2010,1227.21591131
"GBR","cf",2001,31451.6073718
"GBR","cf",2002,29673.4219698
"GBR","cf",2003,26633.2379908
"GBR","cf",2004,28499.76955
"GBR","cf",2005,26771.8889004
"GBR","cf",2006,26890.2677456
"GBR","mar",2005,11149.03217655
"GBR","mar",2006,10909.63577907
"GBR","mar",2007,17187.97727754
"GBR","mmw",1998,513.4115
"GBR","mmw",2008,1125.838075
"GBR","tour",2005,1789993.83154
"GBR","tour",2006,1917973.12954
"GBR","tour",2007,1777680.95447
"GBR","tour",2008,1810440.66982
"GBR","tour",2009,1830066.64963
"GBR","tour",2010,1762457.76101
"GEO","mmw",1998,0
"GEO","mmw",2008,0
"GHA","cf",1995,411975.900364
"GHA","cf",1996,640346.96264
"GHA","cf",1997,643225.09524
"GHA","cf",1998,642224.00564
"GHA","cf",1999,642349.14184
"GHA","cf",2000,639123.130604
"GHA","mar",1995,0
"GHA","mar",1996,0
"GHA","mar",1997,0
"GHA","mar",1998,0
"GHA","mar",1999,0
"GHA","mar",2000,0
"GHA","tour",2005,26879.0033979
"GHA","tour",2006,26421.6182011
"GHA","tour",2007,24492.977288
"GHA","tour",2008,23326.6450362
"GHA","tour",2009,24889.3777919
"GHA","tour",2010,25438.240028
"GIB","mmw",1998,22
"GIB","mmw",2008,41
"GIN","tour",2005,6953.01473497
"GIN","tour",2006,8874.07941219
"GIN","tour",2007,6754.71128442
"GIN","tour",2008,6345.71041766
"GIN","tour",2009,7368.21258457
"GIN","tour",2010,7678.06172605
"GLP","cf",2003,2191.5102706
"GLP","cf",2004,2212.2828798
"GLP","cf",2005,2250.9499656
"GLP","cf",2006,2197.6419444
"GLP","cf",2007,2280.4821088
"GLP","cf",2008,2256.9565032
"GLP","tour",2005,18300
"GLP","tour",2006,18100
"GLP","tour",2007,19700
"GLP","tour",2008,20500
"GLP","tour",2009,19900
"GLP","tour",2010,19700
"GMB","cf",1998,12795.17645
"GMB","cf",2006,10936.6536076
"GMB","cf",2007,10936.6536076
"GMB","mmw",1998,3.667225
"GMB","mmw",2008,33.005025
"GMB","tour",2005,22613.5899061
"GMB","tour",2006,27927.9219282
"GMB","tour",2007,32633.3200726
"GMB","tour",2008,27374.3456759
"GMB","tour",2009,24827.8949153
"GMB","tour",2010,25215.3982919
"GNQ","cf",2000,5037.983412
"GNQ","cf",2006,1126.2258
"GNQ","cf",2007,1134.4847892
"GNQ","cf",2008,546.845194
"GNQ","mar",2000,0
"GNQ","mar",2007,0
"GNQ","mar",2008,0
"GRC","cf",2003,35552.6960544
"GRC","cf",2004,33971.4750312
"GRC","cf",2005,33757.366993
"GRC","cf",2006,31948.523222
"GRC","cf",2007,31908.3545018
"GRC","cf",2008,31107.2325494
"GRC","mar",2003,26610.23228625
"GRC","mar",2004,31244.63599242
"GRC","mar",2005,31476.45980763
"GRC","mar",2006,32211.62827029
"GRC","mar",2007,33065.02557387
"GRC","mar",2008,33247.02634335
"GRC","mmw",1998,14.6689
"GRC","mmw",2008,14.6689
"GRC","tour",2005,650995.292713
"GRC","tour",2006,673454.125182
"GRC","tour",2007,674231.247413
"GRC","tour",2008,634986.574759
"GRC","tour",2009,576236.134113
"GRC","tour",2010,579888.608598
"GRD","cf",2003,5288.255812
"GRD","cf",2004,4987.928932
"GRD","cf",2005,5531.02004
"GRD","cf",2006,5531.02004
"GRD","cf",2007,5697.451186
"GRD","cf",2008,5895.166382
"GRD","mmw",1998,3.667225
"GRD","mmw",2008,7.33445
"GRD","tour",2005,7900
"GRD","tour",2006,9700
"GRD","tour",2007,10700
"GRD","tour",2008,10400
"GRD","tour",2009,10400
"GRD","tour",2010,10000
"GRL","mmw",1998,11.001675
"GRL","mmw",2007,14.6689
"GTM","cf",2003,6599.683188
"GTM","cf",2008,6502.076952
"GTM","mar",2003,4151.23654552983
"GTM","mar",2008,583.90935
"GTM","mmw",1998,0
"GTM","mmw",2006,0
"GTM","tour",2005,36723.1974782
"GTM","tour",2006,44351.7474082
"GTM","tour",2007,49770.7335234
"GTM","tour",2008,48462.2767393
"GTM","tour",2009,44154.2444973
"GTM","tour",2010,42228.591117
"GUF","cf",2003,472.8896998
"GUF","cf",2004,513.5589648
"GUF","cf",2005,129.515967
"GUF","cf",2006,440.479424
"GUF","cf",2007,288.8143496
"GUF","cf",2008,394.6795748
"GUM","cf",2006,2802.5503352
"GUM","cf",2007,4016.87202
"GUM","cf",2008,1877.043
"GUM","mar",2006,12.79800000324
"GUM","mar",2007,12.79800000324
"GUM","mar",2008,12.79800000324
"GUM","mmw",2005,568.419875
"GUM","mmw",2008,1492.560575
"GUY","cf",2003,16377.825856
"GUY","cf",2004,17972.061044
"GUY","cf",2005,17746.815884
"GUY","cf",2006,17746.815884
"GUY","cf",2007,17746.815884
"GUY","cf",2008,16643.1146
"GUY","mar",2003,130.990143960081
"GUY","mar",2004,111.778256147608
"GUY","mar",2005,111.778256147608
"GUY","mar",2006,111.778256147608
"GUY","mar",2007,111.778256147608
"GUY","mar",2008,104.792115160279
"GUY","tour",2005,4418.05483649
"GUY","tour",2006,4063.11597014
"GUY","tour",2007,3717.51760026
"GUY","tour",2008,3521.36717412
"GUY","tour",2009,3026.32086052
"GUY","tour",2010,3016.98036403
"HKG","cf",2003,24019.89359
"HKG","cf",2004,23730.828968
"HKG","cf",2005,22191.653708
"HKG","cf",2006,20548.615402
"HKG","cf",2007,19561.290784
"HKG","cf",2008,17903.236134
"HKG","mar",2003,7549.28479323
"HKG","mar",2004,7555.13242299
"HKG","mar",2005,7753.97116062
"HKG","mar",2006,7506.30882897
"HKG","mar",2007,7778.43163296
"HKG","mar",2008,7637.78389149
"HKG","mmw",2004,458.403125
"HKG","mmw",2008,275.041875
"HKG","tour",2005,342200
"HKG","tour",2006,385600
"HKG","tour",2007,418700
"HKG","tour",2008,460700
"HKG","tour",2009,470900
"HKG","tour",2010,422600
"HND","cf",2002,119560.130928
"HND","cf",2005,3003.2688
"HND","cf",2007,21460.8583
"HND","cf",2008,7125.255228
"HND","mar",1998,78731.1044264748
"HND","mar",1999,95919.961570184
"HND","mar",2000,89479.7504055847
"HND","mar",2001,89479.7504055847
"HND","mar",2002,89479.7504055847
"HND","mmw",1998,0
"HND","mmw",2006,0
"HND","tour",2005,71518.1148857
"HND","tour",2006,77731.6998066
"HND","tour",2007,86148.5080659
"HND","tour",2008,89936.0717826
"HND","tour",2009,89292.4335039
"HND","tour",2010,91198.5930215
"HRV","cf",2003,30353.036672
"HRV","cf",2004,30765.986132
"HRV","cf",2005,30015.168932
"HRV","cf",2006,29824.961908
"HRV","cf",2007,29870.01094
"HRV","cf",2008,29985.136244
"HRV","mmw",1998,0
"HRV","mmw",2008,0
"HRV","tour",2005,155777.417731
"HRV","tour",2006,160295.884086
"HRV","tour",2007,155821.286336
"HRV","tour",2008,161480.336431
"HRV","tour",2009,137922.895338
"HRV","tour",2010,135948.808096
"HTI","tour",2005,90852.4440768
"HTI","tour",2006,111446.79474
"HTI","tour",2007,147211.469554
"HTI","tour",2008,191112.184135
"HTI","tour",2009,186789.913009
"HTI","tour",2010,147380.970382
"IDN","cf",2003,6227953.8425524
"IDN","cf",2004,4610777.184734
"IDN","cf",2005,4262296.7687482
"IDN","cf",2006,4572730.2739412
"IDN","cf",2007,4264086.3415444
"IDN","cf",2008,4265206.8110792
"IDN","mar",2001,3357232.64899098
"IDN","mar",2002,3478661.33811031
"IDN","mar",2003,3524380.21128076
"IDN","mar",2004,3524380.21128076
"IDN","mar",2005,0
"IDN","mar",2006,0
"IDN","mmw",1998,139.35455
"IDN","mmw",2008,124.68565
"IDN","tour",2005,4186761.00003
"IDN","tour",2006,3999513.38907
"IDN","tour",2007,4255904.83683
"IDN","tour",2008,4465522.51264
"IDN","tour",2009,4541784.09734
"IDN","tour",2010,4456116.9172
"IND","cf",2003,12890185.3590328
"IND","cf",2004,14081051.3893686
"IND","cf",2005,13913037.1453024
"IND","cf",2006,15767675.509782
"IND","cf",2007,12411195.1443466
"IND","cf",2008,12618067.8074626
"IND","mar",2003,1617201.79029396
"IND","mar",2004,756739.22067949
"IND","mar",2005,0
"IND","mar",2006,0
"IND","mar",2007,0
"IND","mar",2008,0
"IND","mmw",1998,7.33445
"IND","mmw",2008,344.71915
"IND","tour",2005,3067748.63152
"IND","tour",2006,3084157.51102
"IND","tour",2007,3519205.63408
"IND","tour",2008,2841011.0869
"IND","tour",2009,2696229.87778
"IND","tour",2010,2699334.06205
"IRL","mmw",1998,748.1139
"IRL","mmw",2008,495.075375
"IRL","tour",2005,94733.8460658
"IRL","tour",2006,105365.740555
"IRL","tour",2007,104559.183042
"IRL","tour",2008,103752.625529
"IRL","tour",2009,101846.216862
"IRL","tour",2010,77356.1978323
"IRN","cf",2003,353437.186004
"IRN","cf",2004,362920.00724
"IRN","cf",2005,369835.033652
"IRN","cf",2006,382834.182108
"IRN","cf",2007,377623.51074
"IRN","cf",2008,367494.986712
"IRN","mar",2003,8282.66447241567
"IRN","mar",2004,5952.87777403355
"IRN","mar",2005,0
"IRN","mar",2006,0
"IRN","mar",2007,0
"IRN","mar",2008,0
"IRN","tour",2005,51338.9061848
"IRN","tour",2006,50935.2407323
"IRN","tour",2007,48517.8351248
"IRN","tour",2008,50160.0195792
"IRN","tour",2009,53962.731626
"IRN","tour",2010,54375.5712933
"IRQ","cf",2003,5666.167136
"IRQ","cf",2004,5678.680756
"IRQ","cf",2005,9445.280376
"IRQ","cf",2006,11267.263448
"IRQ","cf",2007,3371.169228
"IRQ","cf",2008,13201.8691
"ISL","cf",2003,6381.9462
"ISL","cf",2004,5756.2652
"ISL","cf",2005,6381.9462
"ISL","cf",2006,5756.2652
"ISL","cf",2007,5631.129
"ISL","cf",2008,5380.8566
"ISL","mmw",1998,128.352875
"ISL","mmw",2008,484.0737
"ISL","tour",2005,17223.5961979
"ISL","tour",2006,18252.8947754
"ISL","tour",2007,17498.0758185
"ISL","tour",2008,19968.3924047
"ISL","tour",2009,20105.632215
"ISL","tour",2010,18733.2341116
"ISR","tour",2005,78796.6519793
"ISR","tour",2006,79431.5065213
"ISR","tour",2007,82269.6797679
"ISR","tour",2008,90858.8882775
"ISR","tour",2009,87535.2380282
"ISR","tour",2010,84697.0647815
"ITA","mmw",1998,22.00335
"ITA","mmw",2008,62.342825
"ITA","tour",2005,1150962.46319
"ITA","tour",2006,1206139.72763
"ITA","tour",2007,1218586.10601
"ITA","tour",2008,1148191.00242
"ITA","tour",2009,1102990.99675
"ITA","tour",2010,1086664.5733
"JAM","cf",2002,35290.285443
"JAM","cf",2004,33091.5172728
"JAM","cf",2005,32883.4157722
"JAM","cf",2006,32078.4145976
"JAM","cf",2007,35385.5140912
"JAM","cf",2008,37072.6003396
"JAM","mmw",1998,0
"JAM","mmw",2008,0
"JAM","tour",2005,255000
"JAM","tour",2006,275800
"JAM","tour",2007,271500
"JAM","tour",2008,257600
"JAM","tour",2009,275000
"JAM","tour",2010,260800
"JOR","cf",2003,1089.0603486
"JOR","cf",2004,1107.2050976
"JOR","cf",2005,1089.1854848
"JOR","cf",2006,1082.8035386
"JOR","cf",2007,1082.8035386
"JOR","cf",2008,1012.1015856
"JOR","mar",2003,33.2147201072808
"JOR","mar",2004,155.52924495575
"JOR","mar",2005,64.6233371089362
"JOR","mar",2006,71.582773430343
"JOR","mar",2007,72.2710693448066
"JOR","mar",2008,79.4599375857983
"JOR","tour",2005,7476.41284607
"JOR","tour",2006,8414.5982686
"JOR","tour",2007,8845.37073022
"JOR","tour",2008,8855.94183357
"JOR","tour",2009,8240.17506329
"JOR","tour",2010,8266.60282167
"JPN","cf",2002,304481.40184
"JPN","cf",2003,319606.614334
"JPN","cf",2004,289052.10838
"JPN","cf",2005,278002.58192
"JPN","cf",2006,265876.88414
"JPN","cf",2007,255690.79746
"JPN","mmw",1998,348.386375
"JPN","mmw",2008,652.76605
"JPN","tour",2005,3259817.80205
"JPN","tour",2006,3404965.50939
"JPN","tour",2007,3472112.60431
"JPN","tour",2008,3263652.71157
"JPN","tour",2009,3305692.00268
"JPN","tour",2010,3207503.84771
"KEN","cf",2003,141794.5812164
"KEN","cf",2004,125000.427223
"KEN","cf",2005,125000.427223
"KEN","cf",2006,142186.8832034
"KEN","cf",2007,137962.9107724
"KEN","cf",2008,137528.3127498
"KEN","mar",2003,0
"KEN","mar",2004,0
"KEN","mar",2005,0
"KEN","mar",2006,0
"KEN","mar",2007,0
"KEN","mar",2008,0
"KEN","mmw",1998,0
"KEN","mmw",2008,0
"KEN","tour",2005,26334.1890603
"KEN","tour",2006,26609.5111838
"KEN","tour",2007,27863.3430167
"KEN","tour",2008,25649.6043207
"KEN","tour",2009,23324.2485475
"KEN","tour",2010,23205.1903319
"KHM","mar",1998,2961.56224234811
"KHM","mar",1999,4632.8690422605
"KHM","mar",2000,4907.16850569385
"KHM","mar",2001,4791.85138008378
"KHM","mar",2002,5300.70336782496
"KHM","mar",2003,5929.48516261929
"KHM","tour",2005,124499.751921
"KHM","tour",2006,128265.662696
"KHM","tour",2007,136408.658309
"KHM","tour",2008,122243.800597
"KHM","tour",2009,116293.84133
"KHM","tour",2010,118208.254206
"KIR","cf",2005,9169.980736
"KIR","cf",2006,7643.319096
"KIR","cf",2007,5711.216168
"KIR","cf",2008,4923.6089252
"KIR","tour",2005,3100
"KIR","tour",2006,2800
"KIR","tour",2007,3700
"KIR","tour",2008,3600
"KIR","tour",2009,3600
"KIR","tour",2010,3500
"KNA","cf",1997,334.113654
"KNA","cf",1998,367.900428
"KNA","cf",1999,392.927668
"KNA","cf",2000,429.217166
"KNA","mmw",1998,0
"KNA","mmw",2008,0
"KNA","tour",2005,8700
"KNA","tour",2006,8600
"KNA","tour",2007,8400
"KNA","tour",2008,6900
"KNA","tour",2009,5800
"KNA","tour",2010,5700
"KOR","cf",2003,4329.71252
"KOR","cf",2004,3577.643958
"KOR","cf",2005,7590.761892
"KOR","cf",2006,117749.410114
"KOR","cf",2007,111432.534738
"KOR","cf",2008,108760.876868
"KOR","mar",2003,142651.9754109
"KOR","mar",2004,133873.0372341
"KOR","mar",2005,209274.1485354
"KOR","mar",2006,148427.9490636
"KOR","mar",2007,146559.7209348
"KOR","mar",2008,139735.6348221
"KOR","tour",2005,830877.725851
"KOR","tour",2006,808357.410656
"KOR","tour",2007,823370.95412
"KOR","tour",2008,851473.227782
"KOR","tour",2009,898631.152762
"KOR","tour",2010,839411.064657
"KWT","tour",2005,58404.0694641
"KWT","tour",2006,60191.2978193
"KWT","tour",2007,67467.8704083
"KWT","tour",2008,60957.2528287
"KWT","tour",2009,98489.0482876
"KWT","tour",2010,86680.5752265
"LBN","cf",2001,14152.90422
"LBN","cf",2002,14152.90422
"LBN","cf",2003,14152.90422
"LBN","cf",2004,14152.90422
"LBN","cf",2005,14152.90422
"LBN","cf",2006,14152.90422
"LBN","mar",2001,0
"LBN","mar",2002,0
"LBN","mar",2003,0
"LBN","mar",2004,0
"LBN","mar",2005,0
"LBN","mar",2006,0
"LBN","tour",2005,301088.413155
"LBN","tour",2006,286314.074742
"LBN","tour",2007,279171.977499
"LBN","tour",2008,267408.523218
"LBN","tour",2009,283233.170049
"LBN","tour",2010,295836.871065
"LBR","cf",2004,10353.769188
"LBR","cf",2005,11659.0648902
"LBR","cf",2006,11659.0648902
"LBR","cf",2007,27196.1006184
"LBR","cf",2008,27196.1006184
"LBR","mar",2004,0
"LBR","mar",2005,852.184679449601
"LBR","mar",2006,852.184679449601
"LBR","mar",2007,908.199492668001
"LBR","mar",2008,908.199492668001
"LBY","tour",2005,3618.5117382
"LBY","tour",2006,2354.97109644
"LBY","tour",2007,2140.88281494
"LBY","tour",2008,2094.70691109
"LBY","tour",2009,2392.75138141
"LBY","tour",2010,2119.89376774
"LCA","cf",2003,3547.8615424
"LCA","cf",2004,3606.9258288
"LCA","cf",2005,3736.8172044
"LCA","cf",2006,3832.0458526
"LCA","cf",2007,3918.1395582
"LCA","cf",2008,3920.517146
"LCA","mar",2003,14.889688425
"LCA","mar",2004,13.137960375
"LCA","mar",2005,89.532767
"LCA","mar",2006,28.0276488
"LCA","mar",2007,36.78628905
"LCA","mar",2008,46.712748
"LCA","mmw",1998,0
"LCA","mmw",2008,29.3378
"LCA","tour",2005,42800
"LCA","tour",2006,34400
"LCA","tour",2007,33900
"LCA","tour",2008,32900
"LCA","tour",2009,32200
"LCA","tour",2010,31900
"LKA","cf",2003,213357.221
"LKA","cf",2004,373156.1484
"LKA","cf",2005,350731.74136
"LKA","cf",2006,364133.82838
"LKA","cf",2007,387984.7881
"LKA","cf",2008,392164.33718
"LKA","mar",2003,10658.8897344307
"LKA","mar",2004,11627.8797099341
"LKA","mar",2005,9182.78209095197
"LKA","mar",2006,9346.76034160293
"LKA","mar",2007,10904.5537344652
"LKA","mar",2008,11396.4884864181
"LKA","mmw",1998,0
"LKA","mmw",2008,3.667225
"LKA","tour",2005,354125.00584
"LKA","tour",2006,369161.241454
"LKA","tour",2007,356476.351327
"LKA","tour",2008,336428.037175
"LKA","tour",2009,322567.474305
"LKA","tour",2010,332467.876355
"LTU","cf",2003,4075.1854892
"LTU","cf",2004,5827.9682426
"LTU","cf",2005,3738.0685664
"LTU","cf",2006,3609.9290976
"LTU","cf",2007,2509.4813548
"LTU","mar",2003,0
"LTU","mar",2004,0
"LTU","mar",2005,0
"LTU","mar",2006,0
"LTU","mar",2007,0
"LTU","tour",2005,7234.59401794
"LTU","tour",2006,6989.94591106
"LTU","tour",2007,6801.21737146
"LTU","tour",2008,5319.34883831
"LTU","tour",2009,6095.23283444
"LTU","tour",2010,4585.40451765
"LVA","cf",2003,10200.9778878
"LVA","cf",2004,6522.5992888
"LVA","cf",2005,6444.8897086
"LVA","cf",2006,4147.3890766
"LVA","cf",2007,1149.7514056
"LVA","cf",2008,980.442127
"LVA","mar",2003,0
"LVA","mar",2004,0
"LVA","mar",2005,0
"LVA","mar",2006,0
"LVA","mar",2007,0
"LVA","mar",2008,0
"LVA","tour",2005,20256.3349575
"LVA","tour",2006,21916.2290721
"LVA","tour",2007,22281.9684533
"LVA","tour",2008,23801.1935751
"LVA","tour",2009,22085.0318634
"LVA","tour",2010,20256.3349575
"MAF","mmw",2003,0
"MAF","mmw",2004,0
"MAF","mmw",2005,0
"MAF","mmw",2006,0
"MAF","mmw",2007,0
"MAF","mmw",2008,0
"MAR","cf",2003,288113.58688
"MAR","cf",2004,289577.68042
"MAR","cf",2005,264540.429524
"MAR","cf",2006,268775.038532
"MAR","cf",2007,271633.14934
"MAR","cf",2008,277499.534396
"MAR","mmw",1998,0
"MAR","mmw",2008,0
"MAR","tour",2005,266768.651409
"MAR","tour",2006,311328.459332
"MAR","tour",2007,342559.671288
"MAR","tour",2008,327116.205848
"MAR","tour",2009,313426.934466
"MAR","tour",2010,311853.078116
"MCO","mmw",1998,0
"MCO","mmw",2008,0
"MDG","cf",2003,287825.77362
"MDG","cf",2004,287825.77362
"MDG","cf",2005,287825.77362
"MDG","cf",2006,287825.77362
"MDG","cf",2007,287825.77362
"MDG","cf",2008,287312.7152
"MDG","mar",2003,27878.6062381526
"MDG","mar",2004,29686.3734581764
"MDG","mar",2005,30655.0066494961
"MDG","mar",2006,32300.3318649051
"MDG","mar",2007,33945.6570803141
"MDG","mar",2008,33945.6570803141
"MDG","mmw",1998,14.6689
"MDG","mmw",2008,55.008375
"MDG","tour",2005,91713.6585788
"MDG","tour",2006,116564.731273
"MDG","tour",2007,136652.203427
"MDG","tour",2008,139177.48564
"MDG","tour",2009,130855.532891
"MDG","tour",2010,135762.615374
"MDV","cf",2003,37268.063084
"MDV","cf",2004,37107.888748
"MDV","cf",2005,36026.71198
"MDV","cf",2006,34988.08152
"MDV","cf",2007,35641.292484
"MDV","cf",2008,35203.315784
"MDV","mmw",1998,0
"MDV","mmw",2008,47.673925
"MDV","tour",2005,55800
"MDV","tour",2006,79400
"MDV","tour",2007,85000
"MDV","tour",2008,80600
"MDV","tour",2009,75200
"MDV","tour",2010,82200
"MEX","cf",2003,39110.067948
"MEX","cf",2005,319756.777774
"MEX","cf",2006,318381.530936
"MEX","cf",2007,316892.410156
"MEX","cf",2008,304647.832986
"MEX","mar",2003,850909.331117888
"MEX","mar",2004,851209.972028379
"MEX","mar",2005,929596.484882225
"MEX","mar",2006,43127.9578041834
"MEX","mar",2007,52476.7478769705
"MEX","mar",2008,52333.5573441616
"MEX","mmw",1998,528.0804
"MEX","mmw",2006,832.460075
"MEX","tour",2005,1397783.01082
"MEX","tour",2006,1428600.62194
"MEX","tour",2007,1375894.03852
"MEX","tour",2008,1385301.32602
"MEX","tour",2009,1162361.49881
"MEX","tour",2010,1203065.04612
"MLT","cf",2003,2004.056243
"MLT","cf",2004,1457.0859128
"MLT","cf",2005,1267.004025
"MLT","cf",2006,1235.8451112
"MLT","cf",2007,1239.3489248
"MLT","cf",2008,1247.7330502
"MLT","mar",2003,546.75
"MLT","mar",2004,636.417
"MLT","mar",2005,713.691
"MLT","mar",2006,968.112
"MLT","mar",2007,1359.9495
"MLT","mar",2008,1441.5975
"MLT","tour",2005,39200
"MLT","tour",2006,39400
"MLT","tour",2007,39400
"MLT","tour",2008,39400
"MLT","tour",2009,37000
"MLT","tour",2010,38200
"MMR","cf",2003,3481914.765
"MMR","cf",2005,4173692.70584
"MMR","cf",2007,4281197.21526
"MMR","cf",2008,4415005.35392
"MMR","mar",2002,11017.3282735235
"MMR","mar",2008,155343.40478869
"MMR","mmw",1998,0
"MMR","mmw",2008,0
"MMR","tour",2005,116044.054818
"MMR","tour",2006,108789.439324
"MMR","tour",2007,106674.130495
"MMR","tour",2008,108282.956929
"MMR","tour",2009,110964.334318
"MMR","tour",2010,107389.164465
"MNE","tour",2005,7244.7021504
"MNE","tour",2006,9683.16287419
"MNE","tour",2007,10602.0031469
"MNE","tour",2008,12333.6636609
"MNE","tour",2009,8693.64258048
"MNE","tour",2010,8198.88243362
"MOZ","mmw",1998,0
"MOZ","mmw",2008,29.3378
"MOZ","tour",2005,55662.24793
"MOZ","tour",2006,60425.3855638
"MOZ","tour",2007,71668.6057925
"MOZ","tour",2008,74313.2548857
"MOZ","tour",2009,79173.3168318
"MOZ","tour",2010,78577.9246276
"MRT","mmw",1998,0
"MRT","mmw",2008,0
"MSR","cf",1997,75.08172
"MSR","cf",1998,147.660716
"MSR","cf",1999,177.693404
"MSR","cf",2000,154.2929346
"MSR","cf",2001,150.9142572
"MSR","cf",2002,145.0328558
"MTQ","cf",2003,2267.2176716
"MTQ","cf",2004,2579.8078992
"MTQ","cf",2005,2394.9817318
"MTQ","cf",2006,2435.0253158
"MTQ","cf",2007,2245.6942452
"MTQ","cf",2008,2140.8301096
"MTQ","tour",2005,14700
"MTQ","tour",2006,13900
"MTQ","tour",2007,13600
"MTQ","tour",2008,13400
"MTQ","tour",2009,14000
"MTQ","tour",2010,14000
"MUS","cf",2003,44025.9184288
"MUS","cf",2004,42320.437159
"MUS","cf",2005,42285.399023
"MUS","cf",2006,42071.416121
"MUS","cf",2007,43130.068373
"MUS","cf",2008,41738.553829
"MUS","mar",2003,2.01663125974406
"MUS","mar",2004,11.8625368162993
"MUS","mar",2005,222.773315735098
"MUS","mar",2006,195.355061514733
"MUS","mar",2007,274.182542476136
"MUS","mar",2008,342.728178065974
"MUS","mmw",1998,0
"MUS","mmw",2008,73.3445
"MUS","tour",2005,143600
"MUS","tour",2006,144300
"MUS","tour",2007,171300
"MUS","tour",2008,166300
"MUS","tour",2009,142800
"MUS","tour",2010,155200
"MYS","cf",2006,245134.307628
"MYS","cf",2007,249313.856708
"MYS","cf",2008,274726.516204
"MYS","mar",2006,60178.4180772833
"MYS","mar",2007,63732.2381104489
"MYS","mar",2008,91716.6994956859
"MYS","mmw",1998,0
"MYS","mmw",2008,11.001675
"MYS","tour",2005,537112.997842
"MYS","tour",2006,540993.752784
"MYS","tour",2007,658407.232098
"MYS","tour",2008,596562.860786
"MYS","tour",2009,659398.063147
"MYS","tour",2010,633182.324974
"MYT","cf",2003,6027.810754
"MYT","cf",2004,6027.810754
"MYT","cf",2005,6027.810754
"MYT","mar",2003,97.318225
"MYT","mar",2004,97.318225
"MYT","mar",2005,97.318225
"MYT","mmw",1998,0
"MYT","mmw",2008,33.005025
"NAM","mmw",1998,25.670575
"NAM","mmw",2008,150.356225
"NAM","tour",2005,3906.47583727
"NAM","tour",2006,5942.44759039
"NAM","tour",2007,8251.80070966
"NAM","tour",2008,7525.18181544
"NAM","tour",2009,6366.90813256
"NAM","tour",2010,7719.42647033
"NCL","cf",2003,643.200068
"NCL","cf",2004,625.9312724
"NCL","cf",2005,600.9040324
"NCL","cf",2006,680.740928
"NCL","cf",2007,1701.85232
"NCL","cf",2008,1942.113824
"NCL","mmw",2005,33.005025
"NCL","mmw",2008,40.339475
"NGA","cf",2003,1030744.8772208
"NGA","cf",2004,1102779.1553422
"NGA","cf",2005,1120941.923955
"NGA","cf",2006,1438166.9461306
"NGA","cf",2007,1478868.2459978
"NGA","cf",2008,1494029.4977174
"NGA","tour",2005,86148.3230496
"NGA","tour",2006,16199.3731773
"NGA","tour",2007,28966.7954547
"NGA","tour",2008,35050.3874304
"NGA","tour",2009,42214.408393
"NGA","tour",2010,39160.2545573
"NIC","cf",2000,34520.072132
"NIC","cf",2001,33401.354504
"NIC","cf",2002,37774.864694
"NIC","cf",2004,37774.864694
"NIC","cf",2005,37778.61878
"NIC","mar",2000,44766.3835
"NIC","mar",2002,20892.276543
"NIC","mar",2004,20892.276543
"NIC","mar",2005,20690.9862201785
"NIC","mmw",1998,0
"NIC","mmw",2006,14.6689
"NIC","tour",2005,40658.538443
"NIC","tour",2006,36012.6156223
"NIC","tour",2007,39100.945821
"NIC","tour",2008,38429.5696909
"NIC","tour",2009,51722.8170682
"NIC","tour",2010,52528.4684244
"NIU","mmw",2005,0
"NIU","mmw",2008,1
"NLD","cf",1998,9367.695932
"NLD","cf",2001,8596.85694
"NLD","cf",2002,8649.414144
"NLD","cf",2003,8516.769772
"NLD","tour",2005,536821.023443
"NLD","tour",2006,512314.243099
"NLD","tour",2007,512743.111755
"NLD","tour",2008,481558.233766
"NLD","tour",2009,444430.461545
"NLD","tour",2010,402462.600205
"NOR","cf",2003,34499.8000676
"NOR","cf",2004,32563.567645
"NOR","cf",2005,30185.2290278
"NOR","cf",2006,28234.3556698
"NOR","cf",2007,27397.4447642
"NOR","cf",2008,26688.5481912
"NOR","mar",2003,27555.1065
"NOR","mar",2004,26728.785
"NOR","mar",2005,26277.5028717
"NOR","mar",2006,27952.57298079
"NOR","mar",2007,28594.98076428
"NOR","mar",2008,29343.7884816
"NOR","mmw",1998,95.34785
"NOR","mmw",2008,150.356225
"NOR","tour",2005,100681.539844
"NOR","tour",2006,90218.5562919
"NOR","tour",2007,82190.3550756
"NOR","tour",2008,92324.313988
"NOR","tour",2009,93903.6322601
"NOR","tour",2010,89165.6774439
"NZL","cf",2003,4543.695422
"NZL","cf",2004,4358.493846
"NZL","cf",2005,3973.07435
"NZL","cf",2006,3915.511698
"NZL","cf",2007,3686.512452
"NZL","cf",2008,3468.775464
"NZL","mmw",1998,1554.9034
"NZL","mmw",2004,2871.437175
"NZL","tour",2005,288494.453209
"NZL","tour",2006,286966.751255
"NZL","tour",2007,288574.858575
"NZL","tour",2008,290665.398091
"NZL","tour",2009,288816.074673
"NZL","tour",2010,301600.527867
"OMN","cf",2003,41405.065856
"OMN","cf",2004,43215.78667
"OMN","cf",2005,44812.524582
"OMN","cf",2006,46275.36676
"OMN","cf",2007,46954.856326
"OMN","cf",2008,52890.066292
"OMN","mmw",1998,14.6689
"OMN","mmw",2008,25.670575
"OMN","tour",2005,18995.9793952
"OMN","tour",2006,14914.7284791
"OMN","tour",2007,17094.2446751
"OMN","tour",2008,16047.2221888
"OMN","tour",2009,17008.7734518
"OMN","tour",2010,15299.3489842
"PAK","cf",2003,500653.7936302
"PAK","cf",2004,518844.8430242
"PAK","cf",2005,529223.2640436
"PAK","cf",2006,545036.4753652
"PAK","cf",2007,551376.375802
"PAK","cf",2008,571012.8734422
"PAK","tour",2005,117800.009602
"PAK","tour",2006,111438.961877
"PAK","tour",2007,113517.761924
"PAK","tour",2008,124703.877455
"PAK","tour",2009,132363.672597
"PAK","tour",2010,129082.626489
"PAN","cf",2003,51223.877789
"PAN","cf",2004,68619.686632
"PAN","cf",2005,77699.569304
"PAN","cf",2006,79176.176464
"PAN","cf",2007,83012.852356
"PAN","cf",2008,86486.633268
"PAN","mmw",1998,0
"PAN","mmw",2006,33.005025
"PAN","tour",2005,98931.2492478
"PAN","tour",2006,125870.706524
"PAN","tour",2007,139570.294013
"PAN","tour",2008,163843.388624
"PAN","tour",2009,172026.363701
"PAN","tour",2010,169543.888116
"PER","cf",2001,192802.348788
"PER","cf",2002,193553.165988
"PER","cf",2003,186014.9613
"PER","cf",2004,190790.158692
"PER","cf",2005,196741.636364
"PER","cf",2006,203815.8360224
"PER","mar",2001,17156.5281578242
"PER","mar",2002,18730.2007357887
"PER","mar",2003,16979.5774189225
"PER","mar",2004,19220.4871700375
"PER","mar",2005,23366.7242447853
"PER","mar",2006,24119.7650945847
"PER","mmw",1998,0
"PER","mmw",2006,0
"PER","tour",2005,80109.984351
"PER","tour",2006,81167.2340232
"PER","tour",2007,84051.3489377
"PER","tour",2008,83546.0457856
"PER","tour",2009,91615.3484305
"PER","tour",2010,89477.5274022
"PHL","cf",1995,916487.517904
"PHL","cf",2002,2236118.823176
"PHL","mmw",1998,40.339475
"PHL","mmw",2008,58.6756
"PHL","tour",2005,4419840.55834
"PHL","tour",2006,4478354.32004
"PHL","tour",2007,4517512.15753
"PHL","tour",2008,4207460.57873
"PHL","tour",2009,3847547.42556
"PHL","tour",2010,3899192.95609
"PLW","cf",2004,646.954154
"PLW","cf",2005,526.197721
"PLW","cf",2006,551.3500972
"PLW","cf",2007,551.3500972
"PLW","cf",2008,551.3500972
"PLW","mmw",2005,0
"PLW","mmw",2008,0
"PNG","mmw",2005,3.667225
"PNG","mmw",2008,3.667225
"PNG","tour",2005,30880.6326705
"PNG","tour",2006,23214.9184956
"PNG","tour",2007,21821.1522819
"PNG","tour",2008,21821.1522819
"PNG","tour",2009,26481.5580587
"PNG","tour",2010,29704.6424277
"POL","cf",2003,12432.28147
"POL","cf",2004,11887.939
"POL","cf",2005,9784.399478
"POL","cf",2006,8825.856186
"POL","cf",2007,8675.692746
"POL","cf",2008,8696.9659
"POL","mar",2003,0
"POL","mar",2004,0
"POL","mar",2005,0
"POL","mar",2006,0
"POL","mar",2007,0
"POL","mar",2008,0
"POL","tour",2005,47664.6565975
"POL","tour",2006,50320.3812773
"POL","tour",2007,56020.6340018
"POL","tour",2008,53476.9374103
"POL","tour",2009,52798.1789934
"POL","tour",2010,52224.8587772
"PRI","cf",1998,3344.6403536
"PRI","cf",2002,1336.454616
"PRI","cf",2003,1336.454616
"PRI","cf",2004,1336.454616
"PRI","cf",2005,1336.454616
"PRI","mmw",1998,165.025125
"PRI","mmw",2008,91.680625
"PRI","tour",2005,75013.3201494
"PRI","tour",2006,69197.569967
"PRI","tour",2007,74323.3158904
"PRI","tour",2008,73041.8794096
"PRI","tour",2009,59537.5103419
"PRI","tour",2010,70774.7225588
"PRT","mmw",1998,7.33445
"PRT","mmw",2008,245.704075
"PRT","tour",2005,317180.549891
"PRT","tour",2006,303355.123845
"PRT","tour",2007,317984.799051
"PRT","tour",2008,338665.491751
"PRT","tour",2009,314499.719355
"PRT","tour",2010,322159.23517
"PYF","cf",2002,7914.86465
"PYF","cf",2005,8844.626616
"PYF","cf",2006,15491.86156
"PYF","cf",2007,15686.448351
"PYF","cf",2008,15499.369732
"PYF","mar",2002,136.223449143518
"PYF","mar",2005,0
"PYF","mar",2006,0
"PYF","mar",2007,0
"PYF","mar",2008,0
"PYF","mmw",2005,40.339475
"PYF","mmw",2008,44.0067
"QAT","cf",2003,10508.938076
"QAT","cf",2004,11369.875132
"QAT","cf",2005,11552.573984
"QAT","cf",2006,7390.543972
"QAT","cf",2007,7167.801536
"QAT","cf",2008,7255.396876
"QAT","tour",2005,49800
"QAT","tour",2006,54700
"QAT","tour",2007,33500
"QAT","tour",2008,38100
"QAT","tour",2009,41200
"QAT","tour",2010,39500
"REU","cf",2003,1050.6435352
"REU","cf",2004,748.4396122
"REU","cf",2005,941.3996326
"REU","cf",2006,1037.2539618
"REU","cf",2007,1043.2604994
"REU","cf",2008,916.2472564
"REU","mmw",1998,0
"REU","mmw",2008,11.001675
"REU","tour",2005,20400
"REU","tour",2006,18400
"REU","tour",2007,17400
"REU","tour",2008,17500
"REU","tour",2009,16700
"REU","tour",2010,16600
"ROU","cf",2001,9147.45622
"ROU","cf",2002,9560.40568
"ROU","cf",2003,9560.40568
"ROU","cf",2004,9560.40568
"ROU","cf",2005,6813.5409538
"ROU","cf",2006,12843.353887
"ROU","mar",2001,0
"ROU","mar",2002,0
"ROU","mar",2003,0
"ROU","mar",2004,0
"ROU","mar",2005,0
"ROU","mar",2006,0
"ROU","tour",2005,19008.5831237
"ROU","tour",2006,15310.2297932
"ROU","tour",2007,16090.9525478
"ROU","tour",2008,16706.7338754
"ROU","tour",2009,16523.4656232
"ROU","tour",2010,16442.8275922
"RUS","cf",2000,209090.07658
"RUS","cf",2001,206374.62104
"RUS","cf",2002,197164.59672
"RUS","cf",2003,196751.64726
"RUS","cf",2004,200881.14186
"RUS","cf",2005,200881.14186
"RUS","mar",2000,2.64480637272374
"RUS","mar",2001,2.84825301827662
"RUS","mar",2002,2.84825301827662
"RUS","mar",2003,2.84825301827662
"RUS","mar",2004,2.84825301827662
"RUS","mar",2005,3.07344363833586
"RUS","mmw",1998,0
"RUS","mmw",2008,7.33445
"RUS","tour",2005,360979.470794
"RUS","tour",2006,367965.474884
"RUS","tour",2007,380193.431551
"RUS","tour",2008,378086.852478
"RUS","tour",2009,410244.026984
"RUS","tour",2010,389139.044081
"SAU","cf",2001,30256.681798
"SAU","cf",2002,31496.78154
"SAU","cf",2003,31158.9138
"SAU","cf",2004,35094.44729
"SAU","cf",2005,35020.616932
"SAU","cf",2006,34804.131306
"SAU","mar",2001,5706.62658307845
"SAU","mar",2002,5784.82283958097
"SAU","mar",2003,5791.62251067446
"SAU","mar",2004,8448.59521082935
"SAU","mar",2005,9160.33195983408
"SAU","mar",2006,9160.33195983408
"SAU","tour",2005,30695.7369442
"SAU","tour",2006,25302.0490407
"SAU","tour",2007,29064.6763009
"SAU","tour",2008,26144.0767374
"SAU","tour",2009,32691.8725329
"SAU","tour",2010,33698.7727856
"SDN","cf",2002,46175.2578
"SDN","cf",2006,2752.9964
"SDN","cf",2007,3128.405
"SDN","cf",2008,29124.199188
"SDN","mar",2002,0
"SDN","mar",2008,0
"SDN","tour",2005,1793.37556977
"SDN","tour",2006,1558.64568961
"SDN","tour",2007,1790.4291696
"SDN","tour",2008,1943.64197841
"SDN","tour",2009,2095.87265383
"SDN","tour",2010,2026.14118315
"SEN","cf",1996,142822.950508
"SEN","cf",1997,130634.684628
"SEN","cf",1998,130634.684628
"SEN","cf",1999,139018.810028
"SEN","cf",2000,139018.810028
"SEN","cf",2001,139018.810028
"SEN","mmw",1998,0
"SEN","mmw",2008,0
"SEN","tour",2005,24197.5885008
"SEN","tour",2006,25957.2281858
"SEN","tour",2007,33748.4651726
"SEN","tour",2008,29456.1649005
"SEN","tour",2009,28662.8013431
"SEN","tour",2010,29466.3362282
"SGP","cf",2003,430.468528
"SGP","cf",2004,370.403152
"SGP","cf",2005,280.305088
"SGP","cf",2006,305.332328
"SGP","cf",2007,255.277848
"SGP","cf",2008,207.726092
"SGP","mar",2003,888.923987172
"SGP","mar",2004,915.861077361
"SGP","mar",2005,1061.881288578
"SGP","mar",2006,1318.019927031
"SGP","mar",2007,1588.638764655
"SGP","mar",2008,1651.708077183
"SGP","tour",2005,158800
"SGP","tour",2006,156800
"SGP","tour",2007,192300
"SGP","tour",2008,196100
"SGP","tour",2009,185600
"SGP","tour",2010,184700
"SHN","cf",2003,69.7008634
"SHN","cf",2004,44.6736234
"SHN","cf",2005,84.2166626
"SHN","cf",2006,99.9838238
"SHN","cf",2007,99.9838238
"SHN","cf",2008,54.3091108
"SLB","mmw",2005,3.667225
"SLB","mmw",2008,3.667225
"SLB","tour",2005,3700
"SLB","tour",2006,9000
"SLB","tour",2007,7800
"SLB","tour",2008,7900
"SLB","tour",2009,10100
"SLB","tour",2010,9100
"SLE","tour",2005,19087.8697909
"SLE","tour",2006,16313.470112
"SLE","tour",2007,16624.202876
"SLE","tour",2008,15514.4430044
"SLE","tour",2009,14560.0495149
"SLE","tour",2010,16202.4941248
"SLV","cf",2003,39818.4639762
"SLV","cf",2004,40624.841649
"SLV","cf",2005,40669.890681
"SLV","cf",2006,40374.569249
"SLV","cf",2007,41407.8188524
"SLV","cf",2008,44303.0951118
"SLV","mar",2003,784.050369108475
"SLV","mar",2004,799.731376155869
"SLV","mar",2005,99.2349712432033
"SLV","mar",2006,191.440456117372
"SLV","mar",2007,199.7031856988
"SLV","mar",2008,238.385914765812
"SLV","tour",2005,93729.6243995
"SLV","tour",2006,108658.119753
"SLV","tour",2007,103326.51427
"SLV","tour",2008,112763.455975
"SLV","tour",2009,79600.8698683
"SLV","tour",2010,73362.8914526
"SPM","mmw",1998,1
"SPM","mmw",2008,1
"STP","cf",1997,4975.415312
"STP","cf",2003,4977.918036
"STP","mmw",1998,0
"STP","mmw",2008,0
"STP","tour",2005,3600
"STP","tour",2006,3900
"STP","tour",2007,3500
"STP","tour",2008,4100
"STP","tour",2009,4600
"STP","tour",2010,4800
"SUR","cf",2002,4915.349936
"SUR","cf",2003,4787.711012
"SUR","cf",2004,5065.513376
"SUR","cf",2005,5781.29244
"SUR","cf",2006,5713.718892
"SUR","cf",2007,5613.609932
"SUR","mar",2003,40.8736545
"SUR","mar",2004,40.8736545
"SUR","mar",2005,229.671011
"SUR","mar",2006,116.78187
"SUR","mar",2007,133.1313318
"SUR","mmw",1998,0
"SUR","mmw",2006,3.667225
"SUR","tour",2005,1400.37540577
"SUR","tour",2006,1297.40662593
"SUR","tour",2007,967.906530459
"SUR","tour",2008,926.719018525
"SUR","tour",2009,772.26584877
"SUR","tour",2010,679.593946918
"SVN","cf",1995,382.6664996
"SVN","cf",1996,386.9211304
"SVN","cf",1997,394.4293024
"SVN","cf",1998,385.0440874
"SVN","cf",1999,441.8559222
"SVN","cf",2000,458.9995816
"SVN","mar",2002,58.37762560563
"SVN","mar",2003,59.91387891507
"SVN","mar",2004,70.36040139156
"SVN","mar",2005,0
"SVN","mar",2006,0
"SVN","mar",2007,0
"SVN","mmw",1998,0
"SVN","mmw",2008,0
"SVN","tour",2005,18282.8618978
"SVN","tour",2006,17905.1168173
"SVN","tour",2007,18547.2834542
"SVN","tour",2008,20133.8127924
"SVN","tour",2009,20624.8813971
"SVN","tour",2010,19283.8863612
"SWE","cf",1999,3603.92256
"SWE","cf",2000,3482.540446
"SWE","cf",2001,3492.551342
"SWE","cf",2002,2791.788622
"SWE","cf",2003,2585.313892
"SWE","cf",2004,2393.855506
"SWE","tour",2005,57132.1113922
"SWE","tour",2006,59052.1249718
"SWE","tour",2007,59731.1541646
"SWE","tour",2008,57459.9185887
"SWE","tour",2009,61838.4861422
"SWE","tour",2010,60082.3761609
"SYC","cf",2002,3115.89138
"SYC","cf",2003,3115.89138
"SYC","cf",2004,4492.38958
"SYC","cf",2005,4492.38958
"SYC","cf",2006,4492.38958
"SYC","cf",2007,4617.52578
"SYC","mar",2002,731.833052
"SYC","mar",2003,848.614922
"SYC","mar",2004,848.614922
"SYC","mar",2005,848.614922
"SYC","mar",2006,848.614922
"SYC","mar",2007,786.331258
"SYC","mmw",1998,0
"SYC","mmw",2008,0
"SYC","tour",2005,18100
"SYC","tour",2006,21300
"SYC","tour",2007,25100
"SYC","tour",2008,25500
"SYC","tour",2009,21500
"SYC","tour",2010,20700
"SYR","cf",2003,20044.316516
"SYR","cf",2004,20176.2100708
"SYR","cf",2005,19492.7161464
"SYR","cf",2006,13741.831803
"SYR","cf",2007,14472.1266662
"SYR","cf",2008,14227.2351228
"SYR","mar",2003,0
"SYR","mar",2004,0
"SYR","mar",2005,0
"SYR","mar",2006,0
"SYR","mar",2007,0
"SYR","mar",2008,0
"SYR","tour",2005,21305.6665136
"SYR","tour",2006,21206.655671
"SYR","tour",2007,24573.0243215
"SYR","tour",2008,23571.9146901
"SYR","tour",2009,24672.0351641
"SYR","tour",2010,28980.8403541
"TCA","cf",2003,483.025732
"TCA","cf",2004,455.495768
"TCA","cf",2005,505.550248
"TCA","cf",2006,509.304334
"TCA","cf",2007,485.528456
"TCA","cf",2008,457.998492
"TCA","mmw",1998,3.667225
"TCA","mmw",2008,0
"TGO","cf",2002,25590.3529
"TGO","cf",2003,26115.92494
"TGO","cf",2004,31784.5948
"TGO","cf",2005,26115.92494
"TGO","cf",2006,26115.92494
"TGO","cf",2007,31722.0267
"TGO","mar",2002,0
"TGO","mar",2003,0
"TGO","mar",2004,0
"TGO","mar",2005,0
"TGO","mar",2006,0
"TGO","mar",2007,0
"TGO","tour",2005,1730.15721837
"TGO","tour",2006,1730.15721837
"TGO","tour",2007,2009.72530549
"TGO","tour",2008,2046.64939246
"TGO","tour",2009,1846.20434887
"TGO","tour",2010,1978.07608808
"THA","cf",1990,228669.1367044
"THA","cf",2000,307906.7550426
"THA","mar",1993,460651.211382001
"THA","mar",2000,171222.620682415
"THA","mmw",1998,0
"THA","mmw",2008,3.667225
"THA","tour",2005,733149.576953
"THA","tour",2006,802804.609372
"THA","tour",2007,806714.075008
"THA","tour",2008,835095.131924
"THA","tour",2009,801057.826853
"THA","tour",2010,753661.794524
"TLS","cf",2000,7568.863057
"TLS","cf",2001,5549.79047
"TLS","cf",2003,6211.760968
"TON","cf",2003,12030.8445404
"TON","cf",2004,12394.9908824
"TON","cf",2005,12687.8095904
"TON","cf",2006,12687.8095904
"TON","cf",2007,12687.8095904
"TON","cf",2008,12687.8095904
"TON","mar",2003,416.9112759
"TON","mar",2004,430.9251003
"TON","mar",2005,210.5966389
"TON","mar",2006,210.5966389
"TON","mar",2007,210.5966389
"TON","mar",2008,210.5966389
"TON","mmw",2006,66.01005
"TON","mmw",2008,66.01005
"TON","tour",2005,3500
"TON","tour",2006,3400
"TON","tour",2007,3000
"TON","tour",2008,3500
"TON","tour",2009,3900
"TON","tour",2010,3800
"TTO","cf",2001,14492.1484582
"TTO","cf",2002,14865.1794704
"TTO","cf",2003,15838.3636978
"TTO","cf",2004,16916.537197
"TTO","cf",2005,18115.341993
"TTO","cf",2006,19407.4983942
"TUN","cf",2003,120474.7514138
"TUN","cf",2004,113627.423686
"TUN","cf",2005,113854.0453442
"TUN","cf",2006,113221.1064446
"TUN","cf",2007,117726.259917
"TUN","cf",2008,113311.454781
"TUN","mar",2003,291.232914968197
"TUN","mar",2004,432.048829951346
"TUN","mar",2005,501.631190324816
"TUN","mar",2006,518.928817751897
"TUN","mar",2007,1698.6269962114
"TUN","mar",2008,1549.86740189559
"TUN","tour",2005,114377.17223
"TUN","tour",2006,120489.272592
"TUN","tour",2007,121163.401309
"TUN","tour",2008,120669.04025
"TUN","tour",2009,117792.757726
"TUN","tour",2010,116129.906892
"TUR","mmw",1998,0
"TUR","mmw",2008,0
"TUR","tour",2005,339959.288195
"TUR","tour",2006,331072.825919
"TUR","tour",2007,324062.184037
"TUR","tour",2008,332721.274145
"TUR","tour",2009,336037.118278
"TUR","tour",2010,347481.517457
"TUV","cf",2001,101.1100496
"TUV","cf",2002,197.2146512
"TUV","cf",2003,348.504317
"TUV","cf",2004,195.0873358
"TUV","cf",2005,196.3386978
"TUV","cf",2006,841.540945
"TWN","cf",2003,458024.770602
"TWN","cf",2004,478054.070774
"TWN","cf",2005,473074.7762398
"TWN","cf",2006,458024.770602
"TWN","cf",2007,489844.0281294
"TWN","cf",2008,528397.8656684
"TWN","mar",2003,190850.864044796
"TWN","mar",2004,184345.342230126
"TWN","mar",2005,181545.638397575
"TWN","mar",2006,184509.288716108
"TWN","mar",2007,198881.522241741
"TWN","mar",2008,169239.228699876
"TWN","mmw",1998,102.6823
"TWN","mmw",2008,682.10385
"TWN","tour",2005,383200
"TWN","tour",2006,419300
"TWN","tour",2007,438500
"TWN","tour",2008,426700
"TWN","tour",2009,431200
"TWN","tour",2010,464200
"TZA","cf",2003,301147.773472
"TZA","cf",2004,299273.233196
"TZA","cf",2005,333568.060168
"TZA","cf",2006,394581.968564
"TZA","cf",2007,413104.628888
"TZA","cf",2008,430626.199612
"TZA","mar",2006,11330.2361929881
"TZA","mar",2007,20481.2902925927
"TZA","mar",2008,20481.2902925927
"TZA","mmw",1998,51.34115
"TZA","mmw",2008,69.677275
"TZA","tour",2005,41547.4253778
"TZA","tour",2006,47696.3787886
"TZA","tour",2007,50826.1592055
"TZA","tour",2008,48224.8364768
"TZA","tour",2009,45517.0028962
"TZA","tour",2010,45226.1463391
"UKR","mmw",1998,0
"UKR","mmw",2008,3.667225
"UKR","tour",2005,160799.251687
"UKR","tour",2006,158616.170091
"UKR","tour",2007,157846.291074
"UKR","tour",2008,155062.071067
"UKR","tour",2009,161558.584416
"UKR","tour",2010,150358.426661
"URY","cf",1999,8357.9719342
"URY","cf",2000,8265.871691
"URY","cf",2001,8744.517656
"URY","cf",2002,9965.846968
"URY","cf",2003,7715.898092
"URY","cf",2004,8409.9034572
"URY","mar",2001,0
"URY","mar",2002,0
"URY","mar",2003,0
"URY","mar",2004,0
"URY","mar",2005,0
"URY","mar",2006,0
"URY","mmw",1998,0
"URY","mmw",2006,14.6689
"URY","tour",2005,20634.3078457
"URY","tour",2006,18395.1926371
"URY","tour",2007,19962.5732831
"URY","tour",2008,16483.3327282
"URY","tour",2009,24785.2829633
"URY","tour",2010,22270.5843443
"USA","tour",2005,1591706.48193
"USA","tour",2006,1647899.99855
"USA","tour",2007,1673128.45888
"USA","tour",2008,1685365.83237
"USA","tour",2009,1554722.18719
"USA","tour",2010,1520051.37366
"VCT","cf",2003,4579.98492
"VCT","cf",2004,4579.98492
"VCT","cf",2005,4579.98492
"VCT","cf",2006,4579.98492
"VCT","cf",2007,4579.98492
"VCT","cf",2008,4579.98492
"VCT","mmw",1998,0
"VCT","mmw",2008,3.667225
"VCT","tour",2005,12300
"VCT","tour",2006,12800
"VCT","tour",2007,11800
"VCT","tour",2008,10300
"VCT","tour",2009,9600
"VCT","tour",2010,9800
"VEN","cf",1998,101615.599848
"VEN","cf",2003,52354.2330836
"VEN","mar",1998,6900.32001917771
"VEN","mar",2003,1870.42849897894
"VEN","mmw",1998,0
"VEN","mmw",2006,25.670575
"VEN","tour",2005,94788.6668826
"VEN","tour",2006,93434.6953727
"VEN","tour",2007,103296.298889
"VEN","tour",2008,105172.668856
"VEN","tour",2009,113477.738196
"VEN","tour",2010,104330.434609
"VGB","mmw",1998,0
"VGB","mmw",2008,0
"VGB","tour",2005,9400
"VGB","tour",2006,8800
"VGB","tour",2007,9000
"VGB","tour",2008,9300
"VGB","tour",2009,8600
"VGB","tour",2010,9200
"VIR","mar",2005,0
"VIR","mar",2006,0
"VIR","mmw",1998,0
"VIR","mmw",2008,0
"VIR","tour",2005,16600
"VIR","tour",2006,14700
"VIR","tour",2007,17600
"VIR","tour",2008,11400
"VIR","tour",2009,18100
"VIR","tour",2010,17300
"VNM","tour",2005,1179169.12959
"VNM","tour",2006,1470320.1241
"VNM","tour",2007,930497.293244
"VNM","tour",2008,1310711.60502
"VNM","tour",2009,1306758.64113
"VNM","tour",2010,1134318.1931
"VUT","cf",2003,2131.5700308
"VUT","cf",2004,650.70824
"VUT","cf",2005,650.70824
"VUT","tour",2005,24300
"VUT","tour",2006,20400
"VUT","tour",2007,23900
"VUT","tour",2008,23300
"VUT","tour",2009,30600
"VUT","tour",2010,31000
"WSM","cf",1999,13902.63182
"WSM","cf",2000,2002.1792
"WSM","cf",2001,1714.36594
"WSM","cf",2002,621.926914
"WSM","cf",2003,309.086414
"WSM","cf",2004,235.256056
"WSM","mmw",2005,3.667225
"WSM","mmw",2008,3.667225
"YEM","cf",2003,122918.786536
"YEM","cf",2004,188202.342076
"YEM","cf",2005,163175.102076
"YEM","cf",2007,194163.830644
"YEM","cf",2008,183810.061456
"YEM","tour",2005,31274.6144738
"YEM","tour",2006,35560.4504774
"YEM","tour",2007,41329.8450976
"YEM","tour",2008,51340.1193997
"YEM","tour",2009,55251.319389
"YEM","tour",2010,56300.300229
"ZAF","cf",1990,25778.0572
"ZAF","cf",2000,56891.921968
"ZAF","mmw",1998,1763.935225
"ZAF","mmw",2008,1961.965375
"ZAF","tour",2005,109749.195755
"ZAF","tour",2006,122173.95906
"ZAF","tour",2007,125172.146032
"ZAF","tour",2008,127859.281907
"ZAF","tour",2009,123694.653317
"ZAF","tour",2010,115235.791512
