"rgn_id","year","value"
1,2005,0.70969324319612
1,2006,0.720410132006593
1,2007,0.738952848494087
1,2008,0.739132442144534
1,2009,0.733815991216318
1,2010,0.736896917396001
1,2011,0.745692898484485
1,2012,0.759012831115405
1,2013,0.768153333678416
1,2014,0.779191652678418
1,2015,0.785339977059929
1,2016,0.797392315338628
2,2005,0.70969324319612
2,2006,0.720410132006593
2,2007,0.738952848494087
2,2008,0.739132442144534
2,2009,0.733815991216318
2,2010,0.736896917396001
2,2011,0.745692898484485
2,2012,0.759012831115405
2,2013,0.768153333678416
2,2014,0.779191652678418
2,2015,0.785339977059929
2,2016,0.797392315338628
3,2005,0.70969324319612
3,2006,0.720410132006593
3,2007,0.738952848494087
3,2008,0.739132442144534
3,2009,0.733815991216318
3,2010,0.736896917396001
3,2011,0.745692898484485
3,2012,0.759012831115405
3,2013,0.768153333678416
3,2014,0.779191652678418
3,2015,0.785339977059929
3,2016,0.797392315338628
4,2005,0.70969324319612
4,2006,0.720410132006593
4,2007,0.738952848494087
4,2008,0.739132442144534
4,2009,0.733815991216318
4,2010,0.736896917396001
4,2011,0.745692898484485
4,2012,0.759012831115405
4,2013,0.768153333678416
4,2014,0.779191652678418
4,2015,0.785339977059929
4,2016,0.797392315338628
5,2005,0.0670228380181214
5,2006,0.0685496461085618
5,2007,0.069069334520087
5,2008,0.0704114381444086
5,2009,0.0693832378861712
5,2010,0.0708999772110372
5,2011,0.0732109559143357
5,2012,0.0744363737308585
5,2013,0.0768915861171909
5,2014,0.0794970099334209
5,2015,0.0814459816237358
5,2016,0.0828274610317556
6,2005,0.0522275454868605
6,2006,0.0552593548697679
6,2007,0.0567127649762617
6,2008,0.058926691032197
6,2009,0.0594424860670789
6,2010,0.0590021736938483
6,2011,0.0583470517004673
6,2012,0.0580241150728111
6,2013,0.0578444881846634
6,2014,0.0578875627755466
6,2015,0.0561753196515934
6,2016,0.05716973181613
7,2005,0.0320165485019139
7,2006,0.0334200692529762
7,2007,0.0350283666265157
7,2008,0.036655548664858
7,2009,0.0341374259843309
7,2010,0.0356816932558466
7,2011,0.0394118542168487
7,2012,0.0403574221585047
7,2013,0.0406899623609652
7,2014,0.0404427517438833
7,2015,0.041097693169919
7,2016,0.0414833999893533
8,2005,0.296304858110551
8,2006,0.286654175896724
8,2007,0.28502048249295
8,2008,0.267603376163655
8,2009,0.241953347561406
8,2010,0.248340797928556
8,2011,0.259228548950403
8,2012,0.265474710664992
8,2013,0.257001194380205
8,2014,0.265730333398704
8,2015,0.287962538239576
8,2016,0.285225217702698
9,2005,0.0660755738877302
9,2006,0.0662871961670495
9,2007,0.0652963080710571
9,2008,0.0639903425966302
9,2009,0.0649278120196394
9,2010,0.0667918734485556
9,2011,0.0682589834408264
9,2012,0.0686208596604459
9,2013,0.0660499362132648
9,2014,0.0636103266621715
9,2015,0.0657459342800309
9,2016,0.0666663608485154
10,2005,0.0322382118849421
10,2006,0.0533854606686386
10,2007,0.0791590528284279
10,2008,0.106701577668383
10,2009,0.116161286427765
10,2010,0.131941573083552
10,2011,0.146889441286408
10,2012,0.158213096562871
10,2013,0.201709753581321
10,2014,0.25140582019444
10,2015,0.245578745283802
10,2016,0.259192942872758
11,2005,0.0640491009786814
11,2006,0.0652522604187965
11,2007,0.0674953036105194
11,2008,0.066288159693636
11,2009,0.0650279756126337
11,2010,0.0690757371731459
11,2011,0.0700777228212624
11,2012,0.0725034783406083
11,2013,0.0740311593184065
11,2014,0.0731825392092597
11,2015,0.0735134449489952
11,2016,0.0755557541041676
12,2005,0.099643756208857
12,2006,0.101941149405538
12,2007,0.107021521099622
12,2008,0.108241162606047
12,2009,0.104804335817925
12,2010,0.110161027626059
12,2011,0.115721669332307
12,2012,0.120015633198787
12,2013,0.127087316612284
12,2014,0.138160577640356
12,2015,0.142060464481385
12,2016,0.144924649589934
13,2005,0.099643756208857
13,2006,0.101941149405538
13,2007,0.107021521099622
13,2008,0.108241162606047
13,2009,0.104804335817925
13,2010,0.110161027626059
13,2011,0.115721669332307
13,2012,0.120015633198787
13,2013,0.127087316612284
13,2014,0.138160577640356
13,2015,0.142060464481385
13,2016,0.144924649589934
14,2005,0.447649090786286
14,2006,0.463426200209191
14,2007,0.481800990986963
14,2008,0.48725952127825
14,2009,0.479166390679061
14,2010,0.506017867637945
14,2011,0.517790916374851
14,2012,0.530455123438284
14,2013,0.546158126962587
14,2014,0.558526447883141
14,2015,0.572228157221084
14,2016,0.585945244882314
15,2005,0.0956467230904509
15,2006,0.0989015606032469
15,2007,0.103693028406404
15,2008,0.106263611804967
15,2009,0.105771725265231
15,2010,0.112015558018998
15,2011,0.114224467156426
15,2012,0.119860413906898
15,2013,0.126223734526407
15,2014,0.131810663232443
15,2015,0.137588460926821
15,2016,0.144831247192267
16,2005,0.777643907696214
16,2006,0.789075615255576
16,2007,0.813565723230701
16,2008,0.826913831919195
16,2009,0.82472286914071
16,2010,0.828281264043202
16,2011,0.83623408758191
16,2012,0.851821769932616
16,2013,0.859006501377056
16,2014,0.868522536179908
16,2015,0.877265783762315
16,2016,0.88890603921709
17,2005,0.0352070970348272
17,2006,0.0351490151700306
17,2007,0.036766952089504
17,2008,0.038277807165762
17,2009,0.0396914323136567
17,2010,0.0417707407197886
17,2011,0.0452028705325662
17,2012,0.0477968684763589
17,2013,0.0493671302514369
17,2014,0.0524545559822702
17,2015,0.053260380858209
17,2016,0.0552770961099522
18,2005,0.148640161048884
18,2006,0.150370145141472
18,2007,0.147769254388067
18,2008,0.147785705714817
18,2009,0.144261607179618
18,2010,0.147145301174665
18,2011,0.149882047207461
18,2012,0.151567089215759
18,2013,0.159664763671698
18,2014,0.167203169231984
18,2015,0.175250532815222
18,2016,0.177379616211587
19,2005,0.057959299102458
19,2006,0.0585566243468084
19,2007,0.0616308429025309
19,2008,0.0659266760547599
19,2009,0.0623947790333105
19,2010,0.0601730747977212
19,2011,0.0646640852299637
19,2012,0.0641910360136265
19,2013,0.0644593972727781
19,2014,0.0653629299601688
19,2015,0.066522751633676
19,2016,0.0677563589751444
20,2005,0.510695818135009
20,2006,0.534316606646586
20,2007,0.560668584442172
20,2008,0.572170031066946
20,2009,0.573260113756803
20,2010,0.607469522423805
20,2011,0.625009981717705
20,2012,0.635985430848023
20,2013,0.651432669582278
20,2014,0.668984500906877
20,2015,0.684034387810727
20,2016,0.700209666278803
21,2005,0.447649090786286
21,2006,0.463426200209191
21,2007,0.481800990986963
21,2008,0.48725952127825
21,2009,0.479166390679061
21,2010,0.506017867637945
21,2011,0.517790916374851
21,2012,0.530455123438284
21,2013,0.546158126962587
21,2014,0.558526447883141
21,2015,0.572228157221084
21,2016,0.585945244882314
24,2005,0.0394135556125999
24,2006,0.0429969071322625
24,2007,0.0466873869655747
24,2008,0.0490800967851966
24,2009,0.0483915747740619
24,2010,0.0504940649908383
24,2011,0.0532116255532634
24,2012,0.0561796700872224
24,2013,0.059365050678894
24,2014,0.0625303833260994
24,2015,0.0658653931047777
24,2016,0.0693055835787227
25,2005,0.230669851169147
25,2006,0.240662771008914
25,2007,0.252319158288415
25,2008,0.255322806338427
25,2009,0.252284974438728
25,2010,0.269921169493812
25,2011,0.270893270544185
25,2012,0.289170052063941
25,2013,0.295767672997136
25,2014,0.297278460768483
25,2015,0.304948696459987
25,2016,0.313857117114103
26,2005,0.301617555335287
26,2006,0.305960555854054
26,2007,0.312797103113803
26,2008,0.316133774922428
26,2009,0.315738645229426
26,2010,0.32250091605061
26,2011,0.326359574321196
26,2012,0.332447130421299
26,2013,0.337175274194293
26,2014,0.342126423048703
26,2015,0.347400497739645
26,2016,0.353032862919956
28,2005,0.029451911156688
28,2006,0.0295173174727322
28,2007,0.0290488715061351
28,2008,0.0284724807044231
28,2009,0.028336852095711
28,2010,0.0282699449541153
28,2011,0.0283121553864436
28,2012,0.0284646179320077
28,2013,0.0287603344083755
28,2014,0.0286619419998374
28,2015,0.0282810846002979
28,2016,0.0282429189762413
29,2005,0.0929337222591783
29,2006,0.0984419349126287
29,2007,0.104884941976731
29,2008,0.104374218054151
29,2009,0.104898231074802
29,2010,0.108158314373138
29,2011,0.11522368335373
29,2012,0.119399820379251
29,2013,0.123382896764314
29,2014,0.126383256534658
29,2015,0.129102687481327
29,2016,0.13283097251587
30,2005,0.0929337222591783
30,2006,0.0984419349126287
30,2007,0.104884941976731
30,2008,0.104374218054151
30,2009,0.104898231074802
30,2010,0.108158314373138
30,2011,0.11522368335373
30,2012,0.119399820379251
30,2013,0.123382896764314
30,2014,0.126383256534658
30,2015,0.129102687481327
30,2016,0.13283097251587
31,2005,0.356496436013118
31,2006,0.38199785417521
31,2007,0.419659613270808
31,2008,0.401568598565105
31,2009,0.395574474777455
31,2010,0.407589165436358
31,2011,0.451449298939148
31,2012,0.476592908743552
31,2013,0.496177011931633
31,2014,0.504723313852724
31,2015,0.51085854895534
31,2016,0.526753805572394
32,2005,0.0929337222591783
32,2006,0.0984419349126287
32,2007,0.104884941976731
32,2008,0.104374218054151
32,2009,0.104898231074802
32,2010,0.108158314373138
32,2011,0.11522368335373
32,2012,0.119399820379251
32,2013,0.123382896764314
32,2014,0.126383256534658
32,2015,0.129102687481327
32,2016,0.13283097251587
33,2005,0.0929337222591783
33,2006,0.0984419349126287
33,2007,0.104884941976731
33,2008,0.104374218054151
33,2009,0.104898231074802
33,2010,0.108158314373138
33,2011,0.11522368335373
33,2012,0.119399820379251
33,2013,0.123382896764314
33,2014,0.126383256534658
33,2015,0.129102687481327
33,2016,0.13283097251587
34,2005,0.0929337222591783
34,2006,0.0984419349126287
34,2007,0.104884941976731
34,2008,0.104374218054151
34,2009,0.104898231074802
34,2010,0.108158314373138
34,2011,0.11522368335373
34,2012,0.119399820379251
34,2013,0.123382896764314
34,2014,0.126383256534658
34,2015,0.129102687481327
34,2016,0.13283097251587
35,2005,0.0929337222591783
35,2006,0.0984419349126287
35,2007,0.104884941976731
35,2008,0.104374218054151
35,2009,0.104898231074802
35,2010,0.108158314373138
35,2011,0.11522368335373
35,2012,0.119399820379251
35,2013,0.123382896764314
35,2014,0.126383256534658
35,2015,0.129102687481327
35,2016,0.13283097251587
36,2005,0.0929337222591783
36,2006,0.0984419349126287
36,2007,0.104884941976731
36,2008,0.104374218054151
36,2009,0.104898231074802
36,2010,0.108158314373138
36,2011,0.11522368335373
36,2012,0.119399820379251
36,2013,0.123382896764314
36,2014,0.126383256534658
36,2015,0.129102687481327
36,2016,0.13283097251587
37,2005,0.249009916884927
37,2006,0.269013401608773
37,2007,0.283127181526692
37,2008,0.297302054495119
37,2009,0.306343308623696
37,2010,0.318992833043917
37,2011,0.331468646725949
37,2012,0.342107131125331
37,2013,0.352824841141028
37,2014,0.365374478259243
37,2015,0.377547762373244
37,2016,0.391248059225791
38,2005,0.12729509034623
38,2006,0.136791560310589
38,2007,0.145463848686647
38,2008,0.149993325729561
38,2009,0.150927528433489
38,2010,0.158952770982443
38,2011,0.165893219764763
38,2012,0.165229955274872
38,2013,0.166888657603807
38,2014,0.173253962608557
38,2015,0.175614765055016
38,2016,0.183176410810132
39,2005,0.159337377916944
39,2006,0.18414268793021
39,2007,0.193572858435891
39,2008,0.210269548161044
39,2009,0.200181294038338
39,2010,0.210436018401797
39,2011,0.222695604355877
39,2012,0.223512213106882
39,2013,0.229253124665591
39,2014,0.238154259038853
39,2015,0.240047116599863
39,2016,0.244883233399014
40,2005,0.130629990211028
40,2006,0.13958790290731
40,2007,0.147953670075448
40,2008,0.155578419468899
40,2009,0.159866068159791
40,2010,0.171384838113846
40,2011,0.18439616318805
40,2012,0.199740972597377
40,2013,0.204918360346258
40,2014,0.213157754091278
40,2015,0.221392647387008
40,2016,0.228505909861529
41,2005,0.0148589350771068
41,2006,0.015849705006671
41,2007,0.0165348875928776
41,2008,0.0171626135455825
41,2009,0.017727158769445
41,2010,0.018368200824015
41,2011,0.0191094280483668
41,2012,0.0198964974027952
41,2013,0.0207063578130691
41,2014,0.021611636988578
41,2015,0.0223801377738841
41,2016,0.0225814745994787
42,2005,0.027809585542853
42,2006,0.0283655301284275
42,2007,0.0292777667985469
42,2008,0.0304818450178023
42,2009,0.0284437829839102
42,2010,0.0277332150024637
42,2011,0.027370119731614
42,2012,0.027438311563003
42,2013,0.0273061312469335
42,2014,0.0274597403681444
42,2015,0.0275460628633259
42,2016,0.027941494802042
43,2005,0.0445103385967549
43,2006,0.0461074101871856
43,2007,0.0479287538724813
43,2008,0.0467362529126717
43,2009,0.0469753242449433
43,2010,0.0495517362027262
43,2011,0.0511734248253422
43,2012,0.0520867264600082
43,2013,0.0536973091031617
43,2014,0.0550993073471311
43,2015,0.0567528054889083
43,2016,0.058553217396848
44,2005,0.0929337222591783
44,2006,0.0984419349126287
44,2007,0.104884941976731
44,2008,0.104374218054151
44,2009,0.104898231074802
44,2010,0.108158314373138
44,2011,0.11522368335373
44,2012,0.119399820379251
44,2013,0.123382896764314
44,2014,0.126383256534658
44,2015,0.129102687481327
44,2016,0.13283097251587
45,2005,0.0326003354255659
45,2006,0.0315092135887382
45,2007,0.0312917834883499
45,2008,0.0277015633994388
45,2009,0.0282567098458284
45,2010,0.028347261653528
45,2011,0.0302304492481627
45,2012,0.0276383829434946
45,2013,0.0270502173704535
45,2014,0.0264620517974124
45,2015,0.0258738862243713
45,2016,0.0252857206513302
46,2005,0.0452388536353482
46,2006,0.0466389106172893
46,2007,0.0482184927903589
46,2008,0.050176274516924
46,2009,0.0518257046689159
46,2010,0.0527313676240616
46,2011,0.0541462099846504
46,2012,0.0557858601221459
46,2013,0.057562385933372
46,2014,0.0599810243138128
46,2015,0.062829678751188
46,2016,0.0631701022500331
47,2005,0.0831660338971474
47,2006,0.0834606293405774
47,2007,0.0839032572077257
47,2008,0.0846111416043169
47,2009,0.0855164058651117
47,2010,0.0896379446111904
47,2011,0.0761583462091373
47,2012,0.0759216769445771
47,2013,0.0775103367473076
47,2014,0.0753891651378411
47,2015,0.0528581084599147
47,2016,0.0465341414249495
48,2005,0.829743567127597
48,2006,0.850040741421693
48,2007,0.861291042781841
48,2008,0.89940317602502
48,2009,0.913353238928724
48,2010,0.907335006490181
48,2011,0.843018404752232
48,2012,0.861197379286454
48,2013,0.839080386884329
48,2014,0.806221023170613
48,2015,0.803344280408176
48,2016,0.827421456918941
49,2005,0.0542960116953378
49,2006,0.0581881613170871
49,2007,0.063214037938388
49,2008,0.0664038436867249
49,2009,0.0668115893456896
49,2010,0.0673693274433484
49,2011,0.072684411121891
49,2012,0.0819990684023608
49,2013,0.0836055393675751
49,2014,0.0838256774737202
49,2015,0.0858678631007902
49,2016,0.0877626897995277
50,2005,0.911411244080026
50,2006,0.911186482534256
50,2007,0.90323832528739
50,2008,0.934228409869917
50,2009,0.890255834518072
50,2010,0.909064202863794
50,2011,0.971175985943087
50,2012,0.993872359741765
50,2013,0.991449315423035
50,2014,0.999872394222755
50,2015,1
50,2016,1
51,2005,1
51,2006,1
51,2007,1
51,2008,1
51,2009,1
51,2010,1
51,2011,1
51,2012,1
51,2013,1
51,2014,1
51,2015,1
51,2016,1
52,2005,0.876087866873953
52,2006,0.865365850462581
52,2007,0.867035733302084
52,2008,0.856140298077952
52,2009,0.825702220934757
52,2010,0.822728418095162
52,2011,0.814496112932609
52,2012,0.830633107244499
52,2013,0.865510251135976
52,2014,0.888975906145286
52,2015,0.890783369734574
52,2016,0.860375601405395
53,2005,0.0803250587630658
53,2006,0.0835583853355493
53,2007,0.0858270186320169
53,2008,0.0855208764265333
53,2009,0.0861500000577059
53,2010,0.085732469078037
53,2011,0.0862559654478157
53,2012,0.0874105434908914
53,2013,0.0893446702393165
53,2014,0.0915889838972344
53,2015,0.0939633525053633
53,2016,0.0973917956705568
54,2005,1
54,2006,1
54,2007,1
54,2008,1
54,2009,1
54,2010,1
54,2011,1
54,2012,1
54,2013,1
54,2014,1
54,2015,1
54,2016,1
55,2005,0.453593495674693
55,2006,0.469624358627458
55,2007,0.48711667305612
55,2008,0.493716486680486
55,2009,0.469760945555214
55,2010,0.471268360176499
55,2011,0.468357296713403
55,2012,0.456815235730736
55,2013,0.455415588665532
55,2014,0.464516050927787
55,2015,0.477207182148442
55,2016,0.488984245247616
56,2005,0.0929344979985179
56,2006,0.0990542142478568
56,2007,0.112758000713664
56,2008,0.118964481966347
56,2009,0.116214695301834
56,2010,0.116646906538075
56,2011,0.119919947552205
56,2012,0.119823090718221
56,2013,0.119362144783083
56,2014,0.118647462892888
56,2015,0.118455116057769
56,2016,0.121580637189257
57,2005,0.453593495674693
57,2006,0.469624358627458
57,2007,0.48711667305612
57,2008,0.493716486680486
57,2009,0.469760945555214
57,2010,0.471268360176499
57,2011,0.468357296713403
57,2012,0.456815235730736
57,2013,0.455415588665532
57,2014,0.464516050927787
57,2015,0.477207182148442
57,2016,0.488984245247616
58,2005,0.453593495674693
58,2006,0.469624358627458
58,2007,0.48711667305612
58,2008,0.493716486680486
58,2009,0.469760945555214
58,2010,0.471268360176499
58,2011,0.468357296713403
58,2012,0.456815235730736
58,2013,0.455415588665532
58,2014,0.464516050927787
58,2015,0.477207182148442
58,2016,0.488984245247616
59,2005,0.798009203816715
59,2006,0.812575409563372
59,2007,0.834035481896798
59,2008,0.833656323840275
59,2009,0.808078314787461
59,2010,0.822309822104745
59,2011,0.82555472856846
59,2012,0.820705897360177
59,2013,0.816191730131641
59,2014,0.827685614335771
59,2015,0.835050030183085
59,2016,0.839504532342434
60,2005,0.453593495674693
60,2006,0.469624358627458
60,2007,0.48711667305612
60,2008,0.493716486680486
60,2009,0.469760945555214
60,2010,0.471268360176499
60,2011,0.468357296713403
60,2012,0.456815235730736
60,2013,0.455415588665532
60,2014,0.464516050927787
60,2015,0.477207182148442
60,2016,0.488984245247616
61,2005,0.17618282764399
61,2006,0.183719050812349
61,2007,0.194105048449413
61,2008,0.200206858860794
61,2009,0.204055106960761
61,2010,0.208874279546305
61,2011,0.202556065396627
61,2012,0.208230980786816
61,2013,0.211729835623681
61,2014,0.215180326091751
61,2015,0.215148565593858
61,2016,0.215191749131426
62,2005,0.107308760980626
62,2006,0.114098748395698
62,2007,0.116762400851318
62,2008,0.122222907042993
62,2009,0.125845960267595
62,2010,0.128955807796527
62,2011,0.133862239909679
62,2012,0.135922339997526
62,2013,0.140017282288836
62,2014,0.141513953629176
62,2015,0.145815716193333
62,2016,0.145419261081313
63,2005,0.210967202041424
63,2006,0.219667073762753
63,2007,0.229232434549035
63,2008,0.234755031876987
63,2009,0.235051614600195
63,2010,0.242182477579217
63,2011,0.181618830546075
63,2012,0.214457568643997
63,2013,0.211489837074851
63,2014,0.208556640440657
63,2015,0.206354261175479
63,2016,0.203412854896748
64,2005,0.0597558592171167
64,2006,0.0690477863255344
64,2007,0.0690215389381195
64,2008,0.0678244310976637
64,2009,0.0652274221446498
64,2010,0.066386206089179
64,2011,0.0674873769239075
64,2012,0.0692999958766174
64,2013,0.0713606505752975
64,2014,0.0731592462923292
64,2015,0.0720830058407517
64,2016,0.0714959167679919
65,2005,0.0309016922088661
65,2006,0.0302678598194631
65,2007,0.0303867265166586
65,2008,0.0311290355635996
65,2009,0.0321062571385243
65,2010,0.0331381635800135
65,2011,0.0307195135451422
65,2012,0.0315141054351098
65,2013,0.0320049370286927
65,2014,0.0313004876509826
65,2015,0.0317864830793181
65,2016,0.031337984042965
66,2005,0.0421175393031453
66,2006,0.042013530926252
66,2007,0.0429120575163623
66,2008,0.0432877560626649
66,2009,0.043111042302362
66,2010,0.0436425323144212
66,2011,0.0431266966009269
66,2012,0.043706158600343
66,2013,0.0438943205293434
66,2014,0.0444463696266328
66,2015,0.0459671697594964
66,2016,0.0476412595624437
67,2005,0.521256793430982
67,2006,0.546764618467825
67,2007,0.572835594996671
67,2008,0.580078497810338
67,2009,0.569104115939863
67,2010,0.593021703277468
67,2011,0.224013432495285
67,2012,0.400589623453422
67,2013,0.371912930873265
67,2014,0.343236238293108
67,2015,0.314559545712952
67,2016,0.285882853132786
68,2005,0.526434498181823
68,2006,0.534111978208473
68,2007,0.553470452069952
68,2008,0.56828279285936
68,2009,0.550126973569788
68,2010,0.566825232571069
68,2011,0.57230913774003
68,2012,0.582622607702451
68,2013,0.603268916820887
68,2014,0.647274123968782
68,2015,0.688085414482787
68,2016,0.714383453804221
69,2005,0.350171233485232
69,2006,0.395414899786324
69,2007,0.43831916917223
69,2008,0.426964240348779
69,2009,0.371859776804578
69,2010,0.365291858149275
69,2011,0.395743322491378
69,2012,0.416730944021696
69,2013,0.432281802013027
69,2014,0.445622748914518
69,2015,0.461470911247337
69,2016,0.474575735282465
70,2005,0.456464831474829
70,2006,0.506329182952781
70,2007,0.54805501212575
70,2008,0.519745157811225
70,2009,0.444070984048177
70,2010,0.455139684216663
70,2011,0.491206971135886
70,2012,0.514201793975291
70,2013,0.523338058251378
70,2014,0.539524487283196
70,2015,0.546957723033219
70,2016,0.55509334354342
71,2005,0.25379625423409
71,2006,0.273001060230781
71,2007,0.296124212595594
71,2008,0.315050027509517
71,2009,0.303706209056922
71,2010,0.305878817255438
71,2011,0.313741818605547
71,2012,0.315661995972396
71,2013,0.320170113643315
71,2014,0.326273938914358
71,2015,0.340240772518547
71,2016,0.354430887411118
72,2005,0.293318045580826
72,2006,0.31882962855683
72,2007,0.34578377495144
72,2008,0.381335424205815
72,2009,0.357351796637142
72,2010,0.356610307422001
72,2011,0.362154102345218
72,2012,0.366101566894325
72,2013,0.380440866690019
72,2014,0.393616009078721
72,2015,0.411046870053884
72,2016,0.433261028588403
73,2005,0.386790867481059
73,2006,0.419699105596218
73,2007,0.456300477476715
73,2008,0.480457992230017
73,2009,0.442748575374573
73,2010,0.462481114121713
73,2011,0.481826312924999
73,2012,0.497937939422366
73,2013,0.503236175748318
73,2014,0.497951997908049
73,2015,0.482826372242499
73,2016,0.480858438627206
74,2005,0.098110891203088
74,2006,0.108718046705846
74,2007,0.123753945259697
74,2008,0.128251446639016
74,2009,0.12518543479764
74,2010,0.134770502078108
74,2011,0.146404830919822
74,2012,0.157737567838412
74,2013,0.165196450388229
74,2014,0.175106331623398
74,2015,0.180629757068549
74,2016,0.185476484531404
75,2005,0.14502906548668
75,2006,0.156671860603044
75,2007,0.170060847677019
75,2008,0.174916796014247
75,2009,0.149692169386961
75,2010,0.156600155607284
75,2011,0.165753969877216
75,2012,0.16656065564011
75,2013,0.166895731725014
75,2014,0.164985556987989
75,2015,0.149403919849141
75,2016,0.153469099030603
76,2005,0.32642334215275
76,2006,0.345258364347568
76,2007,0.358281651801478
76,2008,0.356987286276767
76,2009,0.335905178041312
76,2010,0.359438088976155
76,2011,0.393494659426889
76,2012,0.405926184189995
76,2013,0.433320026781334
76,2014,0.448353077588449
76,2015,0.467974305073881
76,2016,0.473921387066286
77,2005,0.568963040007177
77,2006,0.576211718398798
77,2007,0.583359989949083
77,2008,0.591803832742557
77,2009,0.585011262553756
77,2010,0.590333010785639
77,2011,0.591715802413749
77,2012,0.596054218833408
77,2013,0.596944015155657
77,2014,0.597284822393547
77,2015,0.598156598758078
77,2016,0.601452246907689
78,2005,0.245634236235699
78,2006,0.245123062962934
78,2007,0.266131064060684
78,2008,0.288682137354274
78,2009,0.312939045777046
78,2010,0.325855377644029
78,2011,0.314120333628376
78,2012,0.299610910755727
78,2013,0.281697615892158
78,2014,0.270023700584358
78,2015,0.261931618773702
78,2016,0.259666014578779
79,2005,0.526996448585052
79,2006,0.547801599415038
79,2007,0.571174401540156
79,2008,0.578283485145449
79,2009,0.571788376565416
79,2010,0.5924127095848
79,2011,0.611004867984363
79,2012,0.61411499088116
79,2013,0.629140364216135
79,2014,0.636700568518189
79,2015,0.639863997093336
79,2016,0.652713031684419
80,2005,0.59160188904433
80,2006,0.623167410527202
80,2007,0.641930881570696
80,2008,0.638083213315475
80,2009,0.609036917258024
80,2010,0.574926113612683
80,2011,0.523194520534915
80,2012,0.487628485083907
80,2013,0.475256089789416
80,2014,0.480120545991038
80,2015,0.482235192791984
80,2016,0.485619252617297
81,2005,0.673731106737908
81,2006,0.692467722444304
81,2007,0.710559081051391
81,2008,0.719713457191961
81,2009,0.688231218672692
81,2010,0.679300728036256
81,2011,0.664315020452632
81,2012,0.63360930958632
81,2013,0.597278970913411
81,2014,0.594641021793447
81,2015,0.608078975398784
81,2016,0.624349427459227
82,2005,0.149347218335949
82,2006,0.158454847219644
82,2007,0.169076610930162
82,2008,0.183208537499616
82,2009,0.190626324191591
82,2010,0.198682499383277
82,2011,0.20429776092134
82,2012,0.207541262799571
82,2013,0.210229783080062
82,2014,0.214457487609317
82,2015,0.220653557806181
82,2016,0.228653450890088
84,2005,0.246615808299209
84,2006,0.247136097798489
84,2007,0.251582562798846
84,2008,0.253378743551712
84,2009,0.2531213113517
84,2010,0.257585566403541
84,2011,0.25998202704509
84,2012,0.263416673799079
84,2013,0.265250985465481
84,2014,0.269848530143141
84,2015,0.274679504153129
84,2016,0.279690119291393
85,2005,0.719148605458985
85,2006,0.746908742033209
85,2007,0.773662933377214
85,2008,0.763346436946241
85,2009,0.710753191528168
85,2010,0.719483370710531
85,2011,0.735269711214042
85,2012,0.739274669150351
85,2013,0.74815141136259
85,2014,0.764536757760339
85,2015,0.777418548106931
85,2016,0.790573854541914
86,2005,0.719148605458985
86,2006,0.746908742033209
86,2007,0.773662933377214
86,2008,0.763346436946241
86,2009,0.710753191528168
86,2010,0.719483370710531
86,2011,0.735269711214042
86,2012,0.739274669150351
86,2013,0.74815141136259
86,2014,0.764536757760339
86,2015,0.777418548106931
86,2016,0.790573854541914
88,2005,0.719148605458985
88,2006,0.746908742033209
88,2007,0.773662933377214
88,2008,0.763346436946241
88,2009,0.710753191528168
88,2010,0.719483370710531
88,2011,0.735269711214042
88,2012,0.739274669150351
88,2013,0.74815141136259
88,2014,0.764536757760339
88,2015,0.777418548106931
88,2016,0.790573854541914
89,2005,0.327517724173136
89,2006,0.337128776585243
89,2007,0.34726283578447
89,2008,0.351281934749549
89,2009,0.341106948407839
89,2010,0.345591864596276
89,2011,0.348296898880451
89,2012,0.352114266854292
89,2013,0.35501328000688
89,2014,0.359446058265675
89,2015,0.362696712556311
89,2016,0.366121634515046
90,2005,0.327517724173136
90,2006,0.337128776585243
90,2007,0.34726283578447
90,2008,0.351281934749549
90,2009,0.341106948407839
90,2010,0.345591864596276
90,2011,0.348296898880451
90,2012,0.352114266854292
90,2013,0.35501328000688
90,2014,0.359446058265675
90,2015,0.362696712556311
90,2016,0.366121634515046
91,2005,0.327517724173136
91,2006,0.337128776585243
91,2007,0.34726283578447
91,2008,0.351281934749549
91,2009,0.341106948407839
91,2010,0.345591864596276
91,2011,0.348296898880451
91,2012,0.352114266854292
91,2013,0.35501328000688
91,2014,0.359446058265675
91,2015,0.362696712556311
91,2016,0.366121634515046
92,2005,0.327517724173136
92,2006,0.337128776585243
92,2007,0.34726283578447
92,2008,0.351281934749549
92,2009,0.341106948407839
92,2010,0.345591864596276
92,2011,0.348296898880451
92,2012,0.352114266854292
92,2013,0.35501328000688
92,2014,0.359446058265675
92,2015,0.362696712556311
92,2016,0.366121634515046
93,2005,0.327517724173136
93,2006,0.337128776585243
93,2007,0.34726283578447
93,2008,0.351281934749549
93,2009,0.341106948407839
93,2010,0.345591864596276
93,2011,0.348296898880451
93,2012,0.352114266854292
93,2013,0.35501328000688
93,2014,0.359446058265675
93,2015,0.362696712556311
93,2016,0.366121634515046
94,2005,0.327517724173136
94,2006,0.337128776585243
94,2007,0.34726283578447
94,2008,0.351281934749549
94,2009,0.341106948407839
94,2010,0.345591864596276
94,2011,0.348296898880451
94,2012,0.352114266854292
94,2013,0.35501328000688
94,2014,0.359446058265675
94,2015,0.362696712556311
94,2016,0.366121634515046
95,2005,0.719148605458985
95,2006,0.746908742033209
95,2007,0.773662933377214
95,2008,0.763346436946241
95,2009,0.710753191528168
95,2010,0.719483370710531
95,2011,0.735269711214042
95,2012,0.739274669150351
95,2013,0.74815141136259
95,2014,0.764536757760339
95,2015,0.777418548106931
95,2016,0.790573854541914
96,2005,0.0209830421018718
96,2006,0.0214220250780401
96,2007,0.0225066964440145
96,2008,0.0231450160072438
96,2009,0.0236650119857784
96,2010,0.024361525889822
96,2011,0.0249426058374159
96,2012,0.0280736950250154
96,2013,0.033125743425177
96,2014,0.0338666705154555
96,2015,0.026339735053996
96,2016,0.0273365533321766
97,2005,0.0119661602248134
97,2006,0.0124896978135089
97,2007,0.0131466854746207
97,2008,0.0135092020432823
97,2009,0.0136708478882837
97,2010,0.0140029271314852
97,2011,0.0146968664440142
97,2012,0.0154489786929473
97,2013,0.0163833153986646
97,2014,0.0161057300046189
97,2015,0.0157159957790424
97,2016,0.0150817593672314
98,2005,0.0236249472703436
98,2006,0.0239316432985668
98,2007,0.0238283688811311
98,2008,0.0237087188887893
98,2009,0.0238870690168508
98,2010,0.0241826395193056
98,2011,0.0246940734202516
98,2012,0.025204423756
98,2013,0.0255218666428859
98,2014,0.0263253281464246
98,2015,0.0270352416830878
98,2016,0.0276616581675641
99,2005,0.0347439294315579
99,2006,0.0350838403905444
99,2007,0.0361378786000158
99,2008,0.0368509249679984
99,2009,0.0366610456955867
99,2010,0.036401181715058
99,2011,0.0364435361643243
99,2012,0.0371430030277336
99,2013,0.0387191589027823
99,2014,0.0400507636347313
99,2015,0.0397713267211269
99,2016,0.0402275324634721
100,2005,0.0949255335687265
100,2006,0.0975874334806252
100,2007,0.0928095829487484
100,2008,0.0946673358828012
100,2009,0.0984306911638093
100,2010,0.103799976086468
100,2011,0.104352362865707
100,2012,0.10549761639896
100,2013,0.106416627884468
100,2014,0.110839099379924
100,2015,0.110935927393332
100,2016,0.106102601046108
101,2005,0.14529873525677
101,2006,0.153794636426098
101,2007,0.162065048838687
101,2008,0.1642696825926
101,2009,0.162391743973431
101,2010,0.169336095162413
101,2011,0.174547925410089
101,2012,0.179469540901406
101,2013,0.185312999859721
101,2014,0.192749587684809
101,2015,0.198390106815812
101,2016,0.196386353400094
102,2005,0.221318737464304
102,2006,0.230681869280726
102,2007,0.239815528789195
102,2008,0.244103870923888
102,2009,0.237009963022677
102,2010,0.240748074026169
102,2011,0.245050003172228
102,2012,0.246766235523373
102,2013,0.249087981183013
102,2014,0.249416022458224
102,2015,0.248681736362046
102,2016,0.245375957841538
103,2005,0.0445811509182226
103,2006,0.0475159612348903
103,2007,0.0479269976011891
103,2008,0.0506662121960746
103,2009,0.0507106393390228
103,2010,0.0528674774392777
103,2011,0.0539505513867725
103,2012,0.0544015487266378
103,2013,0.0557539103264066
103,2014,0.0579081364987044
103,2015,0.0588890465252935
103,2016,0.0599097939261027
104,2005,0.627883445526612
104,2006,0.646469610009986
104,2007,0.711915417448996
104,2008,0.800879896793342
104,2009,0.775308561101199
104,2010,0.67494221705628
104,2011,0.687746968767245
104,2012,0.713142692373789
104,2013,0.655182946679608
104,2014,0.624318546394425
104,2015,0.545140074702178
104,2016,0.473761356096302
105,2005,0.327517724173136
105,2006,0.337128776585243
105,2007,0.34726283578447
105,2008,0.351281934749549
105,2009,0.341106948407839
105,2010,0.345591864596276
105,2011,0.348296898880451
105,2012,0.352114266854292
105,2013,0.35501328000688
105,2014,0.359446058265675
105,2015,0.362696712556311
105,2016,0.366121634515046
106,2005,0.0508222154984652
106,2006,0.0526774876677857
106,2007,0.0535464111725048
106,2008,0.0569446137383595
106,2009,0.058192440172472
106,2010,0.061231357412128
106,2011,0.0681371337826824
106,2012,0.07269988200034
106,2013,0.0762002755263641
106,2014,0.0774262998720878
106,2015,0.0786489596367471
106,2016,0.0796600923376773
107,2005,0.166974600260606
107,2006,0.173901944163718
107,2007,0.181319894695732
107,2008,0.185426206297931
107,2009,0.179920781415529
107,2010,0.184738398572418
107,2011,0.191799477696176
107,2012,0.198596411606772
107,2013,0.202014952458516
107,2014,0.206755174857035
107,2015,0.211968258075483
107,2016,0.215864097332887
108,2005,1
108,2006,1
108,2007,1
108,2008,1
108,2009,1
108,2010,1
108,2011,1
108,2012,1
108,2013,1
108,2014,1
108,2015,1
108,2016,0.996832515084916
110,2005,0.508065217681032
110,2006,0.510645784489144
110,2007,0.508199204465164
110,2008,0.487350536298908
110,2009,0.458842194552575
110,2010,0.458223728879324
110,2011,0.453813867588435
110,2012,0.46091273985956
110,2013,0.454615214989943
110,2014,0.446385841914463
110,2015,0.433707515226115
110,2016,0.4299370331132
111,2005,0.445036463896814
111,2006,0.455116639062594
111,2007,0.459415325192266
111,2008,0.461813685779942
111,2009,0.449786006342245
111,2010,0.446713323595894
111,2011,0.445898778482225
111,2012,0.445759249871832
111,2013,0.44829968307786
111,2014,0.450577821210411
111,2015,0.452235469399655
111,2016,0.45253821947307
112,2005,0.445036463896814
112,2006,0.455116639062594
112,2007,0.459415325192266
112,2008,0.461813685779942
112,2009,0.449786006342245
112,2010,0.446713323595894
112,2011,0.445898778482225
112,2012,0.445759249871832
112,2013,0.44829968307786
112,2014,0.450577821210411
112,2015,0.452235469399655
112,2016,0.45253821947307
113,2005,0.998763317904414
113,2006,0.998763317904414
113,2007,0.998763317904414
113,2008,0.998763317904414
113,2009,0.998763317904414
113,2010,0.998763317904414
113,2011,0.998763317904414
113,2012,0.998763317904414
113,2013,0.998763317904414
113,2014,0.998763317904414
113,2015,0.998763317904414
113,2016,0.998763317904414
114,2005,0.0312612048463972
114,2006,0.0314681902572868
114,2007,0.0320185768491084
114,2008,0.031795931524374
114,2009,0.0322844751560065
114,2010,0.0300618062340916
114,2011,0.031267577884747
114,2012,0.03171896732604
114,2013,0.0326101234095076
114,2014,0.0330803719899713
114,2015,0.0330478219278717
114,2016,0.0331025284727911
115,2005,0.175693471712222
115,2006,0.191666414538489
115,2007,0.205445301203282
115,2008,0.209130914132652
115,2009,0.208273182773767
115,2010,0.222627263682177
115,2011,0.226577484949653
115,2012,0.229975451027053
115,2013,0.237920867340217
115,2014,0.252959817883052
115,2015,0.267618800975159
115,2016,0.282176061344848
116,2005,0.75058887091054
116,2006,0.747068765821116
116,2007,0.726465385781306
116,2008,0.717595309889598
116,2009,0.704483879579134
116,2010,0.68956055523936
116,2011,0.684394368640925
116,2012,0.673519945379447
116,2013,0.67734907614127
116,2014,0.655743259486991
116,2015,0.645313552331438
116,2016,0.63488384517589
117,2005,0.445036463896814
117,2006,0.455116639062594
117,2007,0.459415325192266
117,2008,0.461813685779942
117,2009,0.449786006342245
117,2010,0.446713323595894
117,2011,0.445898778482225
117,2012,0.445759249871832
117,2013,0.44829968307786
117,2014,0.450577821210411
117,2015,0.452235469399655
117,2016,0.45253821947307
118,2005,0.445036463896814
118,2006,0.455116639062594
118,2007,0.459415325192266
118,2008,0.461813685779942
118,2009,0.449786006342245
118,2010,0.446713323595894
118,2011,0.445898778482225
118,2012,0.445759249871832
118,2013,0.44829968307786
118,2014,0.450577821210411
118,2015,0.452235469399655
118,2016,0.45253821947307
119,2005,0.442864555376164
119,2006,0.445401020180593
119,2007,0.439497218856001
119,2008,0.462054538068372
119,2009,0.443221794748756
119,2010,0.428545561117279
119,2011,0.434091511993904
119,2012,0.42668492206395
119,2013,0.448297274574679
119,2014,0.469990941368704
119,2015,0.48274454516907
119,2016,0.495114170629522
120,2005,0.402992879865543
120,2006,0.449320087587229
120,2007,0.48525652309055
120,2008,0.479728882408706
120,2009,0.41701701959178
120,2010,0.383229057691401
120,2011,0.372310471227395
120,2012,0.382371351053045
120,2013,0.377521966172194
120,2014,0.390700915427653
120,2015,0.402558318057234
120,2016,0.415844857281382
121,2005,0.445036463896814
121,2006,0.455116639062594
121,2007,0.459415325192266
121,2008,0.461813685779942
121,2009,0.449786006342245
121,2010,0.446713323595894
121,2011,0.445898778482225
121,2012,0.445759249871832
121,2013,0.44829968307786
121,2014,0.450577821210411
121,2015,0.452235469399655
121,2016,0.45253821947307
122,2005,0.207827823216752
122,2006,0.219756012449033
122,2007,0.219371794381055
122,2008,0.225926295605088
122,2009,0.222744995889255
122,2010,0.21698467745786
122,2011,0.21593537871673
122,2012,0.211586522091379
122,2013,0.210724438917029
122,2014,0.210595510750327
122,2015,0.213698077306228
122,2016,0.214212638677114
123,2005,0.17699737961712
123,2006,0.181719718776289
123,2007,0.192816824634159
123,2008,0.206186458993664
123,2009,0.203331148361272
123,2010,0.204094054234128
123,2011,0.202833273032879
123,2012,0.199755377828947
123,2013,0.200304982053559
123,2014,0.207607758760919
123,2015,0.20287895476995
123,2016,0.203624044220253
124,2005,0.301683504321087
124,2006,0.317590883654789
124,2007,0.321893823536111
124,2008,0.321806321822046
124,2009,0.307525680165757
124,2010,0.307128253273463
124,2011,0.308312638633873
124,2012,0.308152027181877
124,2013,0.306922631915792
124,2014,0.306167107397163
124,2015,0.308023271500735
124,2016,0.311984897690805
125,2005,0.238043908258467
125,2006,0.227794063826223
125,2007,0.241041398850461
125,2008,0.242523604961458
125,2009,0.225688529563665
125,2010,0.223717405740075
125,2011,0.224574581875534
125,2012,0.221125673584538
125,2013,0.225412580108902
125,2014,0.240969527705375
125,2015,0.254869339899264
125,2016,0.258401626930192
126,2005,0.528959090283534
126,2006,0.595970676180301
126,2007,0.6213879161197
126,2008,0.639470354375898
126,2009,0.608504354490446
126,2010,0.625658364970349
126,2011,0.62069105731766
126,2012,0.625535912539681
126,2013,0.638965132341671
126,2014,0.63235613690563
126,2015,0.626109701894613
126,2016,0.591995666126613
127,2005,0.186500488444269
127,2006,0.200538721759131
127,2007,0.197113665315034
127,2008,0.210027986139573
127,2009,0.205453749841581
127,2010,0.198451186058768
127,2011,0.197571986607344
127,2012,0.200323567702498
127,2013,0.20400899669529
127,2014,0.206289597475655
127,2015,0.209408931275514
127,2016,0.215322767237478
129,2005,0.237723466602408
129,2006,0.25361377321295
129,2007,0.278916604742975
129,2008,0.297554733135334
129,2009,0.296979936458769
129,2010,0.308603971413258
129,2011,0.339036215040946
129,2012,0.363933771541324
129,2013,0.381417310719532
129,2014,0.397716601681048
129,2015,0.413777135295927
129,2016,0.426999237602745
130,2005,0.22066479885351
130,2006,0.233288431622626
130,2007,0.248839118890142
130,2008,0.256879468107183
130,2009,0.25105620556292
130,2010,0.260182913052249
130,2011,0.268133274045385
130,2012,0.277756382238587
130,2013,0.280903408088352
130,2014,0.288043517276036
130,2015,0.298494160567982
130,2016,0.308246737820093
131,2005,0.0754950225408544
131,2006,0.0773482933046911
131,2007,0.0802166090198779
131,2008,0.0818988536912293
131,2009,0.0781948013581574
131,2010,0.0806309750936971
131,2011,0.0846895393771442
131,2012,0.0891277821350683
131,2013,0.0924395859155839
131,2014,0.0957639904111734
131,2015,0.0992881090732337
131,2016,0.10280916978085
132,2005,0.18540505765397
132,2006,0.195340143223217
132,2007,0.206284094816272
132,2008,0.211093737074118
132,2009,0.212148523463409
132,2010,0.218163609325082
132,2011,0.23009145042553
132,2012,0.236971545939879
132,2013,0.24609907025813
132,2014,0.25449841730882
132,2015,0.259890526151426
132,2016,0.262671316945175
133,2005,0.073995461570043
133,2006,0.077098522532231
133,2007,0.0801004633981751
133,2008,0.0817434901139106
133,2009,0.0781441739608283
133,2010,0.0794795830773168
133,2011,0.0809785029059511
133,2012,0.0827946969332893
133,2013,0.0836104351670715
133,2014,0.0846860879367191
133,2015,0.0862842390168224
133,2016,0.0879071719389457
134,2005,0.139226953964699
134,2006,0.144016131643069
134,2007,0.148882363650485
134,2008,0.150117010425786
134,2009,0.1447746266586
134,2010,0.14610022488376
134,2011,0.148665206383611
134,2012,0.150763304107038
134,2013,0.152821956667785
134,2014,0.15424992208819
134,2015,0.157013629005106
134,2016,0.159912462289778
135,2005,0.305677019700567
135,2006,0.316070410498498
135,2007,0.321110991684492
135,2008,0.320378066193067
135,2009,0.300446434292088
135,2010,0.310917679686048
135,2011,0.318682193419458
135,2012,0.326718472252421
135,2013,0.32654701856639
135,2014,0.329412924374629
135,2015,0.333591552992514
135,2016,0.336859514686012
136,2005,0.125471395535422
136,2006,0.129250961018093
136,2007,0.134357465122202
136,2008,0.135733497168605
136,2009,0.133493926122898
136,2010,0.134375821058462
136,2011,0.136986298727871
136,2012,0.13807932978356
136,2013,0.140199185136085
136,2014,0.143049236473651
136,2015,0.145957079998585
136,2016,0.147439110293902
137,2005,0.172276524909592
137,2006,0.176872063954015
137,2007,0.177717782381883
137,2008,0.185848054030712
137,2009,0.183800376274415
137,2010,0.187178586821417
137,2011,0.198677861995553
137,2012,0.206588937589921
137,2013,0.213459445407652
137,2014,0.218610393997215
137,2015,0.215683244811782
137,2016,0.209396161291242
138,2005,0.152012395475743
138,2006,0.161471587755488
138,2007,0.173103411809496
138,2008,0.186598372600569
138,2009,0.186304582895849
138,2010,0.199271343491119
138,2011,0.209129011887184
138,2012,0.219032500432558
138,2013,0.228766079442117
138,2014,0.231070337903399
138,2015,0.235516148041417
138,2016,0.241601842759289
139,2005,0.299173005433733
139,2006,0.323217027835514
139,2007,0.345762471583114
139,2008,0.358194000730495
139,2009,0.341318784040846
139,2010,0.331132431600669
139,2011,0.339865845290352
139,2012,0.353825207456128
139,2013,0.353553566351425
139,2014,0.360990145659468
139,2015,0.365498345006423
139,2016,0.370006544353376
140,2005,0.445036463896814
140,2006,0.455116639062594
140,2007,0.459415325192266
140,2008,0.461813685779942
140,2009,0.449786006342245
140,2010,0.446713323595894
140,2011,0.445898778482225
140,2012,0.445759249871832
140,2013,0.44829968307786
140,2014,0.450577821210411
140,2015,0.452235469399655
140,2016,0.45253821947307
141,2005,0.719148605458985
141,2006,0.746908742033209
141,2007,0.773662933377214
141,2008,0.763346436946241
141,2009,0.710753191528168
141,2010,0.719483370710531
141,2011,0.735269711214042
141,2012,0.739274669150351
141,2013,0.74815141136259
141,2014,0.764536757760339
141,2015,0.777418548106931
141,2016,0.790573854541914
143,2005,0.795960833648776
143,2006,0.816373700932416
143,2007,0.870402333461452
143,2008,0.867347082768037
143,2009,0.804369476495318
143,2010,0.776852119568052
143,2011,0.789872686795155
143,2012,0.795246873682414
143,2013,0.822512529677026
143,2014,0.829072116826614
143,2015,0.854089432135513
143,2016,0.906166565529691
144,2005,0.719148605458985
144,2006,0.746908742033209
144,2007,0.773662933377214
144,2008,0.763346436946241
144,2009,0.710753191528168
144,2010,0.719483370710531
144,2011,0.735269711214042
144,2012,0.739274669150351
144,2013,0.74815141136259
144,2014,0.764536757760339
144,2015,0.777418548106931
144,2016,0.790573854541914
145,2005,0.719148605458985
145,2006,0.746908742033209
145,2007,0.773662933377214
145,2008,0.763346436946241
145,2009,0.710753191528168
145,2010,0.719483370710531
145,2011,0.735269711214042
145,2012,0.739274669150351
145,2013,0.74815141136259
145,2014,0.764536757760339
145,2015,0.777418548106931
145,2016,0.790573854541914
146,2005,0.0879149070468788
146,2006,0.0881046385279256
146,2007,0.0896002321706584
146,2008,0.0919140582788265
146,2009,0.089185456583007
146,2010,0.0893316559126728
146,2011,0.0933985517065327
146,2012,0.0932664581720055
146,2013,0.0911369170699098
146,2014,0.0921179171127824
146,2015,0.093875739606617
146,2016,0.0974022357943904
147,2005,0.0879149070468788
147,2006,0.0881046385279256
147,2007,0.0896002321706584
147,2008,0.0919140582788265
147,2009,0.089185456583007
147,2010,0.0893316559126728
147,2011,0.0933985517065327
147,2012,0.0932664581720055
147,2013,0.0911369170699098
147,2014,0.0921179171127824
147,2015,0.093875739606617
147,2016,0.0974022357943904
148,2005,0.099643756208857
148,2006,0.101941149405538
148,2007,0.107021521099622
148,2008,0.108241162606047
148,2009,0.104804335817925
148,2010,0.110161027626059
148,2011,0.115721669332307
148,2012,0.120015633198787
148,2013,0.127087316612284
148,2014,0.138160577640356
148,2015,0.142060464481385
148,2016,0.144924649589934
149,2005,0.099643756208857
149,2006,0.101941149405538
149,2007,0.107021521099622
149,2008,0.108241162606047
149,2009,0.104804335817925
149,2010,0.110161027626059
149,2011,0.115721669332307
149,2012,0.120015633198787
149,2013,0.127087316612284
149,2014,0.138160577640356
149,2015,0.142060464481385
149,2016,0.144924649589934
150,2005,0.099643756208857
150,2006,0.101941149405538
150,2007,0.107021521099622
150,2008,0.108241162606047
150,2009,0.104804335817925
150,2010,0.110161027626059
150,2011,0.115721669332307
150,2012,0.120015633198787
150,2013,0.127087316612284
150,2014,0.138160577640356
150,2015,0.142060464481385
150,2016,0.144924649589934
151,2005,0.0879149070468788
151,2006,0.0881046385279256
151,2007,0.0896002321706584
151,2008,0.0919140582788265
151,2009,0.089185456583007
151,2010,0.0893316559126728
151,2011,0.0933985517065327
151,2012,0.0932664581720055
151,2013,0.0911369170699098
151,2014,0.0921179171127824
151,2015,0.093875739606617
151,2016,0.0974022357943904
152,2005,0.106778119861599
152,2006,0.108179935089989
152,2007,0.11426763050889
152,2008,0.114640845892066
152,2009,0.108361030401734
152,2010,0.108073904591402
152,2011,0.113429621727187
152,2012,0.112965341574861
152,2013,0.109873050453041
152,2014,0.11030087183596
152,2015,0.11125411789652
152,2016,0.117725806286339
153,2005,0.0879149070468788
153,2006,0.0881046385279256
153,2007,0.0896002321706584
153,2008,0.0919140582788265
153,2009,0.089185456583007
153,2010,0.0893316559126728
153,2011,0.0933985517065327
153,2012,0.0932664581720055
153,2013,0.0911369170699098
153,2014,0.0921179171127824
153,2015,0.093875739606617
153,2016,0.0974022357943904
154,2005,0.0879149070468788
154,2006,0.0881046385279256
154,2007,0.0896002321706584
154,2008,0.0919140582788265
154,2009,0.089185456583007
154,2010,0.0893316559126728
154,2011,0.0933985517065327
154,2012,0.0932664581720055
154,2013,0.0911369170699098
154,2014,0.0921179171127824
154,2015,0.093875739606617
154,2016,0.0974022357943904
155,2005,0.0990073021765788
155,2006,0.0975773561469789
155,2007,0.0929022231005539
155,2008,0.0951746528896535
155,2009,0.0968005603139769
155,2010,0.0997479883488949
155,2011,0.102101948162448
155,2012,0.10264299692753
155,2013,0.0990783034839108
155,2014,0.100689949542218
155,2015,0.103850349289655
155,2016,0.106724542121688
156,2005,0.0879149070468788
156,2006,0.0881046385279256
156,2007,0.0896002321706584
156,2008,0.0919140582788265
156,2009,0.089185456583007
156,2010,0.0893316559126728
156,2011,0.0933985517065327
156,2012,0.0932664581720055
156,2013,0.0911369170699098
156,2014,0.0921179171127824
156,2015,0.093875739606617
156,2016,0.0974022357943904
157,2005,0.099643756208857
157,2006,0.101941149405538
157,2007,0.107021521099622
157,2008,0.108241162606047
157,2009,0.104804335817925
157,2010,0.110161027626059
157,2011,0.115721669332307
157,2012,0.120015633198787
157,2013,0.127087316612284
157,2014,0.138160577640356
157,2015,0.142060464481385
157,2016,0.144924649589934
158,2005,0.099643756208857
158,2006,0.101941149405538
158,2007,0.107021521099622
158,2008,0.108241162606047
158,2009,0.104804335817925
158,2010,0.110161027626059
158,2011,0.115721669332307
158,2012,0.120015633198787
158,2013,0.127087316612284
158,2014,0.138160577640356
158,2015,0.142060464481385
158,2016,0.144924649589934
159,2005,0.099643756208857
159,2006,0.101941149405538
159,2007,0.107021521099622
159,2008,0.108241162606047
159,2009,0.104804335817925
159,2010,0.110161027626059
159,2011,0.115721669332307
159,2012,0.120015633198787
159,2013,0.127087316612284
159,2014,0.138160577640356
159,2015,0.142060464481385
159,2016,0.144924649589934
161,2005,0.0879149070468788
161,2006,0.0881046385279256
161,2007,0.0896002321706584
161,2008,0.0919140582788265
161,2009,0.089185456583007
161,2010,0.0893316559126728
161,2011,0.0933985517065327
161,2012,0.0932664581720055
161,2013,0.0911369170699098
161,2014,0.0921179171127824
161,2015,0.093875739606617
161,2016,0.0974022357943904
162,2005,0.641742578696025
162,2006,0.65174464875761
162,2007,0.664339973757473
162,2008,0.651351052369872
162,2009,0.642909113291927
162,2010,0.645512570748799
162,2011,0.655151709387059
162,2012,0.666203892298194
162,2013,0.677300165979776
162,2014,0.689860769176927
162,2015,0.693414170357543
162,2016,0.705878591460166
163,2005,0.995945522490649
163,2006,1
163,2007,1
163,2008,1
163,2009,0.971841157106346
163,2010,0.988147661839114
163,2011,0.996514474352373
163,2012,1
163,2013,1
163,2014,1
163,2015,1
163,2016,1
164,2005,0.157542683317345
164,2006,0.160529029477583
164,2007,0.158135541057506
164,2008,0.15910453154833
164,2009,0.156276146909973
164,2010,0.157616020314553
164,2011,0.157224591669041
164,2012,0.15959755386289
164,2013,0.158180719407329
164,2014,0.161119118614836
164,2015,0.161340158653695
164,2016,0.156739374250768
166,2005,0.168339764428421
166,2006,0.172240797260191
166,2007,0.173751167902295
166,2008,0.171433796754394
166,2009,0.163189375819886
166,2010,0.160042859267641
166,2011,0.162103308444453
166,2012,0.160443062898846
166,2013,0.160639600379283
166,2014,0.16117444622679
166,2015,0.162222422176666
166,2016,0.163915351772897
167,2005,0.0938513682454477
167,2006,0.0988426112607396
167,2007,0.106026653609811
167,2008,0.108347707350538
167,2009,0.112036585014316
167,2010,0.116798385586402
167,2011,0.122730638240635
167,2012,0.127960172196349
167,2013,0.133755506311516
167,2014,0.137926468227578
167,2015,0.141356631287634
167,2016,0.145066675086624
168,2005,0.243538027835663
168,2006,0.250206710076616
168,2007,0.260210752359556
168,2008,0.26812906485484
168,2009,0.273307077608601
168,2010,0.284437685592563
168,2011,0.297968392002877
168,2012,0.302858148405085
168,2013,0.308603286177965
168,2014,0.306679713501329
168,2015,0.295543933405428
168,2016,0.262461823872525
169,2005,0.230309824448262
169,2006,0.241907089082801
169,2007,0.255149981139009
169,2008,0.265079560156976
169,2009,0.261522874718435
169,2010,0.273347669180856
169,2011,0.285838844177531
169,2012,0.293129335769212
169,2013,0.300893659510382
169,2014,0.303530009754326
169,2015,0.303726856927776
169,2016,0.299739977346389
171,2005,0.246160797873088
171,2006,0.253076853721524
171,2007,0.265607827136681
171,2008,0.276314718213066
171,2009,0.273252544369915
171,2010,0.290986433769631
171,2011,0.299672824446261
171,2012,0.302575666484879
171,2013,0.308822658472398
171,2014,0.30763638566843
171,2015,0.293526893947934
171,2016,0.280671317639222
172,2005,0.310592108164695
172,2006,0.332078954333108
172,2007,0.35826620913295
172,2008,0.36899688191385
172,2009,0.343609348200383
172,2010,0.374504769568109
172,2011,0.392863462418299
172,2012,0.38476821755464
172,2013,0.38991815904999
172,2014,0.376215670772655
172,2015,0.382294937159018
172,2016,0.369849076407252
173,2005,0.259697857397056
173,2006,0.269901004283514
173,2007,0.286807697175342
173,2008,0.306372728153291
173,2009,0.318240504569894
173,2010,0.341888651857506
173,2011,0.358347055608089
173,2012,0.369807785562653
173,2013,0.385682894979435
173,2014,0.396830516488635
173,2015,0.396908189338899
173,2016,0.401220842568493
174,2005,0.782866133990204
174,2006,0.811492594721175
174,2007,0.849943254671216
174,2008,0.852092369631694
174,2009,0.7779033351453
174,2010,0.797523841500708
174,2011,0.814243467403994
174,2012,0.79882089132994
174,2013,0.789121480709675
174,2014,0.780900199000404
174,2015,0.780422532112735
174,2016,0.789008099329308
175,2005,0.891986243105027
175,2006,0.92384831040359
175,2007,0.928123376882078
175,2008,0.917961812934946
175,2009,0.86826343432193
175,2010,0.880588330584254
175,2011,0.888693182784127
175,2012,0.887360611470025
175,2013,0.891916611034676
175,2014,0.902277899366352
175,2015,0.910315804094847
175,2016,0.914373059299861
176,2005,0.754609615151449
176,2006,0.783414548872813
176,2007,0.81004050748322
176,2008,0.820366086037956
176,2009,0.776235222152875
176,2010,0.809143748125297
176,2011,0.854451602031104
176,2012,0.857045019743324
176,2013,0.858893854797302
176,2014,0.868966031799207
176,2015,0.876299541410451
176,2016,0.882068481761874
177,2005,0.870758689453734
177,2006,0.899950920940819
177,2007,0.931207581446121
177,2008,0.943349817049188
177,2009,0.903151591431048
177,2010,0.911134332697577
177,2011,0.921981770409705
177,2012,0.908866541118595
177,2013,0.904466122973869
177,2014,0.914011944025764
177,2015,0.927729804822583
177,2016,0.943229888617523
178,2005,0.344112449494291
178,2006,0.365608851176734
178,2007,0.391541278754565
178,2008,0.408124732972086
178,2009,0.419350494470353
178,2010,0.43571897869287
178,2011,0.457331354666084
178,2012,0.464680121137849
178,2013,0.471427478755216
178,2014,0.487266980698505
178,2015,0.506337270355212
178,2016,0.520426448925931
179,2005,0.730955786483217
179,2006,0.743116552266289
179,2007,0.755973447378194
179,2008,0.753228565721037
179,2009,0.727321930023392
179,2010,0.73796374912562
179,2011,0.749673168718883
179,2012,0.747416637268066
179,2013,0.747864859029109
179,2014,0.751157109479859
179,2015,0.755846844265663
179,2016,0.761713415620415
180,2005,0.739072069914704
180,2006,0.752023006276137
180,2007,0.765261263832915
180,2008,0.754499915855577
180,2009,0.716407750910604
180,2010,0.724427101301254
180,2011,0.729633425839892
180,2012,0.73409160663256
180,2013,0.743128482864868
180,2014,0.760197551822652
180,2015,0.770726579628931
180,2016,0.778568749582738
181,2005,0.979066148249593
181,2006,1
181,2007,1
181,2008,0.95326310900641
181,2009,0.900552371628536
181,2010,0.913872383055594
181,2011,0.910180636858806
181,2012,0.898159781769118
181,2013,0.905778575609599
181,2014,0.978400798508661
181,2015,1
181,2016,1
182,2005,0.658503737399956
182,2006,0.674492264240674
182,2007,0.6870763855615
182,2008,0.683748449030999
182,2009,0.653498582368266
182,2010,0.650586417314731
182,2011,0.641795427290246
182,2012,0.622587679214215
182,2013,0.613975503141982
182,2014,0.624305796617303
182,2015,0.644773137943772
182,2016,0.665689977711663
183,2005,0.532240207436167
183,2006,0.5395323516929
183,2007,0.551893053798018
183,2008,0.552196030670344
183,2009,0.535240564308716
183,2010,0.545152795451139
183,2011,0.535981423903733
183,2012,0.516480401402052
183,2013,0.513453560847351
183,2014,0.520839944390949
183,2015,0.531340369595264
183,2016,0.540517803284245
184,2005,0.752616754237506
184,2006,0.765414680252184
184,2007,0.772783994411803
184,2008,0.759617691483148
184,2009,0.714711289610876
184,2010,0.724533030876157
184,2011,0.72745871952922
184,2012,0.705048558979151
184,2013,0.684878550848125
184,2014,0.679394902903551
184,2015,0.685376443528464
184,2016,0.692890116715455
185,2005,0.788583323726279
185,2006,0.809764357910823
185,2007,0.832814254551083
185,2008,0.837650198162114
185,2009,0.803696764598694
185,2010,0.82013791301331
185,2011,0.837915317432038
185,2012,0.833508523872541
185,2013,0.83185414173298
185,2014,0.84045517491015
185,2015,0.848731555170445
185,2016,0.856629079585562
186,2005,0.228109698177444
186,2006,0.247342491342508
186,2007,0.273326257376615
186,2008,0.291729325266347
186,2009,0.274636629582269
186,2010,0.280887770860913
186,2011,0.289651688556892
186,2012,0.281525253029062
186,2013,0.291232243532095
186,2014,0.296139519222131
186,2015,0.306044950674928
186,2016,0.313382765785266
187,2005,0.391180040445274
187,2006,0.410083117185439
187,2007,0.431591239077108
187,2008,0.440601576194044
187,2009,0.408568799337014
187,2010,0.40264502761831
187,2011,0.414377737489026
187,2012,0.406554278101303
187,2013,0.403350666641061
187,2014,0.403005435585973
187,2015,0.413010163515197
187,2016,0.428472510945526
188,2005,0.539489111956283
188,2006,0.568186549878922
188,2007,0.604239626369435
188,2008,0.623194017412766
188,2009,0.569431572334984
188,2010,0.573971308729112
188,2011,0.576499665505747
188,2012,0.559818215288899
188,2013,0.552982371938599
188,2014,0.569599066621555
188,2015,0.582356611505936
188,2016,0.596488692086201
189,2005,0.370771813047856
189,2006,0.404641137876166
189,2007,0.454875227501509
189,2008,0.471655743021936
189,2009,0.406269940576375
189,2010,0.42168241059991
189,2011,0.457406040180151
189,2012,0.481360021986136
189,2013,0.503308309380567
189,2014,0.525397158739842
189,2015,0.539796087941662
189,2016,0.558474877582468
190,2005,1
190,2006,1
190,2007,1
190,2008,1
190,2009,1
190,2010,1
190,2011,1
190,2012,1
190,2013,1
190,2014,1
190,2015,1
190,2016,1
191,2005,0.291230822883314
191,2006,0.30435957246537
191,2007,0.328402172819529
191,2008,0.327730042182886
191,2009,0.33148440970044
191,2010,0.349118355252509
191,2011,0.357775512969208
191,2012,0.329926976670829
191,2013,0.31951696640434
191,2014,0.329246090514639
191,2015,0.320427687289445
191,2016,0.339904950680783
192,2005,0.218062695728716
192,2006,0.234234277701967
192,2007,0.231668753676788
192,2008,0.244521018472639
192,2009,0.246161212506385
192,2010,0.254531042979377
192,2011,0.265418782266028
192,2012,0.292725446883938
192,2013,0.301775549610928
192,2014,0.294139773372404
192,2015,0.298787960279321
192,2016,0.321964901237178
193,2005,0.0267247082179351
193,2006,0.0267258982932562
193,2007,0.0269474693458424
193,2008,0.0271566363202014
193,2009,0.0273791526395439
193,2010,0.0278862848134315
193,2011,0.029719929599444
193,2012,0.0284375515086404
193,2013,0.0279315628775975
193,2014,0.0279069459673034
193,2015,0.0285058708284042
193,2016,0.0293460022450762
194,2005,0.0239612408854883
194,2006,0.0240582212896511
194,2007,0.0239590624147711
194,2008,0.0245904738211349
194,2009,0.0239794540621054
194,2010,0.0239055913467533
194,2011,0.0242975164625663
194,2012,0.0247044478656731
194,2013,0.0247137151824222
194,2014,0.0242474139624052
194,2015,0.0236975163661422
194,2016,0.0243176178317679
195,2005,0.0536867521419681
195,2006,0.0534421899659886
195,2007,0.0532841139030439
195,2008,0.0534843741656175
195,2009,0.0540090887141801
195,2010,0.0538430449357418
195,2011,0.0502637703589504
195,2012,0.0542857569166881
195,2013,0.0576375591194081
195,2014,0.0611337122125975
195,2015,0.0650689396263311
195,2016,0.0690114378949327
196,2005,0.0830439911356628
196,2006,0.0875472882399125
196,2007,0.0910962055408128
196,2008,0.0942774284219001
196,2009,0.098167491266872
196,2010,0.103075702208103
196,2011,0.105259972818865
196,2012,0.106864224874548
196,2013,0.109658324274789
196,2014,0.113517884797255
196,2015,0.113492644248774
196,2016,0.108855046508957
197,2005,0.0527702609561709
197,2006,0.0530146019421735
197,2007,0.0532651088227291
197,2008,0.0533183894703482
197,2009,0.0528786241788677
197,2010,0.0531360668789689
197,2011,0.0538531931407402
197,2012,0.0548230890857965
197,2013,0.0563400205651553
197,2014,0.0581116422863518
197,2015,0.0598659627832384
197,2016,0.0609612767041775
198,2005,0.340314653805884
198,2006,0.318476449694976
198,2007,0.326477755575476
198,2008,0.305974887325536
198,2009,0.296653339681453
198,2010,0.307332047936135
198,2011,0.318094122758074
198,2012,0.32341738198179
198,2013,0.330287439990172
198,2014,0.33380406219873
198,2015,0.336969161129657
198,2016,0.335956344971439
199,2005,0.0109779001589729
199,2006,0.0111956953549007
199,2007,0.0115147422399659
199,2008,0.0118353454519878
199,2009,0.0117761541171541
199,2010,0.0121966698440002
199,2011,0.0126059975742517
199,2012,0.0130647383034911
199,2013,0.0137110965887085
199,2014,0.0145248222764223
199,2015,0.0150205155346854
199,2016,0.0148566114669402
200,2005,0.0790410706714247
200,2006,0.0920871038353643
200,2007,0.108939175787939
200,2008,0.119650885882504
200,2009,0.118244227220971
200,2010,0.117985298250758
200,2011,0.118308330461226
200,2012,0.120057246371013
200,2013,0.123787375518434
200,2014,0.125290810390579
200,2015,0.124709107322143
200,2016,0.12057936448546
202,2005,0.0364271880002428
202,2006,0.0369780714286324
202,2007,0.0388771269443253
202,2008,0.0397662793302946
202,2009,0.0406007636633125
202,2010,0.0418411046170591
202,2011,0.0437534172938923
202,2012,0.0445879471209189
202,2013,0.0463614819307962
202,2014,0.0480758138850419
202,2015,0.0498542203013841
202,2016,0.0517019591686699
203,2005,0.0636213395479039
203,2006,0.0684467824848853
203,2007,0.0740276369318681
203,2008,0.0757859778586046
203,2009,0.0810531326777053
203,2010,0.0881559681671853
203,2011,0.0927828663583227
203,2012,0.0966191760355951
203,2013,0.101543557586823
203,2014,0.107873989690797
203,2015,0.115162322134249
203,2016,0.121938760148461
204,2005,0.0386259527551248
204,2006,0.0406540307402102
204,2007,0.0429997352251275
204,2008,0.0450750902793965
204,2009,0.0468302659669551
204,2010,0.0488889768812815
204,2011,0.0514532062693032
204,2012,0.0541698497476562
204,2013,0.0567552663805173
204,2014,0.0595026984185409
204,2015,0.0626954644141655
204,2016,0.06643381510045
205,2005,0.0455297302257026
205,2006,0.0510997424677433
205,2007,0.0568489601056612
205,2008,0.0622886220660867
205,2009,0.0684163121127601
205,2010,0.0744766318457709
205,2011,0.0780231910074675
205,2012,0.0830323869362984
205,2013,0.0892208038787633
205,2014,0.0954674144944406
205,2015,0.101493608785629
205,2016,0.107106458010865
206,2005,0.371801017023051
206,2006,0.385295309261549
206,2007,0.413982783473222
206,2008,0.420070060572525
206,2009,0.402127857301473
206,2010,0.422443085067687
206,2011,0.436684772824997
206,2012,0.452137951821433
206,2013,0.464811355058807
206,2014,0.484258823556071
206,2015,0.50012844940228
206,2016,0.513570554172802
207,2005,0.0697472565916786
207,2006,0.0737910352002473
207,2007,0.0782003302523428
207,2008,0.0817539967722636
207,2009,0.0852591978069892
207,2010,0.0897883981229055
207,2011,0.0943841372948903
207,2012,0.0982754350191872
207,2013,0.102506941867023
207,2014,0.107479824258573
207,2015,0.113428028706996
207,2016,0.119189101261202
208,2005,1
208,2006,1
208,2007,1
208,2008,1
208,2009,1
208,2010,1
208,2011,1
208,2012,1
208,2013,1
208,2014,1
208,2015,1
208,2016,1
209,2005,0.118585459267058
209,2006,0.132620605970427
209,2007,0.150271335694127
209,2008,0.16352837154652
209,2009,0.177405716886106
209,2010,0.195085218926625
209,2011,0.212365044789266
209,2012,0.227516298395229
209,2013,0.243545351191988
209,2014,0.259612281804088
209,2015,0.275755704638065
209,2016,0.292292140460072
210,2005,0.71366599495679
210,2006,0.723341388010559
210,2007,0.73446305282459
210,2008,0.726080161221283
210,2009,0.686833341394272
210,2010,0.715498861563405
210,2011,0.715997722617581
210,2012,0.7278636410716
210,2013,0.743496360113495
210,2014,0.746982560938457
210,2015,0.756894379214461
210,2016,0.765333927908067
212,2005,0.0395510361823804
212,2006,0.0381266538764814
212,2007,0.0381364584951561
212,2008,0.0366223569079286
212,2009,0.0359512574681807
212,2010,0.0346551564964832
212,2011,0.0341536501626376
212,2012,0.0352660207650162
212,2013,0.0366445395682212
212,2014,0.0368738687372065
212,2015,0.0375016596545204
212,2016,0.0379829724215332
214,2005,0.160143010198401
214,2006,0.168095765785067
214,2007,0.176894962259574
214,2008,0.18623934030936
214,2009,0.191371603735559
214,2010,0.197288181008111
214,2011,0.196614807307879
214,2012,0.196586725424778
214,2013,0.196422448830268
214,2014,0.197735117013047
214,2015,0.202054372298814
214,2016,0.206530456944043
215,2005,0.176115127478535
215,2006,0.183307280246402
215,2007,0.190002603317927
215,2008,0.194431801738481
215,2009,0.195119509145431
215,2010,0.189588129639894
215,2011,0.184413889277316
215,2012,0.179410130314859
215,2013,0.175256944186361
215,2014,0.172564551352913
215,2015,0.169940010322858
215,2016,0.16790901040106
216,2005,0.136588232067333
216,2006,0.142142304586147
216,2007,0.149116964437744
216,2008,0.155962336417392
216,2009,0.161012697921522
216,2010,0.168788709785827
216,2011,0.176880858860208
216,2012,0.185153788140711
216,2013,0.193001295639747
216,2014,0.200202646625317
216,2015,0.207499906468192
216,2016,0.215442549043316
218,2005,0.80999513706437
218,2006,0.824647244090991
218,2007,0.833534245269177
218,2008,0.832810996473965
218,2009,0.799046140685273
218,2010,0.814560241235806
218,2011,0.831890757119028
218,2012,0.836479339657871
218,2013,0.847309547241731
218,2014,0.859531968237329
218,2015,0.860267300037474
218,2016,0.862361920041866
219,2005,0.90297032977751
219,2006,0.912323622045496
219,2007,0.916767122634589
219,2008,0.916405498236982
219,2009,0.88544364889581
219,2010,0.90135395153746
219,2011,0.914202615735701
219,2012,0.918239669828935
219,2013,0.923654773620866
219,2014,0.929765984118664
219,2015,0.930133650018737
219,2016,0.931180960020933
220,2005,0.727056207277016
220,2006,0.727056207277016
220,2007,0.727056207277016
220,2008,0.727056207277016
220,2009,0.727056207277016
220,2010,0.727056207277016
220,2011,0.727056207277016
220,2012,0.727056207277016
220,2013,0.727056207277016
220,2014,0.727056207277016
220,2015,0.727056207277016
220,2016,0.727056207277016
221,2005,0.445036463896814
221,2006,0.455116639062594
221,2007,0.459415325192266
221,2008,0.461813685779942
221,2009,0.449786006342245
221,2010,0.446713323595894
221,2011,0.445898778482225
221,2012,0.445759249871832
221,2013,0.44829968307786
221,2014,0.450577821210411
221,2015,0.452235469399655
221,2016,0.45253821947307
222,2005,0.825126747673632
222,2006,0.858964587383501
222,2007,0.881649696124986
222,2008,0.869934938083801
222,2009,0.817834845350858
222,2010,0.859455978129597
222,2011,0.875717378651037
222,2012,0.86677416663633
222,2013,0.870128264085083
222,2014,0.883974617141148
222,2015,0.910406410875064
222,2016,0.929478115269189
223,2005,1
223,2006,1
223,2007,1
223,2008,1
223,2009,1
223,2010,1
223,2011,1
223,2012,1
223,2013,1
223,2014,1
223,2015,1
223,2016,1
224,2005,0.340391101493633
224,2006,0.358063934384273
224,2007,0.371712911384983
224,2008,0.380900336648282
224,2009,0.371210420746719
224,2010,0.38911479419606
224,2011,0.409041899460531
224,2012,0.426905176070027
224,2013,0.440275928653196
224,2014,0.44484204801573
224,2015,0.451049720127798
224,2016,0.454454172540696
227,2005,0.719148605458985
227,2006,0.746908742033209
227,2007,0.773662933377214
227,2008,0.763346436946241
227,2009,0.710753191528168
227,2010,0.719483370710531
227,2011,0.735269711214042
227,2012,0.739274669150351
227,2013,0.74815141136259
227,2014,0.764536757760339
227,2015,0.777418548106931
227,2016,0.790573854541914
228,2005,0.719148605458985
228,2006,0.746908742033209
228,2007,0.773662933377214
228,2008,0.763346436946241
228,2009,0.710753191528168
228,2010,0.719483370710531
228,2011,0.735269711214042
228,2012,0.739274669150351
228,2013,0.74815141136259
228,2014,0.764536757760339
228,2015,0.777418548106931
228,2016,0.790573854541914
231,2005,0.0267791875729098
231,2006,0.0247159282804339
231,2007,0.027122419208665
231,2008,0.0305962184674187
231,2009,0.0341221126734952
231,2010,0.0370815431802607
231,2011,0.0392934199705273
231,2012,0.0406616062372967
231,2013,0.0408558872961529
231,2014,0.0422360142256041
231,2015,0.0430524335417686
231,2016,0.047026018826278
232,2005,0.166411801532197
232,2006,0.175457895726636
232,2007,0.185778229395914
232,2008,0.196503233072762
232,2009,0.19173180299061
232,2010,0.194473405347595
232,2011,0.198006885662883
232,2012,0.198345615706744
232,2013,0.205528200015741
232,2014,0.210023686367275
232,2015,0.218195979639909
232,2016,0.223744428636198
237,2005,0.301617555335287
237,2006,0.305960555854054
237,2007,0.312797103113803
237,2008,0.316133774922428
237,2009,0.315738645229426
237,2010,0.32250091605061
237,2011,0.326359574321196
237,2012,0.332447130421299
237,2013,0.337175274194293
237,2014,0.342126423048703
237,2015,0.347400497739645
237,2016,0.353032862919956
244,2005,0.445036463896814
244,2006,0.455116639062594
244,2007,0.459415325192266
244,2008,0.461813685779942
244,2009,0.449786006342245
244,2010,0.446713323595894
244,2011,0.445898778482225
244,2012,0.445759249871832
244,2013,0.44829968307786
244,2014,0.450577821210411
244,2015,0.452235469399655
244,2016,0.45253821947307
245,2005,0.445036463896814
245,2006,0.455116639062594
245,2007,0.459415325192266
245,2008,0.461813685779942
245,2009,0.449786006342245
245,2010,0.446713323595894
245,2011,0.445898778482225
245,2012,0.445759249871832
245,2013,0.44829968307786
245,2014,0.450577821210411
245,2015,0.452235469399655
245,2016,0.45253821947307
247,2005,1
247,2006,1
247,2007,1
247,2008,1
247,2009,1
247,2010,1
247,2011,1
247,2012,1
247,2013,1
247,2014,1
247,2015,1
247,2016,1
248,2005,0.445036463896814
248,2006,0.455116639062594
248,2007,0.459415325192266
248,2008,0.461813685779942
248,2009,0.449786006342245
248,2010,0.446713323595894
248,2011,0.445898778482225
248,2012,0.445759249871832
248,2013,0.44829968307786
248,2014,0.450577821210411
248,2015,0.452235469399655
248,2016,0.45253821947307
249,2005,0.445036463896814
249,2006,0.455116639062594
249,2007,0.459415325192266
249,2008,0.461813685779942
249,2009,0.449786006342245
249,2010,0.446713323595894
249,2011,0.445898778482225
249,2012,0.445759249871832
249,2013,0.44829968307786
249,2014,0.450577821210411
249,2015,0.452235469399655
249,2016,0.45253821947307
250,2005,0.719982202102856
250,2006,0.719982202102856
250,2007,0.719982202102856
250,2008,0.719982202102856
250,2009,0.719982202102856
250,2010,0.719982202102856
250,2011,0.719982202102856
250,2012,0.719982202102856
250,2013,0.719982202102856
250,2014,0.719982202102856
250,2015,0.719982202102856
250,2016,0.719982202102856
