"rgn_id","year","value"
82,2018,0.6
82,2020,1
82,2022,1
82,2024,1
84,2018,1
84,2020,1
84,2022,1
84,2024,1
200,2018,1
200,2020,1
200,2022,1
200,2024,1
120,2018,1
120,2020,1
120,2022,1
120,2024,1
172,2018,0.4
172,2020,0.4
172,2022,0.8
172,2024,0.4
110,2018,0.8
110,2020,0.8
110,2022,0.8
110,2024,1
52,2018,0.6
52,2020,1
52,2022,0.8
52,2024,0.6
204,2018,0.6
204,2020,0.6
204,2022,1
204,2024,1
59,2018,0.8
59,2020,0.8
59,2022,1
59,2024,1
164,2018,1
164,2020,1
164,2022,1
164,2024,1
99,2018,0.8
99,2020,0.8
99,2022,0.8
99,2024,1
232,2018,0.2
232,2020,0.2
232,2022,0.2
232,2024,0.2
171,2018,1
171,2020,1
171,2022,1
171,2024,1
71,2018,0.8
71,2020,0.8
71,2022,1
71,2024,1
56,2018,1
56,2020,1
56,2022,1
56,2024,1
24,2018,1
24,2020,1
24,2022,1
24,2024,1
197,2018,0.8
197,2020,0.8
197,2022,0.8
197,2024,0.8
218,2018,0.8
218,2020,0.8
218,2022,0.8
218,2024,0.8
224,2018,1
224,2020,1
224,2022,1
224,2024,1
209,2018,0.4
209,2020,0.4
209,2022,0.4
209,2024,0.4
14,2018,0.4
14,2020,0.4
14,2022,0.4
14,2024,0.4
132,2018,1
132,2020,1
132,2022,1
132,2024,1
28,2018,1
28,2020,1
28,2022,1
28,2024,1
100,2018,0.8
100,2020,0.8
100,2022,0.8
100,2024,0.8
153,2018,0.8
153,2020,0.8
153,2022,0.8
153,2024,0.8
130,2018,1
130,2020,1
130,2022,1
130,2024,1
195,2018,1
195,2020,1
195,2022,1
195,2024,1
187,2018,0.8
187,2020,0.8
187,2022,1
187,2024,1
112,2018,1
112,2020,1
112,2022,1
112,2024,1
81,2018,0.8
81,2020,0.8
81,2022,1
81,2024,1
21,2018,0.6
21,2020,0.8
21,2022,0.8
21,2024,0.8
175,2018,0.8
175,2020,0.8
175,2022,1
175,2024,1
123,2018,0.6
123,2020,0.6
123,2022,0.4
123,2024,0.4
115,2018,0.8
115,2020,0.8
115,2022,0.8
115,2024,0.2
137,2018,1
137,2020,1
137,2022,1
137,2024,1
214,2018,0.6
214,2020,0.6
214,2022,0.6
214,2024,0.6
134,2018,1
134,2020,1
134,2022,1
134,2024,0.8
104,2018,0.6
104,2020,0.6
104,2022,0.6
104,2024,0.6
45,2018,0.6
45,2020,0.6
45,2022,0.6
45,2024,0.6
70,2018,0.8
70,2020,0.8
70,2022,1
70,2024,1
141,2018,0.8
141,2020,0.8
141,2022,0.8
141,2024,0.8
18,2018,1
18,2020,1
18,2022,1
18,2024,1
174,2018,0.8
174,2020,0.8
174,2022,1
174,2024,1
179,2018,0.8
179,2020,0.8
179,2022,1
179,2024,1
198,2018,0.8
198,2020,0.8
198,2022,0.8
198,2024,0.8
65,2018,1
65,2020,1
65,2022,1
65,2024,1
74,2018,0.2
74,2020,0.2
74,2022,0.2
74,2024,0.2
176,2018,0.8
176,2020,0.8
176,2022,1
176,2024,1
106,2018,1
106,2020,1
106,2022,1
106,2024,1
80,2018,0.8
80,2020,0.8
80,2022,1
80,2024,1
125,2018,0.8
125,2020,0.8
125,2022,0.8
125,2024,0.8
136,2018,0.6
136,2020,0.8
136,2022,0.8
136,2024,0.8
194,2018,0.8
194,2020,0.8
194,2022,0.8
194,2024,0.8
193,2018,1
193,2020,1
193,2022,1
193,2024,1
167,2018,0.6
167,2020,0.6
167,2022,0.4
167,2024,1
133,2018,1
133,2020,0.8
133,2022,0.8
133,2024,1
143,2018,0.8
143,2020,0.8
143,2022,0.8
143,2024,0.8
203,2018,0.8
203,2020,0.8
203,2022,0.8
203,2024,0.8
216,2018,1
216,2020,1
216,2022,1
216,2024,0.8
191,2018,0.8
191,2020,0.8
191,2022,0.8
191,2024,0.8
192,2018,0.6
192,2020,1
192,2022,0.8
192,2024,0.6
181,2018,0.8
181,2020,0.8
181,2022,1
181,2024,1
184,2018,0.8
184,2020,0.8
184,2022,1
184,2024,1
166,2018,0.4
166,2020,1
166,2022,1
166,2024,1
210,2018,0.8
210,2020,1
210,2022,1
210,2024,1
43,2018,1
43,2020,1
43,2022,1
43,2024,0.4
148,2018,0.4
157,2018,0.4
212,2018,0.4
148,2020,0.4
157,2020,0.4
212,2020,0.4
148,2022,0.4
157,2022,0.4
212,2022,0.4
148,2024,0.4
157,2024,0.4
212,2024,0.4
51,2018,0.6
51,2020,1
51,2022,0.8
51,2024,0.6
69,2018,0.8
69,2020,0.8
69,2022,1
69,2024,1
78,2018,0.6
78,2020,0.8
78,2022,0.8
78,2024,0.6
67,2018,0.6
67,2020,0.6
67,2022,0.6
67,2024,0.2
189,2018,0.8
189,2020,0.8
189,2022,1
189,2024,1
42,2018,0.6
42,2020,0.6
42,2022,0.6
42,2024,1
206,2018,0.6
206,2020,0.6
206,2022,0.6
206,2024,0.6
39,2018,0.8
39,2020,0.4
39,2022,0.4
39,2024,0.8
68,2018,0.8
68,2020,0.8
68,2022,1
68,2024,1
11,2018,1
11,2020,1
11,2022,1
11,2024,1
64,2018,0.8
64,2020,0.8
64,2022,0.8
64,2024,0.8
37,2018,0.8
37,2020,0.8
37,2022,0.8
37,2024,0.8
135,2018,1
135,2020,1
135,2022,1
135,2024,0.8
9,2018,0.6
9,2020,0.6
9,2022,0.8
9,2024,0.8
186,2018,1
186,2020,1
186,2022,0.6
186,2024,0.6
62,2018,1
62,2020,1
62,2022,1
62,2024,1
205,2018,0.8
205,2020,1
205,2022,1
205,2024,0.6
101,2018,0.2
101,2020,0.2
101,2022,0.4
101,2024,0.4
10,2018,0.6
10,2020,0.6
10,2022,1
10,2024,0.6
177,2018,0.8
177,2020,0.8
177,2022,1
177,2024,1
162,2018,0.6
162,2020,0.6
162,2022,0.6
162,2024,0.6
131,2018,1
131,2020,1
131,2022,0.8
131,2024,1
223,2018,0.8
223,2020,0.8
223,2022,1
223,2024,1
48,2018,1
48,2020,1
48,2022,1
48,2024,0.6
53,2018,0.4
53,2020,0.8
53,2022,0.8
53,2024,1
8,2018,0.8
8,2020,0.6
8,2022,0.4
8,2024,0.4
129,2018,1
129,2020,1
129,2022,1
129,2024,1
138,2018,1
138,2020,1
138,2022,1
138,2024,0.6
15,2018,1
15,2020,0.8
15,2022,1
15,2024,1
178,2018,0.8
178,2020,0.8
178,2022,1
178,2024,1
183,2018,0.8
183,2020,0.8
183,2022,1
183,2024,1
190,2018,1
190,2020,1
190,2022,1
190,2024,1
20,2018,0.4
20,2020,0.4
20,2022,0.4
20,2024,0.4
72,2018,0.8
72,2020,0.8
72,2022,1
72,2024,1
73,2018,0.6
73,2020,0.6
73,2022,0.8
73,2024,0.8
119,2018,0.8
119,2020,0.8
119,2022,0.8
119,2024,0.8
127,2018,1
127,2020,0.8
127,2022,0.8
127,2024,0.8
152,2018,0.8
152,2020,1
152,2022,1
152,2024,1
103,2018,1
103,2020,1
103,2022,1
103,2024,1
50,2018,1
50,2020,1
50,2022,1
50,2024,1
66,2018,1
66,2020,1
66,2022,1
66,2024,1
31,2018,0.8
31,2020,0.8
31,2022,0.8
31,2024,1
96,2018,1
96,2020,1
96,2022,1
96,2024,1
208,2018,0.8
208,2020,0.8
208,2022,0.8
208,2024,0.8
188,2018,0.8
188,2020,0.8
188,2022,1
188,2024,1
7,2018,0.8
7,2020,0.8
7,2022,1
7,2024,1
44,2018,1
44,2020,1
44,2022,1
44,2024,1
102,2018,0.8
102,2020,0.8
102,2022,0.8
102,2024,0.8
182,2018,0.8
182,2020,0.8
182,2022,1
182,2024,1
40,2018,0.8
40,2020,0.8
40,2022,0.8
40,2024,0.8
49,2018,0.8
49,2020,0.8
49,2022,0.8
49,2024,0.8
168,2018,0.8
168,2020,0.8
168,2022,1
168,2024,0.8
222,2018,0.8
222,2020,0.8
222,2022,1
222,2024,1
25,2018,1
25,2020,1
25,2022,1
25,2024,1
231,2018,1
231,2020,1
231,2022,1
231,2024,1
156,2018,0.6
156,2020,1
156,2022,1
156,2024,0.8
155,2018,0.4
155,2020,1
155,2022,1
155,2024,0.8
126,2018,0.8
126,2020,0.8
126,2022,0.8
126,2024,0.6
61,2018,0.8
61,2020,0.8
61,2022,0.8
61,2024,0.8
76,2018,1
76,2020,1
76,2022,1
76,2024,1
19,2018,0.8
19,2020,0.8
19,2022,0.8
19,2024,0.8
75,2018,0.4
75,2020,0.4
75,2022,0.4
75,2024,0.4
54,2018,0.8
54,2020,0.8
54,2022,0.8
54,2024,0.8
180,2018,0.8
180,2020,0.8
180,2022,0.8
180,2024,0.8
202,2018,1
202,2020,1
202,2022,1
202,2024,1
163,2018,0.8
163,2020,0.8
163,2022,0.8
163,2024,0.8
173,2018,1
173,2020,0.8
173,2022,0.8
173,2024,0.6
6,2018,0.6
6,2020,0.6
6,2022,0.6
6,2024,0.6
139,2018,0.8
139,2020,1
139,2022,1
139,2024,1
207,2018,0.8
207,2020,0.8
207,2022,0.8
207,2024,0.6
47,2018,1
47,2020,1
47,2022,1
47,2024,0.6
26,2018,0.8
26,2020,0.8
26,2022,0.8
26,2024,0.8
85,2018,0.8
85,2020,0.8
85,2022,0.8
85,2024,0.8
55,2018,0.8
55,2020,0.8
55,2022,1
55,2024,1
58,2018,0.8
58,2020,0.8
58,2022,1
58,2024,1
57,2018,0.8
57,2020,0.8
57,2022,1
57,2024,1
237,2018,0.8
237,2020,0.8
237,2022,0.8
237,2024,0.8
90,2018,0.8
90,2020,0.8
90,2022,0.8
90,2024,0.8
88,2018,0.8
88,2020,0.8
88,2022,0.8
88,2024,0.8
