"rgn_id","year","w_fis"
1,2005,1
2,2005,1
3,2005,1
4,2005,1
5,2005,0.836251886539665
6,2005,1
7,2005,0.999758826674553
8,2005,0.994667921651891
9,2005,1
10,2005,1
11,2005,1
12,2005,1
13,2005,0.884279476654447
14,2005,0.703465141407381
15,2005,0.785914965550367
16,2005,0.763396676858002
17,2005,0.999975151701404
18,2005,0.998600264461553
19,2005,0.999931408578774
20,2005,0.495796274314081
21,2005,0.349395145464685
24,2005,0.989971285684439
25,2005,0.531043808074055
26,2005,1
28,2005,1
29,2005,0.958318573205425
30,2005,1
31,2005,1
32,2005,0.981022145165281
33,2005,1
34,2005,1
35,2005,1
36,2005,1
37,2005,0.987038056159714
38,2005,1
39,2005,1
40,2005,0.964927505385646
41,2005,0.995071529471042
42,2005,0.970602747518289
43,2005,1
44,2005,1
45,2005,1
46,2005,1
47,2005,0.999374018560732
48,2005,0.99914015883604
49,2005,1
50,2005,0.810141236837813
51,2005,0.998344803845443
52,2005,0.99993360846621
53,2005,0.999826769487486
54,2005,0.998353168668334
55,2005,1
56,2005,1
57,2005,1
58,2005,1
59,2005,1
60,2005,1
61,2005,0.972933865169532
62,2005,0.999549619805728
63,2005,1
64,2005,1
65,2005,0.999732658430038
66,2005,0.999970513709994
67,2005,0.9971885124949
68,2005,0.448856425362835
69,2005,1
70,2005,1
71,2005,0.948305135075564
72,2005,1
73,2005,0.999006862134693
74,2005,1
75,2005,0.985684876365381
76,2005,0.84672090567123
77,2005,1
78,2005,0.9968781780869
79,2005,0.7064741887905
80,2005,0.482817389341621
81,2005,0.450164364256621
82,2005,0.640893050518962
84,2005,0.999186102831813
85,2005,1
86,2005,1
88,2005,1
89,2005,1
90,2005,1
91,2005,1
92,2005,1
93,2005,1
94,2005,1
95,2005,1
96,2005,1
97,2005,1
98,2005,1
99,2005,1
100,2005,1
101,2005,0.997893801911288
102,2005,0.995123512488702
103,2005,1
104,2005,1
105,2005,1
106,2005,1
107,2005,1
108,2005,1
110,2005,0.999417376964277
111,2005,0.99997891355899
112,2005,0.858329402965023
113,2005,1
114,2005,1
115,2005,0.977642592735948
116,2005,0.991916923087225
117,2005,1
118,2005,1
119,2005,1
120,2005,1
121,2005,1
122,2005,0.999591359079542
123,2005,1
124,2005,1
125,2005,1
126,2005,1
127,2005,1
129,2005,0.917429511843722
130,2005,0.941940272518226
131,2005,0.618423404655247
132,2005,0.738198647831497
133,2005,0.577158771975882
134,2005,0.990205266318886
135,2005,0.895760108309016
136,2005,0.745038308849466
137,2005,0.650581648251216
138,2005,0.986640039485598
139,2005,0.967080239120777
140,2005,0.994582359247964
141,2005,0.834069477693534
143,2005,0.993458648330488
144,2005,1
145,2005,1
146,2005,1
147,2005,0.87141206416508
148,2005,1
149,2005,1
150,2005,1
151,2005,1
152,2005,1
153,2005,1
154,2005,1
155,2005,0.964322167613915
156,2005,1
157,2005,1
158,2005,1
159,2005,1
161,2005,1
162,2005,0.854849094099051
163,2005,0.960487226270681
164,2005,0.590514394999922
166,2005,0.996088535577747
167,2005,0.997250985252572
168,2005,0.999301154346489
169,2005,1
171,2005,0.854903394702561
172,2005,0.999861127325013
173,2005,1
174,2005,0.583277420989267
175,2005,0.920333027747568
176,2005,0.963838991811841
177,2005,0.621002609482304
178,2005,1
179,2005,0.559292359256395
180,2005,0.823884297864193
181,2005,0.820022538967624
182,2005,0.475193769905649
183,2005,0.923581060788861
184,2005,0.696849772279161
185,2005,1
186,2005,0.609670158802082
187,2005,0.629250422008466
188,2005,0.422805165672149
189,2005,1
190,2005,1
191,2005,0.987596020069696
192,2005,1
193,2005,1
194,2005,1
195,2005,1
196,2005,1
197,2005,1
198,2005,1
199,2005,1
200,2005,1
202,2005,0.866729574970907
203,2005,0.859927848171711
204,2005,0.810362045323516
205,2005,0.936568992944202
206,2005,0.894527499628068
207,2005,0.771372435075989
208,2005,0.522789373326466
209,2005,0.253967206917471
210,2005,0.7730450393879
212,2005,0.999006037405485
214,2005,0.309843130618454
215,2005,1
216,2005,0.765399536049451
218,2005,0.855197367597475
219,2005,1
220,2005,1
221,2005,1
222,2005,0.94909483962285
223,2005,0.606813760118116
224,2005,0.612805764749508
227,2005,0.834544547283487
228,2005,0.99843070255157
231,2005,0.990301497958494
232,2005,0.0902479569805036
237,2005,1
244,2005,1
245,2005,1
247,2005,0.964506673452803
248,2005,1
249,2005,1
250,2005,1
1,2006,1
2,2006,1
3,2006,1
4,2006,1
5,2006,0.894933658251227
6,2006,0.998875959204466
7,2006,0.999600553842687
8,2006,0.997498297200952
9,2006,1
10,2006,1
11,2006,1
12,2006,1
13,2006,0.898522757206716
14,2006,0.654058944268135
15,2006,0.781158750045496
16,2006,0.740586159522493
17,2006,0.999956918436552
18,2006,0.998586293269834
19,2006,0.9999096061526
20,2006,0.492896152646404
21,2006,0.351904774061032
24,2006,0.98793360979914
25,2006,0.574422825310645
26,2006,1
28,2006,1
29,2006,0.979908086308932
30,2006,1
31,2006,1
32,2006,0.972723215427394
33,2006,1
34,2006,1
35,2006,1
36,2006,1
37,2006,0.983202169612666
38,2006,1
39,2006,1
40,2006,0.978306448981895
41,2006,0.991898673936132
42,2006,0.96551771146621
43,2006,0.999684109226524
44,2006,1
45,2006,1
46,2006,1
47,2006,0.999354048759486
48,2006,0.999005801441532
49,2006,1
50,2006,0.818275072870174
51,2006,0.998542526853957
52,2006,0.999898668352358
53,2006,0.999825882806963
54,2006,0.997282856613961
55,2006,1
56,2006,1
57,2006,1
58,2006,1
59,2006,1
60,2006,1
61,2006,0.965844795892405
62,2006,0.999396152080478
63,2006,1
64,2006,1
65,2006,0.999770587011123
66,2006,0.99993084985981
67,2006,0.996619000932185
68,2006,0.370451869408801
69,2006,1
70,2006,1
71,2006,0.964615615753347
72,2006,1
73,2006,0.998321062186834
74,2006,1
75,2006,0.99309924655011
76,2006,0.82044748113479
77,2006,1
78,2006,0.996130660474938
79,2006,0.644120771220353
80,2006,0.485050049107225
81,2006,0.424140847968964
82,2006,0.652268620380419
84,2006,0.998868424281551
85,2006,1
86,2006,1
88,2006,1
89,2006,1
90,2006,1
91,2006,1
92,2006,1
93,2006,1
94,2006,1
95,2006,1
96,2006,1
97,2006,1
98,2006,1
99,2006,1
100,2006,1
101,2006,0.997787903806518
102,2006,0.992349987085422
103,2006,1
104,2006,1
105,2006,1
106,2006,1
107,2006,1
108,2006,1
110,2006,1
111,2006,0.999947324274121
112,2006,0.855422628720303
113,2006,1
114,2006,1
115,2006,0.976851912523126
116,2006,1
117,2006,1
118,2006,1
119,2006,1
120,2006,1
121,2006,1
122,2006,0.999201248263403
123,2006,1
124,2006,1
125,2006,1
126,2006,1
127,2006,1
129,2006,0.907869899955111
130,2006,0.940446432697092
131,2006,0.594255599294683
132,2006,0.762115569734221
133,2006,0.678287639883068
134,2006,0.988787376058804
135,2006,0.913257802960802
136,2006,0.594035509987541
137,2006,0.541141831599372
138,2006,0.965117267911642
139,2006,0.950071782071525
140,2006,0.994172755567306
141,2006,0.86818592795329
143,2006,0.993512912004562
144,2006,1
145,2006,1
146,2006,1
147,2006,0.862488235230107
148,2006,1
149,2006,1
150,2006,1
151,2006,1
152,2006,1
153,2006,1
154,2006,1
155,2006,0.967667941848401
156,2006,1
157,2006,1
158,2006,1
159,2006,1
161,2006,1
162,2006,0.833542944171388
163,2006,0.957555150273136
164,2006,0.475234991124327
166,2006,0.994936655649939
167,2006,0.997865839949002
168,2006,0.998596642675056
169,2006,1
171,2006,0.847375100113868
172,2006,0.999918185294452
173,2006,1
174,2006,0.653844289028531
175,2006,0.928254121093517
176,2006,0.956735406936076
177,2006,0.592812405450816
178,2006,1
179,2006,0.635210985102809
180,2006,0.820966477519744
181,2006,0.814661078657953
182,2006,0.520413657263789
183,2006,0.919341461301833
184,2006,0.714974518207856
185,2006,1
186,2006,0.683631835316479
187,2006,0.635786943623663
188,2006,0.689238953364716
189,2006,1
190,2006,1
191,2006,0.985169083605552
192,2006,1
193,2006,1
194,2006,1
195,2006,1
196,2006,1
197,2006,1
198,2006,1
199,2006,1
200,2006,1
202,2006,0.842678571075146
203,2006,0.979290599884225
204,2006,0.806243591990944
205,2006,0.941256277584035
206,2006,0.875443583582523
207,2006,0.791455467455799
208,2006,0.608992935239647
209,2006,0.249161816839169
210,2006,0.785970868736346
212,2006,0.996726947938256
214,2006,0.626964894320753
215,2006,1
216,2006,0.702461726527442
218,2006,0.845054174846424
219,2006,1
220,2006,1
221,2006,1
222,2006,0.958017138587652
223,2006,0.582095083182643
224,2006,0.653399038729097
227,2006,0.820687617851323
228,2006,0.995880456976725
231,2006,0.968223369527896
232,2006,0.0844372391912399
237,2006,1
244,2006,1
245,2006,1
247,2006,0.958412693781071
248,2006,1
249,2006,1
250,2006,1
1,2007,1
2,2007,1
3,2007,1
4,2007,1
5,2007,0.878218562085372
6,2007,0.999367561896476
7,2007,0.999576511824835
8,2007,0.998091252986828
9,2007,1
10,2007,1
11,2007,1
12,2007,1
13,2007,0.898552473710761
14,2007,0.588934698282939
15,2007,0.785673812798168
16,2007,0.717542748605105
17,2007,0.999979966463007
18,2007,0.998554341728532
19,2007,0.999952162907804
20,2007,0.483457994484436
21,2007,0.340563829838759
24,2007,0.985155952609336
25,2007,0.50183168477536
26,2007,1
28,2007,1
29,2007,0.987435625868128
30,2007,1
31,2007,1
32,2007,0.978047893231281
33,2007,1
34,2007,1
35,2007,1
36,2007,1
37,2007,0.981323186457166
38,2007,1
39,2007,1
40,2007,0.975655951377582
41,2007,0.993838713417433
42,2007,0.957506672180876
43,2007,0.998957073152527
44,2007,1
45,2007,1
46,2007,1
47,2007,0.999175322919372
48,2007,0.998786810826374
49,2007,1
50,2007,0.894933725465268
51,2007,0.998202609092318
52,2007,0.999913332970491
53,2007,0.999818826563117
54,2007,0.993373214123126
55,2007,1
56,2007,1
57,2007,1
58,2007,1
59,2007,1
60,2007,1
61,2007,0.943384337224988
62,2007,0.999498628361516
63,2007,1
64,2007,1
65,2007,0.999806114867904
66,2007,0.999797999348312
67,2007,1
68,2007,0.563046057658235
69,2007,1
70,2007,1
71,2007,0.972778931320212
72,2007,0.997716255542013
73,2007,0.997493088562913
74,2007,1
75,2007,0.986894011352686
76,2007,0.798205493837314
77,2007,1
78,2007,0.995763262208029
79,2007,0.647735345334727
80,2007,0.492683385960848
81,2007,0.417248241879287
82,2007,0.622690171432
84,2007,0.998246924616289
85,2007,1
86,2007,1
88,2007,1
89,2007,1
90,2007,1
91,2007,1
92,2007,1
93,2007,1
94,2007,1
95,2007,1
96,2007,1
97,2007,1
98,2007,1
99,2007,1
100,2007,1
101,2007,0.998342352789144
102,2007,0.994252881755841
103,2007,1
104,2007,1
105,2007,1
106,2007,1
107,2007,1
108,2007,1
110,2007,1
111,2007,0.999949485815011
112,2007,0.876877270839731
113,2007,1
114,2007,1
115,2007,0.983712814072605
116,2007,1
117,2007,1
118,2007,1
119,2007,1
120,2007,1
121,2007,1
122,2007,0.999697337584126
123,2007,1
124,2007,1
125,2007,1
126,2007,1
127,2007,1
129,2007,0.89827791581425
130,2007,0.934290448453368
131,2007,0.621830687251625
132,2007,0.848521076560828
133,2007,0.400862236350003
134,2007,0.980159141140615
135,2007,0.907262679199381
136,2007,0.695470609673339
137,2007,0.513407997868907
138,2007,0.966163473442429
139,2007,0.930499260808056
140,2007,0.996575078718997
141,2007,0.811744590827967
143,2007,0.993919513256948
144,2007,1
145,2007,1
146,2007,1
147,2007,0.842434021838766
148,2007,1
149,2007,1
150,2007,1
151,2007,1
152,2007,1
153,2007,1
154,2007,1
155,2007,0.971237080172859
156,2007,1
157,2007,1
158,2007,1
159,2007,1
161,2007,1
162,2007,0.830470120930077
163,2007,0.966628791047382
164,2007,0.529806885745953
166,2007,0.998389224807134
167,2007,0.998647607665647
168,2007,0.998504505193286
169,2007,1
171,2007,0.844430274493361
172,2007,0.999819675741909
173,2007,1
174,2007,0.672533513414751
175,2007,0.921519131697635
176,2007,0.814286260648092
177,2007,0.618512369550366
178,2007,1
179,2007,0.614990287134393
180,2007,0.826239598867
181,2007,0.829381617742767
182,2007,0.506412356253422
183,2007,0.910951757515493
184,2007,0.698169949448516
185,2007,1
186,2007,0.638087624756153
187,2007,0.700184588151582
188,2007,0.389525866412212
189,2007,1
190,2007,1
191,2007,0.977658199580019
192,2007,1
193,2007,1
194,2007,1
195,2007,1
196,2007,1
197,2007,1
198,2007,1
199,2007,1
200,2007,1
202,2007,0.827635325175629
203,2007,0.848085630952075
204,2007,0.786200795882677
205,2007,0.954941940761465
206,2007,0.90412071643343
207,2007,0.765122829861062
208,2007,0.605243194261239
209,2007,0.240224779484106
210,2007,0.821310913754785
212,2007,0.997694201871529
214,2007,0.651121218742942
215,2007,1
216,2007,0.677916427120347
218,2007,0.833912257707533
219,2007,0.998869120607851
220,2007,1
221,2007,1
222,2007,0.945012403876999
223,2007,0.562789548738249
224,2007,0.522593669975554
227,2007,0.830128299922152
228,2007,0.995223834295571
231,2007,0.992432890535203
232,2007,0.082876714920945
237,2007,1
244,2007,1
245,2007,1
247,2007,0.954312565194323
248,2007,1
249,2007,1
250,2007,1
1,2008,1
2,2008,1
3,2008,1
4,2008,1
5,2008,0.870870954327414
6,2008,0.999483863466373
7,2008,0.999671662991918
8,2008,0.998047296948256
9,2008,1
10,2008,0.999985119470788
11,2008,1
12,2008,1
13,2008,0.862812445282768
14,2008,0.49930550756503
15,2008,0.780023612573285
16,2008,0.69985807266197
17,2008,0.999960369428645
18,2008,0.998899891387629
19,2008,0.999959014562236
20,2008,0.499160625632938
21,2008,0.335276414721708
24,2008,0.974237113983038
25,2008,0.555686999253935
26,2008,1
28,2008,1
29,2008,0.961990719309391
30,2008,1
31,2008,1
32,2008,0.973596781640704
33,2008,1
34,2008,1
35,2008,1
36,2008,1
37,2008,0.982536940493376
38,2008,1
39,2008,1
40,2008,0.981355876026871
41,2008,0.998661988298536
42,2008,0.963307211219711
43,2008,0.997258069657343
44,2008,1
45,2008,1
46,2008,1
47,2008,0.999198780826144
48,2008,0.998711575413641
49,2008,1
50,2008,0.925052729563134
51,2008,0.998048171174451
52,2008,0.999943274594362
53,2008,0.999818669077454
54,2008,0.993384036306355
55,2008,1
56,2008,1
57,2008,1
58,2008,1
59,2008,1
60,2008,1
61,2008,0.919995157793441
62,2008,0.999241148618329
63,2008,1
64,2008,1
65,2008,0.999777544608348
66,2008,0.999613965013333
67,2008,1
68,2008,0.289936896526465
69,2008,1
70,2008,1
71,2008,0.952079296425029
72,2008,0.982590340959835
73,2008,0.997238536011226
74,2008,1
75,2008,0.980808661684295
76,2008,0.746617401843703
77,2008,1
78,2008,0.995701480171455
79,2008,0.581709768508591
80,2008,0.463656406033314
81,2008,0.40545851015101
82,2008,0.589337815759886
84,2008,0.996966652586452
85,2008,1
86,2008,1
88,2008,1
89,2008,1
90,2008,1
91,2008,1
92,2008,1
93,2008,1
94,2008,1
95,2008,1
96,2008,1
97,2008,1
98,2008,1
99,2008,1
100,2008,1
101,2008,0.99737439059244
102,2008,0.99345884043791
103,2008,1
104,2008,1
105,2008,1
106,2008,1
107,2008,1
108,2008,1
110,2008,1
111,2008,0.999945178719629
112,2008,0.857290626130619
113,2008,1
114,2008,1
115,2008,0.992275980138843
116,2008,1
117,2008,1
118,2008,1
119,2008,1
120,2008,1
121,2008,1
122,2008,0.999570794573469
123,2008,1
124,2008,1
125,2008,1
126,2008,1
127,2008,1
129,2008,0.899183632099613
130,2008,0.938098069783645
131,2008,0.546065037953766
132,2008,0.847657026592229
133,2008,0.386654249471796
134,2008,0.969430854999431
135,2008,0.911791953376687
136,2008,0.720592813168178
137,2008,0.589638402805193
138,2008,0.98019175422627
139,2008,0.913918061419866
140,2008,0.996820505874799
141,2008,0.761720509765811
143,2008,0.992389209884439
144,2008,1
145,2008,1
146,2008,1
147,2008,0.836155837614737
148,2008,1
149,2008,1
150,2008,1
151,2008,1
152,2008,1
153,2008,0.999795591715227
154,2008,1
155,2008,0.975471241342946
156,2008,1
157,2008,1
158,2008,1
159,2008,1
161,2008,1
162,2008,0.842721738866335
163,2008,0.953052568084755
164,2008,0.492027316752792
166,2008,0.998018169427751
167,2008,0.999416353367673
168,2008,0.998575457010285
169,2008,1
171,2008,0.823090700184613
172,2008,0.999944947347143
173,2008,1
174,2008,0.65151503322536
175,2008,0.919839064583522
176,2008,0.934758310642581
177,2008,0.651500304174898
178,2008,1
179,2008,0.552092510629614
180,2008,0.822862589081635
181,2008,0.860696794511624
182,2008,0.494079770261992
183,2008,0.895417699420136
184,2008,0.723805881228358
185,2008,1
186,2008,0.705908617167669
187,2008,0.766248850283594
188,2008,0.407969428776421
189,2008,1
190,2008,1
191,2008,0.970331110648441
192,2008,1
193,2008,1
194,2008,1
195,2008,1
196,2008,1
197,2008,1
198,2008,1
199,2008,1
200,2008,1
202,2008,0.809019953810574
203,2008,0.848470534335584
204,2008,0.781621877284138
205,2008,0.95093199861996
206,2008,0.911600165482019
207,2008,0.773620650010275
208,2008,0.518860312037948
209,2008,0.226359345232867
210,2008,0.79500524933761
212,2008,0.996140052585176
214,2008,0.70013031684968
215,2008,1
216,2008,0.648341610204183
218,2008,0.811178395798978
219,2008,0.998328742074367
220,2008,1
221,2008,1
222,2008,0.945392281962396
223,2008,0.52023020462986
224,2008,0.504324942872072
227,2008,0.841869142035635
228,2008,0.996870972420854
231,2008,0.990285401911303
232,2008,0.323494241606794
237,2008,1
244,2008,1
245,2008,1
247,2008,0.954001987572082
248,2008,1
249,2008,1
250,2008,1
1,2009,1
2,2009,1
3,2009,1
4,2009,1
5,2009,0.860952265442578
6,2009,0.999570708826694
7,2009,0.999373292771163
8,2009,0.99803460263073
9,2009,1
10,2009,0.999998119331737
11,2009,1
12,2009,1
13,2009,0.869419694020682
14,2009,0.522995691348951
15,2009,0.778381657764715
16,2009,0.696805028602367
17,2009,0.999945049216006
18,2009,0.99961246549193
19,2009,0.999965890828688
20,2009,0.485621287648678
21,2009,0.308258355710406
24,2009,0.97024648537182
25,2009,0.617993007578737
26,2009,1
28,2009,1
29,2009,0.96089697684672
30,2009,1
31,2009,1
32,2009,0.995767852970465
33,2009,1
34,2009,1
35,2009,1
36,2009,1
37,2009,0.987089389281886
38,2009,1
39,2009,1
40,2009,0.975806999721967
41,2009,0.998350303050327
42,2009,0.961598163854285
43,2009,0.997339094186897
44,2009,1
45,2009,1
46,2009,1
47,2009,1
48,2009,0.997336939851928
49,2009,1
50,2009,0.967096415989808
51,2009,0.999663359170517
52,2009,1
53,2009,0.999813243906037
54,2009,0.991048185130871
55,2009,1
56,2009,1
57,2009,1
58,2009,1
59,2009,1
60,2009,1
61,2009,0.898793261720455
62,2009,0.999166726041208
63,2009,1
64,2009,1
65,2009,0.999673458102927
66,2009,0.999667529545424
67,2009,1
68,2009,0.352080827513869
69,2009,1
70,2009,1
71,2009,0.878653476282026
72,2009,0.981204289835788
73,2009,0.99414812457542
74,2009,1
75,2009,0.974654833122115
76,2009,0.724893646881532
77,2009,1
78,2009,0.995712437170478
79,2009,0.545135297484995
80,2009,0.451581722268706
81,2009,0.291121195936002
82,2009,0.534773205475588
84,2009,0.997004557319357
85,2009,1
86,2009,1
88,2009,1
89,2009,1
90,2009,1
91,2009,1
92,2009,1
93,2009,1
94,2009,1
95,2009,1
96,2009,1
97,2009,1
98,2009,1
99,2009,1
100,2009,1
101,2009,0.99770084181888
102,2009,0.989879453126155
103,2009,1
104,2009,1
105,2009,1
106,2009,1
107,2009,1
108,2009,1
110,2009,1
111,2009,0.999950391646102
112,2009,0.824859345391531
113,2009,1
114,2009,1
115,2009,0.9878266573305
116,2009,1
117,2009,1
118,2009,1
119,2009,1
120,2009,1
121,2009,1
122,2009,0.99916130308221
123,2009,1
124,2009,1
125,2009,1
126,2009,1
127,2009,0.99998363851985
129,2009,0.902829946648114
130,2009,0.943555488706055
131,2009,0.553262877996399
132,2009,0.925356705842851
133,2009,0.357909172011786
134,2009,0.979529645753648
135,2009,0.934548787805182
136,2009,0.644416708133268
137,2009,0.52559470272779
138,2009,0.959231969315626
139,2009,0.920314319094466
140,2009,0.996101829400746
141,2009,0.756318435855556
143,2009,0.992384179498527
144,2009,1
145,2009,1
146,2009,1
147,2009,0.844489830518654
148,2009,1
149,2009,1
150,2009,1
151,2009,1
152,2009,1
153,2009,0.999830399058567
154,2009,1
155,2009,0.989480582979054
156,2009,1
157,2009,1
158,2009,1
159,2009,1
161,2009,1
162,2009,0.840055711662323
163,2009,0.95337309748275
164,2009,0.466961323827632
166,2009,0.998367952409814
167,2009,0.999409880181951
168,2009,0.99838110475501
169,2009,1
171,2009,0.845712699027204
172,2009,0.99996944337513
173,2009,1
174,2009,0.635681177544677
175,2009,0.903986478353058
176,2009,0.955850089699889
177,2009,0.712320464969977
178,2009,1
179,2009,0.580824891100389
180,2009,0.821944651048603
181,2009,0.861521951966231
182,2009,0.551603222246387
183,2009,0.878878706333279
184,2009,0.719493586042416
185,2009,1
186,2009,0.657098412829072
187,2009,0.652329727365525
188,2009,0.431207376980276
189,2009,1
190,2009,1
191,2009,0.961317720411446
192,2009,1
193,2009,1
194,2009,1
195,2009,1
196,2009,1
197,2009,1
198,2009,1
199,2009,1
200,2009,1
202,2009,0.850322793142044
203,2009,0.836194397490567
204,2009,0.798660290828219
205,2009,0.948782384854291
206,2009,0.922948267298384
207,2009,0.777566123412049
208,2009,0.465468853791515
209,2009,0.227130864182881
210,2009,0.794590265150625
212,2009,0.998916102421734
214,2009,0.698282146511406
215,2009,1
216,2009,0.571412462899025
218,2009,0.826872506174894
219,2009,0.972789894924817
220,2009,1
221,2009,1
222,2009,0.942899975396554
223,2009,0.555423925924546
224,2009,0.495920018835034
227,2009,0.824654050174871
228,2009,0.986208576877788
231,2009,0.975673465949557
232,2009,0.115069753553331
237,2009,1
244,2009,1
245,2009,1
247,2009,0.957691377786801
248,2009,1
249,2009,1
250,2009,1
1,2010,1
2,2010,1
3,2010,1
4,2010,1
5,2010,0.873728033677932
6,2010,0.999576201839444
7,2010,0.999489372098909
8,2010,0.992919682505799
9,2010,1
10,2010,0.999995269292346
11,2010,0.99998337738989
12,2010,1
13,2010,0.838555584976184
14,2010,0.467118681478494
15,2010,0.786879265082409
16,2010,0.717650148953897
17,2010,0.999956454355223
18,2010,0.997777136672314
19,2010,0.999959702831449
20,2010,0.458502130831838
21,2010,0.288322712905725
24,2010,0.933349567476657
25,2010,0.645217728007464
26,2010,1
28,2010,1
29,2010,0.955432534049955
30,2010,1
31,2010,1
32,2010,0.994668095536702
33,2010,1
34,2010,1
35,2010,1
36,2010,1
37,2010,0.973569844964735
38,2010,1
39,2010,0.999970579723145
40,2010,0.974187384730557
41,2010,0.998422264633867
42,2010,0.9633035364352
43,2010,0.997288442280353
44,2010,1
45,2010,1
46,2010,1
47,2010,1
48,2010,0.997992778968731
49,2010,1
50,2010,0.858653681404022
51,2010,0.999738242510587
52,2010,0.999804175479988
53,2010,0.999809193142136
54,2010,0.990422173714799
55,2010,1
56,2010,1
57,2010,1
58,2010,1
59,2010,1
60,2010,1
61,2010,0.898557706827629
62,2010,0.999099571266396
63,2010,1
64,2010,1
65,2010,0.999649372357121
66,2010,0.999353019753691
67,2010,1
68,2010,0.309021561946299
69,2010,1
70,2010,1
71,2010,0.802019028976202
72,2010,0.97361036719863
73,2010,0.994583096198916
74,2010,1
75,2010,0.972166013060975
76,2010,0.701416509663521
77,2010,1
78,2010,0.998193615535558
79,2010,0.484973211199027
80,2010,0.465432829460255
81,2010,0.310714950744378
82,2010,0.504275028642216
84,2010,0.992050989401364
85,2010,1
86,2010,1
88,2010,1
89,2010,1
90,2010,1
91,2010,1
92,2010,1
93,2010,1
94,2010,1
95,2010,1
96,2010,1
97,2010,1
98,2010,1
99,2010,1
100,2010,1
101,2010,0.99761220655954
102,2010,0.989985934276466
103,2010,1
104,2010,1
105,2010,1
106,2010,0.999939211168421
107,2010,1
108,2010,1
110,2010,0.999676520131442
111,2010,0.999953570679337
112,2010,0.814923680225652
113,2010,1
114,2010,1
115,2010,0.983921065294063
116,2010,1
117,2010,1
118,2010,1
119,2010,0.999984745211835
120,2010,1
121,2010,1
122,2010,0.999280318347609
123,2010,1
124,2010,1
125,2010,1
126,2010,1
127,2010,0.999952906549324
129,2010,0.832538426780501
130,2010,0.929915269832128
131,2010,0.522596197457172
132,2010,0.932303007910188
133,2010,0.397251153915657
134,2010,0.964731177767837
135,2010,0.907776700257589
136,2010,0.747507737186574
137,2010,0.421235329309083
138,2010,0.951342720552664
139,2010,0.863893344742127
140,2010,0.993540877009243
141,2010,0.797366362330116
143,2010,0.9903729524758
144,2010,1
145,2010,1
146,2010,1
147,2010,0.888991020441107
148,2010,1
149,2010,1
150,2010,1
151,2010,1
152,2010,1
153,2010,0.999846490045603
154,2010,1
155,2010,0.993853342414936
156,2010,1
157,2010,1
158,2010,1
159,2010,1
161,2010,1
162,2010,0.823317850431343
163,2010,0.954117689962675
164,2010,0.475871364506768
166,2010,0.999859877160815
167,2010,0.995503734762622
168,2010,0.998747250074515
169,2010,1
171,2010,0.837589519510174
172,2010,0.999989020686842
173,2010,1
174,2010,0.63005815006674
175,2010,0.919468532123099
176,2010,0.951694984858256
177,2010,0.62384242848228
178,2010,1
179,2010,0.637793839574565
180,2010,0.820191270056439
181,2010,0.890021920671976
182,2010,0.526176388080736
183,2010,0.889026353580761
184,2010,0.684302093758991
185,2010,1
186,2010,0.691670709874037
187,2010,0.642494519584756
188,2010,0.352940204695326
189,2010,1
190,2010,1
191,2010,0.929752626259382
192,2010,1
193,2010,1
194,2010,1
195,2010,1
196,2010,1
197,2010,1
198,2010,1
199,2010,1
200,2010,1
202,2010,0.854059549698361
203,2010,0.804892764942554
204,2010,0.789104770008731
205,2010,0.949335173781732
206,2010,0.903128503923378
207,2010,0.732583189095569
208,2010,0.428051983882038
209,2010,0.219768662736113
210,2010,0.80010265850669
212,2010,0.994792241474143
214,2010,0.655990325741331
215,2010,1
216,2010,0.575034074384552
218,2010,0.855566808718288
219,2010,0.985452574117439
220,2010,1
221,2010,1
222,2010,0.949650477422045
223,2010,0.57736508789299
224,2010,0.484197575402348
227,2010,0.791498763019144
228,2010,0.996770170653163
231,2010,0.982099533162083
232,2010,0.0846617329564912
237,2010,1
244,2010,1
245,2010,1
247,2010,0.948623804338844
248,2010,1
249,2010,1
250,2010,1
1,2011,1
2,2011,1
3,2011,1
4,2011,1
5,2011,0.89984575551154
6,2011,0.999642253474833
7,2011,0.999485301808609
8,2011,0.992177340404499
9,2011,1
10,2011,0.999996566400802
11,2011,0.999994422349658
12,2011,1
13,2011,0.832175598149184
14,2011,0.527068466237724
15,2011,0.769020190714218
16,2011,0.682348332495928
17,2011,0.999953322701506
18,2011,0.998389984126045
19,2011,0.999958275519153
20,2011,0.467861970668845
21,2011,0.297852758342766
24,2011,0.97961131336667
25,2011,0.643515182432306
26,2011,1
28,2011,1
29,2011,0.975197436877661
30,2011,1
31,2011,1
32,2011,0.995963635242174
33,2011,1
34,2011,1
35,2011,1
36,2011,1
37,2011,0.965588559657522
38,2011,1
39,2011,0.999973059472222
40,2011,0.965390072314994
41,2011,1
42,2011,0.965677910166746
43,2011,0.998051834860496
44,2011,1
45,2011,1
46,2011,1
47,2011,1
48,2011,0.998969787171633
49,2011,1
50,2011,0.75121298560319
51,2011,0.999617312038024
52,2011,0.999765460951995
53,2011,0.999801821380898
54,2011,0.991035125584582
55,2011,1
56,2011,1
57,2011,1
58,2011,1
59,2011,1
60,2011,1
61,2011,0.886617533448191
62,2011,0.999152197611385
63,2011,1
64,2011,1
65,2011,0.999557983854684
66,2011,0.998829921658849
67,2011,1
68,2011,0.257660246585268
69,2011,1
70,2011,1
71,2011,0.698162063193145
72,2011,0.965075803824855
73,2011,0.996727780502446
74,2011,1
75,2011,0.972138127143901
76,2011,0.678934244774029
77,2011,1
78,2011,0.99827126953547
79,2011,0.550281679493051
80,2011,0.41995374221733
81,2011,0.268815529474473
82,2011,0.464853936068911
84,2011,0.996687502872038
85,2011,1
86,2011,1
88,2011,1
89,2011,1
90,2011,1
91,2011,1
92,2011,1
93,2011,1
94,2011,1
95,2011,1
96,2011,1
97,2011,1
98,2011,1
99,2011,1
100,2011,1
101,2011,0.998216174506698
102,2011,0.988070645576253
103,2011,1
104,2011,1
105,2011,1
106,2011,0.999947301807803
107,2011,1
108,2011,1
110,2011,0.999669980297495
111,2011,0.999951886696279
112,2011,0.807485719382702
113,2011,1
114,2011,1
115,2011,0.983184034642723
116,2011,1
117,2011,0.999845713579054
118,2011,1
119,2011,0.999963430215217
120,2011,1
121,2011,1
122,2011,0.999904460506313
123,2011,1
124,2011,1
125,2011,0.999956321807274
126,2011,1
127,2011,0.9999338059454
129,2011,0.783097431895149
130,2011,0.92318113056894
131,2011,0.549634495039895
132,2011,0.932707276787296
133,2011,0.454501065043271
134,2011,0.942228477249166
135,2011,0.887136532392117
136,2011,0.720873356422871
137,2011,0.443280867703048
138,2011,0.979481323228722
139,2011,0.916619860509063
140,2011,0.995728820388599
141,2011,0.836795486413074
143,2011,0.989715357445096
144,2011,1
145,2011,1
146,2011,1
147,2011,0.896763858036945
148,2011,1
149,2011,1
150,2011,1
151,2011,1
152,2011,1
153,2011,0.999873169580125
154,2011,1
155,2011,0.996615317056965
156,2011,1
157,2011,1
158,2011,1
159,2011,1
161,2011,1
162,2011,0.845748755021325
163,2011,0.959857580249299
164,2011,0.655857203820384
166,2011,0.999860132457625
167,2011,0.997509550012922
168,2011,0.998670373701318
169,2011,1
171,2011,0.841004187433093
172,2011,0.999955906163645
173,2011,1
174,2011,0.571960638913895
175,2011,0.917047142556199
176,2011,0.91590090278294
177,2011,0.645575202829304
178,2011,1
179,2011,0.669379205417896
180,2011,0.840032166039274
181,2011,0.830683653631112
182,2011,0.491230691126134
183,2011,0.903662261624178
184,2011,0.650803351601886
185,2011,1
186,2011,0.625626316882979
187,2011,0.580211830573676
188,2011,0.312912111231696
189,2011,1
190,2011,1
191,2011,0.949284540490199
192,2011,1
193,2011,1
194,2011,1
195,2011,1
196,2011,1
197,2011,1
198,2011,1
199,2011,1
200,2011,1
202,2011,0.834251164527594
203,2011,0.790888507011446
204,2011,0.757179896280138
205,2011,0.953311284836458
206,2011,0.916679081465644
207,2011,0.712563477997991
208,2011,0.349591830760788
209,2011,0.220019773674471
210,2011,0.799345056185706
212,2011,0.997780999834244
214,2011,0.682214062004858
215,2011,1
216,2011,0.571756335094801
218,2011,0.802220993328393
219,2011,0.997142270949489
220,2011,1
221,2011,1
222,2011,0.953887110930138
223,2011,0.530765382402596
224,2011,0.44911645765531
227,2011,0.786923283766871
228,2011,0.999171229587909
231,2011,0.987667670600048
232,2011,0.068975125208014
237,2011,1
244,2011,1
245,2011,1
247,2011,0.935340057062772
248,2011,1
249,2011,1
250,2011,1
1,2012,1
2,2012,1
3,2012,1
4,2012,1
5,2012,0.876847742393474
6,2012,0.999483529717036
7,2012,0.999137197185295
8,2012,0.995664254087484
9,2012,1
10,2012,0.999994562814879
11,2012,0.999917394726646
12,2012,1
13,2012,0.842144669542951
14,2012,0.847542437592984
15,2012,0.756037026597607
16,2012,0.646515783708218
17,2012,0.999962384829621
18,2012,0.999613730061082
19,2012,0.999988709191072
20,2012,0.414660229267543
21,2012,0.27741054823189
24,2012,0.925873615457734
25,2012,0.629652766701744
26,2012,1
28,2012,1
29,2012,0.991011610917871
30,2012,1
31,2012,1
32,2012,0.992581570664183
33,2012,1
34,2012,1
35,2012,1
36,2012,1
37,2012,0.937828892137749
38,2012,1
39,2012,0.999970274411039
40,2012,0.969450873938174
41,2012,1
42,2012,0.963385191618626
43,2012,0.997865806274569
44,2012,1
45,2012,0.999472312085402
46,2012,1
47,2012,1
48,2012,0.999568629516859
49,2012,1
50,2012,0.696998872842097
51,2012,0.998687902076249
52,2012,0.999700605396925
53,2012,0.999602001032827
54,2012,0.963428805159045
55,2012,1
56,2012,1
57,2012,1
58,2012,1
59,2012,1
60,2012,1
61,2012,0.88103588521118
62,2012,0.999017631117894
63,2012,1
64,2012,1
65,2012,0.999491126559026
66,2012,0.996445894004598
67,2012,1
68,2012,0.198968351441247
69,2012,1
70,2012,1
71,2012,0.717405662941185
72,2012,0.981328450365232
73,2012,0.995759055818929
74,2012,1
75,2012,1
76,2012,0.717494271083385
77,2012,1
78,2012,0.998107801575148
79,2012,0.553125975312748
80,2012,0.370543234254875
81,2012,0.262365594483687
82,2012,0.596406860658082
84,2012,0.996541249909414
85,2012,1
86,2012,1
88,2012,1
89,2012,1
90,2012,1
91,2012,1
92,2012,1
93,2012,1
94,2012,1
95,2012,1
96,2012,1
97,2012,1
98,2012,1
99,2012,1
100,2012,1
101,2012,0.998240664802622
102,2012,0.990761652026416
103,2012,1
104,2012,1
105,2012,1
106,2012,0.999951485462467
107,2012,1
108,2012,1
110,2012,0.999694452042589
111,2012,0.99994609118371
112,2012,0.784144512326118
113,2012,1
114,2012,1
115,2012,0.990375772763082
116,2012,1
117,2012,0.999847636248948
118,2012,1
119,2012,1
120,2012,1
121,2012,1
122,2012,0.999807486003984
123,2012,1
124,2012,1
125,2012,0.999046512343602
126,2012,1
127,2012,0.999918273818828
129,2012,0.799898842527283
130,2012,0.917210838896616
131,2012,0.565315952709618
132,2012,0.898927503561458
133,2012,0.499424926654192
134,2012,0.935409571719376
135,2012,0.885688605299689
136,2012,0.685565544557502
137,2012,0.429099866102494
138,2012,0.980067302914451
139,2012,0.871204485193962
140,2012,0.990061400498774
141,2012,0.740901337049093
143,2012,0.986339126166287
144,2012,1
145,2012,1
146,2012,1
147,2012,0.931241292201174
148,2012,1
149,2012,1
150,2012,1
151,2012,1
152,2012,0.999889087899619
153,2012,0.999912294964446
154,2012,1
155,2012,0.99889998181024
156,2012,1
157,2012,1
158,2012,1
159,2012,1
161,2012,1
162,2012,0.82468403021403
163,2012,0.957446696954717
164,2012,0.883657067577776
166,2012,0.999858278491416
167,2012,0.998846621720093
168,2012,0.999456313179748
169,2012,1
171,2012,0.874575248612596
172,2012,0.999961354940621
173,2012,1
174,2012,0.587268739211148
175,2012,0.879861168778303
176,2012,0.773264412899506
177,2012,0.465100386550759
178,2012,1
179,2012,0.634988060049428
180,2012,0.816008229791647
181,2012,0.846588367699271
182,2012,0.469323201110121
183,2012,0.903501487643359
184,2012,0.632348384329082
185,2012,1
186,2012,0.640405345066091
187,2012,0.553362209311112
188,2012,0.287667490577415
189,2012,1
190,2012,1
191,2012,0.930189739102973
192,2012,1
193,2012,1
194,2012,1
195,2012,1
196,2012,0.999887090348243
197,2012,1
198,2012,1
199,2012,1
200,2012,1
202,2012,0.888582865324861
203,2012,0.787803924196793
204,2012,0.745741429897334
205,2012,0.946352621597108
206,2012,0.94184378758924
207,2012,0.702597339179798
208,2012,0.409075183686796
209,2012,0.216833484850108
210,2012,0.791656736415921
212,2012,0.999995096667071
214,2012,0.533337203649056
215,2012,1
216,2012,0.563119246816654
218,2012,0.783203019725008
219,2012,0.996029586967239
220,2012,1
221,2012,1
222,2012,0.940404200676523
223,2012,0.548349357847844
224,2012,0.403622342674703
227,2012,0.799373171801184
228,2012,0.996661764174161
231,2012,0.986913420473031
232,2012,0.0708890019456684
237,2012,1
244,2012,1
245,2012,1
247,2012,0.940677353926025
248,2012,1
249,2012,1
250,2012,1
1,2013,1
2,2013,1
3,2013,1
4,2013,1
5,2013,0.885788180968093
6,2013,0.999473635735785
7,2013,0.999681846759034
8,2013,0.997906125207884
9,2013,1
10,2013,0.999997513945471
11,2013,0.99992449456438
12,2013,1
13,2013,0.91529738460412
14,2013,0.787707321713023
15,2013,0.751887404777574
16,2013,0.65487457157576
17,2013,0.999977034760714
18,2013,0.999295036907999
19,2013,0.999984031395191
20,2013,0.343391526090751
21,2013,0.275368231468145
24,2013,0.889032077249467
25,2013,0.667025265207236
26,2013,1
28,2013,1
29,2013,0.993081347225647
30,2013,1
31,2013,1
32,2013,1
33,2013,1
34,2013,1
35,2013,1
36,2013,1
37,2013,0.919987678191709
38,2013,1
39,2013,0.999962470934864
40,2013,0.97609829780765
41,2013,0.999954661090866
42,2013,0.968537252283667
43,2013,0.997020774732353
44,2013,1
45,2013,0.999437108315878
46,2013,1
47,2013,1
48,2013,1
49,2013,1
50,2013,0.625388252590415
51,2013,0.996882220798282
52,2013,0.999480128378195
53,2013,0.999592662507981
54,2013,0.957080774294553
55,2013,1
56,2013,1
57,2013,1
58,2013,1
59,2013,1
60,2013,1
61,2013,0.845609242954416
62,2013,0.999104117152264
63,2013,1
64,2013,1
65,2013,0.999488856328442
66,2013,0.998108637890741
67,2013,1
68,2013,0.2886820208962
69,2013,1
70,2013,1
71,2013,0.760619316583316
72,2013,1
73,2013,0.994898527627
74,2013,1
75,2013,1
76,2013,0.612556490722555
77,2013,1
78,2013,0.998050681475105
79,2013,0.423097971533824
80,2013,0.321715638790015
81,2013,0.426864779685709
82,2013,0.625128902908808
84,2013,0.982937603887034
85,2013,1
86,2013,1
88,2013,1
89,2013,1
90,2013,1
91,2013,1
92,2013,1
93,2013,1
94,2013,1
95,2013,1
96,2013,1
97,2013,1
98,2013,1
99,2013,1
100,2013,1
101,2013,0.998900615838235
102,2013,0.986250240776365
103,2013,1
104,2013,1
105,2013,1
106,2013,0.999958874180603
107,2013,1
108,2013,1
110,2013,0.999774073643089
111,2013,0.999944463979615
112,2013,0.76757376518516
113,2013,1
114,2013,1
115,2013,0.987137219486414
116,2013,1
117,2013,0.999700446788976
118,2013,1
119,2013,0.99996365721288
120,2013,1
121,2013,1
122,2013,0.999352568012969
123,2013,1
124,2013,1
125,2013,0.999388181206629
126,2013,1
127,2013,0.999931175631789
129,2013,0.840732315849
130,2013,0.93447240359184
131,2013,0.589891876220886
132,2013,0.901510161547702
133,2013,0.420319709013372
134,2013,0.912479358978393
135,2013,0.871400298773821
136,2013,0.667636650656735
137,2013,0.442078045922405
138,2013,0.980813464853279
139,2013,0.856162369950998
140,2013,0.992312421843341
141,2013,0.76951612087567
143,2013,0.98156086399231
144,2013,1
145,2013,1
146,2013,1
147,2013,0.916273764084274
148,2013,1
149,2013,1
150,2013,1
151,2013,1
152,2013,0.999872082184252
153,2013,0.999892622307611
154,2013,1
155,2013,0.996222270891963
156,2013,1
157,2013,1
158,2013,1
159,2013,1
161,2013,1
162,2013,0.807294696262168
163,2013,0.959979767453657
164,2013,0.944569678200921
166,2013,0.999842051811696
167,2013,0.995801717423903
168,2013,0.999630532454097
169,2013,1
171,2013,0.882855165987305
172,2013,0.999985210308696
173,2013,1
174,2013,0.605077973547711
175,2013,0.897770563210572
176,2013,0.852136449337189
177,2013,0.636377145284952
178,2013,1
179,2013,0.632657227451086
180,2013,0.81737023615046
181,2013,0.822881357072297
182,2013,0.440295962851576
183,2013,0.879220420510437
184,2013,0.618012190649236
185,2013,1
186,2013,0.611584560059729
187,2013,0.577369996000185
188,2013,0.216025924710618
189,2013,1
190,2013,1
191,2013,0.904561364243052
192,2013,1
193,2013,1
194,2013,1
195,2013,1
196,2013,0.999642792458869
197,2013,1
198,2013,1
199,2013,1
200,2013,1
202,2013,0.88963829239148
203,2013,0.753235578391696
204,2013,0.735254157346634
205,2013,0.944328063276259
206,2013,0.929876217557246
207,2013,0.71681141782548
208,2013,0.39089256652658
209,2013,0.211748491356116
210,2013,0.798482587019549
212,2013,0.999923168016114
214,2013,0.421201632725744
215,2013,1
216,2013,0.561443129409224
218,2013,0.795161160819257
219,2013,1
220,2013,1
221,2013,1
222,2013,0.935346940993313
223,2013,0.546532671650893
224,2013,0.342661187839849
227,2013,0.812317654396358
228,2013,0.994929626113545
231,2013,0.984541616682229
232,2013,0.0697474866721079
237,2013,1
244,2013,1
245,2013,1
247,2013,0.899952844874975
248,2013,1
249,2013,1
250,2013,1
1,2014,1
2,2014,1
3,2014,1
4,2014,1
5,2014,0.881987351959499
6,2014,0.999408429144166
7,2014,0.999513466827921
8,2014,0.995913453746092
9,2014,1
10,2014,0.999996697559964
11,2014,0.999984023172695
12,2014,1
13,2014,0.920322309743948
14,2014,0.826433525895441
15,2014,0.753127945505235
16,2014,0.623528761865306
17,2014,0.999982042674289
18,2014,0.999198362625932
19,2014,0.999996619525521
20,2014,0.373640241339636
21,2014,0.275950011225332
24,2014,0.891039258326486
25,2014,0.64755018236826
26,2014,1
28,2014,1
29,2014,0.993337818268113
30,2014,1
31,2014,1
32,2014,1
33,2014,1
34,2014,1
35,2014,1
36,2014,1
37,2014,0.897765487324667
38,2014,1
39,2014,0.999963068879363
40,2014,0.9544568136306
41,2014,0.99992682431867
42,2014,0.964658557663959
43,2014,0.996540669449542
44,2014,1
45,2014,0.999425013625601
46,2014,1
47,2014,1
48,2014,0.997801437584483
49,2014,1
50,2014,0.545242807142945
51,2014,0.997849801026543
52,2014,0.999502410264437
53,2014,0.999576262932918
54,2014,0.958082584795141
55,2014,1
56,2014,1
57,2014,1
58,2014,1
59,2014,1
60,2014,1
61,2014,0.839907427631525
62,2014,0.999129557773391
63,2014,1
64,2014,1
65,2014,0.99953168262176
66,2014,0.996882432195007
67,2014,1
68,2014,0.194053549982841
69,2014,1
70,2014,1
71,2014,0.800257449342599
72,2014,1
73,2014,0.992700084399053
74,2014,1
75,2014,1
76,2014,0.545322549481241
77,2014,1
78,2014,0.996900765181676
79,2014,0.440420345150414
80,2014,0.336616168071693
81,2014,0.72291213446698
82,2014,0.563116018838311
84,2014,0.982580294449121
85,2014,1
86,2014,1
88,2014,1
89,2014,1
90,2014,1
91,2014,1
92,2014,1
93,2014,1
94,2014,1
95,2014,1
96,2014,1
97,2014,1
98,2014,1
99,2014,1
100,2014,1
101,2014,0.998978065264145
102,2014,0.989736745065455
103,2014,1
104,2014,1
105,2014,1
106,2014,0.999956615029404
107,2014,1
108,2014,1
110,2014,0.999675749083539
111,2014,0.999941119003514
112,2014,0.743572776915766
113,2014,1
114,2014,1
115,2014,0.984789653537608
116,2014,1
117,2014,0.99970503906599
118,2014,1
119,2014,0.99999273847761
120,2014,1
121,2014,1
122,2014,0.996812582011056
123,2014,1
124,2014,1
125,2014,0.999183148205898
126,2014,1
127,2014,0.999993497909058
129,2014,0.749566853536792
130,2014,0.893503088968786
131,2014,0.625966665156261
132,2014,0.911719898016335
133,2014,0.489562575046806
134,2014,0.892075109009782
135,2014,0.881020443058465
136,2014,0.621132452917293
137,2014,0.492989123611063
138,2014,0.967430165067118
139,2014,0.854738282705976
140,2014,0.991120993635929
141,2014,0.763457308546825
143,2014,0.976594096072789
144,2014,1
145,2014,1
146,2014,1
147,2014,0.929040316983776
148,2014,1
149,2014,1
150,2014,1
151,2014,1
152,2014,0.999851839073355
153,2014,0.999835232651089
154,2014,1
155,2014,0.993042015861834
156,2014,1
157,2014,1
158,2014,1
159,2014,1
161,2014,1
162,2014,0.824975034741848
163,2014,0.954740530747017
164,2014,0.929178950498764
166,2014,0.999831039084522
167,2014,0.995879002384478
168,2014,0.999807927608193
169,2014,1
171,2014,0.893535504075221
172,2014,0.999991053089962
173,2014,1
174,2014,0.618617399634081
175,2014,0.897482537394484
176,2014,0.845743782424205
177,2014,0.592572403480259
178,2014,1
179,2014,0.627699695197405
180,2014,0.854219778973433
181,2014,0.855938418407545
182,2014,0.425351683856166
183,2014,0.845279211707243
184,2014,0.638754193535681
185,2014,1
186,2014,0.675233064667329
187,2014,0.525919377029218
188,2014,0.192563727815849
189,2014,1
190,2014,1
191,2014,0.86852339054601
192,2014,1
193,2014,1
194,2014,1
195,2014,1
196,2014,0.999745243776929
197,2014,1
198,2014,1
199,2014,1
200,2014,1
202,2014,0.900533289202773
203,2014,0.734577663494726
204,2014,0.740511415109859
205,2014,0.977361301660437
206,2014,0.930986336908383
207,2014,0.676688806884994
208,2014,0.396936771533104
209,2014,0.209320748661287
210,2014,0.804205797279453
212,2014,0.999995727895878
214,2014,0.452636515360882
215,2014,1
216,2014,0.575732095827869
218,2014,0.798955319980433
219,2014,1
220,2014,1
221,2014,1
222,2014,0.934605684406843
223,2014,0.57326172312336
224,2014,0.409305742114914
227,2014,0.795996399215265
228,2014,0.994672851547797
231,2014,0.98439437942275
232,2014,0.0699346654798752
237,2014,1
244,2014,1
245,2014,1
247,2014,0.923703765077553
248,2014,1
249,2014,1
250,2014,1
1,2015,1
2,2015,1
3,2015,1
4,2015,1
5,2015,0.881450361307894
6,2015,0.999417193551866
7,2015,0.999620307692714
8,2015,0.993961859996214
9,2015,1
10,2015,0.999995804291172
11,2015,0.999998894174387
12,2015,1
13,2015,0.868683128864039
14,2015,0.797930807005107
15,2015,0.737058855579515
16,2015,0.645050771204401
17,2015,0.99997865972911
18,2015,0.999283157565705
19,2015,0.999996088092605
20,2015,0.346186241331649
21,2015,0.263953606872528
24,2015,0.883731940186296
25,2015,0.621140431973436
26,2015,1
28,2015,1
29,2015,0.995337606976485
30,2015,1
31,2015,1
32,2015,1
33,2015,1
34,2015,1
35,2015,1
36,2015,1
37,2015,0.819382075517293
38,2015,1
39,2015,0.999960856057159
40,2015,0.969797006056688
41,2015,0.999904198159522
42,2015,0.966617143926848
43,2015,0.99563009086307
44,2015,1
45,2015,0.999088751676807
46,2015,1
47,2015,1
48,2015,0.995517767167389
49,2015,1
50,2015,0.536241238045005
51,2015,0.999955597410012
52,2015,0.999494335068521
53,2015,0.99957441250924
54,2015,0.955587839981118
55,2015,1
56,2015,0.999849775487729
57,2015,1
58,2015,1
59,2015,1
60,2015,1
61,2015,0.833780311639937
62,2015,0.998551731378139
63,2015,1
64,2015,1
65,2015,0.999447389537489
66,2015,0.997346450589484
67,2015,1
68,2015,0.300654147853469
69,2015,1
70,2015,0.979873628594848
71,2015,0.804880492296263
72,2015,1
73,2015,0.986822832400063
74,2015,1
75,2015,1
76,2015,0.51099192717041
77,2015,1
78,2015,0.997398860194244
79,2015,0.334243693107242
80,2015,0.346779927683399
81,2015,0.487650552703136
82,2015,0.518361351998957
84,2015,0.980708571921764
85,2015,1
86,2015,1
88,2015,1
89,2015,1
90,2015,1
91,2015,1
92,2015,1
93,2015,1
94,2015,1
95,2015,1
96,2015,1
97,2015,1
98,2015,1
99,2015,1
100,2015,1
101,2015,0.99891813526885
102,2015,0.987160419582669
103,2015,1
104,2015,1
105,2015,1
106,2015,0.99995527417382
107,2015,1
108,2015,1
110,2015,0.999753722978712
111,2015,1
112,2015,0.767723266597658
113,2015,1
114,2015,1
115,2015,0.984897110224657
116,2015,1
117,2015,0.999704272274312
118,2015,1
119,2015,0.999992947328895
120,2015,1
121,2015,1
122,2015,0.993222935738633
123,2015,1
124,2015,1
125,2015,0.999404892631132
126,2015,1
127,2015,0.999998434871095
129,2015,0.716184369656526
130,2015,0.905434564901933
131,2015,0.585342247736037
132,2015,0.892909239698477
133,2015,0.488223792373823
134,2015,0.917091121963204
135,2015,0.871472510324677
136,2015,0.588877389454649
137,2015,0.350001895817263
138,2015,0.949675459666568
139,2015,0.866753988582241
140,2015,0.991419640671444
141,2015,0.726586469691592
143,2015,0.96019317896968
144,2015,1
145,2015,1
146,2015,1
147,2015,0.917720784520478
148,2015,1
149,2015,1
150,2015,1
151,2015,1
152,2015,0.999844514423095
153,2015,0.999895383254022
154,2015,1
155,2015,0.99311350014118
156,2015,1
157,2015,1
158,2015,1
159,2015,1
161,2015,1
162,2015,0.808182852080186
163,2015,0.952879692266571
164,2015,0.925855061331901
166,2015,0.999830748767979
167,2015,0.995467289506902
168,2015,0.999827515362516
169,2015,1
171,2015,0.866751822166422
172,2015,0.999977862162441
173,2015,1
174,2015,0.607593655048882
175,2015,0.899403325426906
176,2015,0.798736279985
177,2015,0.669073856530629
178,2015,1
179,2015,0.624091166789433
180,2015,0.819972106524815
181,2015,0.864726719849663
182,2015,0.474905118883023
183,2015,0.874911141897329
184,2015,0.685693698611944
185,2015,1
186,2015,0.661546605794726
187,2015,0.532778670093393
188,2015,0.144040425421131
189,2015,1
190,2015,1
191,2015,0.901943857165764
192,2015,1
193,2015,1
194,2015,1
195,2015,1
196,2015,0.999744307708904
197,2015,1
198,2015,1
199,2015,1
200,2015,1
202,2015,0.914172706709049
203,2015,0.705464440809443
204,2015,0.740850640859698
205,2015,0.950241029571115
206,2015,0.931059825335809
207,2015,0.701650046774802
208,2015,0.398173035361208
209,2015,0.194163467272821
210,2015,0.803903188120975
212,2015,0.99999387527879
214,2015,0.408378897324219
215,2015,1
216,2015,0.588821337144786
218,2015,0.794912264877977
219,2015,1
220,2015,1
221,2015,1
222,2015,0.96853609818759
223,2015,0.551517357533853
224,2015,0.264764492550858
227,2015,0.814192367586872
228,2015,0.995289728156037
231,2015,0.983656294624137
232,2015,0.0679352268735821
237,2015,1
244,2015,1
245,2015,1
247,2015,0.925838949469203
248,2015,1
249,2015,1
250,2015,1
1,2016,1
2,2016,1
3,2016,1
4,2016,1
5,2016,0.881080412147491
6,2016,0.999975054949658
7,2016,0.999679490282365
8,2016,0.996794423280132
9,2016,1
10,2016,0.999994855564338
11,2016,0.999918497780568
12,2016,1
13,2016,0.971679022514122
14,2016,0.802154756476704
15,2016,0.720456441662828
16,2016,0.62039146939639
17,2016,0.999985020439803
18,2016,0.99914089090611
19,2016,0.999997162032881
20,2016,0.340849216953462
21,2016,0.256616459560629
24,2016,0.869823840852461
25,2016,0.624162777732565
26,2016,1
28,2016,1
29,2016,1
30,2016,1
31,2016,1
32,2016,1
33,2016,1
34,2016,1
35,2016,1
36,2016,1
37,2016,0.839605534893312
38,2016,1
39,2016,0.999923847247994
40,2016,0.963734601376127
41,2016,0.99987765946378
42,2016,0.963500638372381
43,2016,0.995499764206299
44,2016,1
45,2016,0.999109140509585
46,2016,1
47,2016,1
48,2016,0.994841223653923
49,2016,1
50,2016,0.502478394054748
51,2016,0.999719163220079
52,2016,0.999499989219461
53,2016,0.999546939504738
54,2016,0.969265688657383
55,2016,1
56,2016,0.999229231872159
57,2016,1
58,2016,1
59,2016,1
60,2016,1
61,2016,0.833381056274207
62,2016,0.998724582717328
63,2016,1
64,2016,1
65,2016,0.999358519915387
66,2016,0.998321734441926
67,2016,1
68,2016,0.262596552897253
69,2016,1
70,2016,0.987785366581092
71,2016,0.850613947426469
72,2016,1
73,2016,0.981245515538927
74,2016,1
75,2016,1
76,2016,0.496373435670262
77,2016,1
78,2016,0.997827090679837
79,2016,0.332446540237034
80,2016,0.306710511843954
81,2016,0.844631239354215
82,2016,0.393794013245615
84,2016,0.971975328128692
85,2016,1
86,2016,1
88,2016,1
89,2016,1
90,2016,1
91,2016,1
92,2016,1
93,2016,1
94,2016,1
95,2016,1
96,2016,1
97,2016,1
98,2016,1
99,2016,1
100,2016,1
101,2016,0.999130349901298
102,2016,0.987119867902351
103,2016,1
104,2016,1
105,2016,1
106,2016,0.999957150517116
107,2016,1
108,2016,1
110,2016,0.999748630336524
111,2016,1
112,2016,0.807889201736308
113,2016,1
114,2016,1
115,2016,0.985658480002579
116,2016,1
117,2016,0.99970300403593
118,2016,1
119,2016,0.999986249198171
120,2016,1
121,2016,1
122,2016,0.994569490828555
123,2016,1
124,2016,1
125,2016,0.999483514876115
126,2016,1
127,2016,0.999915691773955
129,2016,0.857141810573172
130,2016,0.920636603909595
131,2016,0.605587009524785
132,2016,0.82547028273217
133,2016,0.428670468350058
134,2016,0.937056913673149
135,2016,0.85626685213949
136,2016,0.57678969448794
137,2016,0.295654991795607
138,2016,0.954396999362666
139,2016,0.848517191033113
140,2016,0.988539315991695
141,2016,0.738457860795706
143,2016,0.952819159413056
144,2016,1
145,2016,1
146,2016,1
147,2016,0.952160551464944
148,2016,1
149,2016,1
150,2016,1
151,2016,1
152,2016,0.999865379516378
153,2016,0.999723444456397
154,2016,1
155,2016,0.990057262378423
156,2016,1
157,2016,1
158,2016,1
159,2016,1
161,2016,1
162,2016,0.781795764315379
163,2016,0.956037187883545
164,2016,0.932834603536508
166,2016,0.999834900105599
167,2016,0.997742894367043
168,2016,0.999836151392611
169,2016,1
171,2016,0.850219129096858
172,2016,0.999991329937002
173,2016,1
174,2016,0.648052890849032
175,2016,0.940164065156942
176,2016,0.811472116614703
177,2016,0.61285887360387
178,2016,1
179,2016,0.619298276090217
180,2016,0.817645721308396
181,2016,0.842801862311033
182,2016,0.487613217436987
183,2016,0.791091746091556
184,2016,0.693234215767218
185,2016,1
186,2016,0.682394295290929
187,2016,0.496935075349871
188,2016,0.222536974925073
189,2016,1
190,2016,0.999948253885326
191,2016,0.906339145119612
192,2016,1
193,2016,1
194,2016,1
195,2016,1
196,2016,0.99975193378807
197,2016,1
198,2016,1
199,2016,1
200,2016,1
202,2016,0.921363819052018
203,2016,0.684163894774847
204,2016,0.73698476087076
205,2016,0.943936046104409
206,2016,0.932952534756569
207,2016,0.678727742991244
208,2016,0.436969585051824
209,2016,0.18867236544211
210,2016,0.783303185063856
212,2016,0.999994584129839
214,2016,0.348848209432878
215,2016,1
216,2016,0.583072232966315
218,2016,0.814266472053488
219,2016,1
220,2016,1
221,2016,1
222,2016,0.970218960149665
223,2016,0.537929001503939
224,2016,0.263753335617431
227,2016,0.850867830671242
228,2016,0.99470265719072
231,2016,0.983793216647227
232,2016,0.0884235672471391
237,2016,1
244,2016,1
245,2016,1
247,2016,0.782364919272388
248,2016,1
249,2016,1
250,2016,1
1,2017,1
2,2017,1
3,2017,1
4,2017,1
5,2017,0.885644477784418
6,2017,1
7,2017,0.999418121328668
8,2017,0.999330878765007
9,2017,1
10,2017,0.99999229305898
11,2017,0.999958033500822
12,2017,1
13,2017,0.992677790624081
14,2017,0.806350953553155
15,2017,0.700964213355699
16,2017,0.565921987359675
17,2017,0.999987307723396
18,2017,0.999471792059862
19,2017,0.999997690394318
20,2017,0.319816308149169
21,2017,0.255133888253742
24,2017,0.885155143395394
25,2017,0.602698123127126
26,2017,1
28,2017,1
29,2017,1
30,2017,1
31,2017,1
32,2017,1
33,2017,1
34,2017,1
35,2017,1
36,2017,1
37,2017,0.856669897200492
38,2017,1
39,2017,0.999924083098662
40,2017,0.922597965570936
41,2017,0.999866448915142
42,2017,0.970449884580237
43,2017,0.995099749923687
44,2017,1
45,2017,0.999100603375913
46,2017,1
47,2017,1
48,2017,0.992485193323507
49,2017,1
50,2017,0.465797075516959
51,2017,0.999660170046831
52,2017,0.999499989141333
53,2017,0.999559731269567
54,2017,0.972045050104816
55,2017,1
56,2017,0.999366796131511
57,2017,1
58,2017,1
59,2017,1
60,2017,1
61,2017,0.794022804655115
62,2017,0.997673257040474
63,2017,1
64,2017,1
65,2017,0.99926954574773
66,2017,0.998395783516813
67,2017,1
68,2017,0.26672161884065
69,2017,1
70,2017,0.975596490425514
71,2017,0.828954451234037
72,2017,1
73,2017,0.976028042273512
74,2017,1
75,2017,1
76,2017,0.430796168317963
77,2017,1
78,2017,0.997923360954687
79,2017,0.299559239763439
80,2017,0.284157804897356
81,2017,0.619729713543896
82,2017,0.421275335675756
84,2017,0.97721574614129
85,2017,1
86,2017,1
88,2017,1
89,2017,1
90,2017,1
91,2017,1
92,2017,1
93,2017,1
94,2017,1
95,2017,1
96,2017,1
97,2017,1
98,2017,1
99,2017,1
100,2017,1
101,2017,0.999098269730551
102,2017,0.982965004871233
103,2017,1
104,2017,1
105,2017,1
106,2017,0.999835503728427
107,2017,1
108,2017,1
110,2017,1
111,2017,1
112,2017,0.798406116404006
113,2017,1
114,2017,1
115,2017,0.985615379021213
116,2017,1
117,2017,0.999702991866784
118,2017,1
119,2017,0.999987002706254
120,2017,1
121,2017,1
122,2017,0.985922499453108
123,2017,1
124,2017,1
125,2017,0.999404945945232
126,2017,1
127,2017,0.999907002438937
129,2017,0.737282835992703
130,2017,0.872599037145236
131,2017,0.611351462563489
132,2017,0.867360738479833
133,2017,0.398196163319559
134,2017,0.947893354191762
135,2017,0.886939378484225
136,2017,0.633566294733309
137,2017,0.244154772604584
138,2017,0.94614726295158
139,2017,0.807815671898667
140,2017,0.988520943257532
141,2017,0.729521969085084
143,2017,0.93513173206525
144,2017,1
145,2017,0.999988968410606
146,2017,1
147,2017,0.933290652394198
148,2017,1
149,2017,1
150,2017,1
151,2017,1
152,2017,0.9998531136815
153,2017,0.999793391721862
154,2017,1
155,2017,0.991065010741683
156,2017,1
157,2017,1
158,2017,1
159,2017,1
161,2017,1
162,2017,0.78222793322168
163,2017,0.94828087433664
164,2017,0.925789709230302
166,2017,0.999833849027129
167,2017,0.997706573395012
168,2017,0.999848707700159
169,2017,1
171,2017,0.833658843860039
172,2017,0.99991540921599
173,2017,1
174,2017,0.648264911653049
175,2017,0.918054866757082
176,2017,0.896544256480307
177,2017,0.750407401885446
178,2017,1
179,2017,0.619302172612729
180,2017,0.83425933857279
181,2017,0.820973625773137
182,2017,0.492496849617661
183,2017,0.772055899019655
184,2017,0.661845159487733
185,2017,1
186,2017,0.634771454247454
187,2017,0.416526744997825
188,2017,0.203052178343559
189,2017,1
190,2017,0.997504119391638
191,2017,0.906188819483678
192,2017,1
193,2017,1
194,2017,1
195,2017,1
196,2017,0.999786265935862
197,2017,1
198,2017,1
199,2017,1
200,2017,1
202,2017,0.875496929683378
203,2017,0.676684288916088
204,2017,0.723103827510472
205,2017,0.953627924576783
206,2017,0.921439368878198
207,2017,0.677157013577046
208,2017,0.411368739873882
209,2017,0.176593872926632
210,2017,0.78391285398251
212,2017,0.999992765811325
214,2017,0.36563080337663
215,2017,1
216,2017,0.584635191892519
218,2017,0.791210129143747
219,2017,1
220,2017,1
221,2017,1
222,2017,0.968010974802392
223,2017,0.519896663613146
224,2017,0.257328647112349
227,2017,0.749135256430065
228,2017,0.989491492713664
231,2017,0.980711400881105
232,2017,0.0806870505958954
237,2017,1
244,2017,1
245,2017,1
247,2017,0.687461619763447
248,2017,1
249,2017,1
250,2017,1
1,2018,1
2,2018,1
3,2018,1
4,2018,1
5,2018,0.884997347009984
6,2018,1
7,2018,0.999159916749751
8,2018,0.998882472573324
9,2018,1
10,2018,0.999996082677622
11,2018,0.99968668907119
12,2018,1
13,2018,0.930726352002101
14,2018,0.802933090566114
15,2018,0.723121531191348
16,2018,0.568520144287132
17,2018,0.999983105168227
18,2018,0.999111356738128
19,2018,1
20,2018,0.333140278636631
21,2018,0.253855286177962
24,2018,0.92863450095306
25,2018,0.614270020603409
26,2018,1
28,2018,1
29,2018,1
30,2018,1
31,2018,1
32,2018,1
33,2018,1
34,2018,1
35,2018,1
36,2018,1
37,2018,0.914940009670848
38,2018,1
39,2018,0.999892214872171
40,2018,0.926217431287991
41,2018,0.999859260131788
42,2018,0.945064771714288
43,2018,0.995941808678404
44,2018,1
45,2018,0.999134412691164
46,2018,1
47,2018,1
48,2018,0.980455269074873
49,2018,1
50,2018,0.453661655184898
51,2018,0.999567615300782
52,2018,0.999499989203836
53,2018,0.999523196079191
54,2018,0.962468175108847
55,2018,1
56,2018,0.999077594869671
57,2018,1
58,2018,1
59,2018,1
60,2018,1
61,2018,0.807794243796191
62,2018,0.997030663355392
63,2018,1
64,2018,1
65,2018,0.999321492499191
66,2018,0.997319256816614
67,2018,1
68,2018,0.448161400465412
69,2018,1
70,2018,0.972211909828728
71,2018,0.896435775250694
72,2018,1
73,2018,0.97315761953893
74,2018,1
75,2018,1
76,2018,0.439113627467501
77,2018,1
78,2018,0.997054759297018
79,2018,0.343623155026332
80,2018,0.289764666734431
81,2018,0.821656120472785
82,2018,0.414874761396814
84,2018,0.97446670678251
85,2018,1
86,2018,1
88,2018,1
89,2018,1
90,2018,1
91,2018,1
92,2018,1
93,2018,1
94,2018,1
95,2018,1
96,2018,1
97,2018,1
98,2018,1
99,2018,1
100,2018,1
101,2018,0.999061223871866
102,2018,0.983442013752174
103,2018,1
104,2018,1
105,2018,1
106,2018,0.999825897139031
107,2018,1
108,2018,1
110,2018,1
111,2018,1
112,2018,0.91019797915379
113,2018,1
114,2018,1
115,2018,0.986934670256559
116,2018,1
117,2018,0.999702979679437
118,2018,1
119,2018,0.999986838907487
120,2018,1
121,2018,1
122,2018,0.987640897019512
123,2018,1
124,2018,1
125,2018,0.999345258314109
126,2018,1
127,2018,0.99991801464573
129,2018,0.683825558142
130,2018,0.923836013241075
131,2018,0.607993655672415
132,2018,0.778984025923881
133,2018,0.372004348383711
134,2018,0.937033687626941
135,2018,0.872361379448982
136,2018,0.535230177262762
137,2018,0.206428868749938
138,2018,0.965625915458225
139,2018,0.805393362265953
140,2018,0.988309676746908
141,2018,0.655282397353964
143,2018,0.931763512958815
144,2018,1
145,2018,0.9999616690329
146,2018,1
147,2018,0.918494410033564
148,2018,1
149,2018,1
150,2018,1
151,2018,1
152,2018,0.999585351803786
153,2018,0.999822147664809
154,2018,1
155,2018,0.992135002839433
156,2018,1
157,2018,1
158,2018,1
159,2018,1
161,2018,1
162,2018,0.777810698150367
163,2018,0.940839333782966
164,2018,0.913683455545509
166,2018,0.999813251667396
167,2018,0.981644076949252
168,2018,0.99982120765343
169,2018,1
171,2018,0.780711931745252
172,2018,0.999973696058702
173,2018,1
174,2018,0.594678505817239
175,2018,0.868420149321335
176,2018,0.896466329149809
177,2018,0.684657538930489
178,2018,1
179,2018,0.605746618161822
180,2018,0.855137389542366
181,2018,0.807561950435132
182,2018,0.496059259384419
183,2018,0.838193222435797
184,2018,0.669212946832165
185,2018,1
186,2018,0.625890282657917
187,2018,0.433878713135449
188,2018,0.183163865319418
189,2018,1
190,2018,0.997324447045152
191,2018,0.911923002623204
192,2018,1
193,2018,1
194,2018,1
195,2018,1
196,2018,0.999785845347435
197,2018,1
198,2018,1
199,2018,1
200,2018,1
202,2018,0.853030991707135
203,2018,0.666623238353958
204,2018,0.719683185777656
205,2018,0.947504815640082
206,2018,0.906022410928887
207,2018,0.650299848911689
208,2018,0.444923154747706
209,2018,0.171695775330106
210,2018,0.787864321362947
212,2018,0.999993286212359
214,2018,0.336443905074045
215,2018,1
216,2018,0.599612475916788
218,2018,0.800836926143532
219,2018,1
220,2018,1
221,2018,1
222,2018,0.960251696705121
223,2018,0.496411667917199
224,2018,0.241949612519894
227,2018,0.747427233272199
228,2018,0.989914131491594
231,2018,0.978622639287933
232,2018,0.0941606586908116
237,2018,1
244,2018,1
245,2018,1
247,2018,0.712202165606653
248,2018,1
249,2018,1
250,2018,1
1,2019,1
2,2019,1
3,2019,1
4,2019,1
5,2019,0.873131937899095
6,2019,1
7,2019,0.999604105582787
8,2019,0.994951002794172
9,2019,1
10,2019,0.999579723936635
11,2019,0.999423530488439
12,2019,1
13,2019,0.919083540551058
14,2019,0.806345865752242
15,2019,0.741965511924308
16,2019,0.550172322095199
17,2019,0.999789285442276
18,2019,0.996664890355178
19,2019,0.999872778399295
20,2019,0.316075234805083
21,2019,0.253404082217047
24,2019,0.93070349606746
25,2019,0.609494150026426
26,2019,1
28,2019,1
29,2019,1
30,2019,1
31,2019,0.99828213538877
32,2019,1
33,2019,1
34,2019,1
35,2019,1
36,2019,1
37,2019,0.863337950382422
38,2019,1
39,2019,0.99988041125578
40,2019,0.933175181408924
41,2019,0.999842033069474
42,2019,0.942147414514792
43,2019,0.995581057673012
44,2019,1
45,2019,0.999167359433587
46,2019,1
47,2019,1
48,2019,0.973490622353333
49,2019,1
50,2019,0.442803725544677
51,2019,0.999574872211582
52,2019,0.999499989203836
53,2019,0.999589106048758
54,2019,0.975856350810871
55,2019,1
56,2019,0.998912167626074
57,2019,1
58,2019,1
59,2019,1
60,2019,1
61,2019,0.818596430364572
62,2019,0.997182548666448
63,2019,1
64,2019,1
65,2019,0.999335160335272
66,2019,0.989539802505463
67,2019,1
68,2019,0.247946877726737
69,2019,1
70,2019,0.974728960776702
71,2019,0.922379288483755
72,2019,1
73,2019,0.971006321543864
74,2019,1
75,2019,1
76,2019,0.405717295320101
77,2019,1
78,2019,0.996903843689126
79,2019,0.333282012973237
80,2019,0.299124268406221
81,2019,0.514015079286896
82,2019,0.390051503377977
84,2019,0.973994181880885
85,2019,1
86,2019,1
88,2019,1
89,2019,1
90,2019,1
91,2019,1
92,2019,1
93,2019,1
94,2019,1
95,2019,1
96,2019,1
97,2019,1
98,2019,1
99,2019,1
100,2019,1
101,2019,0.999011265839313
102,2019,0.987882825998245
103,2019,1
104,2019,1
105,2019,1
106,2019,0.999834101180568
107,2019,1
108,2019,1
110,2019,1
111,2019,1
112,2019,0.937293548868075
113,2019,1
114,2019,1
115,2019,0.987071300790986
116,2019,1
117,2019,0.999702967479462
118,2019,1
119,2019,0.999985368953978
120,2019,1
121,2019,1
122,2019,0.988908066820943
123,2019,1
124,2019,1
125,2019,0.999249779643199
126,2019,1
127,2019,0.99990150855747
129,2019,0.750609482455521
130,2019,0.888656423669989
131,2019,0.618034324623015
132,2019,0.888406629966148
133,2019,0.303724217340075
134,2019,0.94345838219537
135,2019,0.882335174190115
136,2019,0.531369463538915
137,2019,0.160123806850581
138,2019,0.974720719069975
139,2019,0.770518314462689
140,2019,0.987566905030544
141,2019,0.678087890409004
143,2019,0.937158683871846
144,2019,1
145,2019,0.999927780247287
146,2019,1
147,2019,0.929651245669647
148,2019,1
149,2019,1
150,2019,1
151,2019,1
152,2019,0.999167595494809
153,2019,0.99815284320714
154,2019,1
155,2019,0.990058687550868
156,2019,1
157,2019,1
158,2019,1
159,2019,1
161,2019,1
162,2019,0.785174290221834
163,2019,0.943438440137028
164,2019,0.898425745684644
166,2019,0.999773488734026
167,2019,0.968190698628124
168,2019,0.999782008534512
169,2019,1
171,2019,0.764769070694276
172,2019,0.999945481631416
173,2019,1
174,2019,0.617386897299974
175,2019,0.870052186049838
176,2019,0.765345655937859
177,2019,0.611926838943549
178,2019,1
179,2019,0.57986709368612
180,2019,0.863021169215558
181,2019,0.822046909998565
182,2019,0.520021142369102
183,2019,0.836110300183473
184,2019,0.678758131549298
185,2019,1
186,2019,0.630277272208951
187,2019,0.429565067209041
188,2019,0.308791955751404
189,2019,1
190,2019,0.999196517382304
191,2019,0.910644260043068
192,2019,1
193,2019,1
194,2019,1
195,2019,1
196,2019,0.99974859646423
197,2019,1
198,2019,1
199,2019,1
200,2019,1
202,2019,0.795466163562177
203,2019,0.638822691940208
204,2019,0.714242146489627
205,2019,0.944225346220965
206,2019,0.900867883345316
207,2019,0.64912017237811
208,2019,0.484230440874588
209,2019,0.174770033098052
210,2019,0.794078733039743
212,2019,0.999896314846362
214,2019,0.31693053161022
215,2019,1
216,2019,0.625581061961953
218,2019,0.817196281306076
219,2019,1
220,2019,1
221,2019,1
222,2019,0.958363245269955
223,2019,0.44770220179919
224,2019,0.214992884827738
227,2019,0.827103505116041
228,2019,0.989230132209216
231,2019,0.98275611233532
232,2019,0.11847969196524
237,2019,1
244,2019,1
245,2019,1
247,2019,0.871814443411144
248,2019,1
249,2019,1
250,2019,1
