"rgn_id","year","w_fis"
1,2005,1
1,2006,1
1,2007,1
1,2008,1
1,2009,1
1,2010,1
1,2011,1
1,2012,1
1,2013,1
1,2014,1
2,2005,1
2,2006,1
2,2007,1
2,2008,1
2,2009,1
2,2010,1
2,2011,1
2,2012,1
2,2013,1
2,2014,1
3,2005,1
3,2006,1
3,2007,1
3,2008,1
3,2009,1
3,2010,1
3,2011,1
3,2012,1
3,2013,1
3,2014,1
4,2005,1
4,2006,1
4,2007,1
4,2008,1
4,2009,1
4,2010,1
4,2011,1
4,2012,1
4,2013,1
4,2014,1
5,2005,0.842176435938218
5,2006,0.867263143388097
5,2007,0.865355261812068
5,2008,0.879536946315048
5,2009,0.912205509849033
5,2010,0.916902047846055
5,2011,0.908093649512035
5,2012,0.909979966991522
5,2013,0.911495583662604
5,2014,0.937444350183302
6,2005,0.998694679296373
6,2006,0.999039704910415
6,2007,0.998810062400321
6,2008,1
6,2009,0.998900560302323
6,2010,0.999297239702093
6,2011,0.999021238915207
6,2012,0.999321706118024
6,2013,0.999243180120942
6,2014,0.999468990003868
7,2005,1
7,2006,0.999994593101909
7,2007,0.999994183036629
7,2008,1
7,2009,1
7,2010,1
7,2011,1
7,2012,1
7,2013,1
7,2014,1
8,2005,0.999909359516987
8,2006,0.999704193034742
8,2007,0.999707836961573
8,2008,0.999487975051285
8,2009,0.999701944221056
8,2010,0.999603485907087
8,2011,0.999197468699392
8,2012,0.999647327265625
8,2013,0.999724916276644
8,2014,0.999738841554232
9,2005,0.999999373167562
9,2006,0.999999380121704
9,2007,1
9,2008,1
9,2009,1
9,2010,1
9,2011,1
9,2012,1
9,2013,1
9,2014,1
10,2005,0.999987514438269
10,2006,1
10,2007,1
10,2008,1
10,2009,1
10,2010,1
10,2011,0.999988885718689
10,2012,0.999997879371567
10,2013,0.9999962990314
10,2014,0.999997255717102
11,2005,1
11,2006,1
11,2007,1
11,2008,1
11,2009,1
11,2010,1
11,2011,1
11,2012,1
11,2013,1
11,2014,1
12,2005,1
12,2006,1
12,2007,1
12,2008,1
12,2009,1
12,2010,1
12,2011,1
12,2012,1
12,2013,1
12,2014,1
13,2005,0.969320106897332
13,2006,0.970058876947677
13,2007,0.963102711741368
13,2008,0.955562273979229
13,2009,0.95317795798645
13,2010,0.956557650080734
13,2011,0.958948635050095
13,2012,0.959003541940296
13,2013,0.962879975169583
13,2014,0.96039269993351
14,2005,0.741397970293446
14,2006,0.734920613334594
14,2007,0.679563161089858
14,2008,0.694937155285711
14,2009,0.672241646046735
14,2010,0.643352238742969
14,2011,0.627751928079273
14,2012,0.628010574871178
14,2013,0.627425575459312
14,2014,0.687977254362828
15,2005,0.84078017414436
15,2006,0.816299525485499
15,2007,0.823446079313783
15,2008,0.826413343181381
15,2009,0.824442734266619
15,2010,0.82264037764662
15,2011,0.799961745352929
15,2012,0.79669904697141
15,2013,0.803704407722562
15,2014,0.809448818980052
16,2005,0.866649995024452
16,2006,0.837259560790715
16,2007,0.811126850933068
16,2008,0.794959764982473
16,2009,0.768335852472467
16,2010,0.735445773810258
16,2011,0.715637878728836
16,2012,0.711953011893794
16,2013,0.722026486170049
16,2014,0.615951717211125
17,2005,0.99999633611696
17,2006,0.999997296377104
17,2007,0.999961694777008
17,2008,0.999973581528346
17,2009,0.999938206513982
17,2010,0.999982125614957
17,2011,0.999976610054698
17,2012,0.999972569601195
17,2013,0.999970933815315
17,2014,0.999959014975544
18,2005,0.99931164149336
18,2006,0.999673164448086
18,2007,0.999743570018794
18,2008,0.999847415773846
18,2009,0.999989132529012
18,2010,0.999735322774951
18,2011,0.999953741595569
18,2012,0.9999527410481
18,2013,0.999951155630612
18,2014,0.999952642988776
19,2005,0.999966293934549
19,2006,0.999942767820135
19,2007,1
19,2008,0.999940826190919
19,2009,0.999953962496801
19,2010,0.999960881682739
19,2011,0.999950377356085
19,2012,0.999955409746341
19,2013,0.999942634047126
19,2014,0.999963883495979
20,2005,0.839404704376045
20,2006,0.819387333479747
20,2007,0.858683878858094
20,2008,0.864475515429586
20,2009,0.834650055507437
20,2010,0.82189326879522
20,2011,0.861703391303726
20,2012,0.881242349550741
20,2013,0.862167502278636
20,2014,0.868895288354918
21,2005,0.836464101796368
21,2006,0.836924512866263
21,2007,0.831652358167895
21,2008,0.829015751527751
21,2009,0.809996413708267
21,2010,0.811604186005318
21,2011,0.819408724758521
21,2012,0.798277665105975
21,2013,0.800132905359143
21,2014,0.806541208542552
24,2005,0.998765737992644
24,2006,0.998721581528653
24,2007,0.99821267779053
24,2008,0.997183784371956
24,2009,0.996943670686142
24,2010,0.99638697138328
24,2011,0.996136694660832
24,2012,0.995321072531521
24,2013,0.993851413183
24,2014,0.995352584856825
25,2005,0.724730281092223
25,2006,0.731987121630515
25,2007,0.688251196712013
25,2008,0.700240053382161
25,2009,0.693287404846205
25,2010,0.695269864140073
25,2011,0.688379119042073
25,2012,0.753981678084764
25,2013,0.797125133159748
25,2014,0.783738612874809
26,2005,1
26,2006,1
26,2007,1
26,2008,1
26,2009,1
26,2010,1
26,2011,1
26,2012,1
26,2013,1
26,2014,1
28,2005,1
28,2006,1
28,2007,1
28,2008,1
28,2009,1
28,2010,1
28,2011,1
28,2012,1
28,2013,1
28,2014,1
29,2005,0.947637195631347
29,2006,0.961985103275174
29,2007,0.96380169408558
29,2008,0.96705938846846
29,2009,0.983533298039427
29,2010,0.989943462672753
29,2011,0.953905307464383
29,2012,0.951288215920319
29,2013,0.946235863603581
29,2014,0.955445185364955
30,2005,1
30,2006,1
30,2007,1
30,2008,1
30,2009,1
30,2010,1
30,2011,1
30,2012,1
30,2013,1
30,2014,1
31,2005,0.941185323696211
31,2006,0.965371681280094
31,2007,0.976985286246276
31,2008,1
31,2009,1
31,2010,1
31,2011,1
31,2012,1
31,2013,1
31,2014,1
32,2005,0.980113027227632
32,2006,0.982409912077953
32,2007,0.984665865514593
32,2008,0.989060947600289
32,2009,1
32,2010,0.988271453193335
32,2011,0.991809267690039
32,2012,0.998564984966423
32,2013,0.99878367335116
32,2014,0.998679964442001
33,2005,1
33,2006,1
33,2007,1
33,2008,1
33,2009,1
33,2010,1
33,2011,1
33,2012,1
33,2013,1
33,2014,1
34,2005,1
34,2006,1
34,2007,1
34,2008,1
34,2009,1
34,2010,1
34,2011,1
34,2012,1
34,2013,1
34,2014,1
35,2005,1
35,2006,1
35,2007,1
35,2008,1
35,2009,1
35,2010,1
35,2011,1
35,2012,1
35,2013,1
35,2014,1
36,2005,1
36,2006,1
36,2007,1
36,2008,1
36,2009,1
36,2010,1
36,2011,1
36,2012,1
36,2013,1
36,2014,1
37,2005,0.982388488776974
37,2006,0.99393292670012
37,2007,0.988281172576496
37,2008,0.982384875875921
37,2009,0.972416023049164
37,2010,0.97575952683721
37,2011,0.974138837002718
37,2012,0.978536455585254
37,2013,0.974045583730916
37,2014,0.961413048183217
38,2005,1
38,2006,1
38,2007,1
38,2008,1
38,2009,1
38,2010,1
38,2011,1
38,2012,1
38,2013,1
38,2014,1
39,2005,1
39,2006,1
39,2007,1
39,2008,1
39,2009,1
39,2010,1
39,2011,1
39,2012,1
39,2013,1
39,2014,1
40,2005,0.993462321796346
40,2006,0.993539113067634
40,2007,0.995482482691278
40,2008,0.993427407009707
40,2009,0.993259330945778
40,2010,0.992296107846021
40,2011,0.994011034273632
40,2012,0.992449505260053
40,2013,0.991714495003118
40,2014,0.990263674900353
41,2005,0.992805541936388
41,2006,0.995211328036594
41,2007,0.995335085677192
41,2008,0.997039035155453
41,2009,0.994826392950246
41,2010,0.996394174564978
41,2011,0.999205199045434
41,2012,0.999134525989994
41,2013,0.999026765547575
41,2014,1
42,2005,0.939062908422799
42,2006,0.941162386858892
42,2007,0.945460721736394
42,2008,0.979053557454431
42,2009,0.975926580601776
42,2010,0.966385011984235
42,2011,0.969430535752359
42,2012,0.967013539707599
42,2013,0.977645359567606
42,2014,0.973317018814909
43,2005,1
43,2006,1
43,2007,1
43,2008,1
43,2009,1
43,2010,1
43,2011,1
43,2012,1
43,2013,1
43,2014,1
44,2005,1
44,2006,1
44,2007,1
44,2008,1
44,2009,1
44,2010,1
44,2011,1
44,2012,1
44,2013,1
44,2014,1
45,2005,1
45,2006,1
45,2007,1
45,2008,1
45,2009,1
45,2010,1
45,2011,1
45,2012,1
45,2013,1
45,2014,1
46,2005,1
46,2006,1
46,2007,1
46,2008,1
46,2009,1
46,2010,1
46,2011,1
46,2012,1
46,2013,1
46,2014,1
47,2005,0.999287528029373
47,2006,0.999244675033953
47,2007,0.999515341211994
47,2008,0.99929912832313
47,2009,0.999437308878845
47,2010,0.999512824946947
47,2011,0.999770686946665
47,2012,1
47,2013,1
47,2014,1
48,2005,0.999445670106618
48,2006,0.999510603217448
48,2007,0.99939369638639
48,2008,0.999412157566231
48,2009,0.999382097142832
48,2010,0.999267749854853
48,2011,0.999206631318323
48,2012,0.998587075306193
48,2013,0.998997405818844
48,2014,0.99943715472475
49,2005,1
49,2006,1
49,2007,1
49,2008,1
49,2009,1
49,2010,1
49,2011,1
49,2012,1
49,2013,1
49,2014,1
50,2005,0.903770886573638
50,2006,0.891266949910344
50,2007,0.865684724468634
50,2008,0.836300171224212
50,2009,0.843603723031795
50,2010,0.910660592809188
50,2011,0.935093582479014
50,2012,0.974820098145867
50,2013,0.962821287728974
50,2014,0.941020493030834
51,2005,0.999636573319786
51,2006,0.998625765183991
51,2007,0.999495244898283
51,2008,0.999652466690312
51,2009,0.999693351385935
51,2010,0.999702242075785
51,2011,0.999611455817333
51,2012,0.99993564882136
51,2013,0.99992337678056
51,2014,0.99992923684482
52,2005,0.999919287349644
52,2006,0.999958326311075
52,2007,0.9999491894412
52,2008,0.999931652341676
52,2009,0.999928631286481
52,2010,0.999872924632261
52,2011,0.999934326235336
52,2012,1
52,2013,0.999816195132151
52,2014,0.999781705243791
53,2005,0.999892828648241
53,2006,0.999888345096787
53,2007,0.999880795431146
53,2008,0.999882301068387
53,2009,0.999876718469949
53,2010,0.999867101934747
53,2011,0.999868270703253
53,2012,0.999865563848042
53,2013,0.99986216231876
53,2014,0.999857692122404
54,2005,0.991883132230735
54,2006,0.99156706994555
54,2007,0.981718352397865
54,2008,0.998507197925601
54,2009,0.99739448306002
54,2010,0.994531841639345
54,2011,0.994515315088667
54,2012,0.990934335599879
54,2013,0.991369438173173
54,2014,0.991490937465707
55,2005,1
55,2006,1
55,2007,1
55,2008,1
55,2009,1
55,2010,1
55,2011,1
55,2012,1
55,2013,1
55,2014,1
56,2005,1
56,2006,1
56,2007,1
56,2008,1
56,2009,1
56,2010,1
56,2011,1
56,2012,1
56,2013,1
56,2014,1
57,2005,1
57,2006,1
57,2007,1
57,2008,1
57,2009,1
57,2010,1
57,2011,1
57,2012,1
57,2013,1
57,2014,1
58,2005,1
58,2006,1
58,2007,1
58,2008,1
58,2009,1
58,2010,1
58,2011,1
58,2012,1
58,2013,1
58,2014,1
59,2005,1
59,2006,1
59,2007,1
59,2008,1
59,2009,1
59,2010,1
59,2011,1
59,2012,1
59,2013,1
59,2014,1
60,2005,1
60,2006,1
60,2007,1
60,2008,1
60,2009,1
60,2010,1
60,2011,1
60,2012,1
60,2013,1
60,2014,1
61,2005,0.983917011167736
61,2006,0.977938703765719
61,2007,0.977011238423499
61,2008,0.96409596141486
61,2009,0.95646666764758
61,2010,0.924847288496946
61,2011,0.937414614366034
61,2012,0.915776104526457
61,2013,0.922978619459905
61,2014,0.904081457880955
62,2005,0.999733219903856
62,2006,0.99956005335683
62,2007,0.999782021663681
62,2008,0.999732605649005
62,2009,0.999692525558625
62,2010,0.999733176885744
62,2011,0.999573318404304
62,2012,0.999555527944252
62,2013,0.999581063201881
62,2014,0.999582078329797
63,2005,1
63,2006,1
63,2007,1
63,2008,1
63,2009,1
63,2010,1
63,2011,1
63,2012,1
63,2013,1
63,2014,1
64,2005,1
64,2006,1
64,2007,1
64,2008,1
64,2009,1
64,2010,1
64,2011,1
64,2012,1
64,2013,1
64,2014,1
65,2005,0.999863975288713
65,2006,0.999881313895939
65,2007,0.999879109930478
65,2008,0.999878760639564
65,2009,0.999877617177892
65,2010,0.999888316002974
65,2011,0.999860265026997
65,2012,0.999890090628613
65,2013,0.999864855294175
65,2014,0.999881966328602
66,2005,0.999972357017451
66,2006,0.999967816560517
66,2007,0.999981990851006
66,2008,0.999971401099229
66,2009,0.999953019557974
66,2010,0.99987419713579
66,2011,0.999684607555158
66,2012,0.999799410569803
66,2013,0.999532366764884
66,2014,0.999237679593983
67,2005,0.99805548635245
67,2006,0.998016777439417
67,2007,0.999226440679391
67,2008,0.999229482057553
67,2009,0.999085417132078
67,2010,1
67,2011,1
67,2012,1
67,2013,1
67,2014,1
68,2005,0.724064397406509
68,2006,0.638333084589635
68,2007,0.622571943926921
68,2008,0.567395988240999
68,2009,0.650168587496364
68,2010,0.702450559592914
68,2011,0.509926198889093
68,2012,0.464385393367914
68,2013,0.6247216954779
68,2014,0.560746860443299
69,2005,1
69,2006,1
69,2007,1
69,2008,1
69,2009,1
69,2010,1
69,2011,1
69,2012,1
69,2013,1
69,2014,1
70,2005,1
70,2006,1
70,2007,1
70,2008,1
70,2009,1
70,2010,1
70,2011,1
70,2012,1
70,2013,1
70,2014,1
71,2005,0.990075707960398
71,2006,0.990333921659722
71,2007,0.981052582847564
71,2008,0.969584982752724
71,2009,0.968170228753172
71,2010,0.966055005031874
71,2011,0.949643758072452
71,2012,0.896101937153599
71,2013,0.872391748767102
71,2014,0.819542549951048
72,2005,1
72,2006,1
72,2007,1
72,2008,1
72,2009,1
72,2010,0.999590091372069
72,2011,0.997659625604653
72,2012,0.995784990311011
72,2013,0.995735569838327
72,2014,0.991473566074384
73,2005,0.999858315372665
73,2006,0.999957526181603
73,2007,0.999968354936593
73,2008,0.99947266472833
73,2009,0.999117292043825
73,2010,0.998648427607913
73,2011,0.998563604305515
73,2012,0.996435846371028
73,2013,0.996721718341743
73,2014,0.998116474178607
74,2005,1
74,2006,1
74,2007,1
74,2008,1
74,2009,1
74,2010,1
74,2011,1
74,2012,1
74,2013,1
74,2014,1
75,2005,0.996684548265722
75,2006,0.994974410124479
75,2007,0.995676308216769
75,2008,0.994639065876272
75,2009,0.997737432542455
75,2010,0.995883557191267
75,2011,0.994522149524538
75,2012,0.990978344920205
75,2013,0.992101330887959
75,2014,0.984329963107034
76,2005,0.907104725151289
76,2006,0.909712427621363
76,2007,0.915987707534085
76,2008,0.900200932663207
76,2009,0.88854160254105
76,2010,0.894347697416874
76,2011,0.885183065284531
76,2012,0.859472326693097
76,2013,0.826287657708487
76,2014,0.778452165697867
77,2005,1
77,2006,1
77,2007,1
77,2008,1
77,2009,1
77,2010,1
77,2011,1
77,2012,1
77,2013,1
77,2014,1
78,2005,0.998970613208347
78,2006,0.99809927817282
78,2007,0.997598607411907
78,2008,0.996343797304681
78,2009,0.996121786166255
78,2010,0.9970008496427
78,2011,0.996142139148605
78,2012,0.996157850767763
78,2013,0.998411394295716
78,2014,0.998401020837975
79,2005,0.742622809599869
79,2006,0.768660566112558
79,2007,0.792800632701603
79,2008,0.867151103181688
79,2009,0.829396336425922
79,2010,0.772223018363371
79,2011,0.743610397734054
79,2012,0.726908247452307
79,2013,0.738047959709314
79,2014,0.805365487232643
80,2005,0.67725088041283
80,2006,0.680638933668105
80,2007,0.668717763986016
80,2008,0.635813923515789
80,2009,0.640490336283335
80,2010,0.63825114745694
80,2011,0.626616268104736
80,2012,0.617477428402724
80,2013,0.642184918360316
80,2014,0.631611255822256
81,2005,0.871028425559367
81,2006,0.847396355544095
81,2007,0.794639007664278
81,2008,0.748199064958259
81,2009,0.686785924672354
81,2010,0.661400379517665
81,2011,0.660223527237658
81,2012,0.712504932318876
81,2013,0.630415855958184
81,2014,0.794177286622909
82,2005,0.728393775455817
82,2006,0.752412958474747
82,2007,0.779445684150139
82,2008,0.7717713109383
82,2009,0.733097919768551
82,2010,0.750359820009346
82,2011,0.76548606172445
82,2012,0.771088953755133
82,2013,0.71638505964965
82,2014,0.847469978045407
84,2005,0.999871788313821
84,2006,0.999762123647393
84,2007,0.999738511514308
84,2008,0.999674063376585
84,2009,0.999502142951836
84,2010,0.99914368994177
84,2011,0.998442892720573
84,2012,0.998529528906131
84,2013,0.996055558789666
84,2014,0.998042308578403
85,2005,1
85,2006,1
85,2007,1
85,2008,1
85,2009,1
85,2010,1
85,2011,1
85,2012,1
85,2013,1
85,2014,1
86,2005,1
86,2006,1
86,2007,1
86,2008,1
86,2009,1
86,2010,1
86,2011,1
86,2012,1
86,2013,1
86,2014,1
88,2005,1
88,2006,1
88,2007,1
88,2008,1
88,2009,1
88,2010,1
88,2011,1
88,2012,1
88,2013,1
88,2014,1
89,2005,1
89,2006,1
89,2007,1
89,2008,1
89,2009,1
89,2010,1
89,2011,1
89,2012,1
89,2013,1
89,2014,1
90,2005,1
90,2006,1
90,2007,1
90,2008,1
90,2009,1
90,2010,1
90,2011,1
90,2012,1
90,2013,1
90,2014,1
91,2005,1
91,2006,1
91,2007,1
91,2008,1
91,2009,1
91,2010,1
91,2011,1
91,2012,1
91,2013,1
91,2014,1
92,2005,1
92,2006,1
92,2007,1
92,2008,1
92,2009,1
92,2010,1
92,2011,1
92,2012,1
92,2013,1
92,2014,1
93,2005,1
93,2006,1
93,2007,1
93,2008,1
93,2009,1
93,2010,1
93,2011,1
93,2012,1
93,2013,1
93,2014,1
94,2005,1
94,2006,1
94,2007,1
94,2008,1
94,2009,1
94,2010,1
94,2011,1
94,2012,1
94,2013,1
94,2014,1
95,2005,0.999992440886232
95,2006,0.999995472778844
95,2007,1
95,2008,1
95,2009,1
95,2010,1
95,2011,1
95,2012,1
95,2013,1
95,2014,1
96,2005,1
96,2006,1
96,2007,1
96,2008,1
96,2009,1
96,2010,1
96,2011,1
96,2012,1
96,2013,1
96,2014,1
97,2005,1
97,2006,1
97,2007,1
97,2008,1
97,2009,1
97,2010,1
97,2011,1
97,2012,1
97,2013,1
97,2014,1
98,2005,1
98,2006,1
98,2007,1
98,2008,1
98,2009,1
98,2010,1
98,2011,1
98,2012,1
98,2013,1
98,2014,1
99,2005,1
99,2006,1
99,2007,1
99,2008,1
99,2009,1
99,2010,1
99,2011,1
99,2012,1
99,2013,1
99,2014,1
100,2005,1
100,2006,1
100,2007,1
100,2008,1
100,2009,1
100,2010,1
100,2011,1
100,2012,1
100,2013,1
100,2014,1
101,2005,0.999694030425218
101,2006,0.999443338218901
101,2007,0.99902271997263
101,2008,0.998767407465824
101,2009,0.998820336296589
101,2010,0.999256666686844
101,2011,0.999220060120514
101,2012,0.999322928280287
101,2013,0.999476720876765
101,2014,0.999373498369112
102,2005,0.998143375931235
102,2006,0.997926900426814
102,2007,0.997304609609427
102,2008,0.997390212416188
102,2009,0.996502130118641
102,2010,0.997275819293357
102,2011,0.996189522664698
102,2012,0.997072693989803
102,2013,0.994886410071
102,2014,0.995640562332596
103,2005,1
103,2006,1
103,2007,1
103,2008,1
103,2009,1
103,2010,1
103,2011,1
103,2012,1
103,2013,1
103,2014,1
104,2005,1
104,2006,1
104,2007,1
104,2008,1
104,2009,1
104,2010,1
104,2011,1
104,2012,1
104,2013,1
104,2014,1
105,2005,1
105,2006,1
105,2007,1
105,2008,1
105,2009,1
105,2010,1
105,2011,1
105,2012,1
105,2013,1
105,2014,1
106,2005,1
106,2006,1
106,2007,1
106,2008,1
106,2009,1
106,2010,1
106,2011,1
106,2012,1
106,2013,1
106,2014,1
107,2005,1
107,2006,1
107,2007,1
107,2008,1
107,2009,1
107,2010,1
107,2011,1
107,2012,1
107,2013,1
107,2014,1
108,2005,1
108,2006,1
108,2007,1
108,2008,1
108,2009,1
108,2010,1
108,2011,1
108,2012,1
108,2013,1
108,2014,1
110,2005,0.998742078497117
110,2006,0.998718363662704
110,2007,0.998829076841007
110,2008,0.999041777537423
110,2009,1
110,2010,1
110,2011,1
110,2012,1
110,2013,1
110,2014,1
111,2005,0.999633064026132
111,2006,0.999991380683009
111,2007,0.999990417222718
111,2008,0.999983115703555
111,2009,0.999992167006446
111,2010,0.999991342693574
111,2011,0.999990872359485
111,2012,0.999990809859148
111,2013,0.999991026103232
111,2014,0.999990416357506
112,2005,0.864397001810448
112,2006,0.880823362191021
112,2007,0.882141421315102
112,2008,0.874524233495824
112,2009,0.87830611645764
112,2010,0.881614158791923
112,2011,0.868744617595919
112,2012,0.835138740089355
112,2013,0.844329102436096
112,2014,0.835611004184456
113,2005,1
113,2006,1
113,2007,1
113,2008,1
113,2009,1
113,2010,1
113,2011,1
113,2012,1
113,2013,1
113,2014,1
114,2005,1
114,2006,1
114,2007,1
114,2008,1
114,2009,1
114,2010,1
114,2011,1
114,2012,1
114,2013,1
114,2014,1
115,2005,0.983303155738929
115,2006,0.983437551617158
115,2007,0.983527274974625
115,2008,0.978798136023077
115,2009,0.977913752253218
115,2010,0.984474255419233
115,2011,0.992238207677082
115,2012,0.987597865986527
115,2013,0.983451588740082
115,2014,0.983659379518117
116,2005,0.947755597976476
116,2006,0.99320928559587
116,2007,0.992040863167602
116,2008,0.993699921410572
116,2009,1
116,2010,1
116,2011,1
116,2012,1
116,2013,1
116,2014,1
117,2005,1
117,2006,1
117,2007,1
117,2008,1
117,2009,1
117,2010,1
117,2011,1
117,2012,1
117,2013,1
117,2014,1
118,2005,1
118,2006,1
118,2007,1
118,2008,1
118,2009,1
118,2010,1
118,2011,1
118,2012,1
118,2013,1
118,2014,1
119,2005,1
119,2006,1
119,2007,1
119,2008,1
119,2009,1
119,2010,1
119,2011,1
119,2012,1
119,2013,1
119,2014,1
120,2005,1
120,2006,1
120,2007,1
120,2008,1
120,2009,1
120,2010,1
120,2011,1
120,2012,1
120,2013,1
120,2014,1
121,2005,1
121,2006,1
121,2007,1
121,2008,1
121,2009,1
121,2010,1
121,2011,1
121,2012,1
121,2013,1
121,2014,1
122,2005,1
122,2006,1
122,2007,1
122,2008,1
122,2009,1
122,2010,1
122,2011,1
122,2012,1
122,2013,1
122,2014,1
123,2005,1
123,2006,1
123,2007,1
123,2008,1
123,2009,1
123,2010,1
123,2011,1
123,2012,1
123,2013,1
123,2014,1
124,2005,1
124,2006,1
124,2007,1
124,2008,1
124,2009,1
124,2010,1
124,2011,1
124,2012,1
124,2013,1
124,2014,1
125,2005,1
125,2006,1
125,2007,1
125,2008,1
125,2009,1
125,2010,1
125,2011,1
125,2012,1
125,2013,1
125,2014,1
126,2005,1
126,2006,1
126,2007,1
126,2008,1
126,2009,1
126,2010,1
126,2011,1
126,2012,1
126,2013,1
126,2014,1
127,2005,1
127,2006,1
127,2007,1
127,2008,1
127,2009,1
127,2010,1
127,2011,1
127,2012,1
127,2013,1
127,2014,1
129,2005,0.952934136864736
129,2006,0.947474230800807
129,2007,0.953364640892204
129,2008,0.96513028491228
129,2009,0.969634807869457
129,2010,0.947575586430278
129,2011,0.936574292263695
129,2012,0.943951027729187
129,2013,0.934610758391483
129,2014,0.922226431081339
130,2005,0.931356915131388
130,2006,0.931471529763619
130,2007,0.927565613909686
130,2008,0.950582849463142
130,2009,0.956824296211247
130,2010,0.952760437809156
130,2011,0.948830662281369
130,2012,0.952455128116657
130,2013,0.953033983549049
130,2014,0.924254252477766
131,2005,0.794309521455445
131,2006,0.760634870523762
131,2007,0.712684445010703
131,2008,0.681912800051071
131,2009,0.711412088847083
131,2010,0.728893248450937
131,2011,0.603974966966776
131,2012,0.550215681947638
131,2013,0.559284968226965
131,2014,0.658666705522608
132,2005,0.812350946798715
132,2006,0.799930701417203
132,2007,0.853074444041146
132,2008,0.839427185310187
132,2009,0.878228716345604
132,2010,0.862802800481501
132,2011,0.856307812970353
132,2012,0.896043634779697
132,2013,0.941318113120852
132,2014,0.968797390915091
133,2005,0.375489271262466
133,2006,0.383692700996872
133,2007,0.361737424727191
133,2008,0.47228429391999
133,2009,0.532762039101047
133,2010,0.333965849997584
133,2011,0.357376829188572
133,2012,0.366823245711036
133,2013,0.364245626508424
133,2014,0.375847054666001
134,2005,0.993892822469948
134,2006,0.996618737030265
134,2007,0.996019530230395
134,2008,0.990459018506907
134,2009,0.988907901704455
134,2010,0.976364689396718
134,2011,0.947862249313309
134,2012,0.964888400828986
134,2013,0.962683150555587
134,2014,0.950365135869233
135,2005,0.941108250028076
135,2006,0.945728100321317
135,2007,0.93987325844711
135,2008,0.943392216561157
135,2009,0.951093576492399
135,2010,0.947984211960528
135,2011,0.954612795268606
135,2012,0.942304688244033
135,2013,0.955386401555296
135,2014,0.935398238109631
136,2005,0.777557545066501
136,2006,0.746936532457973
136,2007,0.736175770339188
136,2008,0.742882630093838
136,2009,0.588648633927107
136,2010,0.754418398339698
136,2011,0.782650988870013
136,2012,0.779275847001922
136,2013,0.778475806365605
136,2014,0.800067102201036
137,2005,0.743857366971946
137,2006,0.733504951884502
137,2007,0.730728947944979
137,2008,0.759467799458282
137,2009,0.68985975631596
137,2010,0.587173588538755
137,2011,0.615767378486607
137,2012,0.559559022391943
137,2013,0.541164832357978
137,2014,0.559064243186081
138,2005,0.998293802193716
138,2006,0.996698678668989
138,2007,0.997039849434911
138,2008,0.99694634474991
138,2009,0.992097675320725
138,2010,0.987769688705258
138,2011,0.995961801779245
138,2012,0.987125528096513
138,2013,0.990214797720309
138,2014,0.990415157950564
139,2005,0.951356490140293
139,2006,0.949438572744982
139,2007,0.950618316955766
139,2008,0.960121741104614
139,2009,0.953757133434142
139,2010,0.908437306009379
139,2011,0.867599945457311
139,2012,0.868189518031599
139,2013,0.853776458864649
139,2014,0.904397046222397
140,2005,0.99555208329141
140,2006,0.996826236709444
140,2007,0.996093335859794
140,2008,0.996663128207105
140,2009,0.996151554970007
140,2010,0.997679629516905
140,2011,0.997492052489086
140,2012,0.996945777785598
140,2013,0.995023374369995
140,2014,0.996362935731399
141,2005,0.972412046866848
141,2006,0.955908329180038
141,2007,0.919055077079803
141,2008,0.868807416496751
141,2009,0.876629415550098
141,2010,0.879776682981233
141,2011,0.859482440057056
141,2012,0.8394316410479
141,2013,0.859798679331428
141,2014,0.881905605543536
143,2005,0.994822005809072
143,2006,0.995900877365665
143,2007,0.996139939130448
143,2008,0.995345594391498
143,2009,0.995039885461481
143,2010,0.994728512435308
143,2011,0.993485046057003
143,2012,0.99530138376833
143,2013,0.994159881874363
143,2014,0.992232142063757
144,2005,1
144,2006,1
144,2007,1
144,2008,1
144,2009,1
144,2010,1
144,2011,1
144,2012,1
144,2013,1
144,2014,1
145,2005,1
145,2006,1
145,2007,1
145,2008,1
145,2009,1
145,2010,1
145,2011,1
145,2012,1
145,2013,1
145,2014,1
146,2005,1
146,2006,1
146,2007,1
146,2008,1
146,2009,1
146,2010,1
146,2011,1
146,2012,1
146,2013,1
146,2014,1
147,2005,0.895389439557616
147,2006,0.923699791027535
147,2007,0.939125758439654
147,2008,0.93552257651881
147,2009,0.936091811054482
147,2010,0.911503734640853
147,2011,0.921181882902452
147,2012,0.92359124969989
147,2013,0.94250258324537
147,2014,0.94970854520864
148,2005,1
148,2006,1
148,2007,1
148,2008,1
148,2009,1
148,2010,1
148,2011,1
148,2012,1
148,2013,1
148,2014,1
149,2005,1
149,2006,1
149,2007,1
149,2008,1
149,2009,1
149,2010,1
149,2011,1
149,2012,1
149,2013,1
149,2014,1
150,2005,1
150,2006,1
150,2007,1
150,2008,1
150,2009,1
150,2010,1
150,2011,1
150,2012,1
150,2013,1
150,2014,1
151,2005,1
151,2006,1
151,2007,1
151,2008,1
151,2009,1
151,2010,1
151,2011,1
151,2012,1
151,2013,1
151,2014,1
152,2005,1
152,2006,1
152,2007,1
152,2008,1
152,2009,1
152,2010,1
152,2011,1
152,2012,1
152,2013,1
152,2014,1
153,2005,0.999975185532286
153,2006,0.999977049538431
153,2007,1
153,2008,1
153,2009,1
153,2010,1
153,2011,0.999788359829749
153,2012,0.999790738087604
153,2013,0.999759602624627
153,2014,0.99973950948255
154,2005,1
154,2006,1
154,2007,1
154,2008,1
154,2009,1
154,2010,1
154,2011,1
154,2012,1
154,2013,1
154,2014,1
155,2005,0.999105148920994
155,2006,0.999133422829066
155,2007,0.999609922998774
155,2008,0.999966253942801
155,2009,0.999952826498678
155,2010,0.999956842358119
155,2011,1
155,2012,0.999995601435354
155,2013,0.999964256600828
155,2014,0.999533459668839
156,2005,1
156,2006,1
156,2007,1
156,2008,1
156,2009,1
156,2010,1
156,2011,1
156,2012,1
156,2013,1
156,2014,1
157,2005,1
157,2006,1
157,2007,1
157,2008,1
157,2009,1
157,2010,1
157,2011,1
157,2012,1
157,2013,1
157,2014,1
158,2005,1
158,2006,1
158,2007,1
158,2008,1
158,2009,1
158,2010,1
158,2011,1
158,2012,1
158,2013,1
158,2014,1
159,2005,1
159,2006,1
159,2007,1
159,2008,1
159,2009,1
159,2010,1
159,2011,1
159,2012,1
159,2013,1
159,2014,1
161,2005,1
161,2006,1
161,2007,1
161,2008,1
161,2009,1
161,2010,1
161,2011,1
161,2012,1
161,2013,1
161,2014,1
162,2005,0.884692708810335
162,2006,0.878152152103862
162,2007,0.874296770339778
162,2008,0.868474134626721
162,2009,0.856214047027981
162,2010,0.848953987808954
162,2011,0.869873980583741
162,2012,0.872776034314904
162,2013,0.856622694315003
162,2014,0.488164634965499
163,2005,0.971385412175732
163,2006,0.97295454816973
163,2007,0.971792816320293
163,2008,0.968162941501947
163,2009,0.964714254528115
163,2010,0.971584340826553
163,2011,0.970534635145504
163,2012,0.970447205415827
163,2013,0.97033363041771
163,2014,0.96932484273799
164,2005,0.583286909639151
164,2006,0.784195028330651
164,2007,0.790367965847168
164,2008,0.710057516282241
164,2009,0.601949900325752
164,2010,0.678673079223727
164,2011,0.661310840543656
164,2012,0.632023655318634
164,2013,0.630007491133768
164,2014,0.678160652591511
166,2005,0.987964035396162
166,2006,0.999492109572198
166,2007,0.995987255494135
166,2008,0.996180515014975
166,2009,0.996219979595361
166,2010,0.998746138240391
166,2011,0.998298270218184
166,2012,0.998559012072023
166,2013,1
166,2014,1
167,2005,0.99788997161934
167,2006,0.997910091511647
167,2007,0.99889851242928
167,2008,0.997249232905407
167,2009,0.997920082739069
167,2010,0.998894493746309
167,2011,0.999553945266961
167,2012,0.999629979756607
167,2013,0.996834876996677
167,2014,0.997838538138262
168,2005,0.997708948738858
168,2006,0.998391949374066
168,2007,0.999100723412612
168,2008,0.99933886212443
168,2009,0.998688464847871
168,2010,0.998725845384202
168,2011,0.998910742018447
168,2012,0.998820785445471
168,2013,0.998864977053771
168,2014,0.998858825827526
169,2005,1
169,2006,1
169,2007,1
169,2008,1
169,2009,1
169,2010,1
169,2011,1
169,2012,1
169,2013,1
169,2014,1
171,2005,0.909863004520795
171,2006,0.914830019454125
171,2007,0.9132692444606
171,2008,0.91776584801052
171,2009,0.91410933103486
171,2010,0.909348450397087
171,2011,0.900796003092117
171,2012,0.914338805242657
171,2013,0.911022403401072
171,2014,0.907778114295095
172,2005,0.999900895953242
172,2006,0.999913647192192
172,2007,0.999906441258893
172,2008,0.999902782437092
172,2009,0.999906504282341
172,2010,0.999795697142004
172,2011,0.99992955632622
172,2012,0.999970281880474
172,2013,0.99999158339488
172,2014,0.997303517110259
173,2005,1
173,2006,1
173,2007,1
173,2008,1
173,2009,1
173,2010,1
173,2011,1
173,2012,1
173,2013,1
173,2014,1
174,2005,0.909378427673033
174,2006,0.913699542435714
174,2007,0.917867353299757
174,2008,0.919351434191895
174,2009,0.930686544186997
174,2010,0.931407266289196
174,2011,0.922248409172539
174,2012,0.920462556068125
174,2013,0.930008962095965
174,2014,0.925925402774628
175,2005,0.97419952165518
175,2006,0.973139727242696
175,2007,0.956239266680684
175,2008,0.951051282051142
175,2009,0.954944452764466
175,2010,0.955576653607397
175,2011,0.957148074107318
175,2012,0.938524085469589
175,2013,0.933550046715679
175,2014,0.949686937843412
176,2005,0.983081891775371
176,2006,0.95009162436824
176,2007,0.960092769099381
176,2008,0.979479584880889
176,2009,0.974166348833928
176,2010,0.893668072534474
176,2011,0.963856345906692
176,2012,0.968167050386053
176,2013,0.969336046793984
176,2014,0.942733655987209
177,2005,0.795927608951017
177,2006,0.761015916575137
177,2007,0.74743735352483
177,2008,0.709695579303756
177,2009,0.704718313345858
177,2010,0.804573587276491
177,2011,0.782200222643655
177,2012,0.725526333768399
177,2013,0.716712695485312
177,2014,0.70822057432704
178,2005,1
178,2006,1
178,2007,1
178,2008,1
178,2009,1
178,2010,1
178,2011,1
178,2012,1
178,2013,1
178,2014,1
179,2005,0.673349751964965
179,2006,0.69063864639253
179,2007,0.664838390281142
179,2008,0.635219309744554
179,2009,0.695374196011696
179,2010,0.717924498500431
179,2011,0.701445984759617
179,2012,0.722010770022226
179,2013,0.733081428340558
179,2014,0.730417817612756
180,2005,0.919597538816999
180,2006,0.916296346280901
180,2007,0.905952836778695
180,2008,0.891347363960552
180,2009,0.889689787233512
180,2010,0.895676898188435
180,2011,0.867453123609016
180,2012,0.865548318084822
180,2013,0.875683232353233
180,2014,0.899194640933054
181,2005,0.928768596514846
181,2006,0.926925124660593
181,2007,0.938791775773062
181,2008,0.939274555787558
181,2009,0.914439978692659
181,2010,0.933751890822404
181,2011,0.92678465568466
181,2012,0.9355369941325
181,2013,0.944505698156107
181,2014,0.942841744030142
182,2005,0.666980181880058
182,2006,0.69511613023845
182,2007,0.697998872010266
182,2008,0.658042579668624
182,2009,0.678938502136731
182,2010,0.692732716677481
182,2011,0.687198356027938
182,2012,0.697583054121643
182,2013,0.661345552971835
182,2014,0.669424536424051
183,2005,0.969568541557616
183,2006,0.970023770565689
183,2007,0.9697422459455
183,2008,0.973851498892966
183,2009,0.966859414377049
183,2010,0.966493425489487
183,2011,0.960148413642866
183,2012,0.970334791988426
183,2013,0.955550665880398
183,2014,0.956522653301523
184,2005,0.753495063177483
184,2006,0.763361795873914
184,2007,0.797726414542626
184,2008,0.748196603844977
184,2009,0.769667823575162
184,2010,0.744762752292651
184,2011,0.781963988355246
184,2012,0.764056277836752
184,2013,0.723995908713661
184,2014,0.729145082885892
185,2005,1
185,2006,1
185,2007,1
185,2008,1
185,2009,1
185,2010,1
185,2011,1
185,2012,1
185,2013,1
185,2014,1
186,2005,0.911826201433261
186,2006,0.916774833471857
186,2007,0.892291742890381
186,2008,0.886480287991102
186,2009,0.9016922416286
186,2010,0.886180612938672
186,2011,0.900094720998978
186,2012,0.903826011789879
186,2013,0.912630265705991
186,2014,0.906991676987719
187,2005,0.856094634629718
187,2006,0.865738635050623
187,2007,0.873868587180495
187,2008,0.88518571870116
187,2009,0.892627441615918
187,2010,0.914815264084347
187,2011,0.932611842312418
187,2012,0.9014815085823
187,2013,0.906492208556825
187,2014,0.897463197524209
188,2005,0.764137088461785
188,2006,0.65967181593415
188,2007,0.689425945079075
188,2008,0.566840110367605
188,2009,0.832203957002546
188,2010,0.511688029278047
188,2011,0.573853195448048
188,2012,0.406873536302399
188,2013,0.296148529700561
188,2014,0.246579335999368
189,2005,1
189,2006,1
189,2007,1
189,2008,1
189,2009,1
189,2010,1
189,2011,1
189,2012,1
189,2013,1
189,2014,1
190,2005,0.999991621762451
190,2006,1
190,2007,1
190,2008,1
190,2009,1
190,2010,1
190,2011,1
190,2012,1
190,2013,1
190,2014,1
191,2005,0.984025914104572
191,2006,0.993098452694194
191,2007,0.987215144962166
191,2008,0.985162907033721
191,2009,0.981078369165899
191,2010,0.977062815929164
191,2011,0.973570626403661
191,2012,0.969928303154017
191,2013,0.948042123742331
191,2014,0.96172290501132
192,2005,1
192,2006,1
192,2007,1
192,2008,1
192,2009,1
192,2010,1
192,2011,1
192,2012,1
192,2013,1
192,2014,1
193,2005,1
193,2006,1
193,2007,1
193,2008,1
193,2009,1
193,2010,1
193,2011,1
193,2012,1
193,2013,1
193,2014,1
194,2005,1
194,2006,1
194,2007,1
194,2008,1
194,2009,1
194,2010,1
194,2011,1
194,2012,1
194,2013,1
194,2014,1
195,2005,1
195,2006,1
195,2007,1
195,2008,1
195,2009,1
195,2010,1
195,2011,1
195,2012,1
195,2013,1
195,2014,1
196,2005,1
196,2006,1
196,2007,1
196,2008,1
196,2009,1
196,2010,1
196,2011,1
196,2012,1
196,2013,1
196,2014,1
197,2005,1
197,2006,1
197,2007,1
197,2008,1
197,2009,1
197,2010,1
197,2011,1
197,2012,1
197,2013,1
197,2014,1
198,2005,1
198,2006,1
198,2007,1
198,2008,1
198,2009,1
198,2010,1
198,2011,1
198,2012,1
198,2013,1
198,2014,1
199,2005,1
199,2006,1
199,2007,1
199,2008,1
199,2009,1
199,2010,1
199,2011,1
199,2012,1
199,2013,1
199,2014,1
200,2005,1
200,2006,1
200,2007,1
200,2008,1
200,2009,1
200,2010,1
200,2011,1
200,2012,1
200,2013,1
200,2014,1
202,2005,0.999456389327928
202,2006,0.999645268852585
202,2007,0.997964465963143
202,2008,0.998802276742014
202,2009,0.997637111830958
202,2010,0.996254221496889
202,2011,0.995739347621712
202,2012,0.996076620760603
202,2013,0.995524538803493
202,2014,0.996418413307024
203,2005,0.943151288839582
203,2006,0.960127408105681
203,2007,0.934000793942265
203,2008,0.943285228880152
203,2009,0.991133747688451
203,2010,0.92624698635841
203,2011,0.919634859342665
203,2012,0.915898193986162
203,2013,0.901178752561053
203,2014,0.876177316541812
204,2005,0.889387159041665
204,2006,0.891324450109601
204,2007,0.886436074721615
204,2008,0.879347851365661
204,2009,0.887735737509986
204,2010,0.871669659179535
204,2011,0.859718815567543
204,2012,0.858823644833901
204,2013,0.851018886841387
204,2014,0.846929446138422
205,2005,0.976837876712094
205,2006,0.976972036036721
205,2007,0.973121580052495
205,2008,0.957337629149044
205,2009,0.95894580887462
205,2010,0.969731747513453
205,2011,0.967523708500606
205,2012,0.964623433033019
205,2013,0.967477030026202
205,2014,0.969373352491659
206,2005,0.969450173393799
206,2006,0.96855289959824
206,2007,0.955928502406371
206,2008,0.941647092959881
206,2009,0.930203838276057
206,2010,0.946724291076051
206,2011,0.954990404221272
206,2012,0.959849077369171
206,2013,0.95101835061829
206,2014,0.958710079521315
207,2005,0.844447865351113
207,2006,0.830762704378745
207,2007,0.827937428833539
207,2008,0.820721272040556
207,2009,0.865772907881515
207,2010,0.845986862569487
207,2011,0.817676029498353
207,2012,0.789302358280444
207,2013,0.74273259447136
207,2014,0.747876435430214
208,2005,0.335356366499035
208,2006,0.485807826000075
208,2007,0.526173923310009
208,2008,0.382220428781152
208,2009,0.417618508455625
208,2010,0.363650827230928
208,2011,0.419088424814361
208,2012,0.338544315468518
208,2013,0.33158373210799
208,2014,0.272083041618474
209,2005,0.420269582816798
209,2006,0.410559466774156
209,2007,0.401232335956544
209,2008,0.392346151207964
209,2009,0.391783774184276
209,2010,0.382215116539355
209,2011,0.377911108043596
209,2012,0.370846760292152
209,2013,0.375699743022172
209,2014,0.332525800654575
210,2005,0.875168698404307
210,2006,0.867288070321663
210,2007,0.871117173526634
210,2008,0.863308970057398
210,2009,0.873100197852311
210,2010,0.901083114360823
210,2011,0.884890164503139
210,2012,0.887146166730824
210,2013,0.881942614288721
210,2014,0.873015907287722
212,2005,0.999935262467657
212,2006,0.999964842363033
212,2007,0.999934136447562
212,2008,0.99994848972259
212,2009,0.999953276660754
212,2010,0.999979613336175
212,2011,0.999911727988208
212,2012,0.999964682644567
212,2013,0.999986333572549
212,2014,0.999994269240883
214,2005,0.330391967250521
214,2006,0.35602038146479
214,2007,0.472411986269278
214,2008,0.483613306335263
214,2009,0.509314985133508
214,2010,0.504650019357155
214,2011,0.56495162232131
214,2012,0.582975490424748
214,2013,0.561102962950561
214,2014,0.557129846181071
215,2005,1
215,2006,1
215,2007,1
215,2008,1
215,2009,1
215,2010,1
215,2011,1
215,2012,1
215,2013,1
215,2014,1
216,2005,0.933227353571034
216,2006,0.927711233027683
216,2007,0.911652474831273
216,2008,0.907547302567962
216,2009,0.883966624561887
216,2010,0.882743181403885
216,2011,0.892749862250527
216,2012,0.855175045342556
216,2013,0.861624373557081
216,2014,0.859282620055341
218,2005,0.891677402082106
218,2006,0.8996773495884
218,2007,0.891266731737905
218,2008,0.883600700866665
218,2009,0.879278914421784
218,2010,0.871272644228968
218,2011,0.853033343933038
218,2012,0.858402230594722
218,2013,0.884591522334275
218,2014,0.849926263560139
219,2005,1
219,2006,1
219,2007,1
219,2008,1
219,2009,1
219,2010,0.999425359117543
219,2011,0.999279395099716
219,2012,0.9985571246283
219,2013,0.999422446798977
219,2014,0.999247750085835
220,2005,1
220,2006,1
220,2007,1
220,2008,1
220,2009,1
220,2010,1
220,2011,1
220,2012,1
220,2013,1
220,2014,1
221,2005,1
221,2006,1
221,2007,1
221,2008,1
221,2009,1
221,2010,1
221,2011,1
221,2012,1
221,2013,1
221,2014,1
222,2005,0.989848243821814
222,2006,0.991127250877081
222,2007,0.987806015453602
222,2008,0.983619666977323
222,2009,0.987792627574751
222,2010,0.984110896429688
222,2011,0.981654553365689
222,2012,0.97902966318219
222,2013,0.982345047406967
222,2014,0.985500874616501
223,2005,0.749896960903639
223,2006,0.706849757107485
223,2007,0.725336121084554
223,2008,0.702993321151576
223,2009,0.714615589659419
223,2010,0.68618181753518
223,2011,0.684683225821774
223,2012,0.686192220867546
223,2013,0.662883108640978
223,2014,0.658624237668699
224,2005,0.844671458560091
224,2006,0.834498401800395
224,2007,0.802317448915997
224,2008,0.809966155461478
224,2009,0.837099236894994
224,2010,0.777803998398965
224,2011,0.788093159221864
224,2012,0.766571000410605
224,2013,0.736140642796716
224,2014,0.695943462337993
227,2005,1
227,2006,1
227,2007,1
227,2008,1
227,2009,1
227,2010,1
227,2011,1
227,2012,1
227,2013,1
227,2014,1
228,2005,1
228,2006,1
228,2007,1
228,2008,1
228,2009,1
228,2010,1
228,2011,1
228,2012,1
228,2013,1
228,2014,1
231,2005,0.999690905596826
231,2006,0.999479191268546
231,2007,0.999294352636968
231,2008,0.999265668557417
231,2009,0.999264684495411
231,2010,0.99924452362096
231,2011,0.999283536751086
231,2012,0.999257741606272
231,2013,0.999334174897747
231,2014,0.999314173764004
232,2005,0.819733694909882
232,2006,0.7974011253825
232,2007,0.804625438040466
232,2008,0.847600656076918
232,2009,0.847823111219893
232,2010,0.841284890951
232,2011,0.969604979846842
232,2012,0.904061300386909
232,2013,0.885640421505079
232,2014,0.910766853559249
237,2005,1
237,2006,1
237,2007,1
237,2008,1
237,2009,1
237,2010,1
237,2011,1
237,2012,1
237,2013,1
237,2014,1
244,2005,1
244,2006,1
244,2007,1
244,2008,1
244,2009,1
244,2010,1
244,2011,1
244,2012,1
244,2013,1
244,2014,1
245,2005,1
245,2006,1
245,2007,1
245,2008,1
245,2009,1
245,2010,1
245,2011,1
245,2012,1
245,2013,1
245,2014,1
247,2005,0.988514292454433
247,2006,0.984055783247225
247,2007,0.986836512902817
247,2008,0.987222926105244
247,2009,0.985367395015278
247,2010,0.985354303101964
247,2011,0.985348733443778
247,2012,0.985959253991593
247,2013,0.9818872312207
247,2014,0.974441551172901
248,2005,1
248,2006,1
248,2007,1
248,2008,1
248,2009,1
248,2010,1
248,2011,1
248,2012,1
248,2013,1
248,2014,1
249,2005,1
249,2006,1
249,2007,1
249,2008,1
249,2009,1
249,2010,1
249,2011,1
249,2012,1
249,2013,1
249,2014,1
250,2005,1
250,2006,1
250,2007,1
250,2008,1
250,2009,1
250,2010,1
250,2011,1
250,2012,1
250,2013,1
250,2014,1
