"rgn_id","year","resilience_score"
1,2010,1
1,2011,1
1,2012,1
1,2013,1
1,2014,1
1,2015,1
1,2016,1
1,2017,1
2,2010,1
2,2011,1
2,2012,1
2,2013,1
2,2014,1
2,2015,1
2,2016,1
2,2017,1
3,2010,1
3,2011,1
3,2012,1
3,2013,1
3,2014,1
3,2015,1
3,2016,1
3,2017,1
4,2010,1
4,2011,1
4,2012,1
4,2013,1
4,2014,1
4,2015,1
4,2016,1
4,2017,1
5,2010,1
5,2011,1
5,2012,1
5,2013,1
5,2014,1
5,2015,1
5,2016,1
5,2017,1
6,2010,1
6,2011,1
6,2012,1
6,2013,1
6,2014,1
6,2015,1
6,2016,1
6,2017,1
7,2010,1
7,2011,1
7,2012,1
7,2013,1
7,2014,1
7,2015,1
7,2016,1
7,2017,1
8,2010,1
8,2011,1
8,2012,1
8,2013,1
8,2014,1
8,2015,1
8,2016,1
8,2017,1
9,2010,0
9,2011,0
9,2012,0
9,2013,0
9,2014,0
9,2015,0
9,2016,0
9,2017,0
10,2010,0
10,2011,0
10,2012,0
10,2013,0
10,2014,0
10,2015,0
10,2016,0
10,2017,0
11,2010,0
11,2011,0
11,2012,0
11,2013,0
11,2014,0
11,2015,0
11,2016,0
11,2017,0
12,2010,1
12,2011,1
12,2012,1
12,2013,1
12,2014,1
12,2015,1
12,2016,1
12,2017,1
13,2010,1
13,2011,1
13,2012,1
13,2013,1
13,2014,1
13,2015,1
13,2016,1
13,2017,1
14,2010,0
14,2011,0
14,2012,0
14,2013,0
14,2014,0
14,2015,0
14,2016,0
14,2017,0
15,2010,1
15,2011,1
15,2012,1
15,2013,1
15,2014,1
15,2015,1
15,2016,1
15,2017,1
16,2010,1
16,2011,1
16,2012,1
16,2013,1
16,2014,1
16,2015,1
16,2016,1
16,2017,1
17,2010,1
17,2011,1
17,2012,1
17,2013,1
17,2014,1
17,2015,1
17,2016,1
17,2017,1
18,2010,1
18,2011,1
18,2012,1
18,2013,1
18,2014,1
18,2015,1
18,2016,1
18,2017,1
19,2010,0
19,2011,0
19,2012,0
19,2013,0
19,2014,0
19,2015,0
19,2016,0
19,2017,0
20,2010,1
20,2011,1
20,2012,1
20,2013,1
20,2014,1
20,2015,1
20,2016,1
20,2017,1
21,2010,0
21,2011,0
21,2012,0
21,2013,0
21,2014,0
21,2015,0
21,2016,0
21,2017,0
22,2010,0
22,2011,0
22,2012,0
22,2013,0
22,2014,0
22,2015,0
22,2016,0
22,2017,0
23,2010,0
23,2011,0
23,2012,0
23,2013,0
23,2014,0
23,2015,0
23,2016,0
23,2017,0
24,2010,1
24,2011,1
24,2012,1
24,2013,1
24,2014,1
24,2015,1
24,2016,1
24,2017,1
25,2010,1
25,2011,1
25,2012,1
25,2013,1
25,2014,1
25,2015,1
25,2016,1
25,2017,1
26,2010,1
26,2011,1
26,2012,1
26,2013,1
26,2014,1
26,2015,1
26,2016,1
26,2017,1
27,2010,0
27,2011,0
27,2012,0
27,2013,0
27,2014,0
27,2015,0
27,2016,0
27,2017,0
28,2010,1
28,2011,1
28,2012,1
28,2013,1
28,2014,1
28,2015,1
28,2016,1
28,2017,1
29,2010,1
29,2011,1
29,2012,1
29,2013,1
29,2014,1
29,2015,1
29,2016,1
29,2017,1
30,2010,1
30,2011,1
30,2012,1
30,2013,1
30,2014,1
30,2015,1
30,2016,1
30,2017,1
31,2010,1
31,2011,1
31,2012,1
31,2013,1
31,2014,1
31,2015,1
31,2016,1
31,2017,1
32,2010,1
32,2011,1
32,2012,1
32,2013,1
32,2014,1
32,2015,1
32,2016,1
32,2017,1
33,2010,1
33,2011,1
33,2012,1
33,2013,1
33,2014,1
33,2015,1
33,2016,1
33,2017,1
34,2010,1
34,2011,1
34,2012,1
34,2013,1
34,2014,1
34,2015,1
34,2016,1
34,2017,1
35,2010,1
35,2011,1
35,2012,1
35,2013,1
35,2014,1
35,2015,1
35,2016,1
35,2017,1
36,2010,1
36,2011,1
36,2012,1
36,2013,1
36,2014,1
36,2015,1
36,2016,1
36,2017,1
37,2010,1
37,2011,1
37,2012,1
37,2013,1
37,2014,1
37,2015,1
37,2016,1
37,2017,1
38,2010,1
38,2011,1
38,2012,1
38,2013,1
38,2014,1
38,2015,1
38,2016,1
38,2017,1
39,2010,0
39,2011,0
39,2012,1
39,2013,1
39,2014,1
39,2015,1
39,2016,1
39,2017,1
40,2010,1
40,2011,1
40,2012,1
40,2013,1
40,2014,1
40,2015,1
40,2016,1
40,2017,1
41,2010,1
41,2011,1
41,2012,1
41,2013,1
41,2014,1
41,2015,1
41,2016,1
41,2017,1
42,2010,1
42,2011,1
42,2012,1
42,2013,1
42,2014,1
42,2015,1
42,2016,1
42,2017,1
43,2010,1
43,2011,1
43,2012,1
43,2013,1
43,2014,1
43,2015,1
43,2016,1
43,2017,1
44,2010,1
44,2011,1
44,2012,1
44,2013,1
44,2014,1
44,2015,1
44,2016,1
44,2017,1
45,2010,1
45,2011,1
45,2012,1
45,2013,1
45,2014,1
45,2015,1
45,2016,1
45,2017,1
46,2010,1
46,2011,1
46,2012,1
46,2013,1
46,2014,1
46,2015,1
46,2016,1
46,2017,1
47,2010,1
47,2011,1
47,2012,1
47,2013,1
47,2014,1
47,2015,1
47,2016,1
47,2017,1
48,2010,1
48,2011,1
48,2012,1
48,2013,1
48,2014,1
48,2015,1
48,2016,1
48,2017,1
49,2010,1
49,2011,1
49,2012,1
49,2013,1
49,2014,1
49,2015,1
49,2016,1
49,2017,1
50,2010,1
50,2011,1
50,2012,1
50,2013,1
50,2014,1
50,2015,1
50,2016,1
50,2017,1
51,2010,1
51,2011,1
51,2012,1
51,2013,1
51,2014,1
51,2015,1
51,2016,1
51,2017,1
52,2010,0
52,2011,0
52,2012,1
52,2013,1
52,2014,1
52,2015,1
52,2016,1
52,2017,1
53,2010,1
53,2011,1
53,2012,1
53,2013,1
53,2014,1
53,2015,1
53,2016,1
53,2017,1
54,2010,1
54,2011,1
54,2012,1
54,2013,1
54,2014,1
54,2015,1
54,2016,1
54,2017,1
55,2010,1
55,2011,1
55,2012,1
55,2013,1
55,2014,1
55,2015,1
55,2016,1
55,2017,1
56,2010,1
56,2011,1
56,2012,1
56,2013,1
56,2014,1
56,2015,1
56,2016,1
56,2017,1
57,2010,1
57,2011,1
57,2012,1
57,2013,1
57,2014,1
57,2015,1
57,2016,1
57,2017,1
58,2010,1
58,2011,1
58,2012,1
58,2013,1
58,2014,1
58,2015,1
58,2016,1
58,2017,1
59,2010,1
59,2011,1
59,2012,1
59,2013,1
59,2014,1
59,2015,1
59,2016,1
59,2017,1
60,2010,1
60,2011,1
60,2012,1
60,2013,1
60,2014,1
60,2015,1
60,2016,1
60,2017,1
61,2010,1
61,2011,1
61,2012,1
61,2013,1
61,2014,1
61,2015,1
61,2016,1
61,2017,1
62,2010,1
62,2011,1
62,2012,1
62,2013,1
62,2014,1
62,2015,1
62,2016,1
62,2017,1
63,2010,1
63,2011,1
63,2012,1
63,2013,1
63,2014,1
63,2015,1
63,2016,1
63,2017,1
64,2010,1
64,2011,1
64,2012,1
64,2013,1
64,2014,1
64,2015,1
64,2016,1
64,2017,1
65,2010,1
65,2011,1
65,2012,1
65,2013,1
65,2014,1
65,2015,1
65,2016,1
65,2017,1
66,2010,1
66,2011,1
66,2012,1
66,2013,1
66,2014,1
66,2015,1
66,2016,1
66,2017,1
67,2010,1
67,2011,1
67,2012,1
67,2013,1
67,2014,1
67,2015,1
67,2016,1
67,2017,1
68,2010,1
68,2011,1
68,2012,1
68,2013,1
68,2014,1
68,2015,1
68,2016,1
68,2017,1
69,2010,1
69,2011,1
69,2012,1
69,2013,1
69,2014,1
69,2015,1
69,2016,1
69,2017,1
70,2010,1
70,2011,1
70,2012,1
70,2013,1
70,2014,1
70,2015,1
70,2016,1
70,2017,1
71,2010,1
71,2011,1
71,2012,1
71,2013,1
71,2014,1
71,2015,1
71,2016,1
71,2017,1
72,2010,1
72,2011,1
72,2012,1
72,2013,1
72,2014,1
72,2015,1
72,2016,1
72,2017,1
73,2010,1
73,2011,1
73,2012,1
73,2013,1
73,2014,1
73,2015,1
73,2016,1
73,2017,1
74,2010,1
74,2011,1
74,2012,1
74,2013,1
74,2014,1
74,2015,1
74,2016,1
74,2017,1
75,2010,1
75,2011,1
75,2012,1
75,2013,1
75,2014,1
75,2015,1
75,2016,1
75,2017,1
76,2010,1
76,2011,1
76,2012,1
76,2013,1
76,2014,1
76,2015,1
76,2016,1
76,2017,1
77,2010,1
77,2011,1
77,2012,1
77,2013,1
77,2014,1
77,2015,1
77,2016,1
77,2017,1
78,2010,0
78,2011,0
78,2012,0
78,2013,1
78,2014,1
78,2015,1
78,2016,1
78,2017,1
79,2010,1
79,2011,1
79,2012,1
79,2013,1
79,2014,1
79,2015,1
79,2016,1
79,2017,1
80,2010,1
80,2011,1
80,2012,1
80,2013,1
80,2014,1
80,2015,1
80,2016,1
80,2017,1
81,2010,1
81,2011,1
81,2012,1
81,2013,1
81,2014,1
81,2015,1
81,2016,1
81,2017,1
82,2010,1
82,2011,1
82,2012,1
82,2013,1
82,2014,1
82,2015,1
82,2016,1
82,2017,1
83,2010,0
83,2011,0
83,2012,0
83,2013,0
83,2014,0
83,2015,0
83,2016,0
83,2017,0
84,2010,1
84,2011,1
84,2012,1
84,2013,1
84,2014,1
84,2015,1
84,2016,1
84,2017,1
85,2010,1
85,2011,1
85,2012,1
85,2013,1
85,2014,1
85,2015,1
85,2016,1
85,2017,1
86,2010,1
86,2011,1
86,2012,1
86,2013,1
86,2014,1
86,2015,1
86,2016,1
86,2017,1
87,2010,0
87,2011,0
87,2012,0
87,2013,0
87,2014,0
87,2015,0
87,2016,0
87,2017,0
88,2010,1
88,2011,1
88,2012,1
88,2013,1
88,2014,1
88,2015,1
88,2016,1
88,2017,1
89,2010,1
89,2011,1
89,2012,1
89,2013,1
89,2014,1
89,2015,1
89,2016,1
89,2017,1
90,2010,1
90,2011,1
90,2012,1
90,2013,1
90,2014,1
90,2015,1
90,2016,1
90,2017,1
91,2010,1
91,2011,1
91,2012,1
91,2013,1
91,2014,1
91,2015,1
91,2016,1
91,2017,1
92,2010,1
92,2011,1
92,2012,1
92,2013,1
92,2014,1
92,2015,1
92,2016,1
92,2017,1
93,2010,1
93,2011,1
93,2012,1
93,2013,1
93,2014,1
93,2015,1
93,2016,1
93,2017,1
94,2010,1
94,2011,1
94,2012,1
94,2013,1
94,2014,1
94,2015,1
94,2016,1
94,2017,1
95,2010,1
95,2011,1
95,2012,1
95,2013,1
95,2014,1
95,2015,1
95,2016,1
95,2017,1
96,2010,1
96,2011,1
96,2012,1
96,2013,1
96,2014,1
96,2015,1
96,2016,1
96,2017,1
97,2010,1
97,2011,1
97,2012,1
97,2013,1
97,2014,1
97,2015,1
97,2016,1
97,2017,1
98,2010,1
98,2011,1
98,2012,1
98,2013,1
98,2014,1
98,2015,1
98,2016,1
98,2017,1
99,2010,1
99,2011,1
99,2012,1
99,2013,1
99,2014,1
99,2015,1
99,2016,1
99,2017,1
100,2010,1
100,2011,1
100,2012,1
100,2013,1
100,2014,1
100,2015,1
100,2016,1
100,2017,1
101,2010,1
101,2011,1
101,2012,1
101,2013,1
101,2014,1
101,2015,1
101,2016,1
101,2017,1
102,2010,1
102,2011,1
102,2012,1
102,2013,1
102,2014,1
102,2015,1
102,2016,1
102,2017,1
103,2010,1
103,2011,1
103,2012,1
103,2013,1
103,2014,1
103,2015,1
103,2016,1
103,2017,1
104,2010,1
104,2011,1
104,2012,1
104,2013,1
104,2014,1
104,2015,1
104,2016,1
104,2017,1
105,2010,1
105,2011,1
105,2012,1
105,2013,1
105,2014,1
105,2015,1
105,2016,1
105,2017,1
106,2010,1
106,2011,1
106,2012,1
106,2013,1
106,2014,1
106,2015,1
106,2016,1
106,2017,1
107,2010,1
107,2011,1
107,2012,1
107,2013,1
107,2014,1
107,2015,1
107,2016,1
107,2017,1
108,2010,1
108,2011,1
108,2012,1
108,2013,1
108,2014,1
108,2015,1
108,2016,1
108,2017,1
109,2010,0
109,2011,0
109,2012,0
109,2013,0
109,2014,0
109,2015,0
109,2016,0
109,2017,0
110,2010,1
110,2011,1
110,2012,1
110,2013,1
110,2014,1
110,2015,1
110,2016,1
110,2017,1
111,2010,1
111,2011,1
111,2012,1
111,2013,1
111,2014,1
111,2015,1
111,2016,1
111,2017,1
112,2010,1
112,2011,1
112,2012,1
112,2013,1
112,2014,1
112,2015,1
112,2016,1
112,2017,1
113,2010,1
113,2011,1
113,2012,1
113,2013,1
113,2014,1
113,2015,1
113,2016,1
113,2017,1
114,2010,0
114,2011,0
114,2012,0
114,2013,0
114,2014,0
114,2015,0
114,2016,0
114,2017,0
115,2010,1
115,2011,1
115,2012,1
115,2013,1
115,2014,1
115,2015,1
115,2016,1
115,2017,1
116,2010,1
116,2011,1
116,2012,1
116,2013,1
116,2014,1
116,2015,1
116,2016,1
116,2017,1
117,2010,1
117,2011,1
117,2012,1
117,2013,1
117,2014,1
117,2015,1
117,2016,1
117,2017,1
118,2010,1
118,2011,1
118,2012,1
118,2013,1
118,2014,1
118,2015,1
118,2016,1
118,2017,1
119,2010,1
119,2011,1
119,2012,1
119,2013,1
119,2014,1
119,2015,1
119,2016,1
119,2017,1
120,2010,1
120,2011,1
120,2012,1
120,2013,1
120,2014,1
120,2015,1
120,2016,1
120,2017,1
121,2010,1
121,2011,1
121,2012,1
121,2013,1
121,2014,1
121,2015,1
121,2016,1
121,2017,1
122,2010,1
122,2011,1
122,2012,1
122,2013,1
122,2014,1
122,2015,1
122,2016,1
122,2017,1
123,2010,1
123,2011,1
123,2012,1
123,2013,1
123,2014,1
123,2015,1
123,2016,1
123,2017,1
124,2010,1
124,2011,1
124,2012,1
124,2013,1
124,2014,1
124,2015,1
124,2016,1
124,2017,1
125,2010,1
125,2011,1
125,2012,1
125,2013,1
125,2014,1
125,2015,1
125,2016,1
125,2017,1
126,2010,1
126,2011,1
126,2012,1
126,2013,1
126,2014,1
126,2015,1
126,2016,1
126,2017,1
127,2010,1
127,2011,1
127,2012,1
127,2013,1
127,2014,1
127,2015,1
127,2016,1
127,2017,1
128,2010,0
128,2011,0
128,2012,0
128,2013,0
128,2014,0
128,2015,0
128,2016,0
128,2017,0
129,2010,1
129,2011,1
129,2012,1
129,2013,1
129,2014,1
129,2015,1
129,2016,1
129,2017,1
130,2010,1
130,2011,1
130,2012,1
130,2013,1
130,2014,1
130,2015,1
130,2016,1
130,2017,1
131,2010,1
131,2011,1
131,2012,1
131,2013,1
131,2014,1
131,2015,1
131,2016,1
131,2017,1
132,2010,1
132,2011,1
132,2012,1
132,2013,1
132,2014,1
132,2015,1
132,2016,1
132,2017,1
133,2010,1
133,2011,1
133,2012,1
133,2013,1
133,2014,1
133,2015,1
133,2016,1
133,2017,1
134,2010,1
134,2011,1
134,2012,1
134,2013,1
134,2014,1
134,2015,1
134,2016,1
134,2017,1
135,2010,1
135,2011,1
135,2012,1
135,2013,1
135,2014,1
135,2015,1
135,2016,1
135,2017,1
136,2010,1
136,2011,1
136,2012,1
136,2013,1
136,2014,1
136,2015,1
136,2016,1
136,2017,1
137,2010,1
137,2011,1
137,2012,1
137,2013,1
137,2014,1
137,2015,1
137,2016,1
137,2017,1
138,2010,1
138,2011,1
138,2012,1
138,2013,1
138,2014,1
138,2015,1
138,2016,1
138,2017,1
139,2010,1
139,2011,1
139,2012,1
139,2013,1
139,2014,1
139,2015,1
139,2016,1
139,2017,1
140,2010,1
140,2011,1
140,2012,1
140,2013,1
140,2014,1
140,2015,1
140,2016,1
140,2017,1
141,2010,1
141,2011,1
141,2012,1
141,2013,1
141,2014,1
141,2015,1
141,2016,1
141,2017,1
142,2010,0
142,2011,0
142,2012,0
142,2013,0
142,2014,0
142,2015,0
142,2016,0
142,2017,0
143,2010,1
143,2011,1
143,2012,1
143,2013,1
143,2014,1
143,2015,1
143,2016,1
143,2017,1
144,2010,1
144,2011,1
144,2012,1
144,2013,1
144,2014,1
144,2015,1
144,2016,1
144,2017,1
145,2010,1
145,2011,1
145,2012,1
145,2013,1
145,2014,1
145,2015,1
145,2016,1
145,2017,1
146,2010,1
146,2011,1
146,2012,1
146,2013,1
146,2014,1
146,2015,1
146,2016,1
146,2017,1
147,2010,1
147,2011,1
147,2012,1
147,2013,1
147,2014,1
147,2015,1
147,2016,1
147,2017,1
148,2010,0
148,2011,0
148,2012,0
148,2013,0
148,2014,0
148,2015,0
148,2016,0
148,2017,0
149,2010,1
149,2011,1
149,2012,1
149,2013,1
149,2014,1
149,2015,1
149,2016,1
149,2017,1
150,2010,1
150,2011,1
150,2012,1
150,2013,1
150,2014,1
150,2015,1
150,2016,1
150,2017,1
151,2010,1
151,2011,1
151,2012,1
151,2013,1
151,2014,1
151,2015,1
151,2016,1
151,2017,1
152,2010,1
152,2011,1
152,2012,1
152,2013,1
152,2014,1
152,2015,1
152,2016,1
152,2017,1
153,2010,1
153,2011,1
153,2012,1
153,2013,1
153,2014,1
153,2015,1
153,2016,1
153,2017,1
154,2010,1
154,2011,1
154,2012,1
154,2013,1
154,2014,1
154,2015,1
154,2016,1
154,2017,1
155,2010,0
155,2011,0
155,2012,0
155,2013,0
155,2014,0
155,2015,0
155,2016,1
155,2017,1
156,2010,1
156,2011,1
156,2012,1
156,2013,1
156,2014,1
156,2015,1
156,2016,1
156,2017,1
157,2010,0
157,2011,0
157,2012,0
157,2013,0
157,2014,0
157,2015,0
157,2016,0
157,2017,0
158,2010,1
158,2011,1
158,2012,1
158,2013,1
158,2014,1
158,2015,1
158,2016,1
158,2017,1
159,2010,1
159,2011,1
159,2012,1
159,2013,1
159,2014,1
159,2015,1
159,2016,1
159,2017,1
160,2010,0
160,2011,0
160,2012,0
160,2013,0
160,2014,0
160,2015,0
160,2016,0
160,2017,0
161,2010,1
161,2011,1
161,2012,1
161,2013,1
161,2014,1
161,2015,1
161,2016,1
161,2017,1
162,2010,1
162,2011,1
162,2012,1
162,2013,1
162,2014,1
162,2015,1
162,2016,1
162,2017,1
163,2010,1
163,2011,1
163,2012,1
163,2013,1
163,2014,1
163,2015,1
163,2016,1
163,2017,1
164,2010,1
164,2011,1
164,2012,1
164,2013,1
164,2014,1
164,2015,1
164,2016,1
164,2017,1
165,2010,0
165,2011,0
165,2012,0
165,2013,0
165,2014,0
165,2015,0
165,2016,0
165,2017,0
166,2010,1
166,2011,1
166,2012,1
166,2013,1
166,2014,1
166,2015,1
166,2016,1
166,2017,1
167,2010,1
167,2011,1
167,2012,1
167,2013,1
167,2014,1
167,2015,1
167,2016,1
167,2017,1
168,2010,1
168,2011,1
168,2012,1
168,2013,1
168,2014,1
168,2015,1
168,2016,1
168,2017,1
169,2010,1
169,2011,1
169,2012,1
169,2013,1
169,2014,1
169,2015,1
169,2016,1
169,2017,1
170,2010,0
170,2011,0
170,2012,0
170,2013,0
170,2014,0
170,2015,0
170,2016,0
170,2017,0
171,2010,1
171,2011,1
171,2012,1
171,2013,1
171,2014,1
171,2015,1
171,2016,1
171,2017,1
172,2010,1
172,2011,1
172,2012,1
172,2013,1
172,2014,1
172,2015,1
172,2016,1
172,2017,1
173,2010,1
173,2011,1
173,2012,1
173,2013,1
173,2014,1
173,2015,1
173,2016,1
173,2017,1
174,2010,1
174,2011,1
174,2012,1
174,2013,1
174,2014,1
174,2015,1
174,2016,1
174,2017,1
175,2010,1
175,2011,1
175,2012,1
175,2013,1
175,2014,1
175,2015,1
175,2016,1
175,2017,1
176,2010,1
176,2011,1
176,2012,1
176,2013,1
176,2014,1
176,2015,1
176,2016,1
176,2017,1
177,2010,1
177,2011,1
177,2012,1
177,2013,1
177,2014,1
177,2015,1
177,2016,1
177,2017,1
178,2010,1
178,2011,1
178,2012,1
178,2013,1
178,2014,1
178,2015,1
178,2016,1
178,2017,1
179,2010,1
179,2011,1
179,2012,1
179,2013,1
179,2014,1
179,2015,1
179,2016,1
179,2017,1
180,2010,1
180,2011,1
180,2012,1
180,2013,1
180,2014,1
180,2015,1
180,2016,1
180,2017,1
181,2010,1
181,2011,1
181,2012,1
181,2013,1
181,2014,1
181,2015,1
181,2016,1
181,2017,1
182,2010,1
182,2011,1
182,2012,1
182,2013,1
182,2014,1
182,2015,1
182,2016,1
182,2017,1
183,2010,1
183,2011,1
183,2012,1
183,2013,1
183,2014,1
183,2015,1
183,2016,1
183,2017,1
184,2010,1
184,2011,1
184,2012,1
184,2013,1
184,2014,1
184,2015,1
184,2016,1
184,2017,1
185,2010,1
185,2011,1
185,2012,1
185,2013,1
185,2014,1
185,2015,1
185,2016,1
185,2017,1
186,2010,1
186,2011,1
186,2012,1
186,2013,1
186,2014,1
186,2015,1
186,2016,1
186,2017,1
187,2010,1
187,2011,1
187,2012,1
187,2013,1
187,2014,1
187,2015,1
187,2016,1
187,2017,1
188,2010,1
188,2011,1
188,2012,1
188,2013,1
188,2014,1
188,2015,1
188,2016,1
188,2017,1
189,2010,1
189,2011,1
189,2012,1
189,2013,1
189,2014,1
189,2015,1
189,2016,1
189,2017,1
190,2010,1
190,2011,1
190,2012,1
190,2013,1
190,2014,1
190,2015,1
190,2016,1
190,2017,1
191,2010,1
191,2011,1
191,2012,1
191,2013,1
191,2014,1
191,2015,1
191,2016,1
191,2017,1
192,2010,0
192,2011,0
192,2012,0
192,2013,0
192,2014,1
192,2015,1
192,2016,1
192,2017,1
193,2010,1
193,2011,1
193,2012,1
193,2013,1
193,2014,1
193,2015,1
193,2016,1
193,2017,1
194,2010,1
194,2011,1
194,2012,1
194,2013,1
194,2014,1
194,2015,1
194,2016,1
194,2017,1
195,2010,1
195,2011,1
195,2012,1
195,2013,1
195,2014,1
195,2015,1
195,2016,1
195,2017,1
196,2010,1
196,2011,1
196,2012,1
196,2013,1
196,2014,1
196,2015,1
196,2016,1
196,2017,1
197,2010,1
197,2011,1
197,2012,1
197,2013,1
197,2014,1
197,2015,1
197,2016,1
197,2017,1
198,2010,1
198,2011,1
198,2012,1
198,2013,1
198,2014,1
198,2015,1
198,2016,1
198,2017,1
199,2010,1
199,2011,1
199,2012,1
199,2013,1
199,2014,1
199,2015,1
199,2016,1
199,2017,1
200,2010,0
200,2011,0
200,2012,0
200,2013,1
200,2014,1
200,2015,1
200,2016,1
200,2017,1
201,2010,0
201,2011,0
201,2012,0
201,2013,0
201,2014,0
201,2015,0
201,2016,0
201,2017,0
202,2010,1
202,2011,1
202,2012,1
202,2013,1
202,2014,1
202,2015,1
202,2016,1
202,2017,1
203,2010,1
203,2011,1
203,2012,1
203,2013,1
203,2014,1
203,2015,1
203,2016,1
203,2017,1
204,2010,1
204,2011,1
204,2012,1
204,2013,1
204,2014,1
204,2015,1
204,2016,1
204,2017,1
205,2010,1
205,2011,1
205,2012,1
205,2013,1
205,2014,1
205,2015,1
205,2016,1
205,2017,1
206,2010,1
206,2011,1
206,2012,1
206,2013,1
206,2014,1
206,2015,1
206,2016,1
206,2017,1
207,2010,1
207,2011,1
207,2012,1
207,2013,1
207,2014,1
207,2015,1
207,2016,1
207,2017,1
208,2010,1
208,2011,1
208,2012,1
208,2013,1
208,2014,1
208,2015,1
208,2016,1
208,2017,1
209,2010,1
209,2011,1
209,2012,1
209,2013,1
209,2014,1
209,2015,1
209,2016,1
209,2017,1
210,2010,1
210,2011,1
210,2012,1
210,2013,1
210,2014,1
210,2015,1
210,2016,1
210,2017,1
211,2010,0
211,2011,0
211,2012,0
211,2013,0
211,2014,0
211,2015,0
211,2016,0
211,2017,0
212,2010,0
212,2011,0
212,2012,0
212,2013,0
212,2014,0
212,2015,0
212,2016,0
212,2017,0
213,2010,0
213,2011,0
213,2012,0
213,2013,0
213,2014,0
213,2015,0
213,2016,0
213,2017,0
214,2010,1
214,2011,1
214,2012,1
214,2013,1
214,2014,1
214,2015,1
214,2016,1
214,2017,1
215,2010,1
215,2011,1
215,2012,1
215,2013,1
215,2014,1
215,2015,1
215,2016,1
215,2017,1
216,2010,1
216,2011,1
216,2012,1
216,2013,1
216,2014,1
216,2015,1
216,2016,1
216,2017,1
217,2010,0
217,2011,0
217,2012,0
217,2013,0
217,2014,0
217,2015,0
217,2016,0
217,2017,0
218,2010,1
218,2011,1
218,2012,1
218,2013,1
218,2014,1
218,2015,1
218,2016,1
218,2017,1
219,2010,1
219,2011,1
219,2012,1
219,2013,1
219,2014,1
219,2015,1
219,2016,1
219,2017,1
220,2010,1
220,2011,1
220,2012,1
220,2013,1
220,2014,1
220,2015,1
220,2016,1
220,2017,1
221,2010,1
221,2011,1
221,2012,1
221,2013,1
221,2014,1
221,2015,1
221,2016,1
221,2017,1
222,2010,1
222,2011,1
222,2012,1
222,2013,1
222,2014,1
222,2015,1
222,2016,1
222,2017,1
223,2010,1
223,2011,1
223,2012,1
223,2013,1
223,2014,1
223,2015,1
223,2016,1
223,2017,1
224,2010,1
224,2011,1
224,2012,1
224,2013,1
224,2014,1
224,2015,1
224,2016,1
224,2017,1
225,2010,0
225,2011,0
225,2012,0
225,2013,0
225,2014,0
225,2015,0
225,2016,0
225,2017,0
226,2010,0
226,2011,0
226,2012,0
226,2013,0
226,2014,0
226,2015,0
226,2016,0
226,2017,0
227,2010,1
227,2011,1
227,2012,1
227,2013,1
227,2014,1
227,2015,1
227,2016,1
227,2017,1
228,2010,1
228,2011,1
228,2012,1
228,2013,1
228,2014,1
228,2015,1
228,2016,1
228,2017,1
229,2010,0
229,2011,0
229,2012,0
229,2013,0
229,2014,0
229,2015,0
229,2016,0
229,2017,0
230,2010,0
230,2011,0
230,2012,0
230,2013,0
230,2014,0
230,2015,0
230,2016,0
230,2017,0
231,2010,0
231,2011,0
231,2012,0
231,2013,0
231,2014,0
231,2015,0
231,2016,0
231,2017,0
232,2010,1
232,2011,1
232,2012,1
232,2013,1
232,2014,1
232,2015,1
232,2016,1
232,2017,1
233,2010,0
233,2011,0
233,2012,0
233,2013,0
233,2014,0
233,2015,0
233,2016,0
233,2017,0
234,2010,0
234,2011,0
234,2012,0
234,2013,0
234,2014,0
234,2015,0
234,2016,0
234,2017,0
235,2010,0
235,2011,0
235,2012,0
235,2013,0
235,2014,0
235,2015,0
235,2016,0
235,2017,0
236,2010,0
236,2011,0
236,2012,0
236,2013,0
236,2014,0
236,2015,0
236,2016,0
236,2017,0
237,2010,0
237,2011,0
237,2012,0
237,2013,0
237,2014,0
237,2015,0
237,2016,0
237,2017,0
238,2010,0
238,2011,0
238,2012,0
238,2013,0
238,2014,0
238,2015,0
238,2016,0
238,2017,0
239,2010,0
239,2011,0
239,2012,0
239,2013,0
239,2014,0
239,2015,0
239,2016,0
239,2017,0
240,2010,0
240,2011,0
240,2012,0
240,2013,0
240,2014,0
240,2015,0
240,2016,0
240,2017,0
241,2010,0
241,2011,0
241,2012,0
241,2013,0
241,2014,0
241,2015,0
241,2016,0
241,2017,0
242,2010,0
242,2011,0
242,2012,0
242,2013,0
242,2014,0
242,2015,0
242,2016,0
242,2017,0
243,2010,0
243,2011,0
243,2012,0
243,2013,0
243,2014,0
243,2015,0
243,2016,0
243,2017,0
244,2010,1
244,2011,1
244,2012,1
244,2013,1
244,2014,1
244,2015,1
244,2016,1
244,2017,1
245,2010,1
245,2011,1
245,2012,1
245,2013,1
245,2014,1
245,2015,1
245,2016,1
245,2017,1
246,2010,0
246,2011,0
246,2012,0
246,2013,0
246,2014,0
246,2015,0
246,2016,0
246,2017,0
247,2010,1
247,2011,1
247,2012,1
247,2013,1
247,2014,1
247,2015,1
247,2016,1
247,2017,1
248,2010,1
248,2011,1
248,2012,1
248,2013,1
248,2014,1
248,2015,1
248,2016,1
248,2017,1
249,2010,1
249,2011,1
249,2012,1
249,2013,1
249,2014,1
249,2015,1
249,2016,1
249,2017,1
250,2010,1
250,2011,1
250,2012,1
250,2013,1
250,2014,1
250,2015,1
250,2016,1
250,2017,1
