"rgn_id","year","habitat","health"
1,2010,"soft_bottom",0.854759536818459
2,2010,"soft_bottom",0.812321813361908
3,2010,"soft_bottom",0.833262768998528
4,2010,"soft_bottom",0.82211160138046
5,2010,"soft_bottom",0.972326075794757
6,2010,"soft_bottom",1
7,2010,"soft_bottom",0.94060063564873
8,2010,"soft_bottom",0.987631533403994
9,2010,"soft_bottom",0.943276356047146
10,2010,"soft_bottom",0.994226682050596
11,2010,"soft_bottom",0.99980511751502
12,2010,"soft_bottom",1
13,2010,"soft_bottom",0.771216678569755
14,2010,"soft_bottom",0.76702828152095
15,2010,"soft_bottom",0.516575347081041
16,2010,"soft_bottom",0.798818456190301
17,2010,"soft_bottom",0.907528461242982
18,2010,"soft_bottom",0.991101506696646
19,2010,"soft_bottom",0.995343421388176
20,2010,"soft_bottom",0.815934132070509
21,2010,"soft_bottom",0.619640922945016
24,2010,"soft_bottom",0.133698870229909
25,2010,"soft_bottom",0.21545666779502
26,2010,"soft_bottom",0.254230573979473
28,2010,"soft_bottom",0.969137522495082
29,2010,"soft_bottom",0.967735036868673
30,2010,"soft_bottom",0.906643399824154
31,2010,"soft_bottom",1
32,2010,"soft_bottom",0.600482574752473
33,2010,"soft_bottom",0.507907376194803
34,2010,"soft_bottom",0.537407987999369
35,2010,"soft_bottom",0.771446857565641
36,2010,"soft_bottom",0.913818141070923
37,2010,"soft_bottom",0.97017132871298
38,2010,"soft_bottom",0.975922516126946
39,2010,"soft_bottom",0.933318895925182
40,2010,"soft_bottom",0.901387393198529
41,2010,"soft_bottom",0.292875653139071
42,2010,"soft_bottom",0.555482171081199
43,2010,"soft_bottom",1
44,2010,"soft_bottom",0.984960282660091
45,2010,"soft_bottom",0.990565672154642
46,2010,"soft_bottom",0.892877201549709
47,2010,"soft_bottom",0.925377188589814
48,2010,"soft_bottom",0.962724025536628
49,2010,"soft_bottom",0.995079458628915
50,2010,"soft_bottom",0.933391923266119
51,2010,"soft_bottom",1
52,2010,"soft_bottom",0.909309194030532
53,2010,"soft_bottom",0.177610109206256
54,2010,"soft_bottom",1
55,2010,"soft_bottom",0.757346332798049
56,2010,"soft_bottom",0.914808962504855
57,2010,"soft_bottom",0.868778646025036
58,2010,"soft_bottom",0.638168741511382
59,2010,"soft_bottom",0.396737262606621
60,2010,"soft_bottom",1
61,2010,"soft_bottom",0.656784094002937
62,2010,"soft_bottom",0.428299797802589
63,2010,"soft_bottom",0.785653421585882
64,2010,"soft_bottom",0.385242734467443
65,2010,"soft_bottom",0.461760692693749
66,2010,"soft_bottom",0.514259159225486
67,2010,"soft_bottom",0.81644072339965
68,2010,"soft_bottom",0.486533067798872
69,2010,"soft_bottom",0.448930422743533
70,2010,"soft_bottom",0.553114975376107
71,2010,"soft_bottom",0.862072174328224
72,2010,"soft_bottom",0.552801713018387
73,2010,"soft_bottom",0.706755518918331
74,2010,"soft_bottom",0.591592037286915
75,2010,"soft_bottom",0.507518674253285
76,2010,"soft_bottom",0.764253421746008
77,2010,"soft_bottom",0.890646456142089
78,2010,"soft_bottom",0.75399685496914
79,2010,"soft_bottom",0.764463517993484
80,2010,"soft_bottom",0.57475623356697
81,2010,"soft_bottom",0.725860563525149
82,2010,"soft_bottom",0.534601041378866
84,2010,"soft_bottom",0.299878509574466
85,2010,"soft_bottom",0.903284291107776
86,2010,"soft_bottom",0.926996924676344
88,2010,"soft_bottom",0.849998169621268
89,2010,"soft_bottom",1
90,2010,"soft_bottom",0.882626533284312
91,2010,"soft_bottom",0.970578242946119
92,2010,"soft_bottom",0.901603041881305
93,2010,"soft_bottom",0.835816009394005
94,2010,"soft_bottom",0.784298370066683
95,2010,"soft_bottom",0.94290406790848
96,2010,"soft_bottom",0.712032188123877
97,2010,"soft_bottom",0.864171174772648
98,2010,"soft_bottom",0.948717948717949
99,2010,"soft_bottom",1
100,2010,"soft_bottom",0.746252346009672
101,2010,"soft_bottom",0.790577090435873
102,2010,"soft_bottom",0.792148461621757
103,2010,"soft_bottom",0.957218521120706
104,2010,"soft_bottom",0.849583667838903
105,2010,"soft_bottom",1
106,2010,"soft_bottom",0.227831689910484
107,2010,"soft_bottom",0.839937891513282
108,2010,"soft_bottom",0.82957350565566
110,2010,"soft_bottom",0.960338413715363
111,2010,"soft_bottom",0.948685761685197
112,2010,"soft_bottom",0.946713526326951
113,2010,"soft_bottom",0.928467855959379
114,2010,"soft_bottom",0.990840772616452
115,2010,"soft_bottom",0.996985537067948
116,2010,"soft_bottom",0.71089194103086
117,2010,"soft_bottom",0.937556139436128
118,2010,"soft_bottom",0.94880929929547
119,2010,"soft_bottom",0.916298111795254
120,2010,"soft_bottom",0.97694302925275
121,2010,"soft_bottom",0.99627567316095
122,2010,"soft_bottom",0.795346471695056
123,2010,"soft_bottom",0.980838255301632
124,2010,"soft_bottom",0.967398776065045
125,2010,"soft_bottom",0.932787874748952
126,2010,"soft_bottom",0.978928688364898
127,2010,"soft_bottom",0.849214548178732
129,2010,"soft_bottom",0.992092293111166
130,2010,"soft_bottom",0.99985427472218
131,2010,"soft_bottom",0.978707974480813
132,2010,"soft_bottom",0.999961979698252
133,2010,"soft_bottom",0.977435865931259
134,2010,"soft_bottom",0.932624123861538
135,2010,"soft_bottom",0.979422679632485
136,2010,"soft_bottom",0.909665669489624
137,2010,"soft_bottom",0.655955727445026
138,2010,"soft_bottom",0.888643172585431
139,2010,"soft_bottom",0.930302353105113
140,2010,"soft_bottom",0.974091426967435
141,2010,"soft_bottom",0.962352866660161
143,2010,"soft_bottom",0.964768501790724
144,2010,"soft_bottom",0.998963034863836
145,2010,"soft_bottom",0.92196556663823
146,2010,"soft_bottom",0.968961712832799
147,2010,"soft_bottom",0.99214371167271
148,2010,"soft_bottom",0.9845160293956
149,2010,"soft_bottom",0.779094007434232
150,2010,"soft_bottom",0.727304889566712
151,2010,"soft_bottom",0.732479688523727
152,2010,"soft_bottom",0.935851996732507
153,2010,"soft_bottom",0.99736296389304
154,2010,"soft_bottom",0.937681742117065
155,2010,"soft_bottom",0.994605994615951
156,2010,"soft_bottom",0.981773581120136
157,2010,"soft_bottom",0.941030278733656
158,2010,"soft_bottom",0.752653542383649
159,2010,"soft_bottom",0.782227201349445
161,2010,"soft_bottom",0.997724627443239
162,2010,"soft_bottom",0.998446201115581
163,2010,"soft_bottom",0.761568077480188
164,2010,"soft_bottom",0.94721467965222
166,2010,"soft_bottom",0.993526569689424
167,2010,"soft_bottom",0.752695418026468
168,2010,"soft_bottom",0.768260437263798
169,2010,"soft_bottom",0.971873078155621
171,2010,"soft_bottom",0.936803986373529
172,2010,"soft_bottom",0.578582062062605
173,2010,"soft_bottom",0.966284296431986
174,2010,"soft_bottom",0.668780616135577
175,2010,"soft_bottom",0.401231856462673
176,2010,"soft_bottom",0.363649284464309
177,2010,"soft_bottom",0.397990820393655
178,2010,"soft_bottom",0.381602528581538
179,2010,"soft_bottom",0.559805804548888
180,2010,"soft_bottom",0.56245592893719
181,2010,"soft_bottom",0.579593019849273
182,2010,"soft_bottom",0.533973012435432
183,2010,"soft_bottom",0.630522657024947
184,2010,"soft_bottom",0.486030281190615
185,2010,"soft_bottom",1
186,2010,"soft_bottom",0.573131312088794
187,2010,"soft_bottom",0.537163169503305
188,2010,"soft_bottom",1
189,2010,"soft_bottom",0.399174353709588
190,2010,"soft_bottom",0.979451418608084
191,2010,"soft_bottom",1
192,2010,"soft_bottom",1
193,2010,"soft_bottom",0.60693271791317
194,2010,"soft_bottom",0.742817420644074
195,2010,"soft_bottom",0.865771455635972
196,2010,"soft_bottom",0.813572645943234
197,2010,"soft_bottom",0.329379927309066
198,2010,"soft_bottom",0.791793319178353
199,2010,"soft_bottom",0.679383148509881
200,2010,"soft_bottom",0.292600253589105
202,2010,"soft_bottom",0.999978169745463
203,2010,"soft_bottom",0.196956785818757
204,2010,"soft_bottom",0.502645004709842
205,2010,"soft_bottom",0.451582140808701
206,2010,"soft_bottom",0.727015865175627
207,2010,"soft_bottom",0.285064775192684
208,2010,"soft_bottom",0.791965051243703
209,2010,"soft_bottom",0.238473527080835
210,2010,"soft_bottom",0.934465492151168
212,2010,"soft_bottom",0.921499978906684
213,2010,"soft_bottom",0.998640039877766
214,2010,"soft_bottom",0.866257704613653
215,2010,"soft_bottom",1
216,2010,"soft_bottom",0.547350530096851
218,2010,"soft_bottom",0.765907329216878
219,2010,"soft_bottom",0.789233226365256
220,2010,"soft_bottom",0.916841731717189
221,2010,"soft_bottom",0.886762522919862
222,2010,"soft_bottom",0.529688675959209
223,2010,"soft_bottom",0.840096903540907
224,2010,"soft_bottom",0.994237899666483
227,2010,"soft_bottom",0.397008810192347
228,2010,"soft_bottom",0.376416228711605
231,2010,"soft_bottom",0.669924961157814
237,2010,"soft_bottom",0.529648815040235
244,2010,"soft_bottom",0.978785470858015
245,2010,"soft_bottom",0.965453387390989
247,2010,"soft_bottom",0.954852684912153
248,2010,"soft_bottom",0.947079484568948
249,2010,"soft_bottom",0.916274629209353
250,2010,"soft_bottom",0.987958466522952
255,2010,"soft_bottom",0.724955188285102
260,2010,"soft_bottom",0.996474887407814
261,2010,"soft_bottom",0.954835929406414
262,2010,"soft_bottom",0.981342380952338
263,2010,"soft_bottom",0.987576138942629
264,2010,"soft_bottom",0.969009869952328
266,2010,"soft_bottom",0.987201204102314
267,2010,"soft_bottom",0.988354834983018
269,2010,"soft_bottom",0.975305732725585
270,2010,"soft_bottom",0.973841832826049
272,2010,"soft_bottom",0.98199803414719
273,2010,"soft_bottom",0.982177314475867
274,2010,"soft_bottom",0.982267539825215
275,2010,"soft_bottom",0.988573242256321
276,2010,"soft_bottom",0.994661645072279
277,2010,"soft_bottom",0.994056040951895
1,2011,"soft_bottom",0.906798494762224
2,2011,"soft_bottom",0.76450600282229
3,2011,"soft_bottom",0.829780820045739
4,2011,"soft_bottom",0.808970215848716
5,2011,"soft_bottom",0.971768715848239
6,2011,"soft_bottom",0.99997427935153
7,2011,"soft_bottom",0.998179324994822
8,2011,"soft_bottom",0.984519907029775
9,2011,"soft_bottom",0.83845015039325
10,2011,"soft_bottom",0.979808080052394
11,2011,"soft_bottom",0.971341445106766
12,2011,"soft_bottom",1
13,2011,"soft_bottom",0.886763126209177
14,2011,"soft_bottom",0.758429067165921
15,2011,"soft_bottom",0.651183224171214
16,2011,"soft_bottom",0.779440138073824
17,2011,"soft_bottom",0.946207107565144
18,2011,"soft_bottom",0.99869075226689
19,2011,"soft_bottom",0.996174108516327
20,2011,"soft_bottom",0.765607781204558
21,2011,"soft_bottom",0.581627312335809
24,2011,"soft_bottom",0.155900841622841
25,2011,"soft_bottom",0.225430815539485
26,2011,"soft_bottom",0.285665656374437
28,2011,"soft_bottom",0.96473995815048
29,2011,"soft_bottom",0.971968451473579
30,2011,"soft_bottom",0.902952384696976
31,2011,"soft_bottom",1
32,2011,"soft_bottom",0.600137677383197
33,2011,"soft_bottom",0.512967860899292
34,2011,"soft_bottom",0.558094194047367
35,2011,"soft_bottom",0.805584057462215
36,2011,"soft_bottom",0.913790583830885
37,2011,"soft_bottom",0.999630457790299
38,2011,"soft_bottom",1
39,2011,"soft_bottom",0.923561393623069
40,2011,"soft_bottom",0.861866180467888
41,2011,"soft_bottom",0.266863229971442
42,2011,"soft_bottom",0.511083223735654
43,2011,"soft_bottom",1
44,2011,"soft_bottom",0.993135952659395
45,2011,"soft_bottom",0.968514405596242
46,2011,"soft_bottom",0.829159288074483
47,2011,"soft_bottom",0.9503146681034
48,2011,"soft_bottom",0.939144974524821
49,2011,"soft_bottom",0.981237046802112
50,2011,"soft_bottom",0.904581761462676
51,2011,"soft_bottom",1
52,2011,"soft_bottom",1
53,2011,"soft_bottom",0.17937020211107
54,2011,"soft_bottom",1
55,2011,"soft_bottom",0.755104387940407
56,2011,"soft_bottom",0.780197600692037
57,2011,"soft_bottom",0.878444640780313
58,2011,"soft_bottom",0.633727462253199
59,2011,"soft_bottom",0.40929718464613
60,2011,"soft_bottom",1
61,2011,"soft_bottom",0.736915816585889
62,2011,"soft_bottom",0.471742521536956
63,2011,"soft_bottom",0.791340287751663
64,2011,"soft_bottom",0.386376963036908
65,2011,"soft_bottom",0.434031895715363
66,2011,"soft_bottom",0.46973241197527
67,2011,"soft_bottom",0.854261934852936
68,2011,"soft_bottom",0.480463632308751
69,2011,"soft_bottom",0.44410825657696
70,2011,"soft_bottom",0.548582419335285
71,2011,"soft_bottom",0.839545051879389
72,2011,"soft_bottom",0.572596538048061
73,2011,"soft_bottom",0.708563719890353
74,2011,"soft_bottom",0.588769680774603
75,2011,"soft_bottom",0.528859700810473
76,2011,"soft_bottom",0.763866591669427
77,2011,"soft_bottom",0.895942165117179
78,2011,"soft_bottom",0.773720951870157
79,2011,"soft_bottom",0.799874844310218
80,2011,"soft_bottom",0.582365007770593
81,2011,"soft_bottom",0.744092333219717
82,2011,"soft_bottom",0.724269939287928
84,2011,"soft_bottom",0.31110583141998
85,2011,"soft_bottom",0.980027713605325
86,2011,"soft_bottom",0.999478647221623
88,2011,"soft_bottom",0.939084411263649
89,2011,"soft_bottom",1
90,2011,"soft_bottom",0.946107106072679
91,2011,"soft_bottom",0.961834374313943
92,2011,"soft_bottom",0.855362509831526
93,2011,"soft_bottom",0.827997948064495
94,2011,"soft_bottom",0.788808130987169
95,2011,"soft_bottom",0.942975281966208
96,2011,"soft_bottom",0.719438655245348
97,2011,"soft_bottom",0.860172560879315
98,2011,"soft_bottom",0.948717948717949
99,2011,"soft_bottom",1
100,2011,"soft_bottom",0.80621429949926
101,2011,"soft_bottom",0.973745445277909
102,2011,"soft_bottom",0.856035740896867
103,2011,"soft_bottom",0.974176660523397
104,2011,"soft_bottom",0.905177192138322
105,2011,"soft_bottom",1
106,2011,"soft_bottom",0.229627613887827
107,2011,"soft_bottom",0.913083505760938
108,2011,"soft_bottom",0.841689522522921
110,2011,"soft_bottom",0.957119705637226
111,2011,"soft_bottom",0.983608293640322
112,2011,"soft_bottom",0.888284044739083
113,2011,"soft_bottom",0.966913869460466
114,2011,"soft_bottom",0.997787223526516
115,2011,"soft_bottom",0.988731763962176
116,2011,"soft_bottom",0.69374072569318
117,2011,"soft_bottom",0.976137089901823
118,2011,"soft_bottom",0.993195115247171
119,2011,"soft_bottom",0.987401846198822
120,2011,"soft_bottom",0.994973854129833
121,2011,"soft_bottom",0.998613990445932
122,2011,"soft_bottom",0.784429946116039
123,2011,"soft_bottom",0.986514675392416
124,2011,"soft_bottom",0.969539948940595
125,2011,"soft_bottom",0.996922078128097
126,2011,"soft_bottom",1
127,2011,"soft_bottom",0.836096888617293
129,2011,"soft_bottom",0.979497080415004
130,2011,"soft_bottom",0.94886599699064
131,2011,"soft_bottom",0.981370914502339
132,2011,"soft_bottom",0.992536849412904
133,2011,"soft_bottom",0.988794250196494
134,2011,"soft_bottom",0.962367850993951
135,2011,"soft_bottom",0.985651591119405
136,2011,"soft_bottom",0.919057409365412
137,2011,"soft_bottom",0.649879241239963
138,2011,"soft_bottom",0.930253390691302
139,2011,"soft_bottom",0.91054678014893
140,2011,"soft_bottom",0.977005821057827
141,2011,"soft_bottom",0.965953500928274
143,2011,"soft_bottom",0.975317395420388
144,2011,"soft_bottom",0.991179883383112
145,2011,"soft_bottom",0.9445025401548
146,2011,"soft_bottom",0.999874439771329
147,2011,"soft_bottom",0.991151035071047
148,2011,"soft_bottom",0.96772863933422
149,2011,"soft_bottom",0.771853431675716
150,2011,"soft_bottom",0.701530366651756
151,2011,"soft_bottom",0.728805592143724
152,2011,"soft_bottom",0.937984008310905
153,2011,"soft_bottom",0.996841421071217
154,2011,"soft_bottom",0.933610484915091
155,2011,"soft_bottom",0.995892549119888
156,2011,"soft_bottom",0.997174531609903
157,2011,"soft_bottom",0.972326419097895
158,2011,"soft_bottom",0.762197681316014
159,2011,"soft_bottom",0.746137475094949
161,2011,"soft_bottom",0.999187955880702
162,2011,"soft_bottom",0.998973612440129
163,2011,"soft_bottom",0.746727111087671
164,2011,"soft_bottom",0.945774260414885
166,2011,"soft_bottom",0.986011262941109
167,2011,"soft_bottom",0.99064775174272
168,2011,"soft_bottom",0.783811287810731
169,2011,"soft_bottom",0.955005436337805
171,2011,"soft_bottom",0.959097466163014
172,2011,"soft_bottom",0.576694057004349
173,2011,"soft_bottom",0.962959993203877
174,2011,"soft_bottom",0.642228451975878
175,2011,"soft_bottom",0.406810768078256
176,2011,"soft_bottom",0.362481662224436
177,2011,"soft_bottom",0.406614082802959
178,2011,"soft_bottom",0.391057311982001
179,2011,"soft_bottom",0.561667753575994
180,2011,"soft_bottom",0.561369778425041
181,2011,"soft_bottom",0.567064126495011
182,2011,"soft_bottom",0.535947368743786
183,2011,"soft_bottom",0.637842221559503
184,2011,"soft_bottom",0.489123872497349
185,2011,"soft_bottom",1
186,2011,"soft_bottom",0.565019160868174
187,2011,"soft_bottom",0.49736510444653
188,2011,"soft_bottom",1
189,2011,"soft_bottom",0.385515206593734
190,2011,"soft_bottom",0.996921983601033
191,2011,"soft_bottom",1
192,2011,"soft_bottom",1
193,2011,"soft_bottom",0.587754165620323
194,2011,"soft_bottom",0.738905508795181
195,2011,"soft_bottom",0.919350794733673
196,2011,"soft_bottom",0.862058830433998
197,2011,"soft_bottom",0.321062449964217
198,2011,"soft_bottom",0.843687673638235
199,2011,"soft_bottom",0.683894508152173
200,2011,"soft_bottom",0.255851695046366
202,2011,"soft_bottom",0.999981241770812
203,2011,"soft_bottom",0.190409707713584
204,2011,"soft_bottom",0.501776350855707
205,2011,"soft_bottom",0.517349726864786
206,2011,"soft_bottom",0.825747141689191
207,2011,"soft_bottom",0.270822349097162
208,2011,"soft_bottom",1
209,2011,"soft_bottom",0.224271009143679
210,2011,"soft_bottom",0.927195853467783
212,2011,"soft_bottom",0.980007605069721
213,2011,"soft_bottom",0.998734501401272
214,2011,"soft_bottom",0.866049560772244
215,2011,"soft_bottom",1
216,2011,"soft_bottom",0.543769445236172
218,2011,"soft_bottom",0.710714042896984
219,2011,"soft_bottom",0.742163163944356
220,2011,"soft_bottom",0.983205324970186
221,2011,"soft_bottom",0.983717064597402
222,2011,"soft_bottom",0.528122125442101
223,2011,"soft_bottom",0.844098578988657
224,2011,"soft_bottom",0.99400338505372
227,2011,"soft_bottom",0.409549931064248
228,2011,"soft_bottom",0.395061332393776
231,2011,"soft_bottom",0.675915729916949
237,2011,"soft_bottom",0.543307788946011
244,2011,"soft_bottom",0.982145895036189
245,2011,"soft_bottom",0.964136411616606
247,2011,"soft_bottom",0.978186547644156
248,2011,"soft_bottom",0.922992631535422
249,2011,"soft_bottom",0.980177283610987
250,2011,"soft_bottom",0.992271584597653
255,2011,"soft_bottom",0.770133591939777
260,2011,"soft_bottom",0.996886815657699
261,2011,"soft_bottom",0.948398093768158
262,2011,"soft_bottom",0.980111362605781
263,2011,"soft_bottom",0.990756193902228
264,2011,"soft_bottom",0.965889234219416
266,2011,"soft_bottom",0.989101963487026
267,2011,"soft_bottom",0.994410589527396
269,2011,"soft_bottom",0.973491574487277
270,2011,"soft_bottom",0.97160822595918
272,2011,"soft_bottom",0.982297264811475
273,2011,"soft_bottom",0.97876503354045
274,2011,"soft_bottom",0.976137010376491
275,2011,"soft_bottom",0.988627374703134
276,2011,"soft_bottom",0.994953056979933
277,2011,"soft_bottom",0.995081403269397
1,2012,"soft_bottom",0.930801679436313
2,2012,"soft_bottom",0.717810575694898
3,2012,"soft_bottom",0.848836711795349
4,2012,"soft_bottom",0.784814440569966
5,2012,"soft_bottom",0.954137164791759
6,2012,"soft_bottom",0.999646486985265
7,2012,"soft_bottom",0.992629254558585
8,2012,"soft_bottom",0.985272438048922
9,2012,"soft_bottom",0.918037413869642
10,2012,"soft_bottom",0.995339674947617
11,2012,"soft_bottom",0.999606904768919
12,2012,"soft_bottom",1
13,2012,"soft_bottom",0.992924623848355
14,2012,"soft_bottom",0.762535529820961
15,2012,"soft_bottom",0.647771470928835
16,2012,"soft_bottom",0.778299153308382
17,2012,"soft_bottom",0.990460219597795
18,2012,"soft_bottom",0.998479184392616
19,2012,"soft_bottom",0.998419163304085
20,2012,"soft_bottom",0.74076596843523
21,2012,"soft_bottom",0.598339871153425
24,2012,"soft_bottom",0.146437499114848
25,2012,"soft_bottom",0.206602063825575
26,2012,"soft_bottom",0.249512059877274
28,2012,"soft_bottom",0.964372145962396
29,2012,"soft_bottom",0.960703448015206
30,2012,"soft_bottom",0.994411411206132
31,2012,"soft_bottom",1
32,2012,"soft_bottom",0.58969788013757
33,2012,"soft_bottom",0.495310280758601
34,2012,"soft_bottom",0.526946145885298
35,2012,"soft_bottom",0.769751014411449
36,2012,"soft_bottom",0.918169604057305
37,2012,"soft_bottom",0.999603737826736
38,2012,"soft_bottom",1
39,2012,"soft_bottom",0.92344925879184
40,2012,"soft_bottom",0.861281703394314
41,2012,"soft_bottom",0.316979404292902
42,2012,"soft_bottom",0.561858259452619
43,2012,"soft_bottom",1
44,2012,"soft_bottom",1
45,2012,"soft_bottom",0.957074961944104
46,2012,"soft_bottom",0.984674981202592
47,2012,"soft_bottom",0.987515289007741
48,2012,"soft_bottom",0.95024533005071
49,2012,"soft_bottom",1
50,2012,"soft_bottom",0.923296129612265
51,2012,"soft_bottom",0.917542252346134
52,2012,"soft_bottom",0.954894424023398
53,2012,"soft_bottom",0.174626592683709
54,2012,"soft_bottom",1
55,2012,"soft_bottom",0.756025127662124
56,2012,"soft_bottom",0.826896532348395
57,2012,"soft_bottom",0.875411990481298
58,2012,"soft_bottom",0.628499287870365
59,2012,"soft_bottom",0.397047883272171
60,2012,"soft_bottom",1
61,2012,"soft_bottom",0.751721307940545
62,2012,"soft_bottom",0.425005746571487
63,2012,"soft_bottom",0.784823501309068
64,2012,"soft_bottom",0.51968244956789
65,2012,"soft_bottom",0.452959307602474
66,2012,"soft_bottom",0.553171190069954
67,2012,"soft_bottom",0.815659387323758
68,2012,"soft_bottom",0.477135242532483
69,2012,"soft_bottom",0.42285466286995
70,2012,"soft_bottom",0.527552789407913
71,2012,"soft_bottom",0.845402939930274
72,2012,"soft_bottom",0.53358817749219
73,2012,"soft_bottom",0.709311172599174
74,2012,"soft_bottom",0.591665656351652
75,2012,"soft_bottom",0.496989093731022
76,2012,"soft_bottom",0.780453183682643
77,2012,"soft_bottom",0.904360758739391
78,2012,"soft_bottom",0.78588218753928
79,2012,"soft_bottom",0.828993755724434
80,2012,"soft_bottom",0.585239677941536
81,2012,"soft_bottom",0.761624617702516
82,2012,"soft_bottom",0.728920660401119
84,2012,"soft_bottom",0.306633791040491
85,2012,"soft_bottom",0.985248367589434
86,2012,"soft_bottom",0.996136229030233
88,2012,"soft_bottom",0.868378728242397
89,2012,"soft_bottom",1
90,2012,"soft_bottom",1
91,2012,"soft_bottom",0.969620675278597
92,2012,"soft_bottom",0.897743440352102
93,2012,"soft_bottom",0.809395951651094
94,2012,"soft_bottom",0.753547442107017
95,2012,"soft_bottom",0.943738077013582
96,2012,"soft_bottom",0.655199916682513
97,2012,"soft_bottom",0.852754841039915
98,2012,"soft_bottom",0.948717948717949
99,2012,"soft_bottom",1
100,2012,"soft_bottom",0.740414987274953
101,2012,"soft_bottom",0.962079780184781
102,2012,"soft_bottom",0.971988660811102
103,2012,"soft_bottom",0.948297006630616
104,2012,"soft_bottom",0.801760185621176
105,2012,"soft_bottom",1
106,2012,"soft_bottom",0.213389836845029
107,2012,"soft_bottom",0.828345836778436
108,2012,"soft_bottom",0.867910962896598
110,2012,"soft_bottom",0.952931340960409
111,2012,"soft_bottom",0.989951993114523
112,2012,"soft_bottom",0.944090555283066
113,2012,"soft_bottom",0.979661125001036
114,2012,"soft_bottom",0.983951117001274
115,2012,"soft_bottom",0.995977742064021
116,2012,"soft_bottom",0.699610863242811
117,2012,"soft_bottom",0.97062921542189
118,2012,"soft_bottom",0.978590981757623
119,2012,"soft_bottom",0.849429496897841
120,2012,"soft_bottom",0.969604987390201
121,2012,"soft_bottom",0.992732489109039
122,2012,"soft_bottom",0.777982269199739
123,2012,"soft_bottom",0.962356622963501
124,2012,"soft_bottom",0.965005009195967
125,2012,"soft_bottom",0.967871173593028
126,2012,"soft_bottom",0.995272748855734
127,2012,"soft_bottom",0.842979645524939
129,2012,"soft_bottom",0.989980196282139
130,2012,"soft_bottom",0.998316239438063
131,2012,"soft_bottom",0.967624862525567
132,2012,"soft_bottom",0.976949293853257
133,2012,"soft_bottom",0.967831810211509
134,2012,"soft_bottom",0.918958936254069
135,2012,"soft_bottom",0.982254836487701
136,2012,"soft_bottom",0.91778898757004
137,2012,"soft_bottom",0.649550232521486
138,2012,"soft_bottom",0.985927471183556
139,2012,"soft_bottom",0.958360822604915
140,2012,"soft_bottom",0.958662158461265
141,2012,"soft_bottom",0.953436773321476
143,2012,"soft_bottom",0.983461731951409
144,2012,"soft_bottom",0.999936282267309
145,2012,"soft_bottom",0.938429357817348
146,2012,"soft_bottom",0.999043373407182
147,2012,"soft_bottom",0.983325458576196
148,2012,"soft_bottom",0.985618300619153
149,2012,"soft_bottom",0.73807444465495
150,2012,"soft_bottom",0.691835442364658
151,2012,"soft_bottom",0.764952691824069
152,2012,"soft_bottom",0.936286857130463
153,2012,"soft_bottom",0.996794508343337
154,2012,"soft_bottom",0.9481320208321
155,2012,"soft_bottom",0.996212177131348
156,2012,"soft_bottom",1
157,2012,"soft_bottom",0.97437821996
158,2012,"soft_bottom",0.606858412013657
159,2012,"soft_bottom",0.791077873960945
161,2012,"soft_bottom",0.998460323988195
162,2012,"soft_bottom",0.998668596991323
163,2012,"soft_bottom",0.750401073620575
164,2012,"soft_bottom",0.950117915984872
166,2012,"soft_bottom",0.998462432212153
167,2012,"soft_bottom",0.785026376199147
168,2012,"soft_bottom",0.777751601657583
169,2012,"soft_bottom",0.97358499840441
171,2012,"soft_bottom",0.941293029255775
172,2012,"soft_bottom",0.581250853571686
173,2012,"soft_bottom",0.980315176430052
174,2012,"soft_bottom",0.649851417504482
175,2012,"soft_bottom",0.410376763877142
176,2012,"soft_bottom",0.373804842067444
177,2012,"soft_bottom",0.418334612325833
178,2012,"soft_bottom",0.387676875415672
179,2012,"soft_bottom",0.567633373480537
180,2012,"soft_bottom",0.5663727055362
181,2012,"soft_bottom",0.558528724540157
182,2012,"soft_bottom",0.548017390579603
183,2012,"soft_bottom",0.64844312565093
184,2012,"soft_bottom",0.486811999159458
185,2012,"soft_bottom",1
186,2012,"soft_bottom",0.571863335299205
187,2012,"soft_bottom",0.49802468749593
188,2012,"soft_bottom",1
189,2012,"soft_bottom",0.353847271662492
190,2012,"soft_bottom",0.985797102809295
191,2012,"soft_bottom",1
192,2012,"soft_bottom",1
193,2012,"soft_bottom",0.59067958624989
194,2012,"soft_bottom",0.683933144033798
195,2012,"soft_bottom",0.851929887181206
196,2012,"soft_bottom",0.811987723191086
197,2012,"soft_bottom",0.31627347957285
198,2012,"soft_bottom",0.771046686147429
199,2012,"soft_bottom",0.650705809737074
200,2012,"soft_bottom",0.281160750919209
202,2012,"soft_bottom",0.999973165520888
203,2012,"soft_bottom",0.189579421137719
204,2012,"soft_bottom",0.565872369452514
205,2012,"soft_bottom",0.453933178234582
206,2012,"soft_bottom",0.762543309692403
207,2012,"soft_bottom",0.263030410926616
208,2012,"soft_bottom",0.925370665887992
209,2012,"soft_bottom",0.22722039679571
210,2012,"soft_bottom",0.937501133296846
212,2012,"soft_bottom",0.997859394462041
213,2012,"soft_bottom",0.998826582110184
214,2012,"soft_bottom",0.882036841021487
215,2012,"soft_bottom",1
216,2012,"soft_bottom",0.556181437380378
218,2012,"soft_bottom",0.678844286021138
219,2012,"soft_bottom",0.708764721467657
220,2012,"soft_bottom",0.875611804425716
221,2012,"soft_bottom",0.840003822826677
222,2012,"soft_bottom",0.530843881111698
223,2012,"soft_bottom",0.877075611690472
224,2012,"soft_bottom",0.997048039301589
227,2012,"soft_bottom",0.411380965262651
228,2012,"soft_bottom",0.384239721704613
231,2012,"soft_bottom",0.680743342527892
237,2012,"soft_bottom",0.545659508970049
244,2012,"soft_bottom",0.996538892891761
245,2012,"soft_bottom",0.99394736742017
247,2012,"soft_bottom",0.996168460052713
248,2012,"soft_bottom",0.88843248515053
249,2012,"soft_bottom",0.824102239764255
250,2012,"soft_bottom",1
255,2012,"soft_bottom",0.770899143607031
260,2012,"soft_bottom",0.996858590626787
261,2012,"soft_bottom",0.943398472184106
262,2012,"soft_bottom",0.980436159199249
263,2012,"soft_bottom",0.989322139919306
264,2012,"soft_bottom",0.96539818243446
266,2012,"soft_bottom",0.988152847298551
267,2012,"soft_bottom",0.996563521598323
269,2012,"soft_bottom",0.980624184386398
270,2012,"soft_bottom",0.973794810033917
272,2012,"soft_bottom",0.983226367846228
273,2012,"soft_bottom",0.983492125798619
274,2012,"soft_bottom",0.98391679741428
275,2012,"soft_bottom",0.987646438396392
276,2012,"soft_bottom",0.993985654407724
277,2012,"soft_bottom",0.99537100448168
1,2013,"soft_bottom",0.930625833165462
2,2013,"soft_bottom",0.721212643136278
3,2013,"soft_bottom",0.826265814744623
4,2013,"soft_bottom",0.793539891227011
5,2013,"soft_bottom",0.972498751554415
6,2013,"soft_bottom",0.999980331126132
7,2013,"soft_bottom",0.991296870376229
8,2013,"soft_bottom",0.985939236403103
9,2013,"soft_bottom",0.91235546920523
10,2013,"soft_bottom",0.995635018641692
11,2013,"soft_bottom",0.999620051300999
12,2013,"soft_bottom",1
13,2013,"soft_bottom",0.762820862518636
14,2013,"soft_bottom",0.757627777447412
15,2013,"soft_bottom",0.483625413103653
16,2013,"soft_bottom",0.787935973116659
17,2013,"soft_bottom",0.823803580261267
18,2013,"soft_bottom",0.998936237617111
19,2013,"soft_bottom",0.989122998835086
20,2013,"soft_bottom",0.892631557101494
21,2013,"soft_bottom",0.571757558317985
24,2013,"soft_bottom",0.161790558906991
25,2013,"soft_bottom",0.16945382938914
26,2013,"soft_bottom",0.21567150167292
28,2013,"soft_bottom",0.948651173343674
29,2013,"soft_bottom",0.941078239391688
30,2013,"soft_bottom",0.896185316672744
31,2013,"soft_bottom",1
32,2013,"soft_bottom",0.982366719728784
33,2013,"soft_bottom",0.49600011915064
34,2013,"soft_bottom",0.532714906545131
35,2013,"soft_bottom",0.775815981888771
36,2013,"soft_bottom",0.910682737584916
37,2013,"soft_bottom",1
38,2013,"soft_bottom",1
39,2013,"soft_bottom",0.923778163657374
40,2013,"soft_bottom",0.860657170409404
41,2013,"soft_bottom",0.249189570004643
42,2013,"soft_bottom",0.426896716352009
43,2013,"soft_bottom",1
44,2013,"soft_bottom",0.988081081418922
45,2013,"soft_bottom",0.965211684815586
46,2013,"soft_bottom",0.917951777154072
47,2013,"soft_bottom",0.939734541561516
48,2013,"soft_bottom",0.960512554285246
49,2013,"soft_bottom",0.958919255123878
50,2013,"soft_bottom",0.894913179388945
51,2013,"soft_bottom",0.925399400927919
52,2013,"soft_bottom",0.833171594394259
53,2013,"soft_bottom",0.172703816703865
54,2013,"soft_bottom",0.95592799992067
55,2013,"soft_bottom",0.750873592387037
56,2013,"soft_bottom",0.77611201185205
57,2013,"soft_bottom",0.876134192278278
58,2013,"soft_bottom",0.634423551842715
59,2013,"soft_bottom",0.410543686151504
60,2013,"soft_bottom",1
61,2013,"soft_bottom",0.674331580082326
62,2013,"soft_bottom",0.45623762315162
63,2013,"soft_bottom",0.783585633133879
64,2013,"soft_bottom",0.387065498396514
65,2013,"soft_bottom",0.410153073923928
66,2013,"soft_bottom",0.433623474521307
67,2013,"soft_bottom",0.858426856813837
68,2013,"soft_bottom",0.40571048668177
69,2013,"soft_bottom",0.454472961362649
70,2013,"soft_bottom",0.52759996202783
71,2013,"soft_bottom",0.832648714816538
72,2013,"soft_bottom",0.541256526855264
73,2013,"soft_bottom",0.711037762757397
74,2013,"soft_bottom",0.594208464270732
75,2013,"soft_bottom",0.508884321458466
76,2013,"soft_bottom",0.772329175723326
77,2013,"soft_bottom",0.917671753426215
78,2013,"soft_bottom",0.789948851439019
79,2013,"soft_bottom",0.798886775409114
80,2013,"soft_bottom",0.588059120691544
81,2013,"soft_bottom",0.757852135507458
82,2013,"soft_bottom",0.553810177982308
84,2013,"soft_bottom",0.310436324123983
85,2013,"soft_bottom",0.80764032753997
86,2013,"soft_bottom",0.997867501377327
88,2013,"soft_bottom",0.825256036250085
89,2013,"soft_bottom",1
90,2013,"soft_bottom",1
91,2013,"soft_bottom",0.947779067121583
92,2013,"soft_bottom",0.857767595112308
93,2013,"soft_bottom",0.81566244032647
94,2013,"soft_bottom",0.77657304813599
95,2013,"soft_bottom",0.944013428497425
96,2013,"soft_bottom",0.715487557591221
97,2013,"soft_bottom",0.823627739693539
98,2013,"soft_bottom",0.948717948717949
99,2013,"soft_bottom",1
100,2013,"soft_bottom",0.773204571005039
101,2013,"soft_bottom",0.94807065308366
102,2013,"soft_bottom",0.972054291229135
103,2013,"soft_bottom",0.915533375822047
104,2013,"soft_bottom",0.900903161863366
105,2013,"soft_bottom",1
106,2013,"soft_bottom",0.241438064814348
107,2013,"soft_bottom",0.809887801214345
108,2013,"soft_bottom",0.801682012914385
110,2013,"soft_bottom",0.961922325617784
111,2013,"soft_bottom",0.989117144730581
112,2013,"soft_bottom",0.900822672023707
113,2013,"soft_bottom",0.95330340819856
114,2013,"soft_bottom",0.994617369742457
115,2013,"soft_bottom",0.996485249998349
116,2013,"soft_bottom",0.711584134117391
117,2013,"soft_bottom",0.971300186395238
118,2013,"soft_bottom",0.981649889797174
119,2013,"soft_bottom",0.859192765546295
120,2013,"soft_bottom",0.977169900820703
121,2013,"soft_bottom",0.994174153159062
122,2013,"soft_bottom",0.774757910033931
123,2013,"soft_bottom",0.973338681273162
124,2013,"soft_bottom",0.969637140482523
125,2013,"soft_bottom",0.997368028691966
126,2013,"soft_bottom",0.97982964902943
127,2013,"soft_bottom",0.841632406903456
129,2013,"soft_bottom",0.932634164815917
130,2013,"soft_bottom",0.999824668902253
131,2013,"soft_bottom",0.990333154576507
132,2013,"soft_bottom",0.995833144671588
133,2013,"soft_bottom",0.992288431484013
134,2013,"soft_bottom",0.957693220836434
135,2013,"soft_bottom",0.990111958634876
136,2013,"soft_bottom",0.91465654863401
137,2013,"soft_bottom",0.648321334844501
138,2013,"soft_bottom",0.868642400976527
139,2013,"soft_bottom",0.951516050426495
140,2013,"soft_bottom",0.96865673640226
141,2013,"soft_bottom",0.966580022788065
143,2013,"soft_bottom",0.982519987818834
144,2013,"soft_bottom",0.994541521753206
145,2013,"soft_bottom",0.959493288600674
146,2013,"soft_bottom",0.999625578481362
147,2013,"soft_bottom",0.98292141955988
148,2013,"soft_bottom",0.987967751419534
149,2013,"soft_bottom",0.795534216180016
150,2013,"soft_bottom",0.725037693306209
151,2013,"soft_bottom",0.745530262685164
152,2013,"soft_bottom",0.936415094881989
153,2013,"soft_bottom",0.996913710707527
154,2013,"soft_bottom",0.940019741444405
155,2013,"soft_bottom",0.995335513443208
156,2013,"soft_bottom",1
157,2013,"soft_bottom",0.9859940968223
158,2013,"soft_bottom",0.800438784261545
159,2013,"soft_bottom",0.74587157222003
161,2013,"soft_bottom",0.999069426287587
162,2013,"soft_bottom",0.998262518124209
163,2013,"soft_bottom",0.751238563435527
164,2013,"soft_bottom",0.958224605701186
166,2013,"soft_bottom",0.99601391691797
167,2013,"soft_bottom",0.800101397085448
168,2013,"soft_bottom",0.75805674754567
169,2013,"soft_bottom",0.967039519885903
171,2013,"soft_bottom",0.930805021953345
172,2013,"soft_bottom",0.590799714694438
173,2013,"soft_bottom",0.949408517774616
174,2013,"soft_bottom",0.653268810415613
175,2013,"soft_bottom",0.411206769888917
176,2013,"soft_bottom",0.364469607998764
177,2013,"soft_bottom",0.406432318438716
178,2013,"soft_bottom",0.380349391749493
179,2013,"soft_bottom",0.554277115474476
180,2013,"soft_bottom",0.572578939238829
181,2013,"soft_bottom",0.537663681962131
182,2013,"soft_bottom",0.529456473684583
183,2013,"soft_bottom",0.641365306632135
184,2013,"soft_bottom",0.490534170970992
185,2013,"soft_bottom",1
186,2013,"soft_bottom",0.57159314672631
187,2013,"soft_bottom",0.54022242324978
188,2013,"soft_bottom",1
189,2013,"soft_bottom",0.388762651956998
190,2013,"soft_bottom",0.927651811701556
191,2013,"soft_bottom",0.950101739667537
192,2013,"soft_bottom",0.929481519758701
193,2013,"soft_bottom",0.558505556271943
194,2013,"soft_bottom",0.720404356948426
195,2013,"soft_bottom",0.997427763559359
196,2013,"soft_bottom",0.898039258052412
197,2013,"soft_bottom",0.31886991348909
198,2013,"soft_bottom",0.885618737598459
199,2013,"soft_bottom",0.642057821334436
200,2013,"soft_bottom",0.141923787238257
202,2013,"soft_bottom",0.999971552680775
203,2013,"soft_bottom",0.19123329840644
204,2013,"soft_bottom",0.494655363194035
205,2013,"soft_bottom",0.482147212429152
206,2013,"soft_bottom",0.698745642002911
207,2013,"soft_bottom",0.264535806179938
208,2013,"soft_bottom",0.756175373991331
209,2013,"soft_bottom",0.245984624144776
210,2013,"soft_bottom",0.929270208459882
212,2013,"soft_bottom",0.997978405846658
213,2013,"soft_bottom",0.998752279916868
214,2013,"soft_bottom",0.865330616972745
215,2013,"soft_bottom",1
216,2013,"soft_bottom",0.531932567077999
218,2013,"soft_bottom",0.698734668820431
219,2013,"soft_bottom",0.707228961500149
220,2013,"soft_bottom",0.888203378766775
221,2013,"soft_bottom",0.853255913834329
222,2013,"soft_bottom",0.528158286934886
223,2013,"soft_bottom",0.863161755449093
224,2013,"soft_bottom",0.989117813046258
227,2013,"soft_bottom",0.410379795357585
228,2013,"soft_bottom",0.394150223921646
231,2013,"soft_bottom",0.664790474859176
237,2013,"soft_bottom",0.518911709388097
244,2013,"soft_bottom",0.980358760026787
245,2013,"soft_bottom",0.974074383724981
247,2013,"soft_bottom",0.939439118552701
248,2013,"soft_bottom",0.893345068506104
249,2013,"soft_bottom",0.838604516309241
250,2013,"soft_bottom",0.989741400516689
255,2013,"soft_bottom",0.712736368516718
260,2013,"soft_bottom",0.997043335998251
261,2013,"soft_bottom",0.946305802518889
262,2013,"soft_bottom",0.98081480711963
263,2013,"soft_bottom",0.988196555717767
264,2013,"soft_bottom",0.967880281994141
266,2013,"soft_bottom",0.991107005000421
267,2013,"soft_bottom",0.995403874985403
269,2013,"soft_bottom",0.977306595881274
270,2013,"soft_bottom",0.973309618551032
272,2013,"soft_bottom",0.980056480835526
273,2013,"soft_bottom",0.977592537672804
274,2013,"soft_bottom",0.980342664189389
275,2013,"soft_bottom",0.988516222269713
276,2013,"soft_bottom",0.994888434482876
277,2013,"soft_bottom",0.992934388832287
1,2014,"soft_bottom",0.928075770133692
2,2014,"soft_bottom",0.682516469140327
3,2014,"soft_bottom",0.846923118189932
4,2014,"soft_bottom",0.769794755563456
5,2014,"soft_bottom",0.972787214349347
6,2014,"soft_bottom",0.999672915900138
7,2014,"soft_bottom",0.996053350386967
8,2014,"soft_bottom",0.984981099848317
9,2014,"soft_bottom",0.903011204490704
10,2014,"soft_bottom",0.995262097091391
11,2014,"soft_bottom",0.99958759816663
12,2014,"soft_bottom",1
13,2014,"soft_bottom",0.758003919830372
14,2014,"soft_bottom",0.754092860208562
15,2014,"soft_bottom",0.494512032484514
16,2014,"soft_bottom",0.796164345074174
17,2014,"soft_bottom",0.991818734382675
18,2014,"soft_bottom",0.998524766732646
19,2014,"soft_bottom",0.9989221686084
20,2014,"soft_bottom",0.721100552431107
21,2014,"soft_bottom",0.600947345055308
24,2014,"soft_bottom",0.145773925415174
25,2014,"soft_bottom",0.300278334588226
26,2014,"soft_bottom",0.332824174971087
28,2014,"soft_bottom",0.94952155544538
29,2014,"soft_bottom",0.931632008108817
30,2014,"soft_bottom",0.887988461198532
31,2014,"soft_bottom",1
32,2014,"soft_bottom",0.977688191114347
33,2014,"soft_bottom",0.483964937380873
34,2014,"soft_bottom",0.522490635147537
35,2014,"soft_bottom",0.75933759483099
36,2014,"soft_bottom",0.977823543107884
37,2014,"soft_bottom",1
38,2014,"soft_bottom",1
39,2014,"soft_bottom",0.970688599889574
40,2014,"soft_bottom",0.876462133107869
41,2014,"soft_bottom",0.305488333352009
42,2014,"soft_bottom",0.58491919117332
43,2014,"soft_bottom",1
44,2014,"soft_bottom",1
45,2014,"soft_bottom",0.868625852300923
46,2014,"soft_bottom",0.957143919711763
47,2014,"soft_bottom",0.998121377379985
48,2014,"soft_bottom",0.95636243143384
49,2014,"soft_bottom",0.993304186928514
50,2014,"soft_bottom",0.976136112087187
51,2014,"soft_bottom",0.830472368086483
52,2014,"soft_bottom",0.909947092633649
53,2014,"soft_bottom",0.162226688958404
54,2014,"soft_bottom",0.874807942073082
55,2014,"soft_bottom",0.75189039079873
56,2014,"soft_bottom",0.797733329829347
57,2014,"soft_bottom",0.871330891401526
58,2014,"soft_bottom",0.636661698585717
59,2014,"soft_bottom",0.390477964282036
60,2014,"soft_bottom",1
61,2014,"soft_bottom",0.759252425789611
62,2014,"soft_bottom",0.430450696379416
63,2014,"soft_bottom",0.784140362375364
64,2014,"soft_bottom",0.459000430857817
65,2014,"soft_bottom",0.438265411464535
66,2014,"soft_bottom",0.51858246569971
67,2014,"soft_bottom",0.853736549159744
68,2014,"soft_bottom",0.471419090793716
69,2014,"soft_bottom",0.455438255892364
70,2014,"soft_bottom",0.555980941820367
71,2014,"soft_bottom",0.823124830745546
72,2014,"soft_bottom",0.516644400471016
73,2014,"soft_bottom",0.709385587585351
74,2014,"soft_bottom",0.601757057743971
75,2014,"soft_bottom",0.498671829579158
76,2014,"soft_bottom",0.757895847510022
77,2014,"soft_bottom",0.792216799221933
78,2014,"soft_bottom",0.729689621756523
79,2014,"soft_bottom",0.783214760714606
80,2014,"soft_bottom",0.572810909208044
81,2014,"soft_bottom",0.727802023718176
82,2014,"soft_bottom",0.3997329387046
84,2014,"soft_bottom",0.322529102365176
85,2014,"soft_bottom",0.946950737233073
86,2014,"soft_bottom",0.996497656498523
88,2014,"soft_bottom",0.883019255384022
89,2014,"soft_bottom",1
90,2014,"soft_bottom",0.930688825673286
91,2014,"soft_bottom",0.94200660372312
92,2014,"soft_bottom",0.905516861631464
93,2014,"soft_bottom",0.826768495002688
94,2014,"soft_bottom",0.733841107127323
95,2014,"soft_bottom",0.945816861075207
96,2014,"soft_bottom",0.76757589595467
97,2014,"soft_bottom",0.891201967130085
98,2014,"soft_bottom",0.948717948717949
99,2014,"soft_bottom",1
100,2014,"soft_bottom",0.780152882515364
101,2014,"soft_bottom",0.81940867949085
102,2014,"soft_bottom",0.843512091333588
103,2014,"soft_bottom",0.900372794214338
104,2014,"soft_bottom",0.886990418241347
105,2014,"soft_bottom",1
106,2014,"soft_bottom",0.204300614328726
107,2014,"soft_bottom",0.834435678237071
108,2014,"soft_bottom",0.924575545288854
110,2014,"soft_bottom",0.960838526292934
111,2014,"soft_bottom",0.991043420151045
112,2014,"soft_bottom",0.954584394450832
113,2014,"soft_bottom",0.990855998545885
114,2014,"soft_bottom",0.991543412585368
115,2014,"soft_bottom",0.992838853803174
116,2014,"soft_bottom",0.698800489046851
117,2014,"soft_bottom",0.976244957152195
118,2014,"soft_bottom",0.975118378813538
119,2014,"soft_bottom",0.91109615437827
120,2014,"soft_bottom",0.983356470725947
121,2014,"soft_bottom",0.99607252150774
122,2014,"soft_bottom",0.803605086453583
123,2014,"soft_bottom",0.976517361810367
124,2014,"soft_bottom",0.965089535704702
125,2014,"soft_bottom",0.99174536577649
126,2014,"soft_bottom",1
127,2014,"soft_bottom",0.844286668341454
129,2014,"soft_bottom",0.995371671648919
130,2014,"soft_bottom",0.945865969089062
131,2014,"soft_bottom",0.963715909764067
132,2014,"soft_bottom",0.989608990884188
133,2014,"soft_bottom",0.996996871702446
134,2014,"soft_bottom",0.973308709382636
135,2014,"soft_bottom",0.985822100409317
136,2014,"soft_bottom",0.940931927876465
137,2014,"soft_bottom",0.6591001622352
138,2014,"soft_bottom",0.985977757353473
139,2014,"soft_bottom",0.905553421254807
140,2014,"soft_bottom",0.968717164629337
141,2014,"soft_bottom",0.960915725128459
143,2014,"soft_bottom",0.981676768060355
144,2014,"soft_bottom",0.99347954447874
145,2014,"soft_bottom",0.923064422800395
146,2014,"soft_bottom",0.999364244098206
147,2014,"soft_bottom",0.975670108356821
148,2014,"soft_bottom",0.988492209864953
149,2014,"soft_bottom",0.806610825811978
150,2014,"soft_bottom",0.718557323784724
151,2014,"soft_bottom",0.757552986975627
152,2014,"soft_bottom",0.93463017408919
153,2014,"soft_bottom",0.996841646781265
154,2014,"soft_bottom",0.941878141935714
155,2014,"soft_bottom",0.996301585594543
156,2014,"soft_bottom",1
157,2014,"soft_bottom",0.985280765414768
158,2014,"soft_bottom",0.779663855118313
159,2014,"soft_bottom",0.725859446995145
161,2014,"soft_bottom",0.99884727055863
162,2014,"soft_bottom",0.99816474824268
163,2014,"soft_bottom",0.758255712022775
164,2014,"soft_bottom",0.960095093060624
166,2014,"soft_bottom",0.999223079476918
167,2014,"soft_bottom",0.818409500590695
168,2014,"soft_bottom",0.763667681296424
169,2014,"soft_bottom",0.970582345956141
171,2014,"soft_bottom",0.965420230720179
172,2014,"soft_bottom",0.603527206179805
173,2014,"soft_bottom",0.979270844814606
174,2014,"soft_bottom",0.650519682075173
175,2014,"soft_bottom",0.403341551704059
176,2014,"soft_bottom",0.372640224008903
177,2014,"soft_bottom",0.419566030918042
178,2014,"soft_bottom",0.388723516599315
179,2014,"soft_bottom",0.59151622198905
180,2014,"soft_bottom",0.572684112325343
181,2014,"soft_bottom",0.56460473928719
182,2014,"soft_bottom",0.550048944810978
183,2014,"soft_bottom",0.647234086115166
184,2014,"soft_bottom",0.491332758106593
185,2014,"soft_bottom",1
186,2014,"soft_bottom",0.5718513648194
187,2014,"soft_bottom",0.540780044372579
188,2014,"soft_bottom",1
189,2014,"soft_bottom",0.387279740663675
190,2014,"soft_bottom",0.871852574206289
191,2014,"soft_bottom",0.891757460312107
192,2014,"soft_bottom",0.813739770650864
193,2014,"soft_bottom",0.605406911986049
194,2014,"soft_bottom",0.838911966874853
195,2014,"soft_bottom",0.862012263754959
196,2014,"soft_bottom",0.85571005144089
197,2014,"soft_bottom",0.318620794486505
198,2014,"soft_bottom",0.833575031109353
199,2014,"soft_bottom",0.612441514997647
200,2014,"soft_bottom",0.120804112443939
202,2014,"soft_bottom",0.999956328166756
203,2014,"soft_bottom",0.30996933757258
204,2014,"soft_bottom",0.613029856373876
205,2014,"soft_bottom",0.527061426026543
206,2014,"soft_bottom",0.805563376371712
207,2014,"soft_bottom",0.270731672925265
208,2014,"soft_bottom",1
209,2014,"soft_bottom",0.225418179124421
210,2014,"soft_bottom",0.922047888093003
212,2014,"soft_bottom",0.999628153877627
213,2014,"soft_bottom",0.998645968840438
214,2014,"soft_bottom",0.850813142764263
215,2014,"soft_bottom",1
216,2014,"soft_bottom",0.620598874005375
218,2014,"soft_bottom",0.698716787694714
219,2014,"soft_bottom",0.700151053736511
220,2014,"soft_bottom",0.854524200161298
221,2014,"soft_bottom",0.864175974632855
222,2014,"soft_bottom",0.536748750714068
223,2014,"soft_bottom",0.826051787527333
224,2014,"soft_bottom",0.997176591732052
227,2014,"soft_bottom",0.394258555024862
228,2014,"soft_bottom",0.364130491560156
231,2014,"soft_bottom",0.791031722968775
237,2014,"soft_bottom",0.900259150950997
244,2014,"soft_bottom",0.970979215564659
245,2014,"soft_bottom",0.953710941597819
247,2014,"soft_bottom",1
248,2014,"soft_bottom",0.836766664176545
249,2014,"soft_bottom",0.844793139592461
250,2014,"soft_bottom",0.983275592146414
255,2014,"soft_bottom",0.743053407326914
260,2014,"soft_bottom",0.996498672258686
261,2014,"soft_bottom",0.944812924084676
262,2014,"soft_bottom",0.981338660688894
263,2014,"soft_bottom",0.989824459052502
264,2014,"soft_bottom",0.966562081479717
266,2014,"soft_bottom",0.990166894346096
267,2014,"soft_bottom",0.992383515676443
269,2014,"soft_bottom",0.983862539533726
270,2014,"soft_bottom",0.974525723840505
272,2014,"soft_bottom",0.984167517788385
273,2014,"soft_bottom",0.982702655518774
274,2014,"soft_bottom",0.981393591659478
275,2014,"soft_bottom",0.988428607075399
276,2014,"soft_bottom",0.994769814141449
277,2014,"soft_bottom",0.995484893941221
1,2015,"soft_bottom",1
2,2015,"soft_bottom",1
3,2015,"soft_bottom",0.980395572104766
4,2015,"soft_bottom",0.975498477371425
5,2015,"soft_bottom",0.956212443147673
6,2015,"soft_bottom",0.99704286582592
7,2015,"soft_bottom",0.948753141111929
8,2015,"soft_bottom",0.991741827529654
9,2015,"soft_bottom",0.915554384730647
10,2015,"soft_bottom",0.756687590393362
11,2015,"soft_bottom",0.979767154133835
12,2015,"soft_bottom",1
13,2015,"soft_bottom",0.99124158191097
14,2015,"soft_bottom",0.714016259568262
15,2015,"soft_bottom",0.751996646140466
16,2015,"soft_bottom",0.837235892493866
17,2015,"soft_bottom",0.847409107834765
18,2015,"soft_bottom",0.994197107144724
19,2015,"soft_bottom",0.967764524241136
20,2015,"soft_bottom",0.74807720477701
21,2015,"soft_bottom",0.620217651615192
24,2015,"soft_bottom",0.177349751624535
25,2015,"soft_bottom",0.338885270171614
26,2015,"soft_bottom",0.853593678689118
28,2015,"soft_bottom",0.977960509890253
29,2015,"soft_bottom",0.859231936356312
30,2015,"soft_bottom",1
31,2015,"soft_bottom",1
32,2015,"soft_bottom",0.976198744358896
33,2015,"soft_bottom",0.737698616268925
34,2015,"soft_bottom",0.62518009274489
35,2015,"soft_bottom",0.902226289057732
36,2015,"soft_bottom",0.960647068358613
37,2015,"soft_bottom",1
38,2015,"soft_bottom",1
39,2015,"soft_bottom",0.987741221718783
40,2015,"soft_bottom",0.987799043344453
41,2015,"soft_bottom",0.336356788750688
42,2015,"soft_bottom",0.739571282942482
43,2015,"soft_bottom",1
44,2015,"soft_bottom",1
45,2015,"soft_bottom",1
46,2015,"soft_bottom",0.92354440824552
47,2015,"soft_bottom",0.995147382517157
48,2015,"soft_bottom",0.961541729175696
49,2015,"soft_bottom",1
50,2015,"soft_bottom",1
51,2015,"soft_bottom",1
52,2015,"soft_bottom",1
53,2015,"soft_bottom",0.158442571628741
54,2015,"soft_bottom",1
55,2015,"soft_bottom",0.79279351254579
56,2015,"soft_bottom",0.815575260991979
57,2015,"soft_bottom",0.993133400715716
58,2015,"soft_bottom",0.753179991460867
59,2015,"soft_bottom",0.35806677043438
60,2015,"soft_bottom",1
61,2015,"soft_bottom",0.64235505063496
62,2015,"soft_bottom",0.597784352751413
63,2015,"soft_bottom",0.789943694559313
64,2015,"soft_bottom",0.628269475931562
65,2015,"soft_bottom",0.407748146568026
66,2015,"soft_bottom",0.551784233743481
67,2015,"soft_bottom",0.885366229875455
68,2015,"soft_bottom",0.343626367263228
69,2015,"soft_bottom",0.4899276676022
70,2015,"soft_bottom",0.552591493301024
71,2015,"soft_bottom",0.824961279247372
72,2015,"soft_bottom",0.538166952528036
73,2015,"soft_bottom",0.746165689646334
74,2015,"soft_bottom",0.586031131568502
75,2015,"soft_bottom",0.509510143742147
76,2015,"soft_bottom",0.839873315857715
77,2015,"soft_bottom",0.730201699904033
78,2015,"soft_bottom",0.742585336193075
79,2015,"soft_bottom",0.854536183484613
80,2015,"soft_bottom",0.615520171856301
81,2015,"soft_bottom",0.727926863322489
82,2015,"soft_bottom",0.517039442790374
84,2015,"soft_bottom",0.336249549190203
85,2015,"soft_bottom",0.988844539248348
86,2015,"soft_bottom",1
88,2015,"soft_bottom",1
89,2015,"soft_bottom",1
90,2015,"soft_bottom",1
91,2015,"soft_bottom",0.992733429221019
92,2015,"soft_bottom",0.982834472230586
93,2015,"soft_bottom",0.817454725264754
94,2015,"soft_bottom",0.854705899835501
95,2015,"soft_bottom",0.946081271001392
96,2015,"soft_bottom",0.641653850149558
97,2015,"soft_bottom",0.924977982447917
98,2015,"soft_bottom",0.948717948717949
99,2015,"soft_bottom",1
100,2015,"soft_bottom",0.76382929132682
101,2015,"soft_bottom",0.862965833447696
102,2015,"soft_bottom",0.96843709020118
103,2015,"soft_bottom",0.983229218693471
104,2015,"soft_bottom",0.894494584714306
105,2015,"soft_bottom",1
106,2015,"soft_bottom",0.209999686209473
107,2015,"soft_bottom",1
108,2015,"soft_bottom",1
110,2015,"soft_bottom",0.978421599689247
111,2015,"soft_bottom",1
112,2015,"soft_bottom",0.982735214294677
113,2015,"soft_bottom",1
114,2015,"soft_bottom",1
115,2015,"soft_bottom",1
116,2015,"soft_bottom",0.930035125217713
117,2015,"soft_bottom",1
118,2015,"soft_bottom",0.997882068596651
119,2015,"soft_bottom",0.952574670314789
120,2015,"soft_bottom",0.990401304529112
121,2015,"soft_bottom",0.994206129312515
122,2015,"soft_bottom",0.911293974944523
123,2015,"soft_bottom",0.980139774296047
124,2015,"soft_bottom",0.986854358338604
125,2015,"soft_bottom",1
126,2015,"soft_bottom",1
127,2015,"soft_bottom",0.926861842854382
129,2015,"soft_bottom",1
130,2015,"soft_bottom",0.999865479675849
131,2015,"soft_bottom",0.991804148439468
132,2015,"soft_bottom",1
133,2015,"soft_bottom",1
134,2015,"soft_bottom",0.949897189197548
135,2015,"soft_bottom",0.98934001863666
136,2015,"soft_bottom",0.960025950049423
137,2015,"soft_bottom",0.664667649867406
138,2015,"soft_bottom",0.960631988859234
139,2015,"soft_bottom",0.994760688912167
140,2015,"soft_bottom",0.98424983348478
141,2015,"soft_bottom",0.930821767376845
143,2015,"soft_bottom",0.952121675241026
144,2015,"soft_bottom",0.995007422127624
145,2015,"soft_bottom",0.906833681753683
146,2015,"soft_bottom",0.999793146965017
147,2015,"soft_bottom",0.974617429922876
148,2015,"soft_bottom",0.99098487028793
149,2015,"soft_bottom",0.860031156984837
150,2015,"soft_bottom",0.959020048078307
151,2015,"soft_bottom",0.788176628210666
152,2015,"soft_bottom",0.927485770154897
153,2015,"soft_bottom",0.998535366486485
154,2015,"soft_bottom",0.932271239060992
155,2015,"soft_bottom",0.999397665147486
156,2015,"soft_bottom",1
157,2015,"soft_bottom",0.981926566310582
158,2015,"soft_bottom",0.879077652048791
159,2015,"soft_bottom",1
161,2015,"soft_bottom",0.998395204131347
162,2015,"soft_bottom",0.976703829037838
163,2015,"soft_bottom",0.81203921705549
164,2015,"soft_bottom",1
166,2015,"soft_bottom",1
167,2015,"soft_bottom",0.900592522864992
168,2015,"soft_bottom",0.867150970298521
169,2015,"soft_bottom",1
171,2015,"soft_bottom",0.989779095776841
172,2015,"soft_bottom",0.623813240420027
173,2015,"soft_bottom",0.793779319577629
174,2015,"soft_bottom",0.695655355418938
175,2015,"soft_bottom",0.408874843939336
176,2015,"soft_bottom",0.391076845699164
177,2015,"soft_bottom",0.475956509303407
178,2015,"soft_bottom",0.419215187641446
179,2015,"soft_bottom",0.592712955733689
180,2015,"soft_bottom",0.590002689227192
181,2015,"soft_bottom",0.586606793396588
182,2015,"soft_bottom",0.558014116740208
183,2015,"soft_bottom",0.695714808190391
184,2015,"soft_bottom",0.524710431605819
185,2015,"soft_bottom",1
186,2015,"soft_bottom",0.592718400869025
187,2015,"soft_bottom",0.496938130380209
188,2015,"soft_bottom",1
189,2015,"soft_bottom",0.45321323963312
190,2015,"soft_bottom",1
191,2015,"soft_bottom",1
192,2015,"soft_bottom",1
193,2015,"soft_bottom",0.508839946526747
194,2015,"soft_bottom",0.692456852052321
195,2015,"soft_bottom",0.759626383058969
196,2015,"soft_bottom",0.912595977756054
197,2015,"soft_bottom",0.316785926028237
198,2015,"soft_bottom",0.882186268295072
199,2015,"soft_bottom",0.609425519509562
200,2015,"soft_bottom",0.420843932586998
202,2015,"soft_bottom",1
203,2015,"soft_bottom",0.601457963188418
204,2015,"soft_bottom",0.550546726052143
205,2015,"soft_bottom",0.524273225208069
206,2015,"soft_bottom",0.841196565058278
207,2015,"soft_bottom",0.25425121110651
208,2015,"soft_bottom",1
209,2015,"soft_bottom",0.282088155211055
210,2015,"soft_bottom",0.9365504188277
212,2015,"soft_bottom",0.769129264396711
213,2015,"soft_bottom",0.99990135206424
214,2015,"soft_bottom",0.951355930379752
215,2015,"soft_bottom",1
216,2015,"soft_bottom",0.886608016530588
218,2015,"soft_bottom",0.785853946018725
219,2015,"soft_bottom",0.715145252862023
220,2015,"soft_bottom",0.939923021942377
221,2015,"soft_bottom",0.946342196039579
222,2015,"soft_bottom",0.573520009835909
223,2015,"soft_bottom",0.813202121691887
224,2015,"soft_bottom",0.917473770011012
227,2015,"soft_bottom",0.416754547506571
228,2015,"soft_bottom",0.346036046066067
231,2015,"soft_bottom",0.936439258672349
237,2015,"soft_bottom",0.976596615932606
244,2015,"soft_bottom",0.994730038492865
245,2015,"soft_bottom",0.991838878715661
247,2015,"soft_bottom",1
248,2015,"soft_bottom",0.920980037209835
249,2015,"soft_bottom",0.921793490324331
250,2015,"soft_bottom",1
255,2015,"soft_bottom",0.83793022573263
260,2015,"soft_bottom",0.997107722528721
261,2015,"soft_bottom",0.967106201934739
262,2015,"soft_bottom",0.982856162909589
263,2015,"soft_bottom",0.998682433150962
264,2015,"soft_bottom",0.96954771309568
266,2015,"soft_bottom",0.994066249713153
267,2015,"soft_bottom",0.998718743165528
269,2015,"soft_bottom",0.991380534782801
270,2015,"soft_bottom",0.993724722628581
272,2015,"soft_bottom",0.991726343727813
273,2015,"soft_bottom",0.992764551083204
274,2015,"soft_bottom",0.976866661051865
275,2015,"soft_bottom",0.993366940597866
276,2015,"soft_bottom",0.999012933381063
277,2015,"soft_bottom",0.994462823891808
1,2016,"soft_bottom",1
2,2016,"soft_bottom",0.988664614442786
3,2016,"soft_bottom",0.967647729480878
4,2016,"soft_bottom",0.962219553537365
5,2016,"soft_bottom",0.953009920287218
6,2016,"soft_bottom",1
7,2016,"soft_bottom",0.892620333824626
8,2016,"soft_bottom",0.917528888581951
9,2016,"soft_bottom",0.910969135450768
10,2016,"soft_bottom",0.880950507879422
11,2016,"soft_bottom",0.97053666053142
12,2016,"soft_bottom",1
13,2016,"soft_bottom",0.997063351921453
14,2016,"soft_bottom",0.687327599035468
15,2016,"soft_bottom",0.728952323509658
16,2016,"soft_bottom",0.842700960794363
17,2016,"soft_bottom",0.799705274421369
18,2016,"soft_bottom",0.997767328458122
19,2016,"soft_bottom",0.944620587142008
20,2016,"soft_bottom",0.748955203366747
21,2016,"soft_bottom",0.633618008591543
24,2016,"soft_bottom",0.166734898653556
25,2016,"soft_bottom",0.34706153957796
26,2016,"soft_bottom",0.776546357055063
28,2016,"soft_bottom",0.99800810818566
29,2016,"soft_bottom",0.936524074807574
30,2016,"soft_bottom",1
31,2016,"soft_bottom",1
32,2016,"soft_bottom",0.975937954062903
33,2016,"soft_bottom",0.64543941975213
34,2016,"soft_bottom",0.651641523195056
35,2016,"soft_bottom",0.950589560520649
36,2016,"soft_bottom",0.958812758640529
37,2016,"soft_bottom",1
38,2016,"soft_bottom",1
39,2016,"soft_bottom",0.997575996200057
40,2016,"soft_bottom",0.984697749677434
41,2016,"soft_bottom",0.342961891546923
42,2016,"soft_bottom",0.712248485381691
43,2016,"soft_bottom",1
44,2016,"soft_bottom",1
45,2016,"soft_bottom",1
46,2016,"soft_bottom",1
47,2016,"soft_bottom",1
48,2016,"soft_bottom",0.961345157146889
49,2016,"soft_bottom",1
50,2016,"soft_bottom",0.967843546825867
51,2016,"soft_bottom",1
52,2016,"soft_bottom",0.916481243199613
53,2016,"soft_bottom",0.155482616086349
54,2016,"soft_bottom",1
55,2016,"soft_bottom",0.795995398213414
56,2016,"soft_bottom",0.790105370446959
57,2016,"soft_bottom",0.993525276228763
58,2016,"soft_bottom",0.730639559075887
59,2016,"soft_bottom",0.388616977632046
60,2016,"soft_bottom",1
61,2016,"soft_bottom",0.624784305372607
62,2016,"soft_bottom",0.664065477006698
63,2016,"soft_bottom",0.833498359094547
64,2016,"soft_bottom",0.62110490450424
65,2016,"soft_bottom",0.419335445335933
66,2016,"soft_bottom",0.571126532538331
67,2016,"soft_bottom",0.879098840125046
68,2016,"soft_bottom",0.34152481774632
69,2016,"soft_bottom",0.514083541999353
70,2016,"soft_bottom",0.597288583239941
71,2016,"soft_bottom",0.795603282932365
72,2016,"soft_bottom",0.522975005467983
73,2016,"soft_bottom",0.779326656565666
74,2016,"soft_bottom",0.682328378079367
75,2016,"soft_bottom",0.541387534711707
76,2016,"soft_bottom",0.882475936600848
77,2016,"soft_bottom",0.705312175942319
78,2016,"soft_bottom",0.640845281663787
79,2016,"soft_bottom",0.845853743181653
80,2016,"soft_bottom",0.633094475551466
81,2016,"soft_bottom",0.716198902904458
82,2016,"soft_bottom",0.519437740549786
84,2016,"soft_bottom",0.477272439245824
85,2016,"soft_bottom",1
86,2016,"soft_bottom",1
88,2016,"soft_bottom",1
89,2016,"soft_bottom",1
90,2016,"soft_bottom",1
91,2016,"soft_bottom",0.990000879938646
92,2016,"soft_bottom",0.978856721666801
93,2016,"soft_bottom",0.904969865402931
94,2016,"soft_bottom",0.900929596175953
95,2016,"soft_bottom",0.948438594096129
96,2016,"soft_bottom",0.756468674790381
97,2016,"soft_bottom",0.93707800450553
98,2016,"soft_bottom",0.948717948717949
99,2016,"soft_bottom",1
100,2016,"soft_bottom",0.644917835597596
101,2016,"soft_bottom",0.928659016027832
102,2016,"soft_bottom",0.970598170401074
103,2016,"soft_bottom",0.972734963380918
104,2016,"soft_bottom",0.91878632215966
105,2016,"soft_bottom",1
106,2016,"soft_bottom",0.199391187482923
107,2016,"soft_bottom",1
108,2016,"soft_bottom",1
110,2016,"soft_bottom",0.982921000158462
111,2016,"soft_bottom",1
112,2016,"soft_bottom",0.978653863736632
113,2016,"soft_bottom",1
114,2016,"soft_bottom",1
115,2016,"soft_bottom",0.997869064695389
116,2016,"soft_bottom",0.776942282152925
117,2016,"soft_bottom",0.999713580066306
118,2016,"soft_bottom",0.99935240956483
119,2016,"soft_bottom",0.893061400022147
120,2016,"soft_bottom",0.979103708511878
121,2016,"soft_bottom",0.986917798320452
122,2016,"soft_bottom",0.815606800480659
123,2016,"soft_bottom",0.948929816047693
124,2016,"soft_bottom",0.996473337569144
125,2016,"soft_bottom",1
126,2016,"soft_bottom",1
127,2016,"soft_bottom",0.909356584430557
129,2016,"soft_bottom",1
130,2016,"soft_bottom",1
131,2016,"soft_bottom",1
132,2016,"soft_bottom",1
133,2016,"soft_bottom",1
134,2016,"soft_bottom",1
135,2016,"soft_bottom",0.996455887861802
136,2016,"soft_bottom",1
137,2016,"soft_bottom",0.706054627570729
138,2016,"soft_bottom",0.9817894991719
139,2016,"soft_bottom",0.992349185908641
140,2016,"soft_bottom",0.972579383713671
141,2016,"soft_bottom",0.946647616776316
143,2016,"soft_bottom",0.964140813245363
144,2016,"soft_bottom",0.988621931701375
145,2016,"soft_bottom",0.920998142051687
146,2016,"soft_bottom",0.999696101991986
147,2016,"soft_bottom",0.979137891100134
148,2016,"soft_bottom",0.986978430140242
149,2016,"soft_bottom",0.923320097709559
150,2016,"soft_bottom",0.802939411991848
151,2016,"soft_bottom",0.696252752110185
152,2016,"soft_bottom",0.915270023367393
153,2016,"soft_bottom",0.996807222336964
154,2016,"soft_bottom",0.933525658545815
155,2016,"soft_bottom",0.995798170706411
156,2016,"soft_bottom",0.999265214679731
157,2016,"soft_bottom",0.985178388000675
158,2016,"soft_bottom",0.902681575746372
159,2016,"soft_bottom",0.998275552249385
161,2016,"soft_bottom",0.998203305032446
162,2016,"soft_bottom",0.98956660371487
163,2016,"soft_bottom",0.79877586366976
164,2016,"soft_bottom",1
166,2016,"soft_bottom",1
167,2016,"soft_bottom",1
168,2016,"soft_bottom",0.94770766943807
169,2016,"soft_bottom",1
171,2016,"soft_bottom",1
172,2016,"soft_bottom",0.640860701422583
173,2016,"soft_bottom",0.901695867908151
174,2016,"soft_bottom",0.673619542741381
175,2016,"soft_bottom",0.40399626225801
176,2016,"soft_bottom",0.399868752600729
177,2016,"soft_bottom",0.48628739286464
178,2016,"soft_bottom",0.417453532009557
179,2016,"soft_bottom",0.582567351534677
180,2016,"soft_bottom",0.584144531607822
181,2016,"soft_bottom",0.576317968254708
182,2016,"soft_bottom",0.559305027517114
183,2016,"soft_bottom",0.690764018851915
184,2016,"soft_bottom",0.527572955176974
185,2016,"soft_bottom",1
186,2016,"soft_bottom",0.594882764730109
187,2016,"soft_bottom",0.501290166210905
188,2016,"soft_bottom",1
189,2016,"soft_bottom",0.447419521900324
190,2016,"soft_bottom",0.981028853819288
191,2016,"soft_bottom",1
192,2016,"soft_bottom",1
193,2016,"soft_bottom",0.616409954721162
194,2016,"soft_bottom",0.632291107698485
195,2016,"soft_bottom",0.545188498578865
196,2016,"soft_bottom",0.992568490914923
197,2016,"soft_bottom",0.349261615869295
198,2016,"soft_bottom",0.719586721325752
199,2016,"soft_bottom",0.589002470106914
200,2016,"soft_bottom",0.406054549423381
202,2016,"soft_bottom",1
203,2016,"soft_bottom",0.654958555314943
204,2016,"soft_bottom",0.548488430731472
205,2016,"soft_bottom",0.608358519749427
206,2016,"soft_bottom",0.878754729340065
207,2016,"soft_bottom",0.494884553110653
208,2016,"soft_bottom",1
209,2016,"soft_bottom",0.267182933709216
210,2016,"soft_bottom",0.937548737132718
212,2016,"soft_bottom",0.881087789926242
213,2016,"soft_bottom",0.999844534836753
214,2016,"soft_bottom",0.934309121795895
215,2016,"soft_bottom",1
216,2016,"soft_bottom",0.911466979386371
218,2016,"soft_bottom",0.87086151787978
219,2016,"soft_bottom",0.832492770355882
220,2016,"soft_bottom",0.869342232743899
221,2016,"soft_bottom",0.879878704194669
222,2016,"soft_bottom",0.595419737781425
223,2016,"soft_bottom",0.803598840178422
224,2016,"soft_bottom",0.991955533545944
227,2016,"soft_bottom",0.424265148118138
228,2016,"soft_bottom",0.350422385741364
231,2016,"soft_bottom",0.935706253277512
237,2016,"soft_bottom",0.528264028054697
244,2016,"soft_bottom",0.999507786139745
245,2016,"soft_bottom",1
247,2016,"soft_bottom",1
248,2016,"soft_bottom",0.825290213239954
249,2016,"soft_bottom",0.829227316638698
250,2016,"soft_bottom",1
255,2016,"soft_bottom",0.867970757630515
260,2016,"soft_bottom",0.999870801178345
261,2016,"soft_bottom",0.970838400322754
262,2016,"soft_bottom",0.983301330555603
263,2016,"soft_bottom",0.998544529279788
264,2016,"soft_bottom",0.972332067028662
266,2016,"soft_bottom",0.99502461499834
267,2016,"soft_bottom",0.999116480035653
269,2016,"soft_bottom",0.991784271289136
270,2016,"soft_bottom",0.990030966153818
272,2016,"soft_bottom",0.991403037877444
273,2016,"soft_bottom",0.995550640343421
274,2016,"soft_bottom",0.982675765183507
275,2016,"soft_bottom",0.992124692644792
276,2016,"soft_bottom",0.998120246527114
277,2016,"soft_bottom",0.995794126412756
1,2017,"soft_bottom",1
2,2017,"soft_bottom",1
3,2017,"soft_bottom",0.994344265510927
4,2017,"soft_bottom",0.973640502375531
5,2017,"soft_bottom",0.944453084893531
6,2017,"soft_bottom",0.999879030767728
7,2017,"soft_bottom",0.941872955163329
8,2017,"soft_bottom",0.965090899062216
9,2017,"soft_bottom",0.944965321185961
10,2017,"soft_bottom",0.8362013197597
11,2017,"soft_bottom",0.997952897428171
12,2017,"soft_bottom",1
13,2017,"soft_bottom",0.99820747281495
14,2017,"soft_bottom",0.633435483542431
15,2017,"soft_bottom",0.82772098927395
16,2017,"soft_bottom",0.849623631171199
17,2017,"soft_bottom",0.759091202446811
18,2017,"soft_bottom",0.996123220521287
19,2017,"soft_bottom",0.970728296860808
20,2017,"soft_bottom",0.765681932137719
21,2017,"soft_bottom",0.695336318011307
24,2017,"soft_bottom",0.405343050210495
25,2017,"soft_bottom",0.424009398705052
26,2017,"soft_bottom",0.659660033187233
28,2017,"soft_bottom",0.99948310373277
29,2017,"soft_bottom",0.962846825630227
30,2017,"soft_bottom",1
31,2017,"soft_bottom",1
32,2017,"soft_bottom",0.972831235900875
33,2017,"soft_bottom",0.586140011604398
34,2017,"soft_bottom",0.618585108344652
35,2017,"soft_bottom",0.939108621385694
36,2017,"soft_bottom",0.978285558563063
37,2017,"soft_bottom",0.89373281641488
38,2017,"soft_bottom",0.996668299126776
39,2017,"soft_bottom",1
40,2017,"soft_bottom",0.987999271820898
41,2017,"soft_bottom",0.305398383936899
42,2017,"soft_bottom",0.794561832746727
43,2017,"soft_bottom",1
44,2017,"soft_bottom",0.871982850712387
45,2017,"soft_bottom",1
46,2017,"soft_bottom",1
47,2017,"soft_bottom",0.997380465333226
48,2017,"soft_bottom",0.96176521770493
49,2017,"soft_bottom",1
50,2017,"soft_bottom",1
51,2017,"soft_bottom",1
52,2017,"soft_bottom",1
53,2017,"soft_bottom",0.155266953354959
54,2017,"soft_bottom",1
55,2017,"soft_bottom",0.796555387023409
56,2017,"soft_bottom",0.816735697401475
57,2017,"soft_bottom",0.993226808828098
58,2017,"soft_bottom",0.731992966713598
59,2017,"soft_bottom",0.371236416697502
60,2017,"soft_bottom",1
61,2017,"soft_bottom",0.662752816698113
62,2017,"soft_bottom",0.612785020291531
63,2017,"soft_bottom",0.814266222054775
64,2017,"soft_bottom",0.500534775444323
65,2017,"soft_bottom",0.436119672838522
66,2017,"soft_bottom",0.494189243523782
67,2017,"soft_bottom",0.885909438092515
68,2017,"soft_bottom",0.366194305713657
69,2017,"soft_bottom",0.466143349249415
70,2017,"soft_bottom",0.541454574423973
71,2017,"soft_bottom",0.817729999729983
72,2017,"soft_bottom",0.740108105850521
73,2017,"soft_bottom",0.770217942287807
74,2017,"soft_bottom",0.567437970613847
75,2017,"soft_bottom",0.577019999155034
76,2017,"soft_bottom",0.925732871074365
77,2017,"soft_bottom",0.824785775771098
78,2017,"soft_bottom",0.80998580796378
79,2017,"soft_bottom",0.834178419279777
80,2017,"soft_bottom",0.636010180334066
81,2017,"soft_bottom",0.750804554322608
82,2017,"soft_bottom",0.493681623962999
84,2017,"soft_bottom",0.495520859744262
85,2017,"soft_bottom",0.997614043944591
86,2017,"soft_bottom",0.997782803775973
88,2017,"soft_bottom",1
89,2017,"soft_bottom",1
90,2017,"soft_bottom",0.993581949135501
91,2017,"soft_bottom",0.9836819649095
92,2017,"soft_bottom",0.973459404935303
93,2017,"soft_bottom",0.845842562010154
94,2017,"soft_bottom",0.860937879307611
95,2017,"soft_bottom",0.945646997443348
96,2017,"soft_bottom",0.589280399868439
97,2017,"soft_bottom",0.801356086318949
98,2017,"soft_bottom",0.948717948717949
99,2017,"soft_bottom",1
100,2017,"soft_bottom",0.696812153736945
101,2017,"soft_bottom",0.879744642528157
102,2017,"soft_bottom",0.934209927209655
103,2017,"soft_bottom",0.995047814331194
104,2017,"soft_bottom",0.843569548112115
105,2017,"soft_bottom",1
106,2017,"soft_bottom",0.19940498914427
107,2017,"soft_bottom",1
108,2017,"soft_bottom",0.999998804339694
110,2017,"soft_bottom",0.98595538296353
111,2017,"soft_bottom",1
112,2017,"soft_bottom",0.967427630876871
113,2017,"soft_bottom",1
114,2017,"soft_bottom",1
115,2017,"soft_bottom",0.998042984417692
116,2017,"soft_bottom",0.718563881769588
117,2017,"soft_bottom",0.982729399461234
118,2017,"soft_bottom",0.999460551065284
119,2017,"soft_bottom",0.903666694912146
120,2017,"soft_bottom",0.982000920106009
121,2017,"soft_bottom",0.988490070700645
122,2017,"soft_bottom",0.824603341288448
123,2017,"soft_bottom",0.9482009377459
124,2017,"soft_bottom",0.994450862095747
125,2017,"soft_bottom",0.99850235426154
126,2017,"soft_bottom",1
127,2017,"soft_bottom",0.880440449714661
129,2017,"soft_bottom",0.994417676925488
130,2017,"soft_bottom",1
131,2017,"soft_bottom",1
132,2017,"soft_bottom",1
133,2017,"soft_bottom",1
134,2017,"soft_bottom",1
135,2017,"soft_bottom",0.995180383566066
136,2017,"soft_bottom",1
137,2017,"soft_bottom",0.680179294823588
138,2017,"soft_bottom",0.987017008631875
139,2017,"soft_bottom",0.956141130605846
140,2017,"soft_bottom",0.955868263307872
141,2017,"soft_bottom",0.921780623332761
143,2017,"soft_bottom",0.967878651529659
144,2017,"soft_bottom",0.997546877445293
145,2017,"soft_bottom",0.92639931832926
146,2017,"soft_bottom",1
147,2017,"soft_bottom",0.978625137867143
148,2017,"soft_bottom",0.983946609760085
149,2017,"soft_bottom",0.934272409204096
150,2017,"soft_bottom",0.74240138408215
151,2017,"soft_bottom",0.706668202864676
152,2017,"soft_bottom",0.922694416920877
153,2017,"soft_bottom",0.996616983338168
154,2017,"soft_bottom",0.932111660248092
155,2017,"soft_bottom",0.994770236439203
156,2017,"soft_bottom",0.99809345895701
157,2017,"soft_bottom",0.976887955996179
158,2017,"soft_bottom",0.868556685814548
159,2017,"soft_bottom",0.870750884220433
161,2017,"soft_bottom",0.997215864657813
162,2017,"soft_bottom",0.999966759915325
163,2017,"soft_bottom",0.818847772758158
164,2017,"soft_bottom",1
166,2017,"soft_bottom",1
167,2017,"soft_bottom",0.877103616864505
168,2017,"soft_bottom",0.915305307751125
169,2017,"soft_bottom",1
171,2017,"soft_bottom",1
172,2017,"soft_bottom",0.634231265618916
173,2017,"soft_bottom",0.897853508404424
174,2017,"soft_bottom",0.667056371459803
175,2017,"soft_bottom",0.40399897612119
176,2017,"soft_bottom",0.402368961737074
177,2017,"soft_bottom",0.472632791797024
178,2017,"soft_bottom",0.407383370078657
179,2017,"soft_bottom",0.588323946220382
180,2017,"soft_bottom",0.577115067360363
181,2017,"soft_bottom",0.582336947328659
182,2017,"soft_bottom",0.577100637793572
183,2017,"soft_bottom",0.686855545789332
184,2017,"soft_bottom",0.525955831989336
185,2017,"soft_bottom",1
186,2017,"soft_bottom",0.57931674316705
187,2017,"soft_bottom",0.524262373878206
188,2017,"soft_bottom",1
189,2017,"soft_bottom",0.412427257574522
190,2017,"soft_bottom",1
191,2017,"soft_bottom",1
192,2017,"soft_bottom",1
193,2017,"soft_bottom",0.529976889952213
194,2017,"soft_bottom",0.523358764067661
195,2017,"soft_bottom",0.769327232071236
196,2017,"soft_bottom",0.973452396089246
197,2017,"soft_bottom",0.35725574233989
198,2017,"soft_bottom",0.756024146988678
199,2017,"soft_bottom",0.540892939115393
200,2017,"soft_bottom",0.495359818342511
202,2017,"soft_bottom",1
203,2017,"soft_bottom",0.563649603795108
204,2017,"soft_bottom",0.48466871268333
205,2017,"soft_bottom",0.540795589817895
206,2017,"soft_bottom",0.946160796093547
207,2017,"soft_bottom",0.769188369705894
208,2017,"soft_bottom",1
209,2017,"soft_bottom",0.253412678355472
210,2017,"soft_bottom",0.94065834996835
212,2017,"soft_bottom",0.927833567012984
213,2017,"soft_bottom",0.999833936691635
214,2017,"soft_bottom",0.925766904474671
215,2017,"soft_bottom",1
216,2017,"soft_bottom",0.938523046353251
218,2017,"soft_bottom",0.858128409181933
219,2017,"soft_bottom",0.860716138722248
220,2017,"soft_bottom",0.881357133388519
221,2017,"soft_bottom",0.891607157058186
222,2017,"soft_bottom",0.580043346651665
223,2017,"soft_bottom",0.855759922116668
224,2017,"soft_bottom",0.992013565009394
227,2017,"soft_bottom",0.405247958377004
228,2017,"soft_bottom",0.329247422516346
231,2017,"soft_bottom",0.932612819429358
237,2017,"soft_bottom",1
244,2017,"soft_bottom",0.976982342909921
245,2017,"soft_bottom",0.964727846488579
247,2017,"soft_bottom",1
248,2017,"soft_bottom",0.840698879925495
249,2017,"soft_bottom",0.845060962049857
250,2017,"soft_bottom",0.989200852477728
255,2017,"soft_bottom",0.922324398776352
260,2017,"soft_bottom",0.998144292548467
261,2017,"soft_bottom",0.97318137690383
262,2017,"soft_bottom",0.984033610067514
263,2017,"soft_bottom",0.997734568920552
264,2017,"soft_bottom",0.974296459507406
266,2017,"soft_bottom",0.994860982519865
267,2017,"soft_bottom",0.999709581512891
269,2017,"soft_bottom",0.993281343435954
270,2017,"soft_bottom",0.990708455936048
272,2017,"soft_bottom",0.992733675788797
273,2017,"soft_bottom",0.994851496073506
274,2017,"soft_bottom",0.984679839116296
275,2017,"soft_bottom",0.991315720127213
276,2017,"soft_bottom",0.999206636651161
277,2017,"soft_bottom",0.995272694943372
