"rgn_id","year","habitat","km2"
1,1996,"mangrove",0
2,1996,"mangrove",0
3,1996,"mangrove",0
4,1996,"mangrove",0
5,1996,"mangrove",341.441051687838
6,1996,"mangrove",11.3522600305419
7,1996,"mangrove",516.964456775448
8,1996,"mangrove",56.7613001527097
9,1996,"mangrove",92.5645817874958
10,1996,"mangrove",0
11,1996,"mangrove",0.873250771580149
12,1996,"mangrove",0
13,1996,"mangrove",0
14,1996,"mangrove",2.61975231474045
15,1996,"mangrove",2960.32011565671
16,1996,"mangrove",10616.1096300999
17,1996,"mangrove",4563.60853227786
18,1996,"mangrove",495.133187485944
19,1996,"mangrove",0
20,1996,"mangrove",0
21,1996,"mangrove",0
24,1996,"mangrove",645.33232019773
25,1996,"mangrove",2588.31528696356
26,1996,"mangrove",592.937273902921
28,1996,"mangrove",0.873250771580149
29,1996,"mangrove",7.85925694422134
30,1996,"mangrove",0
31,1996,"mangrove",0.873250771580149
32,1996,"mangrove",0
33,1996,"mangrove",0
34,1996,"mangrove",0
35,1996,"mangrove",6.11275540106104
36,1996,"mangrove",0
37,1996,"mangrove",6.11275540106104
38,1996,"mangrove",0
39,1996,"mangrove",2.61975231474045
40,1996,"mangrove",251.496222215083
41,1996,"mangrove",3171.6468023791
42,1996,"mangrove",2836.31850609232
43,1996,"mangrove",560.626995354456
44,1996,"mangrove",37.5497831779464
45,1996,"mangrove",88.1983279295951
46,1996,"mangrove",10.4790092589618
47,1996,"mangrove",19.2115169747633
48,1996,"mangrove",0.873250771580149
49,1996,"mangrove",17.465015431603
50,1996,"mangrove",104.790092589618
51,1996,"mangrove",0
52,1996,"mangrove",0.873250771580149
53,1996,"mangrove",1017.33714889087
54,1996,"mangrove",78.5925694422134
55,1996,"mangrove",0
56,1996,"mangrove",0
57,1996,"mangrove",0
58,1996,"mangrove",0
59,1996,"mangrove",0
60,1996,"mangrove",0
61,1996,"mangrove",0
62,1996,"mangrove",0
63,1996,"mangrove",0
64,1996,"mangrove",0.873250771580149
65,1996,"mangrove",617.388295507165
66,1996,"mangrove",1297.6506465681
67,1996,"mangrove",0
68,1996,"mangrove",0
69,1996,"mangrove",0
70,1996,"mangrove",0
71,1996,"mangrove",0
72,1996,"mangrove",0
73,1996,"mangrove",0
74,1996,"mangrove",0
75,1996,"mangrove",0
76,1996,"mangrove",0
77,1996,"mangrove",0
78,1996,"mangrove",0
79,1996,"mangrove",0
80,1996,"mangrove",0
81,1996,"mangrove",0
82,1996,"mangrove",0
84,1996,"mangrove",0
85,1996,"mangrove",0
86,1996,"mangrove",0
88,1996,"mangrove",0
89,1996,"mangrove",0
90,1996,"mangrove",0
91,1996,"mangrove",0
92,1996,"mangrove",0
93,1996,"mangrove",0
94,1996,"mangrove",0
95,1996,"mangrove",0
96,1996,"mangrove",1594.55590890535
97,1996,"mangrove",192.988420519213
98,1996,"mangrove",0
99,1996,"mangrove",31.4370277768854
100,1996,"mangrove",20.0847677463434
101,1996,"mangrove",0
102,1996,"mangrove",26.1975231474045
103,1996,"mangrove",0.873250771580149
104,1996,"mangrove",256.735726844564
105,1996,"mangrove",0
106,1996,"mangrove",177.26990663077
107,1996,"mangrove",0
108,1996,"mangrove",0
110,1996,"mangrove",1725.54352464237
111,1996,"mangrove",206.087182092915
112,1996,"mangrove",3946.22023677069
113,1996,"mangrove",46.2822908937479
114,1996,"mangrove",154.565386569686
115,1996,"mangrove",192.115169747633
116,1996,"mangrove",88.1983279295951
117,1996,"mangrove",0.873250771580149
118,1996,"mangrove",0
119,1996,"mangrove",0
120,1996,"mangrove",11.3522600305419
121,1996,"mangrove",0
122,1996,"mangrove",1.7465015431603
123,1996,"mangrove",0
124,1996,"mangrove",0
125,1996,"mangrove",0.873250771580149
126,1996,"mangrove",87.3250771580149
127,1996,"mangrove",0
129,1996,"mangrove",1564.86538267163
130,1996,"mangrove",381.610587180525
131,1996,"mangrove",771.080431305272
132,1996,"mangrove",2912.2913232198
133,1996,"mangrove",620.008047821906
134,1996,"mangrove",370.258327149983
135,1996,"mangrove",10523.5450483124
136,1996,"mangrove",265.468234560365
137,1996,"mangrove",1607.65467047905
138,1996,"mangrove",54.1415478379692
139,1996,"mangrove",2824.0929952902
140,1996,"mangrove",54.1415478379692
141,1996,"mangrove",0
143,1996,"mangrove",0
144,1996,"mangrove",0
145,1996,"mangrove",0
146,1996,"mangrove",0
147,1996,"mangrove",3.4930030863206
148,1996,"mangrove",0
149,1996,"mangrove",0
150,1996,"mangrove",0
151,1996,"mangrove",0.873250771580149
152,1996,"mangrove",0.873250771580149
153,1996,"mangrove",0
154,1996,"mangrove",0
155,1996,"mangrove",13.0987615737022
156,1996,"mangrove",0
157,1996,"mangrove",0
158,1996,"mangrove",0
159,1996,"mangrove",0
161,1996,"mangrove",0
162,1996,"mangrove",304.764519281472
163,1996,"mangrove",2414.53838341911
164,1996,"mangrove",548.401484552333
166,1996,"mangrove",103.043591046458
167,1996,"mangrove",308.257522367793
168,1996,"mangrove",750.122412787348
169,1996,"mangrove",597.303527760822
171,1996,"mangrove",11580.1784819244
172,1996,"mangrove",0
173,1996,"mangrove",0
174,1996,"mangrove",0
175,1996,"mangrove",0
176,1996,"mangrove",0
177,1996,"mangrove",0
178,1996,"mangrove",0
179,1996,"mangrove",0
180,1996,"mangrove",0
181,1996,"mangrove",0
182,1996,"mangrove",0
183,1996,"mangrove",0
184,1996,"mangrove",0
185,1996,"mangrove",0
186,1996,"mangrove",0
187,1996,"mangrove",0
188,1996,"mangrove",0
189,1996,"mangrove",0
190,1996,"mangrove",0.873250771580149
191,1996,"mangrove",146.706129625465
192,1996,"mangrove",0
193,1996,"mangrove",2738.51441967535
194,1996,"mangrove",2268.70550456523
195,1996,"mangrove",59.3810524674501
196,1996,"mangrove",8691.46492953722
197,1996,"mangrove",1990.13850843116
198,1996,"mangrove",1805.00934485617
199,1996,"mangrove",234.03120678348
200,1996,"mangrove",296.03201156567
202,1996,"mangrove",1135.22600305419
203,1996,"mangrove",3574.21540807755
204,1996,"mangrove",4416.02915188081
205,1996,"mangrove",5887.45670199336
206,1996,"mangrove",5320.71695123785
207,1996,"mangrove",2002.36401923328
208,1996,"mangrove",8.73250771580149
209,1996,"mangrove",238.397460641381
210,1996,"mangrove",8.73250771580149
212,1996,"mangrove",2.61975231474045
214,1996,"mangrove",6.98600617264119
215,1996,"mangrove",0
216,1996,"mangrove",31545.3108725613
218,1996,"mangrove",0
219,1996,"mangrove",0
220,1996,"mangrove",0
221,1996,"mangrove",0
222,1996,"mangrove",0
223,1996,"mangrove",0
224,1996,"mangrove",0
227,1996,"mangrove",0
228,1996,"mangrove",0
231,1996,"mangrove",6.11275540106104
232,1996,"mangrove",0
237,1996,"mangrove",1.7465015431603
244,1996,"mangrove",0
245,1996,"mangrove",1.7465015431603
247,1996,"mangrove",106.536594132778
248,1996,"mangrove",0
249,1996,"mangrove",0
250,1996,"mangrove",1.7465015431603
1,2007,"mangrove",0
2,2007,"mangrove",0
3,2007,"mangrove",0
4,2007,"mangrove",0
5,2007,"mangrove",338.821299373098
6,2007,"mangrove",11.3522600305419
7,2007,"mangrove",525.69696449125
8,2007,"mangrove",55.8880493811295
9,2007,"mangrove",91.6913310159156
10,2007,"mangrove",0
11,2007,"mangrove",0.873250771580149
12,2007,"mangrove",0
13,2007,"mangrove",0
14,2007,"mangrove",2.61975231474045
15,2007,"mangrove",2875.61479081343
16,2007,"mangrove",10313.0916123616
17,2007,"mangrove",4569.72128767892
18,2007,"mangrove",496.879689029105
19,2007,"mangrove",0
20,2007,"mangrove",0
21,2007,"mangrove",0
24,2007,"mangrove",625.247552451387
25,2007,"mangrove",2507.10296520661
26,2007,"mangrove",585.95126773028
28,2007,"mangrove",0.873250771580149
29,2007,"mangrove",8.73250771580149
30,2007,"mangrove",0
31,2007,"mangrove",0.873250771580149
32,2007,"mangrove",0
33,2007,"mangrove",0
34,2007,"mangrove",0
35,2007,"mangrove",6.11275540106104
36,2007,"mangrove",0
37,2007,"mangrove",4.36625385790074
38,2007,"mangrove",0
39,2007,"mangrove",2.61975231474045
40,2007,"mangrove",224.425448296098
41,2007,"mangrove",3157.67479003382
42,2007,"mangrove",2776.93745362487
43,2007,"mangrove",550.147986095494
44,2007,"mangrove",34.930030863206
45,2007,"mangrove",74.2263155843127
46,2007,"mangrove",7.85925694422134
47,2007,"mangrove",15.7185138884427
48,2007,"mangrove",0.873250771580149
49,2007,"mangrove",12.2255108021221
50,2007,"mangrove",120.508606478061
51,2007,"mangrove",0
52,2007,"mangrove",0.873250771580149
53,2007,"mangrove",933.505074819179
54,2007,"mangrove",85.5785756148546
55,2007,"mangrove",0
56,2007,"mangrove",0
57,2007,"mangrove",0
58,2007,"mangrove",0
59,2007,"mangrove",0
60,2007,"mangrove",0
61,2007,"mangrove",0
62,2007,"mangrove",0
63,2007,"mangrove",0
64,2007,"mangrove",0.873250771580149
65,2007,"mangrove",625.247552451387
66,2007,"mangrove",1310.7494081418
67,2007,"mangrove",0
68,2007,"mangrove",0
69,2007,"mangrove",0
70,2007,"mangrove",0
71,2007,"mangrove",0
72,2007,"mangrove",0
73,2007,"mangrove",0
74,2007,"mangrove",0
75,2007,"mangrove",0
76,2007,"mangrove",0
77,2007,"mangrove",0
78,2007,"mangrove",0
79,2007,"mangrove",0
80,2007,"mangrove",0
81,2007,"mangrove",0
82,2007,"mangrove",0
84,2007,"mangrove",0
85,2007,"mangrove",0
86,2007,"mangrove",0
88,2007,"mangrove",0
89,2007,"mangrove",0
90,2007,"mangrove",0
91,2007,"mangrove",0
92,2007,"mangrove",0
93,2007,"mangrove",0
94,2007,"mangrove",0
95,2007,"mangrove",0
96,2007,"mangrove",1592.80940736219
97,2007,"mangrove",188.622166661312
98,2007,"mangrove",0
99,2007,"mangrove",20.0847677463434
100,2007,"mangrove",20.0847677463434
101,2007,"mangrove",0
102,2007,"mangrove",27.0707739189846
103,2007,"mangrove",0.873250771580149
104,2007,"mangrove",256.735726844564
105,2007,"mangrove",0
106,2007,"mangrove",140.593374224404
107,2007,"mangrove",0
108,2007,"mangrove",0
110,2007,"mangrove",1607.65467047905
111,2007,"mangrove",137.100371138083
112,2007,"mangrove",3766.33057782518
113,2007,"mangrove",45.4090401221677
114,2007,"mangrove",148.452631168625
115,2007,"mangrove",195.608172833953
116,2007,"mangrove",92.5645817874958
117,2007,"mangrove",0.873250771580149
118,2007,"mangrove",0
119,2007,"mangrove",0
120,2007,"mangrove",8.73250771580149
121,2007,"mangrove",0
122,2007,"mangrove",1.7465015431603
123,2007,"mangrove",0
124,2007,"mangrove",0
125,2007,"mangrove",0.873250771580149
126,2007,"mangrove",86.4518263864347
127,2007,"mangrove",0
129,2007,"mangrove",1580.58389656007
130,2007,"mangrove",385.103590266846
131,2007,"mangrove",776.319935934752
132,2007,"mangrove",2814.48723680282
133,2007,"mangrove",623.501050908226
134,2007,"mangrove",372.878079464724
135,2007,"mangrove",10227.5130367467
136,2007,"mangrove",257.608977616144
137,2007,"mangrove",1521.20284409262
138,2007,"mangrove",47.155541665328
139,2007,"mangrove",2824.96624606178
140,2007,"mangrove",54.1415478379692
141,2007,"mangrove",0
143,2007,"mangrove",0
144,2007,"mangrove",0
145,2007,"mangrove",0
146,2007,"mangrove",0
147,2007,"mangrove",3.4930030863206
148,2007,"mangrove",0
149,2007,"mangrove",0
150,2007,"mangrove",0
151,2007,"mangrove",0.873250771580149
152,2007,"mangrove",0.873250771580149
153,2007,"mangrove",0
154,2007,"mangrove",0
155,2007,"mangrove",13.0987615737022
156,2007,"mangrove",0
157,2007,"mangrove",0
158,2007,"mangrove",0
159,2007,"mangrove",0
161,2007,"mangrove",0
162,2007,"mangrove",318.736531626754
163,2007,"mangrove",2397.07336798751
164,2007,"mangrove",529.18996757757
166,2007,"mangrove",110.029597219099
167,2007,"mangrove",303.018017738312
168,2007,"mangrove",747.502660472608
169,2007,"mangrove",592.937273902921
171,2007,"mangrove",11457.0501231316
172,2007,"mangrove",0
173,2007,"mangrove",0
174,2007,"mangrove",0
175,2007,"mangrove",0
176,2007,"mangrove",0
177,2007,"mangrove",0
178,2007,"mangrove",0
179,2007,"mangrove",0
180,2007,"mangrove",0
181,2007,"mangrove",0
182,2007,"mangrove",0
183,2007,"mangrove",0
184,2007,"mangrove",0
185,2007,"mangrove",0
186,2007,"mangrove",0
187,2007,"mangrove",0
188,2007,"mangrove",0
189,2007,"mangrove",0
190,2007,"mangrove",0.873250771580149
191,2007,"mangrove",120.508606478061
192,2007,"mangrove",0
193,2007,"mangrove",2737.64116890377
194,2007,"mangrove",2267.83225379365
195,2007,"mangrove",56.7613001527097
196,2007,"mangrove",8625.97112166871
197,2007,"mangrove",1987.51875611642
198,2007,"mangrove",1797.15008791195
199,2007,"mangrove",235.77770832664
200,2007,"mangrove",292.53900847935
202,2007,"mangrove",1114.26798453627
203,2007,"mangrove",3506.97509866588
204,2007,"mangrove",4471.91720126194
205,2007,"mangrove",5547.76215184869
206,2007,"mangrove",5292.77292654728
207,2007,"mangrove",1948.22247139531
208,2007,"mangrove",8.73250771580149
209,2007,"mangrove",220.059194438198
210,2007,"mangrove",7.85925694422134
212,2007,"mangrove",2.61975231474045
214,2007,"mangrove",2.61975231474045
215,2007,"mangrove",0
216,2007,"mangrove",30258.1392352522
218,2007,"mangrove",0
219,2007,"mangrove",0
220,2007,"mangrove",0
221,2007,"mangrove",0
222,2007,"mangrove",0
223,2007,"mangrove",0
224,2007,"mangrove",0
227,2007,"mangrove",0
228,2007,"mangrove",0
231,2007,"mangrove",6.11275540106104
232,2007,"mangrove",0
237,2007,"mangrove",1.7465015431603
244,2007,"mangrove",0
245,2007,"mangrove",0.873250771580149
247,2007,"mangrove",105.663343361198
248,2007,"mangrove",0
249,2007,"mangrove",0
250,2007,"mangrove",1.7465015431603
1,2008,"mangrove",0
2,2008,"mangrove",0
3,2008,"mangrove",0
4,2008,"mangrove",0
5,2008,"mangrove",337.948048601518
6,2008,"mangrove",11.3522600305419
7,2008,"mangrove",526.57021526283
8,2008,"mangrove",55.8880493811295
9,2008,"mangrove",90.8180802443355
10,2008,"mangrove",0
11,2008,"mangrove",0.873250771580149
12,2008,"mangrove",0
13,2008,"mangrove",0
14,2008,"mangrove",2.61975231474045
15,2008,"mangrove",2824.96624606178
16,2008,"mangrove",10139.3147088171
17,2008,"mangrove",4554.00277379048
18,2008,"mangrove",495.133187485944
19,2008,"mangrove",0
20,2008,"mangrove",0
21,2008,"mangrove",0
24,2008,"mangrove",616.515044735585
25,2008,"mangrove",2464.31367739918
26,2008,"mangrove",582.458264643959
28,2008,"mangrove",0.873250771580149
29,2008,"mangrove",8.73250771580149
30,2008,"mangrove",0
31,2008,"mangrove",0.873250771580149
32,2008,"mangrove",0
33,2008,"mangrove",0
34,2008,"mangrove",0
35,2008,"mangrove",6.11275540106104
36,2008,"mangrove",0
37,2008,"mangrove",3.4930030863206
38,2008,"mangrove",0
39,2008,"mangrove",2.61975231474045
40,2008,"mangrove",202.594179006595
41,2008,"mangrove",3113.13900068323
42,2008,"mangrove",2752.48643202063
43,2008,"mangrove",545.781732237593
44,2008,"mangrove",35.8032816347861
45,2008,"mangrove",70.7333124979921
46,2008,"mangrove",7.85925694422134
47,2008,"mangrove",13.0987615737022
48,2008,"mangrove",0.873250771580149
49,2008,"mangrove",11.3522600305419
50,2008,"mangrove",113.522600305419
51,2008,"mangrove",0
52,2008,"mangrove",0.873250771580149
53,2008,"mangrove",911.673805529676
54,2008,"mangrove",93.4378325590759
55,2008,"mangrove",0
56,2008,"mangrove",0
57,2008,"mangrove",0
58,2008,"mangrove",0
59,2008,"mangrove",0
60,2008,"mangrove",0
61,2008,"mangrove",0
62,2008,"mangrove",0
63,2008,"mangrove",0
64,2008,"mangrove",0.873250771580149
65,2008,"mangrove",626.120803222967
66,2008,"mangrove",1304.63665274074
67,2008,"mangrove",0
68,2008,"mangrove",0
69,2008,"mangrove",0
70,2008,"mangrove",0
71,2008,"mangrove",0
72,2008,"mangrove",0
73,2008,"mangrove",0
74,2008,"mangrove",0
75,2008,"mangrove",0
76,2008,"mangrove",0
77,2008,"mangrove",0
78,2008,"mangrove",0
79,2008,"mangrove",0
80,2008,"mangrove",0
81,2008,"mangrove",0
82,2008,"mangrove",0
84,2008,"mangrove",0
85,2008,"mangrove",0
86,2008,"mangrove",0
88,2008,"mangrove",0
89,2008,"mangrove",0
90,2008,"mangrove",0
91,2008,"mangrove",0
92,2008,"mangrove",0
93,2008,"mangrove",0
94,2008,"mangrove",0
95,2008,"mangrove",0
96,2008,"mangrove",1572.72463961585
97,2008,"mangrove",186.875665118152
98,2008,"mangrove",0
99,2008,"mangrove",18.3382662031831
100,2008,"mangrove",20.9580185179236
101,2008,"mangrove",0
102,2008,"mangrove",27.9440246905648
103,2008,"mangrove",0.873250771580149
104,2008,"mangrove",256.735726844564
105,2008,"mangrove",0
106,2008,"mangrove",147.579380397045
107,2008,"mangrove",0
108,2008,"mangrove",0
110,2008,"mangrove",1521.20284409262
111,2008,"mangrove",127.494612650702
112,2008,"mangrove",3713.93553153037
113,2008,"mangrove",45.4090401221677
114,2008,"mangrove",146.706129625465
115,2008,"mangrove",193.861671290793
116,2008,"mangrove",96.0575848738164
117,2008,"mangrove",0.873250771580149
118,2008,"mangrove",0
119,2008,"mangrove",0
120,2008,"mangrove",8.73250771580149
121,2008,"mangrove",0
122,2008,"mangrove",1.7465015431603
123,2008,"mangrove",0
124,2008,"mangrove",0
125,2008,"mangrove",0.873250771580149
126,2008,"mangrove",86.4518263864347
127,2008,"mangrove",0
129,2008,"mangrove",1583.20364887481
130,2008,"mangrove",385.976841038426
131,2008,"mangrove",775.446685163172
132,2008,"mangrove",2804.88147831544
133,2008,"mangrove",631.360307852448
134,2008,"mangrove",380.737336408945
135,2008,"mangrove",10048.4966285728
136,2008,"mangrove",257.608977616144
137,2008,"mangrove",1504.6110794326
138,2008,"mangrove",43.6625385790074
139,2008,"mangrove",2814.48723680282
140,2008,"mangrove",52.3950462948089
141,2008,"mangrove",0
143,2008,"mangrove",0
144,2008,"mangrove",0
145,2008,"mangrove",0
146,2008,"mangrove",0
147,2008,"mangrove",3.4930030863206
148,2008,"mangrove",0
149,2008,"mangrove",0
150,2008,"mangrove",0
151,2008,"mangrove",0.873250771580149
152,2008,"mangrove",0.873250771580149
153,2008,"mangrove",0
154,2008,"mangrove",0
155,2008,"mangrove",13.0987615737022
156,2008,"mangrove",0
157,2008,"mangrove",0
158,2008,"mangrove",0
159,2008,"mangrove",0
161,2008,"mangrove",0
162,2008,"mangrove",316.116779312014
163,2008,"mangrove",2383.97460641381
164,2008,"mangrove",521.330710633349
166,2008,"mangrove",110.029597219099
167,2008,"mangrove",303.018017738312
168,2008,"mangrove",762.34792358947
169,2008,"mangrove",598.176778532402
171,2008,"mangrove",11405.5283276083
172,2008,"mangrove",0
173,2008,"mangrove",0
174,2008,"mangrove",0
175,2008,"mangrove",0
176,2008,"mangrove",0
177,2008,"mangrove",0
178,2008,"mangrove",0
179,2008,"mangrove",0
180,2008,"mangrove",0
181,2008,"mangrove",0
182,2008,"mangrove",0
183,2008,"mangrove",0
184,2008,"mangrove",0
185,2008,"mangrove",0
186,2008,"mangrove",0
187,2008,"mangrove",0
188,2008,"mangrove",0
189,2008,"mangrove",0
190,2008,"mangrove",0.873250771580149
191,2008,"mangrove",108.283095675938
192,2008,"mangrove",0
193,2008,"mangrove",2703.58438881214
194,2008,"mangrove",2227.66271830096
195,2008,"mangrove",57.6345509242898
196,2008,"mangrove",8584.05508463286
197,2008,"mangrove",1985.77225457326
198,2008,"mangrove",1796.27683714037
199,2008,"mangrove",235.77770832664
200,2008,"mangrove",291.66575770777
202,2008,"mangrove",1099.42272141941
203,2008,"mangrove",3458.94630622897
204,2008,"mangrove",4463.18469354614
205,2008,"mangrove",5442.09880848749
206,2008,"mangrove",5270.0684064862
207,2008,"mangrove",1906.30643435947
208,2008,"mangrove",7.85925694422134
209,2008,"mangrove",206.087182092915
210,2008,"mangrove",7.85925694422134
212,2008,"mangrove",2.61975231474045
214,2008,"mangrove",2.61975231474045
215,2008,"mangrove",0
216,2008,"mangrove",29728.076016903
218,2008,"mangrove",0
219,2008,"mangrove",0
220,2008,"mangrove",0
221,2008,"mangrove",0
222,2008,"mangrove",0
223,2008,"mangrove",0
224,2008,"mangrove",0
227,2008,"mangrove",0
228,2008,"mangrove",0
231,2008,"mangrove",6.11275540106104
232,2008,"mangrove",0
237,2008,"mangrove",1.7465015431603
244,2008,"mangrove",0
245,2008,"mangrove",0.873250771580149
247,2008,"mangrove",105.663343361198
248,2008,"mangrove",0
249,2008,"mangrove",0
250,2008,"mangrove",1.7465015431603
1,2009,"mangrove",0
2,2009,"mangrove",0
3,2009,"mangrove",0
4,2009,"mangrove",0
5,2009,"mangrove",331.835293200457
6,2009,"mangrove",11.3522600305419
7,2009,"mangrove",524.82371371967
8,2009,"mangrove",57.6345509242898
9,2009,"mangrove",90.8180802443355
10,2009,"mangrove",0
11,2009,"mangrove",0.873250771580149
12,2009,"mangrove",0
13,2009,"mangrove",0
14,2009,"mangrove",3.4930030863206
15,2009,"mangrove",2817.10698911756
16,2009,"mangrove",10151.5402196192
17,2009,"mangrove",4541.77726298835
18,2009,"mangrove",494.259936714364
19,2009,"mangrove",0
20,2009,"mangrove",0
21,2009,"mangrove",0
24,2009,"mangrove",616.515044735585
25,2009,"mangrove",2448.59516351074
26,2009,"mangrove",576.345509242898
28,2009,"mangrove",0.873250771580149
29,2009,"mangrove",7.85925694422134
30,2009,"mangrove",0
31,2009,"mangrove",0.873250771580149
32,2009,"mangrove",0
33,2009,"mangrove",0
34,2009,"mangrove",0
35,2009,"mangrove",6.11275540106104
36,2009,"mangrove",0
37,2009,"mangrove",3.4930030863206
38,2009,"mangrove",0
39,2009,"mangrove",2.61975231474045
40,2009,"mangrove",182.509411260251
41,2009,"mangrove",3078.20896982003
42,2009,"mangrove",2758.59918742169
43,2009,"mangrove",555.387490724975
44,2009,"mangrove",34.930030863206
45,2009,"mangrove",71.6065632695722
46,2009,"mangrove",8.73250771580149
47,2009,"mangrove",12.2255108021221
48,2009,"mangrove",0.873250771580149
49,2009,"mangrove",12.2255108021221
50,2009,"mangrove",111.776098762259
51,2009,"mangrove",0
52,2009,"mangrove",0.873250771580149
53,2009,"mangrove",897.701793184393
54,2009,"mangrove",88.1983279295951
55,2009,"mangrove",0
56,2009,"mangrove",0
57,2009,"mangrove",0
58,2009,"mangrove",0
59,2009,"mangrove",0
60,2009,"mangrove",0
61,2009,"mangrove",0
62,2009,"mangrove",0
63,2009,"mangrove",0
64,2009,"mangrove",0.873250771580149
65,2009,"mangrove",630.487057080868
66,2009,"mangrove",1308.12965582706
67,2009,"mangrove",0
68,2009,"mangrove",0
69,2009,"mangrove",0
70,2009,"mangrove",0
71,2009,"mangrove",0
72,2009,"mangrove",0
73,2009,"mangrove",0
74,2009,"mangrove",0
75,2009,"mangrove",0
76,2009,"mangrove",0
77,2009,"mangrove",0
78,2009,"mangrove",0
79,2009,"mangrove",0
80,2009,"mangrove",0
81,2009,"mangrove",0
82,2009,"mangrove",0
84,2009,"mangrove",0
85,2009,"mangrove",0
86,2009,"mangrove",0
88,2009,"mangrove",0
89,2009,"mangrove",0
90,2009,"mangrove",0
91,2009,"mangrove",0
92,2009,"mangrove",0
93,2009,"mangrove",0
94,2009,"mangrove",0
95,2009,"mangrove",0
96,2009,"mangrove",1580.58389656007
97,2009,"mangrove",189.495417432892
98,2009,"mangrove",0
99,2009,"mangrove",20.9580185179236
100,2009,"mangrove",20.0847677463434
101,2009,"mangrove",0
102,2009,"mangrove",27.9440246905648
103,2009,"mangrove",0.873250771580149
104,2009,"mangrove",258.482228387724
105,2009,"mangrove",0
106,2009,"mangrove",160.678141970747
107,2009,"mangrove",0
108,2009,"mangrove",0
110,2009,"mangrove",1509.85058406208
111,2009,"mangrove",127.494612650702
112,2009,"mangrove",3704.32977304299
113,2009,"mangrove",44.5357893505876
114,2009,"mangrove",148.452631168625
115,2009,"mangrove",191.241918976053
116,2009,"mangrove",91.6913310159156
117,2009,"mangrove",1.7465015431603
118,2009,"mangrove",0
119,2009,"mangrove",0
120,2009,"mangrove",8.73250771580149
121,2009,"mangrove",0
122,2009,"mangrove",1.7465015431603
123,2009,"mangrove",0
124,2009,"mangrove",0
125,2009,"mangrove",0.873250771580149
126,2009,"mangrove",86.4518263864347
127,2009,"mangrove",0
129,2009,"mangrove",1581.45714733165
130,2009,"mangrove",381.610587180525
131,2009,"mangrove",783.305942107394
132,2009,"mangrove",2801.38847522912
133,2009,"mangrove",640.092815568249
134,2009,"mangrove",377.244333322624
135,2009,"mangrove",9992.60857919164
136,2009,"mangrove",258.482228387724
137,2009,"mangrove",1495.00532094522
138,2009,"mangrove",43.6625385790074
139,2009,"mangrove",2815.3604875744
140,2009,"mangrove",56.7613001527097
141,2009,"mangrove",0
143,2009,"mangrove",0
144,2009,"mangrove",0
145,2009,"mangrove",0
146,2009,"mangrove",0
147,2009,"mangrove",3.4930030863206
148,2009,"mangrove",0
149,2009,"mangrove",0
150,2009,"mangrove",0
151,2009,"mangrove",0.873250771580149
152,2009,"mangrove",0.873250771580149
153,2009,"mangrove",0
154,2009,"mangrove",0
155,2009,"mangrove",13.0987615737022
156,2009,"mangrove",0
157,2009,"mangrove",0
158,2009,"mangrove",0
159,2009,"mangrove",0
161,2009,"mangrove",0
162,2009,"mangrove",321.356283941495
163,2009,"mangrove",2376.11534946959
164,2009,"mangrove",519.584209090189
166,2009,"mangrove",109.156346447519
167,2009,"mangrove",298.651763880411
168,2009,"mangrove",766.714177447371
169,2009,"mangrove",614.768543192425
171,2009,"mangrove",11409.0213306946
172,2009,"mangrove",0
173,2009,"mangrove",0
174,2009,"mangrove",0
175,2009,"mangrove",0
176,2009,"mangrove",0
177,2009,"mangrove",0
178,2009,"mangrove",0
179,2009,"mangrove",0
180,2009,"mangrove",0
181,2009,"mangrove",0
182,2009,"mangrove",0
183,2009,"mangrove",0
184,2009,"mangrove",0
185,2009,"mangrove",0
186,2009,"mangrove",0
187,2009,"mangrove",0
188,2009,"mangrove",0
189,2009,"mangrove",0
190,2009,"mangrove",0.873250771580149
191,2009,"mangrove",104.790092589618
192,2009,"mangrove",0
193,2009,"mangrove",2692.2321287816
194,2009,"mangrove",2239.88822910308
195,2009,"mangrove",58.50780169587
196,2009,"mangrove",8598.02709697815
197,2009,"mangrove",1988.392006888
198,2009,"mangrove",1803.26284331301
199,2009,"mangrove",234.90445755506
200,2009,"mangrove",291.66575770777
202,2009,"mangrove",1096.80296910467
203,2009,"mangrove",3485.14382937637
204,2009,"mangrove",4457.94518891666
205,2009,"mangrove",5481.3950932086
206,2009,"mangrove",5265.7021526283
207,2009,"mangrove",1897.57392664366
208,2009,"mangrove",7.85925694422134
209,2009,"mangrove",208.706934407656
210,2009,"mangrove",7.85925694422134
212,2009,"mangrove",2.61975231474045
214,2009,"mangrove",2.61975231474045
215,2009,"mangrove",0
216,2009,"mangrove",29620.6661719987
218,2009,"mangrove",0
219,2009,"mangrove",0
220,2009,"mangrove",0
221,2009,"mangrove",0
222,2009,"mangrove",0
223,2009,"mangrove",0
224,2009,"mangrove",0
227,2009,"mangrove",0
228,2009,"mangrove",0
231,2009,"mangrove",6.11275540106104
232,2009,"mangrove",0
237,2009,"mangrove",1.7465015431603
244,2009,"mangrove",0
245,2009,"mangrove",0.873250771580149
247,2009,"mangrove",106.536594132778
248,2009,"mangrove",0
249,2009,"mangrove",0
250,2009,"mangrove",1.7465015431603
1,2010,"mangrove",0
2,2010,"mangrove",0
3,2010,"mangrove",0
4,2010,"mangrove",0
5,2010,"mangrove",334.455045515197
6,2010,"mangrove",11.3522600305419
7,2010,"mangrove",523.077212176509
8,2010,"mangrove",56.7613001527097
9,2010,"mangrove",90.8180802443355
10,2010,"mangrove",0
11,2010,"mangrove",0.873250771580149
12,2010,"mangrove",0
13,2010,"mangrove",0
14,2010,"mangrove",3.4930030863206
15,2010,"mangrove",2804.88147831544
16,2010,"mangrove",10081.6801578928
17,2010,"mangrove",4525.18549832833
18,2010,"mangrove",496.879689029105
19,2010,"mangrove",0
20,2010,"mangrove",0
21,2010,"mangrove",0
24,2010,"mangrove",614.768543192425
25,2010,"mangrove",2452.96141736864
26,2010,"mangrove",578.965261557639
28,2010,"mangrove",0.873250771580149
29,2010,"mangrove",7.85925694422134
30,2010,"mangrove",0
31,2010,"mangrove",0.873250771580149
32,2010,"mangrove",0
33,2010,"mangrove",0
34,2010,"mangrove",0
35,2010,"mangrove",6.11275540106104
36,2010,"mangrove",0
37,2010,"mangrove",4.36625385790074
38,2010,"mangrove",0
39,2010,"mangrove",2.61975231474045
40,2010,"mangrove",177.26990663077
41,2010,"mangrove",3060.74395438842
42,2010,"mangrove",2754.23293356379
43,2010,"mangrove",545.781732237593
44,2010,"mangrove",34.930030863206
45,2010,"mangrove",72.4798140411524
46,2010,"mangrove",8.73250771580149
47,2010,"mangrove",13.0987615737022
48,2010,"mangrove",1.7465015431603
49,2010,"mangrove",11.3522600305419
50,2010,"mangrove",96.0575848738164
51,2010,"mangrove",0
52,2010,"mangrove",0.873250771580149
53,2010,"mangrove",880.23677775279
54,2010,"mangrove",86.4518263864347
55,2010,"mangrove",0
56,2010,"mangrove",0
57,2010,"mangrove",0
58,2010,"mangrove",0
59,2010,"mangrove",0
60,2010,"mangrove",0
61,2010,"mangrove",0
62,2010,"mangrove",0
63,2010,"mangrove",0
64,2010,"mangrove",0.873250771580149
65,2010,"mangrove",628.740555537707
66,2010,"mangrove",1302.016900426
67,2010,"mangrove",0
68,2010,"mangrove",0
69,2010,"mangrove",0
70,2010,"mangrove",0
71,2010,"mangrove",0
72,2010,"mangrove",0
73,2010,"mangrove",0
74,2010,"mangrove",0
75,2010,"mangrove",0
76,2010,"mangrove",0
77,2010,"mangrove",0
78,2010,"mangrove",0
79,2010,"mangrove",0
80,2010,"mangrove",0
81,2010,"mangrove",0
82,2010,"mangrove",0
84,2010,"mangrove",0
85,2010,"mangrove",0
86,2010,"mangrove",0
88,2010,"mangrove",0
89,2010,"mangrove",0
90,2010,"mangrove",0
91,2010,"mangrove",0
92,2010,"mangrove",0
93,2010,"mangrove",0
94,2010,"mangrove",0
95,2010,"mangrove",0
96,2010,"mangrove",1584.07689964639
97,2010,"mangrove",189.495417432892
98,2010,"mangrove",0
99,2010,"mangrove",24.4510216042442
100,2010,"mangrove",20.0847677463434
101,2010,"mangrove",0
102,2010,"mangrove",27.9440246905648
103,2010,"mangrove",0.873250771580149
104,2010,"mangrove",256.735726844564
105,2010,"mangrove",0
106,2010,"mangrove",166.790897371808
107,2010,"mangrove",0
108,2010,"mangrove",0
110,2010,"mangrove",1467.93454702623
111,2010,"mangrove",122.255108021221
112,2010,"mangrove",3678.13224989559
113,2010,"mangrove",43.6625385790074
114,2010,"mangrove",142.339875767564
115,2010,"mangrove",190.368668204472
116,2010,"mangrove",89.9448294727553
117,2010,"mangrove",1.7465015431603
118,2010,"mangrove",0
119,2010,"mangrove",0
120,2010,"mangrove",10.4790092589618
121,2010,"mangrove",0
122,2010,"mangrove",1.7465015431603
123,2010,"mangrove",0
124,2010,"mangrove",0
125,2010,"mangrove",0.873250771580149
126,2010,"mangrove",85.5785756148546
127,2010,"mangrove",0
129,2010,"mangrove",1575.34439193059
130,2010,"mangrove",380.737336408945
131,2010,"mangrove",785.052443650554
132,2010,"mangrove",2817.98023988914
133,2010,"mangrove",633.980060167188
134,2010,"mangrove",374.624581007884
135,2010,"mangrove",9970.77730990214
136,2010,"mangrove",258.482228387724
137,2010,"mangrove",1495.8785717168
138,2010,"mangrove",47.155541665328
139,2010,"mangrove",2810.12098294492
140,2010,"mangrove",54.1415478379692
141,2010,"mangrove",0
143,2010,"mangrove",0
144,2010,"mangrove",0
145,2010,"mangrove",0
146,2010,"mangrove",0
147,2010,"mangrove",3.4930030863206
148,2010,"mangrove",0
149,2010,"mangrove",0
150,2010,"mangrove",0
151,2010,"mangrove",0.873250771580149
152,2010,"mangrove",0.873250771580149
153,2010,"mangrove",0
154,2010,"mangrove",0
155,2010,"mangrove",13.0987615737022
156,2010,"mangrove",0
157,2010,"mangrove",0
158,2010,"mangrove",0
159,2010,"mangrove",0
161,2010,"mangrove",0
162,2010,"mangrove",322.229534713075
163,2010,"mangrove",2354.28408018008
164,2010,"mangrove",512.598202917547
166,2010,"mangrove",104.790092589618
167,2010,"mangrove",301.271516195151
168,2010,"mangrove",779.812939021073
169,2010,"mangrove",614.768543192425
171,2010,"mangrove",11366.2320428872
172,2010,"mangrove",0
173,2010,"mangrove",0
174,2010,"mangrove",0
175,2010,"mangrove",0
176,2010,"mangrove",0
177,2010,"mangrove",0
178,2010,"mangrove",0
179,2010,"mangrove",0
180,2010,"mangrove",0
181,2010,"mangrove",0
182,2010,"mangrove",0
183,2010,"mangrove",0
184,2010,"mangrove",0
185,2010,"mangrove",0
186,2010,"mangrove",0
187,2010,"mangrove",0
188,2010,"mangrove",0
189,2010,"mangrove",0
190,2010,"mangrove",0.873250771580149
191,2010,"mangrove",107.409844904358
192,2010,"mangrove",0
193,2010,"mangrove",2696.5983826395
194,2010,"mangrove",2230.2824706157
195,2010,"mangrove",57.6345509242898
196,2010,"mangrove",8563.97031688652
197,2010,"mangrove",1991.01175920274
198,2010,"mangrove",1799.76984022669
199,2010,"mangrove",229.664952925579
200,2010,"mangrove",291.66575770777
202,2010,"mangrove",1100.29597219099
203,2010,"mangrove",3489.51008323428
204,2010,"mangrove",4458.81843968824
205,2010,"mangrove",5433.36630077169
206,2010,"mangrove",5262.20914954198
207,2010,"mangrove",1899.32042818682
208,2010,"mangrove",7.85925694422134
209,2010,"mangrove",199.974426691854
210,2010,"mangrove",7.85925694422134
212,2010,"mangrove",2.61975231474045
214,2010,"mangrove",2.61975231474045
215,2010,"mangrove",0
216,2010,"mangrove",29531.5945932975
218,2010,"mangrove",0
219,2010,"mangrove",0
220,2010,"mangrove",0
221,2010,"mangrove",0
222,2010,"mangrove",0
223,2010,"mangrove",0
224,2010,"mangrove",0
227,2010,"mangrove",0
228,2010,"mangrove",0
231,2010,"mangrove",6.11275540106104
232,2010,"mangrove",0
237,2010,"mangrove",1.7465015431603
244,2010,"mangrove",0
245,2010,"mangrove",0.873250771580149
247,2010,"mangrove",106.536594132778
248,2010,"mangrove",0
249,2010,"mangrove",0
250,2010,"mangrove",1.7465015431603
1,2015,"mangrove",0
2,2015,"mangrove",0
3,2015,"mangrove",0
4,2015,"mangrove",0
5,2015,"mangrove",332.708543972037
6,2015,"mangrove",11.3522600305419
7,2015,"mangrove",516.964456775448
8,2015,"mangrove",56.7613001527097
9,2015,"mangrove",92.5645817874958
10,2015,"mangrove",0
11,2015,"mangrove",0.873250771580149
12,2015,"mangrove",0
13,2015,"mangrove",0
14,2015,"mangrove",3.4930030863206
15,2015,"mangrove",2814.48723680282
16,2015,"mangrove",9943.70653598316
17,2015,"mangrove",4514.70648906937
18,2015,"mangrove",496.879689029105
19,2015,"mangrove",0
20,2015,"mangrove",0
21,2015,"mangrove",0
24,2015,"mangrove",616.515044735585
25,2015,"mangrove",2461.69392508444
26,2015,"mangrove",566.739750755517
28,2015,"mangrove",0.873250771580149
29,2015,"mangrove",7.85925694422134
30,2015,"mangrove",0
31,2015,"mangrove",0.873250771580149
32,2015,"mangrove",0
33,2015,"mangrove",0
34,2015,"mangrove",0
35,2015,"mangrove",6.11275540106104
36,2015,"mangrove",0
37,2015,"mangrove",4.36625385790074
38,2015,"mangrove",0
39,2015,"mangrove",2.61975231474045
40,2015,"mangrove",181.636160488671
41,2015,"mangrove",3054.63119898736
42,2015,"mangrove",2757.72593665011
43,2015,"mangrove",537.922475293372
44,2015,"mangrove",34.930030863206
45,2015,"mangrove",70.7333124979921
46,2015,"mangrove",9.60575848738164
47,2015,"mangrove",13.9720123452824
48,2015,"mangrove",1.7465015431603
49,2015,"mangrove",9.60575848738164
50,2015,"mangrove",81.2123217569539
51,2015,"mangrove",0
52,2015,"mangrove",0.873250771580149
53,2015,"mangrove",864.518263864347
54,2015,"mangrove",75.0995663558928
55,2015,"mangrove",0
56,2015,"mangrove",0
57,2015,"mangrove",0
58,2015,"mangrove",0
59,2015,"mangrove",0
60,2015,"mangrove",0
61,2015,"mangrove",0
62,2015,"mangrove",0
63,2015,"mangrove",0
64,2015,"mangrove",0.873250771580149
65,2015,"mangrove",622.627800136646
66,2015,"mangrove",1296.77739579652
67,2015,"mangrove",0
68,2015,"mangrove",0
69,2015,"mangrove",0
70,2015,"mangrove",0
71,2015,"mangrove",0
72,2015,"mangrove",0
73,2015,"mangrove",0
74,2015,"mangrove",0
75,2015,"mangrove",0
76,2015,"mangrove",0
77,2015,"mangrove",0
78,2015,"mangrove",0
79,2015,"mangrove",0
80,2015,"mangrove",0
81,2015,"mangrove",0
82,2015,"mangrove",0
84,2015,"mangrove",0
85,2015,"mangrove",0
86,2015,"mangrove",0
88,2015,"mangrove",0
89,2015,"mangrove",0
90,2015,"mangrove",0
91,2015,"mangrove",0
92,2015,"mangrove",0
93,2015,"mangrove",0
94,2015,"mangrove",0
95,2015,"mangrove",0
96,2015,"mangrove",1586.69665196113
97,2015,"mangrove",192.115169747633
98,2015,"mangrove",0
99,2015,"mangrove",29.6905262337251
100,2015,"mangrove",20.0847677463434
101,2015,"mangrove",0
102,2015,"mangrove",29.6905262337251
103,2015,"mangrove",0.873250771580149
104,2015,"mangrove",257.608977616144
105,2015,"mangrove",0
106,2015,"mangrove",185.129163574992
107,2015,"mangrove",0
108,2015,"mangrove",0
110,2015,"mangrove",1446.97652850831
111,2015,"mangrove",130.114364965442
112,2015,"mangrove",3591.68042350915
113,2015,"mangrove",41.9160370358472
114,2015,"mangrove",138.846872681244
115,2015,"mangrove",186.002414346572
116,2015,"mangrove",91.6913310159156
117,2015,"mangrove",1.7465015431603
118,2015,"mangrove",0
119,2015,"mangrove",0
120,2015,"mangrove",9.60575848738164
121,2015,"mangrove",0
122,2015,"mangrove",1.7465015431603
123,2015,"mangrove",0
124,2015,"mangrove",0
125,2015,"mangrove",0.873250771580149
126,2015,"mangrove",85.5785756148546
127,2015,"mangrove",0
129,2015,"mangrove",1577.96414424533
130,2015,"mangrove",375.497831779464
131,2015,"mangrove",770.207180533691
132,2015,"mangrove",2801.38847522912
133,2015,"mangrove",610.402289334524
134,2015,"mangrove",374.624581007884
135,2015,"mangrove",9873.84647425674
136,2015,"mangrove",261.101980702465
137,2015,"mangrove",1497.62507325996
138,2015,"mangrove",48.9020432084883
139,2015,"mangrove",2807.50123063018
140,2015,"mangrove",55.0147986095494
141,2015,"mangrove",0
143,2015,"mangrove",0
144,2015,"mangrove",0
145,2015,"mangrove",0
146,2015,"mangrove",0
147,2015,"mangrove",3.4930030863206
148,2015,"mangrove",0
149,2015,"mangrove",0
150,2015,"mangrove",0
151,2015,"mangrove",0.873250771580149
152,2015,"mangrove",0.873250771580149
153,2015,"mangrove",0
154,2015,"mangrove",0
155,2015,"mangrove",13.0987615737022
156,2015,"mangrove",0
157,2015,"mangrove",0
158,2015,"mangrove",0
159,2015,"mangrove",0
161,2015,"mangrove",0
162,2015,"mangrove",323.102785484655
163,2015,"mangrove",2307.12853851475
164,2015,"mangrove",505.612196744906
166,2015,"mangrove",98.6773371885568
167,2015,"mangrove",294.28551002251
168,2015,"mangrove",817.362722199019
169,2015,"mangrove",628.740555537707
171,2015,"mangrove",11321.6962535366
172,2015,"mangrove",0
173,2015,"mangrove",0
174,2015,"mangrove",0
175,2015,"mangrove",0
176,2015,"mangrove",0
177,2015,"mangrove",0
178,2015,"mangrove",0
179,2015,"mangrove",0
180,2015,"mangrove",0
181,2015,"mangrove",0
182,2015,"mangrove",0
183,2015,"mangrove",0
184,2015,"mangrove",0
185,2015,"mangrove",0
186,2015,"mangrove",0
187,2015,"mangrove",0
188,2015,"mangrove",0
189,2015,"mangrove",0
190,2015,"mangrove",0.873250771580149
191,2015,"mangrove",115.26910184858
192,2015,"mangrove",0
193,2015,"mangrove",2693.97863032476
194,2015,"mangrove",2218.05695981358
195,2015,"mangrove",55.8880493811295
196,2015,"mangrove",8543.0122983686
197,2015,"mangrove",1997.1245146038
198,2015,"mangrove",1797.15008791195
199,2015,"mangrove",228.791702153999
200,2015,"mangrove",293.41225925093
202,2015,"mangrove",1088.94371216045
203,2015,"mangrove",3518.32735869642
204,2015,"mangrove",4430.0011642261
205,2015,"mangrove",5297.13918040518
206,2015,"mangrove",5237.75812793773
207,2015,"mangrove",1889.71466969944
208,2015,"mangrove",6.98600617264119
209,2015,"mangrove",208.706934407656
210,2015,"mangrove",8.73250771580149
212,2015,"mangrove",2.61975231474045
214,2015,"mangrove",2.61975231474045
215,2015,"mangrove",0
216,2015,"mangrove",29273.9856156813
218,2015,"mangrove",0
219,2015,"mangrove",0
220,2015,"mangrove",0
221,2015,"mangrove",0
222,2015,"mangrove",0
223,2015,"mangrove",0
224,2015,"mangrove",0
227,2015,"mangrove",0
228,2015,"mangrove",0
231,2015,"mangrove",6.11275540106104
232,2015,"mangrove",0
237,2015,"mangrove",1.7465015431603
244,2015,"mangrove",0
245,2015,"mangrove",0.873250771580149
247,2015,"mangrove",106.536594132778
248,2015,"mangrove",0
249,2015,"mangrove",0
250,2015,"mangrove",1.7465015431603
1,2016,"mangrove",0
2,2016,"mangrove",0
3,2016,"mangrove",0
4,2016,"mangrove",0
5,2016,"mangrove",331.835293200457
6,2016,"mangrove",11.3522600305419
7,2016,"mangrove",517.837707547028
8,2016,"mangrove",56.7613001527097
9,2016,"mangrove",92.5645817874958
10,2016,"mangrove",0
11,2016,"mangrove",0.873250771580149
12,2016,"mangrove",0
13,2016,"mangrove",0
14,2016,"mangrove",3.4930030863206
15,2016,"mangrove",2799.64197368596
16,2016,"mangrove",9907.03000357679
17,2016,"mangrove",4507.72048289673
18,2016,"mangrove",492.513435171204
19,2016,"mangrove",0
20,2016,"mangrove",0
21,2016,"mangrove",0
24,2016,"mangrove",612.148790877684
25,2016,"mangrove",2460.82067431286
26,2016,"mangrove",580.711763100799
28,2016,"mangrove",0.873250771580149
29,2016,"mangrove",7.85925694422134
30,2016,"mangrove",0
31,2016,"mangrove",0.873250771580149
32,2016,"mangrove",0
33,2016,"mangrove",0
34,2016,"mangrove",0
35,2016,"mangrove",6.11275540106104
36,2016,"mangrove",0
37,2016,"mangrove",4.36625385790074
38,2016,"mangrove",0
39,2016,"mangrove",2.61975231474045
40,2016,"mangrove",189.495417432892
41,2016,"mangrove",3061.61720516
42,2016,"mangrove",2751.61318124905
43,2016,"mangrove",535.302722978631
44,2016,"mangrove",34.930030863206
45,2016,"mangrove",70.7333124979921
46,2016,"mangrove",10.4790092589618
47,2016,"mangrove",13.0987615737022
48,2016,"mangrove",1.7465015431603
49,2016,"mangrove",9.60575848738164
50,2016,"mangrove",70.7333124979921
51,2016,"mangrove",0
52,2016,"mangrove",0.873250771580149
53,2016,"mangrove",897.701793184393
54,2016,"mangrove",75.0995663558928
55,2016,"mangrove",0
56,2016,"mangrove",0
57,2016,"mangrove",0
58,2016,"mangrove",0
59,2016,"mangrove",0
60,2016,"mangrove",0
61,2016,"mangrove",0
62,2016,"mangrove",0
63,2016,"mangrove",0
64,2016,"mangrove",0.873250771580149
65,2016,"mangrove",615.641793964005
66,2016,"mangrove",1290.66464039546
67,2016,"mangrove",0
68,2016,"mangrove",0
69,2016,"mangrove",0
70,2016,"mangrove",0
71,2016,"mangrove",0
72,2016,"mangrove",0
73,2016,"mangrove",0
74,2016,"mangrove",0
75,2016,"mangrove",0
76,2016,"mangrove",0
77,2016,"mangrove",0
78,2016,"mangrove",0
79,2016,"mangrove",0
80,2016,"mangrove",0
81,2016,"mangrove",0
82,2016,"mangrove",0
84,2016,"mangrove",0
85,2016,"mangrove",0
86,2016,"mangrove",0
88,2016,"mangrove",0
89,2016,"mangrove",0
90,2016,"mangrove",0
91,2016,"mangrove",0
92,2016,"mangrove",0
93,2016,"mangrove",0
94,2016,"mangrove",0
95,2016,"mangrove",0
96,2016,"mangrove",1575.34439193059
97,2016,"mangrove",190.368668204472
98,2016,"mangrove",0
99,2016,"mangrove",32.3102785484655
100,2016,"mangrove",20.0847677463434
101,2016,"mangrove",0
102,2016,"mangrove",30.5637770053052
103,2016,"mangrove",0.873250771580149
104,2016,"mangrove",257.608977616144
105,2016,"mangrove",0
106,2016,"mangrove",182.509411260251
107,2016,"mangrove",0
108,2016,"mangrove",0
110,2016,"mangrove",1446.10327773673
111,2016,"mangrove",129.241114193862
112,2016,"mangrove",3543.65163107224
113,2016,"mangrove",41.042786264267
114,2016,"mangrove",139.720123452824
115,2016,"mangrove",186.002414346572
116,2016,"mangrove",90.8180802443355
117,2016,"mangrove",0.873250771580149
118,2016,"mangrove",0
119,2016,"mangrove",0
120,2016,"mangrove",10.4790092589618
121,2016,"mangrove",0
122,2016,"mangrove",1.7465015431603
123,2016,"mangrove",0
124,2016,"mangrove",0
125,2016,"mangrove",0.873250771580149
126,2016,"mangrove",85.5785756148546
127,2016,"mangrove",0
129,2016,"mangrove",1570.10488730111
130,2016,"mangrove",378.990834865785
131,2016,"mangrove",766.714177447371
132,2016,"mangrove",2801.38847522912
133,2016,"mangrove",613.022041649265
134,2016,"mangrove",372.878079464724
135,2016,"mangrove",9872.97322348516
136,2016,"mangrove",264.594983788785
137,2016,"mangrove",1496.75182248838
138,2016,"mangrove",48.0287924369082
139,2016,"mangrove",2808.37448140176
140,2016,"mangrove",54.1415478379692
141,2016,"mangrove",0
143,2016,"mangrove",0
144,2016,"mangrove",0
145,2016,"mangrove",0
146,2016,"mangrove",0
147,2016,"mangrove",3.4930030863206
148,2016,"mangrove",0
149,2016,"mangrove",0
150,2016,"mangrove",0
151,2016,"mangrove",0.873250771580149
152,2016,"mangrove",0.873250771580149
153,2016,"mangrove",0
154,2016,"mangrove",0
155,2016,"mangrove",13.0987615737022
156,2016,"mangrove",0
157,2016,"mangrove",0
158,2016,"mangrove",0
159,2016,"mangrove",0
161,2016,"mangrove",0
162,2016,"mangrove",321.356283941495
163,2016,"mangrove",2298.39603079895
164,2016,"mangrove",496.879689029105
166,2016,"mangrove",93.4378325590759
167,2016,"mangrove",301.271516195151
168,2016,"mangrove",817.362722199019
169,2016,"mangrove",639.219564796669
171,2016,"mangrove",11402.9085752936
172,2016,"mangrove",0
173,2016,"mangrove",0
174,2016,"mangrove",0
175,2016,"mangrove",0
176,2016,"mangrove",0
177,2016,"mangrove",0
178,2016,"mangrove",0
179,2016,"mangrove",0
180,2016,"mangrove",0
181,2016,"mangrove",0
182,2016,"mangrove",0
183,2016,"mangrove",0
184,2016,"mangrove",0
185,2016,"mangrove",0
186,2016,"mangrove",0
187,2016,"mangrove",0
188,2016,"mangrove",0
189,2016,"mangrove",0
190,2016,"mangrove",0.873250771580149
191,2016,"mangrove",115.26910184858
192,2016,"mangrove",0
193,2016,"mangrove",2679.1333672079
194,2016,"mangrove",2197.97219206724
195,2016,"mangrove",54.1415478379692
196,2016,"mangrove",8496.73000747485
197,2016,"mangrove",1995.37801306064
198,2016,"mangrove",1795.40358636879
199,2016,"mangrove",230.538203697159
200,2016,"mangrove",289.046005393029
202,2016,"mangrove",1086.32395984571
203,2016,"mangrove",3518.32735869642
204,2016,"mangrove",4449.21268120086
205,2016,"mangrove",5288.40667268938
206,2016,"mangrove",5219.41986173455
207,2016,"mangrove",1873.996155811
208,2016,"mangrove",6.11275540106104
209,2016,"mangrove",213.946439037136
210,2016,"mangrove",7.85925694422134
212,2016,"mangrove",2.61975231474045
214,2016,"mangrove",1.7465015431603
215,2016,"mangrove",0
216,2016,"mangrove",29112.434222939
218,2016,"mangrove",0
219,2016,"mangrove",0
220,2016,"mangrove",0
221,2016,"mangrove",0
222,2016,"mangrove",0
223,2016,"mangrove",0
224,2016,"mangrove",0
227,2016,"mangrove",0
228,2016,"mangrove",0
231,2016,"mangrove",6.98600617264119
232,2016,"mangrove",0
237,2016,"mangrove",1.7465015431603
244,2016,"mangrove",0
245,2016,"mangrove",0.873250771580149
247,2016,"mangrove",105.663343361198
248,2016,"mangrove",0
249,2016,"mangrove",0
250,2016,"mangrove",1.7465015431603
1,2017,"mangrove",0
2,2017,"mangrove",0
3,2017,"mangrove",0
4,2017,"mangrove",0
5,2017,"mangrove",335.328296286777
6,2017,"mangrove",12.2255108021221
7,2017,"mangrove",515.217955232288
8,2017,"mangrove",57.6345509242898
9,2017,"mangrove",92.5645817874958
10,2017,"mangrove",0
11,2017,"mangrove",0.873250771580149
12,2017,"mangrove",0
13,2017,"mangrove",0
14,2017,"mangrove",3.4930030863206
15,2017,"mangrove",2802.2617260007
16,2017,"mangrove",9941.96003444
17,2017,"mangrove",4497.24147363777
18,2017,"mangrove",491.640184399624
19,2017,"mangrove",0
20,2017,"mangrove",0
21,2017,"mangrove",0
24,2017,"mangrove",610.402289334524
25,2017,"mangrove",2472.1729343434
26,2017,"mangrove",578.092010786059
28,2017,"mangrove",0.873250771580149
29,2017,"mangrove",7.85925694422134
30,2017,"mangrove",0
31,2017,"mangrove",0.873250771580149
32,2017,"mangrove",0
33,2017,"mangrove",0
34,2017,"mangrove",0
35,2017,"mangrove",6.11275540106104
36,2017,"mangrove",0
37,2017,"mangrove",4.36625385790074
38,2017,"mangrove",0
39,2017,"mangrove",2.61975231474045
40,2017,"mangrove",188.622166661312
41,2017,"mangrove",3069.47646210422
42,2017,"mangrove",2755.97943510695
43,2017,"mangrove",542.288729151272
44,2017,"mangrove",34.930030863206
45,2017,"mangrove",70.7333124979921
46,2017,"mangrove",9.60575848738164
47,2017,"mangrove",12.2255108021221
48,2017,"mangrove",1.7465015431603
49,2017,"mangrove",10.4790092589618
50,2017,"mangrove",72.4798140411524
51,2017,"mangrove",0
52,2017,"mangrove",0.873250771580149
53,2017,"mangrove",912.547056301256
54,2017,"mangrove",76.8460678990531
55,2017,"mangrove",0
56,2017,"mangrove",0
57,2017,"mangrove",0
58,2017,"mangrove",0
59,2017,"mangrove",0
60,2017,"mangrove",0
61,2017,"mangrove",0
62,2017,"mangrove",0
63,2017,"mangrove",0
64,2017,"mangrove",0.873250771580149
65,2017,"mangrove",613.022041649265
66,2017,"mangrove",1293.2843927102
67,2017,"mangrove",0
68,2017,"mangrove",0
69,2017,"mangrove",0
70,2017,"mangrove",0
71,2017,"mangrove",0
72,2017,"mangrove",0
73,2017,"mangrove",0
74,2017,"mangrove",0
75,2017,"mangrove",0
76,2017,"mangrove",0
77,2017,"mangrove",0
78,2017,"mangrove",0
79,2017,"mangrove",0
80,2017,"mangrove",0
81,2017,"mangrove",0
82,2017,"mangrove",0
84,2017,"mangrove",0
85,2017,"mangrove",0
86,2017,"mangrove",0
88,2017,"mangrove",0
89,2017,"mangrove",0
90,2017,"mangrove",0
91,2017,"mangrove",0
92,2017,"mangrove",0
93,2017,"mangrove",0
94,2017,"mangrove",0
95,2017,"mangrove",0
96,2017,"mangrove",1581.45714733165
97,2017,"mangrove",192.115169747633
98,2017,"mangrove",0
99,2017,"mangrove",31.4370277768854
100,2017,"mangrove",20.0847677463434
101,2017,"mangrove",0
102,2017,"mangrove",30.5637770053052
103,2017,"mangrove",0.873250771580149
104,2017,"mangrove",255.862476072984
105,2017,"mangrove",0
106,2017,"mangrove",181.636160488671
107,2017,"mangrove",0
108,2017,"mangrove",0
110,2017,"mangrove",1467.06129625465
111,2017,"mangrove",136.227120366503
112,2017,"mangrove",3556.75039264595
113,2017,"mangrove",41.9160370358472
114,2017,"mangrove",142.339875767564
115,2017,"mangrove",186.002414346572
116,2017,"mangrove",92.5645817874958
117,2017,"mangrove",0.873250771580149
118,2017,"mangrove",0
119,2017,"mangrove",0
120,2017,"mangrove",10.4790092589618
121,2017,"mangrove",0
122,2017,"mangrove",1.7465015431603
123,2017,"mangrove",0
124,2017,"mangrove",0
125,2017,"mangrove",0.873250771580149
126,2017,"mangrove",86.4518263864347
127,2017,"mangrove",0
129,2017,"mangrove",1574.47114115901
130,2017,"mangrove",379.864085637365
131,2017,"mangrove",761.47467281789
132,2017,"mangrove",2801.38847522912
133,2017,"mangrove",611.275540106104
134,2017,"mangrove",372.004828693143
135,2017,"mangrove",9938.46703135368
136,2017,"mangrove",270.707739189846
137,2017,"mangrove",1483.65306091467
138,2017,"mangrove",48.9020432084883
139,2017,"mangrove",2811.86748448808
140,2017,"mangrove",53.2682970663891
141,2017,"mangrove",0
143,2017,"mangrove",0
144,2017,"mangrove",0
145,2017,"mangrove",0
146,2017,"mangrove",0
147,2017,"mangrove",3.4930030863206
148,2017,"mangrove",0
149,2017,"mangrove",0
150,2017,"mangrove",0
151,2017,"mangrove",0.873250771580149
152,2017,"mangrove",0.873250771580149
153,2017,"mangrove",0
154,2017,"mangrove",0
155,2017,"mangrove",13.9720123452824
156,2017,"mangrove",0
157,2017,"mangrove",0
158,2017,"mangrove",0
159,2017,"mangrove",0
161,2017,"mangrove",0
162,2017,"mangrove",316.116779312014
163,2017,"mangrove",2294.90302771263
164,2017,"mangrove",502.119193658586
166,2017,"mangrove",92.5645817874958
167,2017,"mangrove",299.525014651991
168,2017,"mangrove",812.123217569538
169,2017,"mangrove",642.71256788299
171,2017,"mangrove",11488.4871509084
172,2017,"mangrove",0
173,2017,"mangrove",0
174,2017,"mangrove",0
175,2017,"mangrove",0
176,2017,"mangrove",0
177,2017,"mangrove",0
178,2017,"mangrove",0
179,2017,"mangrove",0
180,2017,"mangrove",0
181,2017,"mangrove",0
182,2017,"mangrove",0
183,2017,"mangrove",0
184,2017,"mangrove",0
185,2017,"mangrove",0
186,2017,"mangrove",0
187,2017,"mangrove",0
188,2017,"mangrove",0
189,2017,"mangrove",0
190,2017,"mangrove",0.873250771580149
191,2017,"mangrove",115.26910184858
192,2017,"mangrove",0
193,2017,"mangrove",2667.78110717735
194,2017,"mangrove",2194.47918898091
195,2017,"mangrove",54.1415478379692
196,2017,"mangrove",8502.84276287591
197,2017,"mangrove",1992.7582607459
198,2017,"mangrove",1794.53033559721
199,2017,"mangrove",231.411454468739
200,2017,"mangrove",289.046005393029
202,2017,"mangrove",1076.71820135832
203,2017,"mangrove",3529.67961872696
204,2017,"mangrove",4441.35342425664
205,2017,"mangrove",5311.98444352205
206,2017,"mangrove",5229.02562022193
207,2017,"mangrove",1860.8973942373
208,2017,"mangrove",6.11275540106104
209,2017,"mangrove",213.946439037136
210,2017,"mangrove",7.85925694422134
212,2017,"mangrove",2.61975231474045
214,2017,"mangrove",0.873250771580149
215,2017,"mangrove",0
216,2017,"mangrove",29042.5741612126
218,2017,"mangrove",0
219,2017,"mangrove",0
220,2017,"mangrove",0
221,2017,"mangrove",0
222,2017,"mangrove",0
223,2017,"mangrove",0
224,2017,"mangrove",0
227,2017,"mangrove",0
228,2017,"mangrove",0
231,2017,"mangrove",6.98600617264119
232,2017,"mangrove",0
237,2017,"mangrove",1.7465015431603
244,2017,"mangrove",0
245,2017,"mangrove",0.873250771580149
247,2017,"mangrove",105.663343361198
248,2017,"mangrove",0
249,2017,"mangrove",0
250,2017,"mangrove",1.7465015431603
1,2018,"mangrove",0
2,2018,"mangrove",0
3,2018,"mangrove",0
4,2018,"mangrove",0
5,2018,"mangrove",334.455045515197
6,2018,"mangrove",11.3522600305419
7,2018,"mangrove",517.837707547028
8,2018,"mangrove",57.6345509242898
9,2018,"mangrove",92.5645817874958
10,2018,"mangrove",0
11,2018,"mangrove",0.873250771580149
12,2018,"mangrove",0
13,2018,"mangrove",0
14,2018,"mangrove",3.4930030863206
15,2018,"mangrove",2828.4592491481
16,2018,"mangrove",10027.5386100549
17,2018,"mangrove",4507.72048289673
18,2018,"mangrove",496.879689029105
19,2018,"mangrove",0
20,2018,"mangrove",0
21,2018,"mangrove",0
24,2018,"mangrove",609.529038562944
25,2018,"mangrove",2468.67993125708
26,2018,"mangrove",586.82451850186
28,2018,"mangrove",0.873250771580149
29,2018,"mangrove",7.85925694422134
30,2018,"mangrove",0
31,2018,"mangrove",0.873250771580149
32,2018,"mangrove",0
33,2018,"mangrove",0
34,2018,"mangrove",0
35,2018,"mangrove",6.11275540106104
36,2018,"mangrove",0
37,2018,"mangrove",4.36625385790074
38,2018,"mangrove",0
39,2018,"mangrove",2.61975231474045
40,2018,"mangrove",181.636160488671
41,2018,"mangrove",3073.84271596212
42,2018,"mangrove",2763.83869205117
43,2018,"mangrove",543.161979922853
44,2018,"mangrove",34.930030863206
45,2018,"mangrove",70.7333124979921
46,2018,"mangrove",9.60575848738164
47,2018,"mangrove",13.9720123452824
48,2018,"mangrove",0.873250771580149
49,2018,"mangrove",10.4790092589618
50,2018,"mangrove",70.7333124979921
51,2018,"mangrove",0
52,2018,"mangrove",0.873250771580149
53,2018,"mangrove",926.519068646538
54,2018,"mangrove",76.8460678990531
55,2018,"mangrove",0
56,2018,"mangrove",0
57,2018,"mangrove",0
58,2018,"mangrove",0
59,2018,"mangrove",0
60,2018,"mangrove",0
61,2018,"mangrove",0
62,2018,"mangrove",0
63,2018,"mangrove",0
64,2018,"mangrove",0.873250771580149
65,2018,"mangrove",619.134797050326
66,2018,"mangrove",1296.77739579652
67,2018,"mangrove",0
68,2018,"mangrove",0
69,2018,"mangrove",0
70,2018,"mangrove",0
71,2018,"mangrove",0
72,2018,"mangrove",0
73,2018,"mangrove",0
74,2018,"mangrove",0
75,2018,"mangrove",0
76,2018,"mangrove",0
77,2018,"mangrove",0
78,2018,"mangrove",0
79,2018,"mangrove",0
80,2018,"mangrove",0
81,2018,"mangrove",0
82,2018,"mangrove",0
84,2018,"mangrove",0
85,2018,"mangrove",0
86,2018,"mangrove",0
88,2018,"mangrove",0
89,2018,"mangrove",0
90,2018,"mangrove",0
91,2018,"mangrove",0
92,2018,"mangrove",0
93,2018,"mangrove",0
94,2018,"mangrove",0
95,2018,"mangrove",0
96,2018,"mangrove",1570.97813807269
97,2018,"mangrove",192.115169747633
98,2018,"mangrove",0
99,2018,"mangrove",32.3102785484655
100,2018,"mangrove",20.0847677463434
101,2018,"mangrove",0
102,2018,"mangrove",29.6905262337251
103,2018,"mangrove",0.873250771580149
104,2018,"mangrove",255.862476072984
105,2018,"mangrove",0
106,2018,"mangrove",179.889658945511
107,2018,"mangrove",0
108,2018,"mangrove",0
110,2018,"mangrove",1474.04730242729
111,2018,"mangrove",137.973621909664
112,2018,"mangrove",3579.45491270703
113,2018,"mangrove",41.9160370358472
114,2018,"mangrove",140.593374224404
115,2018,"mangrove",186.002414346572
116,2018,"mangrove",94.3110833306561
117,2018,"mangrove",1.7465015431603
118,2018,"mangrove",0
119,2018,"mangrove",0
120,2018,"mangrove",10.4790092589618
121,2018,"mangrove",0
122,2018,"mangrove",1.7465015431603
123,2018,"mangrove",0
124,2018,"mangrove",0
125,2018,"mangrove",0.873250771580149
126,2018,"mangrove",88.1983279295951
127,2018,"mangrove",0
129,2018,"mangrove",1566.61188421479
130,2018,"mangrove",377.244333322624
131,2018,"mangrove",768.460678990531
132,2018,"mangrove",2818.85349066072
133,2018,"mangrove",613.022041649265
134,2018,"mangrove",372.004828693143
135,2018,"mangrove",10038.0176193138
136,2018,"mangrove",266.341485331945
137,2018,"mangrove",1493.25881940205
138,2018,"mangrove",52.3950462948089
139,2018,"mangrove",2819.7267414323
140,2018,"mangrove",54.1415478379692
141,2018,"mangrove",0
143,2018,"mangrove",0
144,2018,"mangrove",0
145,2018,"mangrove",0
146,2018,"mangrove",0
147,2018,"mangrove",3.4930030863206
148,2018,"mangrove",0
149,2018,"mangrove",0
150,2018,"mangrove",0
151,2018,"mangrove",0.873250771580149
152,2018,"mangrove",0.873250771580149
153,2018,"mangrove",0
154,2018,"mangrove",0
155,2018,"mangrove",13.9720123452824
156,2018,"mangrove",0
157,2018,"mangrove",0
158,2018,"mangrove",0
159,2018,"mangrove",0
161,2018,"mangrove",0
162,2018,"mangrove",316.990030083594
163,2018,"mangrove",2301.01578311369
164,2018,"mangrove",516.964456775448
166,2018,"mangrove",91.6913310159156
167,2018,"mangrove",296.905262337251
168,2018,"mangrove",811.249966797958
169,2018,"mangrove",641.83931711141
171,2018,"mangrove",11513.8114232843
172,2018,"mangrove",0
173,2018,"mangrove",0
174,2018,"mangrove",0
175,2018,"mangrove",0
176,2018,"mangrove",0
177,2018,"mangrove",0
178,2018,"mangrove",0
179,2018,"mangrove",0
180,2018,"mangrove",0
181,2018,"mangrove",0
182,2018,"mangrove",0
183,2018,"mangrove",0
184,2018,"mangrove",0
185,2018,"mangrove",0
186,2018,"mangrove",0
187,2018,"mangrove",0
188,2018,"mangrove",0
189,2018,"mangrove",0
190,2018,"mangrove",0.873250771580149
191,2018,"mangrove",107.409844904358
192,2018,"mangrove",0
193,2018,"mangrove",2677.38686566474
194,2018,"mangrove",2181.38042740721
195,2018,"mangrove",53.2682970663891
196,2018,"mangrove",8479.26499204325
197,2018,"mangrove",1991.01175920274
198,2018,"mangrove",1795.40358636879
199,2018,"mangrove",232.28470524032
200,2018,"mangrove",286.426253078289
202,2018,"mangrove",1103.78897527731
203,2018,"mangrove",3520.94711101116
204,2018,"mangrove",4485.01596283565
205,2018,"mangrove",5287.5334219178
206,2018,"mangrove",5226.40586790719
207,2018,"mangrove",1877.48915889732
208,2018,"mangrove",7.85925694422134
209,2018,"mangrove",214.819689808717
210,2018,"mangrove",7.85925694422134
212,2018,"mangrove",2.61975231474045
214,2018,"mangrove",1.7465015431603
215,2018,"mangrove",0
216,2018,"mangrove",29065.2786812737
218,2018,"mangrove",0
219,2018,"mangrove",0
220,2018,"mangrove",0
221,2018,"mangrove",0
222,2018,"mangrove",0
223,2018,"mangrove",0
224,2018,"mangrove",0
227,2018,"mangrove",0
228,2018,"mangrove",0
231,2018,"mangrove",6.98600617264119
232,2018,"mangrove",0
237,2018,"mangrove",1.7465015431603
244,2018,"mangrove",0
245,2018,"mangrove",1.7465015431603
247,2018,"mangrove",105.663343361198
248,2018,"mangrove",0
249,2018,"mangrove",0
250,2018,"mangrove",1.7465015431603
1,2019,"mangrove",0
2,2019,"mangrove",0
3,2019,"mangrove",0
4,2019,"mangrove",0
5,2019,"mangrove",337.948048601518
6,2019,"mangrove",11.3522600305419
7,2019,"mangrove",519.584209090189
8,2019,"mangrove",57.6345509242898
9,2019,"mangrove",90.8180802443355
10,2019,"mangrove",0
11,2019,"mangrove",0.873250771580149
12,2019,"mangrove",0
13,2019,"mangrove",0
14,2019,"mangrove",2.61975231474045
15,2019,"mangrove",2850.29051843761
16,2019,"mangrove",10046.7501270296
17,2019,"mangrove",4503.35422903883
18,2019,"mangrove",501.245942887006
19,2019,"mangrove",0
20,2019,"mangrove",0
21,2019,"mangrove",0
24,2019,"mangrove",608.655787791364
25,2019,"mangrove",2494.00420363291
26,2019,"mangrove",590.317521588181
28,2019,"mangrove",0.873250771580149
29,2019,"mangrove",7.85925694422134
30,2019,"mangrove",0
31,2019,"mangrove",0.873250771580149
32,2019,"mangrove",0
33,2019,"mangrove",0
34,2019,"mangrove",0
35,2019,"mangrove",6.11275540106104
36,2019,"mangrove",0
37,2019,"mangrove",4.36625385790074
38,2019,"mangrove",0
39,2019,"mangrove",2.61975231474045
40,2019,"mangrove",178.14315740235
41,2019,"mangrove",3036.29293278418
42,2019,"mangrove",2769.95144745223
43,2019,"mangrove",546.654983009173
44,2019,"mangrove",34.930030863206
45,2019,"mangrove",68.9868109548318
46,2019,"mangrove",9.60575848738164
47,2019,"mangrove",13.9720123452824
48,2019,"mangrove",0.873250771580149
49,2019,"mangrove",11.3522600305419
50,2019,"mangrove",70.7333124979921
51,2019,"mangrove",0
52,2019,"mangrove",0.873250771580149
53,2019,"mangrove",891.589037783332
54,2019,"mangrove",75.972817127473
55,2019,"mangrove",0
56,2019,"mangrove",0
57,2019,"mangrove",0
58,2019,"mangrove",0
59,2019,"mangrove",0
60,2019,"mangrove",0
61,2019,"mangrove",0
62,2019,"mangrove",0
63,2019,"mangrove",0
64,2019,"mangrove",0.873250771580149
65,2019,"mangrove",617.388295507165
66,2019,"mangrove",1297.6506465681
67,2019,"mangrove",0
68,2019,"mangrove",0
69,2019,"mangrove",0
70,2019,"mangrove",0
71,2019,"mangrove",0
72,2019,"mangrove",0
73,2019,"mangrove",0
74,2019,"mangrove",0
75,2019,"mangrove",0
76,2019,"mangrove",0
77,2019,"mangrove",0
78,2019,"mangrove",0
79,2019,"mangrove",0
80,2019,"mangrove",0
81,2019,"mangrove",0
82,2019,"mangrove",0
84,2019,"mangrove",0
85,2019,"mangrove",0
86,2019,"mangrove",0
88,2019,"mangrove",0
89,2019,"mangrove",0
90,2019,"mangrove",0
91,2019,"mangrove",0
92,2019,"mangrove",0
93,2019,"mangrove",0
94,2019,"mangrove",0
95,2019,"mangrove",0
96,2019,"mangrove",1541.28761183896
97,2019,"mangrove",192.988420519213
98,2019,"mangrove",0
99,2019,"mangrove",29.6905262337251
100,2019,"mangrove",20.0847677463434
101,2019,"mangrove",0
102,2019,"mangrove",29.6905262337251
103,2019,"mangrove",0.873250771580149
104,2019,"mangrove",254.989225301404
105,2019,"mangrove",0
106,2019,"mangrove",179.889658945511
107,2019,"mangrove",0
108,2019,"mangrove",0
110,2019,"mangrove",1498.49832403154
111,2019,"mangrove",146.706129625465
112,2019,"mangrove",3588.18742042283
113,2019,"mangrove",41.9160370358472
114,2019,"mangrove",143.213126539144
115,2019,"mangrove",190.368668204472
116,2019,"mangrove",93.4378325590759
117,2019,"mangrove",1.7465015431603
118,2019,"mangrove",0
119,2019,"mangrove",0
120,2019,"mangrove",10.4790092589618
121,2019,"mangrove",0
122,2019,"mangrove",1.7465015431603
123,2019,"mangrove",0.873250771580149
124,2019,"mangrove",0
125,2019,"mangrove",0.873250771580149
126,2019,"mangrove",86.4518263864347
127,2019,"mangrove",0
129,2019,"mangrove",1557.00612572741
130,2019,"mangrove",372.004828693143
131,2019,"mangrove",763.22117436105
132,2019,"mangrove",2838.93825840706
133,2019,"mangrove",604.289533933463
134,2019,"mangrove",373.751330236304
135,2019,"mangrove",10058.1023870602
136,2019,"mangrove",264.594983788785
137,2019,"mangrove",1515.09008869156
138,2019,"mangrove",52.3950462948089
139,2019,"mangrove",2824.96624606178
140,2019,"mangrove",53.2682970663891
141,2019,"mangrove",0
143,2019,"mangrove",0
144,2019,"mangrove",0
145,2019,"mangrove",0
146,2019,"mangrove",0
147,2019,"mangrove",3.4930030863206
148,2019,"mangrove",0
149,2019,"mangrove",0
150,2019,"mangrove",0
151,2019,"mangrove",0.873250771580149
152,2019,"mangrove",0.873250771580149
153,2019,"mangrove",0
154,2019,"mangrove",0
155,2019,"mangrove",13.9720123452824
156,2019,"mangrove",0
157,2019,"mangrove",0
158,2019,"mangrove",0
159,2019,"mangrove",0
161,2019,"mangrove",0
162,2019,"mangrove",314.370277768854
163,2019,"mangrove",2313.24129391581
164,2019,"mangrove",519.584209090189
166,2019,"mangrove",91.6913310159156
167,2019,"mangrove",293.41225925093
168,2019,"mangrove",811.249966797958
169,2019,"mangrove",637.473063253509
171,2019,"mangrove",11504.2056647969
172,2019,"mangrove",0
173,2019,"mangrove",0
174,2019,"mangrove",0
175,2019,"mangrove",0
176,2019,"mangrove",0
177,2019,"mangrove",0
178,2019,"mangrove",0
179,2019,"mangrove",0
180,2019,"mangrove",0
181,2019,"mangrove",0
182,2019,"mangrove",0
183,2019,"mangrove",0
184,2019,"mangrove",0
185,2019,"mangrove",0
186,2019,"mangrove",0
187,2019,"mangrove",0
188,2019,"mangrove",0
189,2019,"mangrove",0
190,2019,"mangrove",0.873250771580149
191,2019,"mangrove",112.649349533839
192,2019,"mangrove",0
193,2019,"mangrove",2692.2321287816
194,2019,"mangrove",2157.80265657455
195,2019,"mangrove",53.2682970663891
196,2019,"mangrove",8497.60325824643
197,2019,"mangrove",1994.50476228906
198,2019,"mangrove",1795.40358636879
199,2019,"mangrove",235.77770832664
200,2019,"mangrove",287.299503849869
202,2019,"mangrove",1110.77498144995
203,2019,"mangrove",3506.97509866588
204,2019,"mangrove",4478.029956663
205,2019,"mangrove",5291.02642500412
206,2019,"mangrove",5245.61738488195
207,2019,"mangrove",1880.10891121206
208,2019,"mangrove",6.98600617264119
209,2019,"mangrove",215.692940580297
210,2019,"mangrove",8.73250771580149
212,2019,"mangrove",2.61975231474045
214,2019,"mangrove",2.61975231474045
215,2019,"mangrove",0
216,2019,"mangrove",29123.7864829695
218,2019,"mangrove",0
219,2019,"mangrove",0
220,2019,"mangrove",0
221,2019,"mangrove",0
222,2019,"mangrove",0
223,2019,"mangrove",0
224,2019,"mangrove",0
227,2019,"mangrove",0
228,2019,"mangrove",0
231,2019,"mangrove",6.98600617264119
232,2019,"mangrove",0
237,2019,"mangrove",1.7465015431603
244,2019,"mangrove",0
245,2019,"mangrove",0.873250771580149
247,2019,"mangrove",106.536594132778
248,2019,"mangrove",0
249,2019,"mangrove",0
250,2019,"mangrove",1.7465015431603
1,2020,"mangrove",0
2,2020,"mangrove",0
3,2020,"mangrove",0
4,2020,"mangrove",0
5,2020,"mangrove",338.821299373098
6,2020,"mangrove",11.3522600305419
7,2020,"mangrove",516.964456775448
8,2020,"mangrove",57.6345509242898
9,2020,"mangrove",90.8180802443355
10,2020,"mangrove",0
11,2020,"mangrove",0.873250771580149
12,2020,"mangrove",0
13,2020,"mangrove",0
14,2020,"mangrove",2.61975231474045
15,2020,"mangrove",2840.68475995022
16,2020,"mangrove",10003.0875884506
17,2020,"mangrove",4492.00196900829
18,2020,"mangrove",500.372692115425
19,2020,"mangrove",0
20,2020,"mangrove",0
21,2020,"mangrove",0
24,2020,"mangrove",622.627800136646
25,2020,"mangrove",2523.69472986663
26,2020,"mangrove",580.711763100799
28,2020,"mangrove",0.873250771580149
29,2020,"mangrove",7.85925694422134
30,2020,"mangrove",0
31,2020,"mangrove",0.873250771580149
32,2020,"mangrove",0
33,2020,"mangrove",0
34,2020,"mangrove",0
35,2020,"mangrove",6.11275540106104
36,2020,"mangrove",0
37,2020,"mangrove",4.36625385790074
38,2020,"mangrove",0
39,2020,"mangrove",2.61975231474045
40,2020,"mangrove",178.14315740235
41,2020,"mangrove",2973.41887723041
42,2020,"mangrove",2769.07819668065
43,2020,"mangrove",546.654983009173
44,2020,"mangrove",35.8032816347861
45,2020,"mangrove",69.8600617264119
46,2020,"mangrove",9.60575848738164
47,2020,"mangrove",13.9720123452824
48,2020,"mangrove",0.873250771580149
49,2020,"mangrove",10.4790092589618
50,2020,"mangrove",69.8600617264119
51,2020,"mangrove",0
52,2020,"mangrove",0.873250771580149
53,2020,"mangrove",805.137211396897
54,2020,"mangrove",75.0995663558928
55,2020,"mangrove",0
56,2020,"mangrove",0
57,2020,"mangrove",0
58,2020,"mangrove",0
59,2020,"mangrove",0
60,2020,"mangrove",0
61,2020,"mangrove",0
62,2020,"mangrove",0
63,2020,"mangrove",0
64,2020,"mangrove",0.873250771580149
65,2020,"mangrove",614.768543192425
66,2020,"mangrove",1295.03089425336
67,2020,"mangrove",0
68,2020,"mangrove",0
69,2020,"mangrove",0
70,2020,"mangrove",0
71,2020,"mangrove",0
72,2020,"mangrove",0
73,2020,"mangrove",0
74,2020,"mangrove",0
75,2020,"mangrove",0
76,2020,"mangrove",0
77,2020,"mangrove",0
78,2020,"mangrove",0
79,2020,"mangrove",0
80,2020,"mangrove",0
81,2020,"mangrove",0
82,2020,"mangrove",0
84,2020,"mangrove",0
85,2020,"mangrove",0
86,2020,"mangrove",0
88,2020,"mangrove",0
89,2020,"mangrove",0
90,2020,"mangrove",0
91,2020,"mangrove",0
92,2020,"mangrove",0
93,2020,"mangrove",0
94,2020,"mangrove",0
95,2020,"mangrove",0
96,2020,"mangrove",1516.83659023472
97,2020,"mangrove",190.368668204472
98,2020,"mangrove",0
99,2020,"mangrove",29.6905262337251
100,2020,"mangrove",20.0847677463434
101,2020,"mangrove",0
102,2020,"mangrove",30.5637770053052
103,2020,"mangrove",0.873250771580149
104,2020,"mangrove",255.862476072984
105,2020,"mangrove",0
106,2020,"mangrove",178.14315740235
107,2020,"mangrove",0
108,2020,"mangrove",0
110,2020,"mangrove",1515.09008869156
111,2020,"mangrove",152.818885026526
112,2020,"mangrove",3577.70841116387
113,2020,"mangrove",41.9160370358472
114,2020,"mangrove",140.593374224404
115,2020,"mangrove",190.368668204472
116,2020,"mangrove",89.9448294727553
117,2020,"mangrove",1.7465015431603
118,2020,"mangrove",0
119,2020,"mangrove",0
120,2020,"mangrove",9.60575848738164
121,2020,"mangrove",0
122,2020,"mangrove",1.7465015431603
123,2020,"mangrove",0.873250771580149
124,2020,"mangrove",0
125,2020,"mangrove",0.873250771580149
126,2020,"mangrove",84.7053248432745
127,2020,"mangrove",0
129,2020,"mangrove",1544.78061492528
130,2020,"mangrove",370.258327149983
131,2020,"mangrove",753.615415873669
132,2020,"mangrove",2846.79751535129
133,2020,"mangrove",595.557026217662
134,2020,"mangrove",375.497831779464
135,2020,"mangrove",9947.19953906948
136,2020,"mangrove",264.594983788785
137,2020,"mangrove",1513.3435871484
138,2020,"mangrove",52.3950462948089
139,2020,"mangrove",2824.96624606178
140,2020,"mangrove",51.5217955232288
141,2020,"mangrove",0
143,2020,"mangrove",0
144,2020,"mangrove",0
145,2020,"mangrove",0
146,2020,"mangrove",0
147,2020,"mangrove",3.4930030863206
148,2020,"mangrove",0
149,2020,"mangrove",0
150,2020,"mangrove",0
151,2020,"mangrove",0.873250771580149
152,2020,"mangrove",0.873250771580149
153,2020,"mangrove",0
154,2020,"mangrove",0
155,2020,"mangrove",13.0987615737022
156,2020,"mangrove",0
157,2020,"mangrove",0
158,2020,"mangrove",0
159,2020,"mangrove",0
161,2020,"mangrove",0
162,2020,"mangrove",309.130773139373
163,2020,"mangrove",2333.32606166216
164,2020,"mangrove",518.710958318609
166,2020,"mangrove",91.6913310159156
167,2020,"mangrove",294.28551002251
168,2020,"mangrove",798.151205224256
169,2020,"mangrove",646.20557096931
171,2020,"mangrove",11497.2196586242
172,2020,"mangrove",0
173,2020,"mangrove",0
174,2020,"mangrove",0
175,2020,"mangrove",0
176,2020,"mangrove",0
177,2020,"mangrove",0
178,2020,"mangrove",0
179,2020,"mangrove",0
180,2020,"mangrove",0
181,2020,"mangrove",0
182,2020,"mangrove",0
183,2020,"mangrove",0
184,2020,"mangrove",0
185,2020,"mangrove",0
186,2020,"mangrove",0
187,2020,"mangrove",0
188,2020,"mangrove",0
189,2020,"mangrove",0
190,2020,"mangrove",0.873250771580149
191,2020,"mangrove",105.663343361198
192,2020,"mangrove",0
193,2020,"mangrove",2659.92185023313
194,2020,"mangrove",2149.94339963033
195,2020,"mangrove",55.0147986095494
196,2020,"mangrove",8468.78598278428
197,2020,"mangrove",1992.7582607459
198,2020,"mangrove",1787.54432942456
199,2020,"mangrove",235.77770832664
200,2020,"mangrove",284.679751535129
202,2020,"mangrove",1100.29597219099
203,2020,"mangrove",3462.43930931529
204,2020,"mangrove",4500.73447672409
205,2020,"mangrove",5369.61899444634
206,2020,"mangrove",5225.53261713561
207,2020,"mangrove",1875.74265735416
208,2020,"mangrove",6.98600617264119
209,2020,"mangrove",206.087182092915
210,2020,"mangrove",7.85925694422134
212,2020,"mangrove",2.61975231474045
214,2020,"mangrove",2.61975231474045
215,2020,"mangrove",0
216,2020,"mangrove",29263.5066064224
218,2020,"mangrove",0
219,2020,"mangrove",0
220,2020,"mangrove",0
221,2020,"mangrove",0
222,2020,"mangrove",0
223,2020,"mangrove",0
224,2020,"mangrove",0
227,2020,"mangrove",0
228,2020,"mangrove",0
231,2020,"mangrove",6.98600617264119
232,2020,"mangrove",0
237,2020,"mangrove",1.7465015431603
244,2020,"mangrove",0
245,2020,"mangrove",0.873250771580149
247,2020,"mangrove",106.536594132778
248,2020,"mangrove",0
249,2020,"mangrove",0
250,2020,"mangrove",1.7465015431603
