"rgn_id","rgn_name","year","quantity","unit","sector","source"
14,"Taiwan",2008,218626.2,"Persons (1)","mar","OECD"
14,"Taiwan",2009,195390,"Persons (1)","mar","OECD"
14,"Taiwan",2010,195413.4,"Persons (1)","mar","OECD"
14,"Taiwan",2011,197893.8,"Persons (1)","mar","OECD"
14,"Taiwan",2012,205124.4,"Persons (1)","mar","OECD"
14,"Taiwan",2013,208657.8,"Persons (1)","mar","OECD"
14,"Taiwan",2014,204328.8,"Persons (1)","mar","OECD"
14,"Taiwan",2015,206668.8,"Persons (1)","mar","OECD"
14,"Taiwan",2016,202456.8,"Persons (1)","mar","OECD"
14,"Taiwan",2017,210857.4,"Persons (1)","mar","OECD"
14,"Taiwan",2018,208564.2,"Persons (1)","mar","OECD"
14,"Taiwan",2019,198127.8,"Persons (1)","mar","OECD"
14,"Taiwan",2020,207136.8,"Persons (1)","mar","OECD"
14,"Taiwan",2021,199695.6,"Persons (1)","mar","OECD"
14,"Taiwan",2022,199929.6,"Persons (1)","mar","OECD"
15,"Philippines",2008,819000,"Persons (1)","mar","OECD"
15,"Philippines",2009,819000,"Persons (1)","mar","OECD"
15,"Philippines",2010,819000,"Persons (1)","mar","OECD"
15,"Philippines",2011,819000,"Persons (1)","mar","OECD"
15,"Philippines",2012,819000,"Persons (1)","mar","OECD"
15,"Philippines",2013,792464.4,"Persons (1)","mar","OECD"
15,"Philippines",2014,765952.2,"Persons (1)","mar","OECD"
15,"Philippines",2015,739416.6,"Persons (1)","mar","OECD"
15,"Philippines",2016,712881,"Persons (1)","mar","OECD"
15,"Philippines",2017,686368.8,"Persons (1)","mar","OECD"
15,"Philippines",2018,659833.2,"Persons (1)","mar","OECD"
15,"Philippines",2019,633297.6,"Persons (1)","mar","OECD"
15,"Philippines",2020,606762,"Persons (1)","mar","OECD"
15,"Philippines",2021,580249.8,"Persons (1)","mar","OECD"
15,"Philippines",2022,580249.8,"Persons (1)","mar","OECD"
16,"Australia",2008,18720,"Persons (1)","mar","OECD"
16,"Australia",2009,16380,"Persons (1)","mar","OECD"
16,"Australia",2010,16380,"Persons (1)","mar","OECD"
16,"Australia",2011,16380,"Persons (1)","mar","OECD"
16,"Australia",2012,16380,"Persons (1)","mar","OECD"
16,"Australia",2013,14040,"Persons (1)","mar","OECD"
16,"Australia",2014,16380,"Persons (1)","mar","OECD"
16,"Australia",2015,16380,"Persons (1)","mar","OECD"
16,"Australia",2016,14040,"Persons (1)","mar","OECD"
16,"Australia",2017,14040,"Persons (1)","mar","OECD"
16,"Australia",2018,14040,"Persons (1)","mar","OECD"
16,"Australia",2019,14040,"Persons (1)","mar","OECD"
16,"Australia",2020,16380,"Persons (1)","mar","OECD"
16,"Australia",2021,16380,"Persons (1)","mar","OECD"
16,"Australia",2022,16380,"Persons (1)","mar","OECD"
20,"South Korea",2008,100292.4,"Persons (1)","mar","OECD"
20,"South Korea",2009,101626.2,"Persons (1)","mar","OECD"
20,"South Korea",2010,69521.4,"Persons (1)","mar","OECD"
20,"South Korea",2011,74973.6,"Persons (1)","mar","OECD"
20,"South Korea",2012,70644.6,"Persons (1)","mar","OECD"
20,"South Korea",2013,69544.8,"Persons (1)","mar","OECD"
20,"South Korea",2014,64701,"Persons (1)","mar","OECD"
20,"South Korea",2015,82134,"Persons (1)","mar","OECD"
20,"South Korea",2016,82274.4,"Persons (1)","mar","OECD"
20,"South Korea",2017,82602,"Persons (1)","mar","OECD"
20,"South Korea",2018,88896.6,"Persons (1)","mar","OECD"
20,"South Korea",2019,86650.2,"Persons (1)","mar","OECD"
20,"South Korea",2020,63671.4,"Persons (1)","mar","OECD"
20,"South Korea",2021,65613.6,"Persons (1)","mar","OECD"
20,"South Korea",2022,63367.2,"Persons (1)","mar","OECD"
25,"Thailand",2008,1011862.8,"Persons (1)","mar","OECD"
25,"Thailand",2009,1011862.8,"Persons (1)","mar","OECD"
25,"Thailand",2010,1011862.8,"Persons (1)","mar","OECD"
25,"Thailand",2011,1011862.8,"Persons (1)","mar","OECD"
25,"Thailand",2012,1011862.8,"Persons (1)","mar","OECD"
25,"Thailand",2013,1011862.8,"Persons (1)","mar","OECD"
25,"Thailand",2014,1011862.8,"Persons (1)","mar","OECD"
25,"Thailand",2015,1011862.8,"Persons (1)","mar","OECD"
25,"Thailand",2016,1011862.8,"Persons (1)","mar","OECD"
25,"Thailand",2017,1011862.8,"Persons (1)","mar","OECD"
25,"Thailand",2018,1258428.6,"Persons (1)","mar","OECD"
25,"Thailand",2019,1294885.8,"Persons (1)","mar","OECD"
25,"Thailand",2020,1353690,"Persons (1)","mar","OECD"
25,"Thailand",2021,1267180.2,"Persons (1)","mar","OECD"
25,"Thailand",2022,1280471.4,"Persons (1)","mar","OECD"
59,"Belgium",2008,327.6,"Persons (1)","mar","OECD"
59,"Belgium",2009,327.6,"Persons (1)","mar","OECD"
59,"Belgium",2010,327.6,"Persons (1)","mar","OECD"
59,"Belgium",2011,327.6,"Persons (1)","mar","OECD"
59,"Belgium",2012,327.6,"Persons (1)","mar","OECD"
59,"Belgium",2013,327.6,"Persons (1)","mar","OECD"
59,"Belgium",2014,327.6,"Persons (1)","mar","OECD"
59,"Belgium",2015,327.6,"Persons (1)","mar","OECD"
59,"Belgium",2016,327.6,"Persons (1)","mar","OECD"
59,"Belgium",2017,327.6,"Persons (1)","mar","OECD"
59,"Belgium",2018,327.6,"Persons (1)","mar","OECD"
59,"Belgium",2019,327.6,"Persons (1)","mar","OECD"
59,"Belgium",2020,327.6,"Persons (1)","mar","OECD"
59,"Belgium",2021,327.6,"Persons (1)","mar","OECD"
59,"Belgium",2022,327.6,"Persons (1)","mar","OECD"
69,"Latvia",2008,772.2,"Persons (1)","mar","OECD"
69,"Latvia",2009,725.4,"Persons (1)","mar","OECD"
69,"Latvia",2010,772.2,"Persons (1)","mar","OECD"
69,"Latvia",2011,795.6,"Persons (1)","mar","OECD"
69,"Latvia",2012,819,"Persons (1)","mar","OECD"
69,"Latvia",2013,842.4,"Persons (1)","mar","OECD"
69,"Latvia",2014,912.6,"Persons (1)","mar","OECD"
69,"Latvia",2015,889.2,"Persons (1)","mar","OECD"
69,"Latvia",2016,842.4,"Persons (1)","mar","OECD"
69,"Latvia",2017,842.4,"Persons (1)","mar","OECD"
69,"Latvia",2018,795.6,"Persons (1)","mar","OECD"
69,"Latvia",2019,702,"Persons (1)","mar","OECD"
69,"Latvia",2020,772.2,"Persons (1)","mar","OECD"
69,"Latvia",2021,725.4,"Persons (1)","mar","OECD"
69,"Latvia",2022,725.4,"Persons (1)","mar","OECD"
70,"Estonia",2008,234,"Persons (1)","mar","OECD"
70,"Estonia",2009,280.8,"Persons (1)","mar","OECD"
70,"Estonia",2010,210.6,"Persons (1)","mar","OECD"
70,"Estonia",2011,234,"Persons (1)","mar","OECD"
70,"Estonia",2012,187.2,"Persons (1)","mar","OECD"
70,"Estonia",2013,234,"Persons (1)","mar","OECD"
70,"Estonia",2014,210.6,"Persons (1)","mar","OECD"
70,"Estonia",2015,234,"Persons (1)","mar","OECD"
70,"Estonia",2016,210.6,"Persons (1)","mar","OECD"
70,"Estonia",2017,234,"Persons (1)","mar","OECD"
70,"Estonia",2018,257.4,"Persons (1)","mar","OECD"
70,"Estonia",2019,257.4,"Persons (1)","mar","OECD"
70,"Estonia",2020,234,"Persons (1)","mar","OECD"
70,"Estonia",2021,234,"Persons (1)","mar","OECD"
70,"Estonia",2022,210.6,"Persons (1)","mar","OECD"
71,"Bulgaria",2008,1076.4,"Persons (1)","mar","OECD"
71,"Bulgaria",2009,1076.4,"Persons (1)","mar","OECD"
71,"Bulgaria",2010,1076.4,"Persons (1)","mar","OECD"
71,"Bulgaria",2011,1170,"Persons (1)","mar","OECD"
71,"Bulgaria",2012,1170,"Persons (1)","mar","OECD"
71,"Bulgaria",2013,1146.6,"Persons (1)","mar","OECD"
71,"Bulgaria",2014,1825.2,"Persons (1)","mar","OECD"
71,"Bulgaria",2015,1825.2,"Persons (1)","mar","OECD"
71,"Bulgaria",2016,2433.6,"Persons (1)","mar","OECD"
71,"Bulgaria",2017,2925,"Persons (1)","mar","OECD"
71,"Bulgaria",2018,2808,"Persons (1)","mar","OECD"
71,"Bulgaria",2019,3252.6,"Persons (1)","mar","OECD"
71,"Bulgaria",2020,3018.6,"Persons (1)","mar","OECD"
71,"Bulgaria",2021,3486.6,"Persons (1)","mar","OECD"
71,"Bulgaria",2022,3556.8,"Persons (1)","mar","OECD"
72,"Romania",2008,8962.2,"Persons (1)","mar","OECD"
72,"Romania",2009,8517.6,"Persons (1)","mar","OECD"
72,"Romania",2010,8096.4,"Persons (1)","mar","OECD"
72,"Romania",2011,7675.2,"Persons (1)","mar","OECD"
72,"Romania",2012,7230.6,"Persons (1)","mar","OECD"
72,"Romania",2013,5803.2,"Persons (1)","mar","OECD"
72,"Romania",2014,6247.8,"Persons (1)","mar","OECD"
72,"Romania",2015,5077.8,"Persons (1)","mar","OECD"
72,"Romania",2016,5054.4,"Persons (1)","mar","OECD"
72,"Romania",2017,5826.6,"Persons (1)","mar","OECD"
72,"Romania",2018,5124.6,"Persons (1)","mar","OECD"
72,"Romania",2019,5756.4,"Persons (1)","mar","OECD"
72,"Romania",2020,5756.4,"Persons (1)","mar","OECD"
72,"Romania",2021,5709.6,"Persons (1)","mar","OECD"
72,"Romania",2022,4867.2,"Persons (1)","mar","OECD"
76,"Turkey",2008,17807.4,"Persons (1)","mar","OECD"
76,"Turkey",2009,14859,"Persons (1)","mar","OECD"
76,"Turkey",2010,15444,"Persons (1)","mar","OECD"
76,"Turkey",2011,17596.8,"Persons (1)","mar","OECD"
76,"Turkey",2012,19890,"Persons (1)","mar","OECD"
76,"Turkey",2013,22932,"Persons (1)","mar","OECD"
76,"Turkey",2014,23166,"Persons (1)","mar","OECD"
76,"Turkey",2015,23049,"Persons (1)","mar","OECD"
76,"Turkey",2016,23283,"Persons (1)","mar","OECD"
76,"Turkey",2017,24570,"Persons (1)","mar","OECD"
76,"Turkey",2018,24804,"Persons (1)","mar","OECD"
76,"Turkey",2019,25155,"Persons (1)","mar","OECD"
76,"Turkey",2020,25272,"Persons (1)","mar","OECD"
76,"Turkey",2021,25740,"Persons (1)","mar","OECD"
76,"Turkey",2022,26208,"Persons (1)","mar","OECD"
79,"Israel",2008,936,"Persons (1)","mar","OECD"
79,"Israel",2009,936,"Persons (1)","mar","OECD"
79,"Israel",2010,936,"Persons (1)","mar","OECD"
79,"Israel",2011,936,"Persons (1)","mar","OECD"
79,"Israel",2012,936,"Persons (1)","mar","OECD"
79,"Israel",2013,936,"Persons (1)","mar","OECD"
79,"Israel",2014,936,"Persons (1)","mar","OECD"
79,"Israel",2015,936,"Persons (1)","mar","OECD"
79,"Israel",2016,936,"Persons (1)","mar","OECD"
79,"Israel",2017,936,"Persons (1)","mar","OECD"
79,"Israel",2018,936,"Persons (1)","mar","OECD"
79,"Israel",2019,936,"Persons (1)","mar","OECD"
79,"Israel",2020,819,"Persons (1)","mar","OECD"
79,"Israel",2021,702,"Persons (1)","mar","OECD"
79,"Israel",2022,702,"Persons (1)","mar","OECD"
80,"Greece",2008,11606.4,"Persons (1)","mar","OECD"
80,"Greece",2009,10693.8,"Persons (1)","mar","OECD"
80,"Greece",2010,9945,"Persons (1)","mar","OECD"
80,"Greece",2011,10085.4,"Persons (1)","mar","OECD"
80,"Greece",2012,9828,"Persons (1)","mar","OECD"
80,"Greece",2013,9640.8,"Persons (1)","mar","OECD"
80,"Greece",2014,9523.8,"Persons (1)","mar","OECD"
80,"Greece",2015,9523.8,"Persons (1)","mar","OECD"
80,"Greece",2016,10038.6,"Persons (1)","mar","OECD"
80,"Greece",2017,10296,"Persons (1)","mar","OECD"
80,"Greece",2018,10038.6,"Persons (1)","mar","OECD"
80,"Greece",2019,9757.8,"Persons (1)","mar","OECD"
80,"Greece",2020,9921.6,"Persons (1)","mar","OECD"
80,"Greece",2021,9055.8,"Persons (1)","mar","OECD"
80,"Greece",2022,9477,"Persons (1)","mar","OECD"
130,"Costa Rica",2008,3112.2,"Persons (1)","mar","OECD"
130,"Costa Rica",2009,4773.6,"Persons (1)","mar","OECD"
130,"Costa Rica",2010,2410.2,"Persons (1)","mar","OECD"
130,"Costa Rica",2011,2971.8,"Persons (1)","mar","OECD"
130,"Costa Rica",2012,4960.8,"Persons (1)","mar","OECD"
130,"Costa Rica",2013,3439.8,"Persons (1)","mar","OECD"
130,"Costa Rica",2014,4960.8,"Persons (1)","mar","OECD"
130,"Costa Rica",2015,3182.4,"Persons (1)","mar","OECD"
130,"Costa Rica",2016,3042,"Persons (1)","mar","OECD"
130,"Costa Rica",2017,2901.6,"Persons (1)","mar","OECD"
130,"Costa Rica",2018,3978,"Persons (1)","mar","OECD"
130,"Costa Rica",2019,2082.6,"Persons (1)","mar","OECD"
130,"Costa Rica",2020,4165.2,"Persons (1)","mar","OECD"
130,"Costa Rica",2021,3416.4,"Persons (1)","mar","OECD"
130,"Costa Rica",2022,2012.4,"Persons (1)","mar","OECD"
132,"Colombia",2008,130501.8,"Persons (1)","mar","OECD"
132,"Colombia",2009,123364.8,"Persons (1)","mar","OECD"
132,"Colombia",2010,128325.6,"Persons (1)","mar","OECD"
132,"Colombia",2011,132093,"Persons (1)","mar","OECD"
132,"Colombia",2012,142201.8,"Persons (1)","mar","OECD"
132,"Colombia",2013,140025.6,"Persons (1)","mar","OECD"
132,"Colombia",2014,175008.6,"Persons (1)","mar","OECD"
132,"Colombia",2015,170352,"Persons (1)","mar","OECD"
132,"Colombia",2016,179735.4,"Persons (1)","mar","OECD"
132,"Colombia",2017,199648.8,"Persons (1)","mar","OECD"
132,"Colombia",2018,215233.2,"Persons (1)","mar","OECD"
132,"Colombia",2019,248320.8,"Persons (1)","mar","OECD"
132,"Colombia",2020,255902.4,"Persons (1)","mar","OECD"
132,"Colombia",2021,274716,"Persons (1)","mar","OECD"
132,"Colombia",2022,292429.8,"Persons (1)","mar","OECD"
135,"Mexico",2008,70972.2,"Persons (1)","mar","OECD"
135,"Mexico",2009,71814.6,"Persons (1)","mar","OECD"
135,"Mexico",2010,100900.8,"Persons (1)","mar","OECD"
135,"Mexico",2011,113934.6,"Persons (1)","mar","OECD"
135,"Mexico",2012,131344.2,"Persons (1)","mar","OECD"
135,"Mexico",2013,131625,"Persons (1)","mar","OECD"
135,"Mexico",2014,131625,"Persons (1)","mar","OECD"
135,"Mexico",2015,131625,"Persons (1)","mar","OECD"
135,"Mexico",2016,131625,"Persons (1)","mar","OECD"
135,"Mexico",2017,131625,"Persons (1)","mar","OECD"
135,"Mexico",2018,131625,"Persons (1)","mar","OECD"
135,"Mexico",2019,131625,"Persons (1)","mar","OECD"
135,"Mexico",2020,131625,"Persons (1)","mar","OECD"
135,"Mexico",2021,131625,"Persons (1)","mar","OECD"
135,"Mexico",2022,131625,"Persons (1)","mar","OECD"
138,"Peru",2008,5171.4,"Persons (1)","mar","OECD"
138,"Peru",2009,6762.6,"Persons (1)","mar","OECD"
138,"Peru",2010,13969.8,"Persons (1)","mar","OECD"
138,"Peru",2011,17362.8,"Persons (1)","mar","OECD"
138,"Peru",2012,17292.6,"Persons (1)","mar","OECD"
138,"Peru",2013,18369,"Persons (1)","mar","OECD"
138,"Peru",2014,29226.6,"Persons (1)","mar","OECD"
138,"Peru",2015,18275.4,"Persons (1)","mar","OECD"
138,"Peru",2016,13689,"Persons (1)","mar","OECD"
138,"Peru",2017,15701.4,"Persons (1)","mar","OECD"
138,"Peru",2018,24710.4,"Persons (1)","mar","OECD"
138,"Peru",2019,23774.4,"Persons (1)","mar","OECD"
138,"Peru",2020,15818.4,"Persons (1)","mar","OECD"
138,"Peru",2021,17128.8,"Persons (1)","mar","OECD"
138,"Peru",2022,26371.8,"Persons (1)","mar","OECD"
143,"Iceland",2008,585,"Persons (1)","mar","OECD"
143,"Iceland",2009,585,"Persons (1)","mar","OECD"
143,"Iceland",2010,561.6,"Persons (1)","mar","OECD"
143,"Iceland",2011,561.6,"Persons (1)","mar","OECD"
143,"Iceland",2012,585,"Persons (1)","mar","OECD"
143,"Iceland",2013,795.6,"Persons (1)","mar","OECD"
143,"Iceland",2014,795.6,"Persons (1)","mar","OECD"
143,"Iceland",2015,795.6,"Persons (1)","mar","OECD"
143,"Iceland",2016,1310.4,"Persons (1)","mar","OECD"
143,"Iceland",2017,1357.2,"Persons (1)","mar","OECD"
143,"Iceland",2018,1357.2,"Persons (1)","mar","OECD"
143,"Iceland",2019,1404,"Persons (1)","mar","OECD"
143,"Iceland",2020,1404,"Persons (1)","mar","OECD"
143,"Iceland",2021,1404,"Persons (1)","mar","OECD"
143,"Iceland",2022,1404,"Persons (1)","mar","OECD"
162,"New Zealand",2008,1591.2,"Persons (1)","mar","OECD"
162,"New Zealand",2009,1895.4,"Persons (1)","mar","OECD"
162,"New Zealand",2010,1521,"Persons (1)","mar","OECD"
162,"New Zealand",2011,1450.8,"Persons (1)","mar","OECD"
162,"New Zealand",2012,1427.4,"Persons (1)","mar","OECD"
162,"New Zealand",2013,1638,"Persons (1)","mar","OECD"
162,"New Zealand",2014,1544.4,"Persons (1)","mar","OECD"
162,"New Zealand",2015,1521,"Persons (1)","mar","OECD"
162,"New Zealand",2016,1755,"Persons (1)","mar","OECD"
162,"New Zealand",2017,1825.2,"Persons (1)","mar","OECD"
162,"New Zealand",2018,1965.6,"Persons (1)","mar","OECD"
162,"New Zealand",2019,1965.6,"Persons (1)","mar","OECD"
162,"New Zealand",2020,2106,"Persons (1)","mar","OECD"
162,"New Zealand",2021,1942.2,"Persons (1)","mar","OECD"
162,"New Zealand",2022,2457,"Persons (1)","mar","OECD"
163,"United States",2008,15420.6,"Persons (1)","mar","OECD"
163,"United States",2009,13689,"Persons (1)","mar","OECD"
163,"United States",2010,15116.4,"Persons (1)","mar","OECD"
163,"United States",2011,14554.8,"Persons (1)","mar","OECD"
163,"United States",2012,14718.6,"Persons (1)","mar","OECD"
163,"United States",2013,14812.2,"Persons (1)","mar","OECD"
163,"United States",2014,15116.4,"Persons (1)","mar","OECD"
163,"United States",2015,16263,"Persons (1)","mar","OECD"
163,"United States",2016,16309.8,"Persons (1)","mar","OECD"
163,"United States",2017,16731,"Persons (1)","mar","OECD"
163,"United States",2018,17152.2,"Persons (1)","mar","OECD"
163,"United States",2019,17643.6,"Persons (1)","mar","OECD"
163,"United States",2020,17175.6,"Persons (1)","mar","OECD"
163,"United States",2021,17924.4,"Persons (1)","mar","OECD"
163,"United States",2022,17573.4,"Persons (1)","mar","OECD"
171,"Brazil",2008,97835.4,"Persons (1)","mar","OECD"
171,"Brazil",2009,97835.4,"Persons (1)","mar","OECD"
171,"Brazil",2010,97835.4,"Persons (1)","mar","OECD"
171,"Brazil",2011,97835.4,"Persons (1)","mar","OECD"
171,"Brazil",2012,97835.4,"Persons (1)","mar","OECD"
171,"Brazil",2013,97835.4,"Persons (1)","mar","OECD"
171,"Brazil",2014,97835.4,"Persons (1)","mar","OECD"
171,"Brazil",2015,97835.4,"Persons (1)","mar","OECD"
171,"Brazil",2016,97835.4,"Persons (1)","mar","OECD"
171,"Brazil",2017,97835.4,"Persons (1)","mar","OECD"
171,"Brazil",2018,97835.4,"Persons (1)","mar","OECD"
171,"Brazil",2019,97835.4,"Persons (1)","mar","OECD"
171,"Brazil",2020,20638.8,"Persons (1)","mar","OECD"
171,"Brazil",2021,20638.8,"Persons (1)","mar","OECD"
171,"Brazil",2022,20638.8,"Persons (1)","mar","OECD"
172,"Argentina",2008,1146.6,"Persons (1)","mar","OECD"
172,"Argentina",2009,2246.4,"Persons (1)","mar","OECD"
172,"Argentina",2010,2340,"Persons (1)","mar","OECD"
172,"Argentina",2011,2457,"Persons (1)","mar","OECD"
172,"Argentina",2012,2901.6,"Persons (1)","mar","OECD"
172,"Argentina",2013,2901.6,"Persons (1)","mar","OECD"
172,"Argentina",2014,3042,"Persons (1)","mar","OECD"
172,"Argentina",2015,9009,"Persons (1)","mar","OECD"
172,"Argentina",2016,9009,"Persons (1)","mar","OECD"
172,"Argentina",2017,9009,"Persons (1)","mar","OECD"
172,"Argentina",2018,9523.8,"Persons (1)","mar","OECD"
172,"Argentina",2019,5475.6,"Persons (1)","mar","OECD"
172,"Argentina",2020,9172.8,"Persons (1)","mar","OECD"
172,"Argentina",2021,10085.4,"Persons (1)","mar","OECD"
172,"Argentina",2022,10436.4,"Persons (1)","mar","OECD"
174,"Finland",2008,2995.2,"Persons (1)","mar","OECD"
174,"Finland",2009,2714.4,"Persons (1)","mar","OECD"
174,"Finland",2010,2948.4,"Persons (1)","mar","OECD"
174,"Finland",2011,2948.4,"Persons (1)","mar","OECD"
174,"Finland",2012,2901.6,"Persons (1)","mar","OECD"
174,"Finland",2013,2761.2,"Persons (1)","mar","OECD"
174,"Finland",2014,2503.8,"Persons (1)","mar","OECD"
174,"Finland",2015,2527.2,"Persons (1)","mar","OECD"
174,"Finland",2016,2620.8,"Persons (1)","mar","OECD"
174,"Finland",2017,2363.4,"Persons (1)","mar","OECD"
174,"Finland",2018,2550.6,"Persons (1)","mar","OECD"
174,"Finland",2019,2246.4,"Persons (1)","mar","OECD"
174,"Finland",2020,2386.8,"Persons (1)","mar","OECD"
174,"Finland",2021,1942.2,"Persons (1)","mar","OECD"
174,"Finland",2022,2199.6,"Persons (1)","mar","OECD"
175,"Denmark",2008,1170,"Persons (1)","mar","OECD"
175,"Denmark",2009,1076.4,"Persons (1)","mar","OECD"
175,"Denmark",2010,1029.6,"Persons (1)","mar","OECD"
175,"Denmark",2011,1006.2,"Persons (1)","mar","OECD"
175,"Denmark",2012,982.8,"Persons (1)","mar","OECD"
175,"Denmark",2013,1029.6,"Persons (1)","mar","OECD"
175,"Denmark",2014,1053,"Persons (1)","mar","OECD"
175,"Denmark",2015,1029.6,"Persons (1)","mar","OECD"
175,"Denmark",2016,1146.6,"Persons (1)","mar","OECD"
175,"Denmark",2017,1146.6,"Persons (1)","mar","OECD"
175,"Denmark",2018,1216.8,"Persons (1)","mar","OECD"
175,"Denmark",2019,1146.6,"Persons (1)","mar","OECD"
175,"Denmark",2020,1146.6,"Persons (1)","mar","OECD"
175,"Denmark",2021,1146.6,"Persons (1)","mar","OECD"
175,"Denmark",2022,1053,"Persons (1)","mar","OECD"
176,"Germany",2008,11536.2,"Persons (1)","mar","OECD"
176,"Germany",2009,11700,"Persons (1)","mar","OECD"
176,"Germany",2010,11629.8,"Persons (1)","mar","OECD"
176,"Germany",2011,11723.4,"Persons (1)","mar","OECD"
176,"Germany",2012,11863.8,"Persons (1)","mar","OECD"
176,"Germany",2013,12027.6,"Persons (1)","mar","OECD"
176,"Germany",2014,12168,"Persons (1)","mar","OECD"
176,"Germany",2015,12378.6,"Persons (1)","mar","OECD"
176,"Germany",2016,11583,"Persons (1)","mar","OECD"
176,"Germany",2017,11115,"Persons (1)","mar","OECD"
176,"Germany",2018,10834.2,"Persons (1)","mar","OECD"
176,"Germany",2019,10623.6,"Persons (1)","mar","OECD"
176,"Germany",2020,10132.2,"Persons (1)","mar","OECD"
176,"Germany",2021,10202.4,"Persons (1)","mar","OECD"
176,"Germany",2022,10038.6,"Persons (1)","mar","OECD"
177,"Netherlands",2008,514.8,"Persons (1)","mar","OECD"
177,"Netherlands",2009,912.6,"Persons (1)","mar","OECD"
177,"Netherlands",2010,865.8,"Persons (1)","mar","OECD"
177,"Netherlands",2011,842.4,"Persons (1)","mar","OECD"
177,"Netherlands",2012,538.2,"Persons (1)","mar","OECD"
177,"Netherlands",2013,538.2,"Persons (1)","mar","OECD"
177,"Netherlands",2014,561.6,"Persons (1)","mar","OECD"
177,"Netherlands",2015,585,"Persons (1)","mar","OECD"
177,"Netherlands",2016,561.6,"Persons (1)","mar","OECD"
177,"Netherlands",2017,585,"Persons (1)","mar","OECD"
177,"Netherlands",2018,585,"Persons (1)","mar","OECD"
177,"Netherlands",2019,538.2,"Persons (1)","mar","OECD"
177,"Netherlands",2020,561.6,"Persons (1)","mar","OECD"
177,"Netherlands",2021,561.6,"Persons (1)","mar","OECD"
177,"Netherlands",2022,561.6,"Persons (1)","mar","OECD"
178,"Poland",2008,11278.8,"Persons (1)","mar","OECD"
178,"Poland",2009,12729.6,"Persons (1)","mar","OECD"
178,"Poland",2010,12636,"Persons (1)","mar","OECD"
178,"Poland",2011,11536.2,"Persons (1)","mar","OECD"
178,"Poland",2012,12987,"Persons (1)","mar","OECD"
178,"Poland",2013,12706.2,"Persons (1)","mar","OECD"
178,"Poland",2014,16684.2,"Persons (1)","mar","OECD"
178,"Poland",2015,16754.4,"Persons (1)","mar","OECD"
178,"Poland",2016,14859,"Persons (1)","mar","OECD"
178,"Poland",2017,14648.4,"Persons (1)","mar","OECD"
178,"Poland",2018,14648.4,"Persons (1)","mar","OECD"
178,"Poland",2019,14437.8,"Persons (1)","mar","OECD"
178,"Poland",2020,14344.2,"Persons (1)","mar","OECD"
178,"Poland",2021,14976,"Persons (1)","mar","OECD"
178,"Poland",2022,15046.2,"Persons (1)","mar","OECD"
179,"France",2008,48227.4,"Persons (1)","mar","OECD"
179,"France",2009,48321,"Persons (1)","mar","OECD"
179,"France",2010,48414.6,"Persons (1)","mar","OECD"
179,"France",2011,45630,"Persons (1)","mar","OECD"
179,"France",2012,40622.4,"Persons (1)","mar","OECD"
179,"France",2013,41932.8,"Persons (1)","mar","OECD"
179,"France",2014,37650.6,"Persons (1)","mar","OECD"
179,"France",2015,36387,"Persons (1)","mar","OECD"
179,"France",2016,38656.8,"Persons (1)","mar","OECD"
179,"France",2017,40926.6,"Persons (1)","mar","OECD"
179,"France",2018,47923.2,"Persons (1)","mar","OECD"
179,"France",2019,45583.2,"Persons (1)","mar","OECD"
179,"France",2020,45255.6,"Persons (1)","mar","OECD"
179,"France",2021,50754.6,"Persons (1)","mar","OECD"
179,"France",2022,48765.6,"Persons (1)","mar","OECD"
180,"United Kingdom",2008,6715.8,"Persons (1)","mar","OECD"
180,"United Kingdom",2009,7020,"Persons (1)","mar","OECD"
180,"United Kingdom",2010,8213.4,"Persons (1)","mar","OECD"
180,"United Kingdom",2011,7137,"Persons (1)","mar","OECD"
180,"United Kingdom",2012,7183.8,"Persons (1)","mar","OECD"
180,"United Kingdom",2013,7277.4,"Persons (1)","mar","OECD"
180,"United Kingdom",2014,7792.2,"Persons (1)","mar","OECD"
180,"United Kingdom",2015,7628.4,"Persons (1)","mar","OECD"
180,"United Kingdom",2016,7698.6,"Persons (1)","mar","OECD"
180,"United Kingdom",2017,7581.6,"Persons (1)","mar","OECD"
180,"United Kingdom",2018,7722,"Persons (1)","mar","OECD"
180,"United Kingdom",2019,7909.2,"Persons (1)","mar","OECD"
180,"United Kingdom",2020,7932.6,"Persons (1)","mar","OECD"
180,"United Kingdom",2021,7675.2,"Persons (1)","mar","OECD"
180,"United Kingdom",2022,7675.2,"Persons (1)","mar","OECD"
181,"Ireland",2008,4586.4,"Persons (1)","mar","OECD"
181,"Ireland",2009,4563,"Persons (1)","mar","OECD"
181,"Ireland",2010,4024.8,"Persons (1)","mar","OECD"
181,"Ireland",2011,4118.4,"Persons (1)","mar","OECD"
181,"Ireland",2012,4024.8,"Persons (1)","mar","OECD"
181,"Ireland",2013,4258.8,"Persons (1)","mar","OECD"
181,"Ireland",2014,4282.2,"Persons (1)","mar","OECD"
181,"Ireland",2015,4282.2,"Persons (1)","mar","OECD"
181,"Ireland",2016,4563,"Persons (1)","mar","OECD"
181,"Ireland",2017,4492.8,"Persons (1)","mar","OECD"
181,"Ireland",2018,4563,"Persons (1)","mar","OECD"
181,"Ireland",2019,4633.2,"Persons (1)","mar","OECD"
181,"Ireland",2020,4329,"Persons (1)","mar","OECD"
181,"Ireland",2021,4539.6,"Persons (1)","mar","OECD"
181,"Ireland",2022,4680,"Persons (1)","mar","OECD"
182,"Spain",2008,61588.8,"Persons (1)","mar","OECD"
182,"Spain",2009,67579.2,"Persons (1)","mar","OECD"
182,"Spain",2010,65309.4,"Persons (1)","mar","OECD"
182,"Spain",2011,63601.2,"Persons (1)","mar","OECD"
182,"Spain",2012,46542.6,"Persons (1)","mar","OECD"
182,"Spain",2013,44015.4,"Persons (1)","mar","OECD"
182,"Spain",2014,46589.4,"Persons (1)","mar","OECD"
182,"Spain",2015,42307.2,"Persons (1)","mar","OECD"
182,"Spain",2016,41675.4,"Persons (1)","mar","OECD"
182,"Spain",2017,37791,"Persons (1)","mar","OECD"
182,"Spain",2018,43500.6,"Persons (1)","mar","OECD"
182,"Spain",2019,35404.2,"Persons (1)","mar","OECD"
182,"Spain",2020,29203.2,"Persons (1)","mar","OECD"
182,"Spain",2021,26582.4,"Persons (1)","mar","OECD"
182,"Spain",2022,23985,"Persons (1)","mar","OECD"
183,"Portugal",2008,4843.8,"Persons (1)","mar","OECD"
183,"Portugal",2009,4422.6,"Persons (1)","mar","OECD"
183,"Portugal",2010,5405.4,"Persons (1)","mar","OECD"
183,"Portugal",2011,6037.2,"Persons (1)","mar","OECD"
183,"Portugal",2012,6786,"Persons (1)","mar","OECD"
183,"Portugal",2013,6622.2,"Persons (1)","mar","OECD"
183,"Portugal",2014,7464.6,"Persons (1)","mar","OECD"
183,"Portugal",2015,6294.6,"Persons (1)","mar","OECD"
183,"Portugal",2016,6435,"Persons (1)","mar","OECD"
183,"Portugal",2017,3697.2,"Persons (1)","mar","OECD"
183,"Portugal",2018,3861,"Persons (1)","mar","OECD"
183,"Portugal",2019,4516.2,"Persons (1)","mar","OECD"
183,"Portugal",2020,4539.6,"Persons (1)","mar","OECD"
183,"Portugal",2021,5031,"Persons (1)","mar","OECD"
183,"Portugal",2022,4726.8,"Persons (1)","mar","OECD"
184,"Italy",2008,10202.4,"Persons (1)","mar","OECD"
184,"Italy",2009,13759.2,"Persons (1)","mar","OECD"
184,"Italy",2010,13665.6,"Persons (1)","mar","OECD"
184,"Italy",2011,11887.2,"Persons (1)","mar","OECD"
184,"Italy",2012,12074.4,"Persons (1)","mar","OECD"
184,"Italy",2013,11840.4,"Persons (1)","mar","OECD"
184,"Italy",2014,11957.4,"Persons (1)","mar","OECD"
184,"Italy",2015,11512.8,"Persons (1)","mar","OECD"
184,"Italy",2016,10647,"Persons (1)","mar","OECD"
184,"Italy",2017,10506.6,"Persons (1)","mar","OECD"
184,"Italy",2018,11138.4,"Persons (1)","mar","OECD"
184,"Italy",2019,10249.2,"Persons (1)","mar","OECD"
184,"Italy",2020,10179,"Persons (1)","mar","OECD"
184,"Italy",2021,10810.8,"Persons (1)","mar","OECD"
184,"Italy",2022,10810.8,"Persons (1)","mar","OECD"
187,"Croatia",2008,2597.4,"Persons (1)","mar","OECD"
187,"Croatia",2009,2620.8,"Persons (1)","mar","OECD"
187,"Croatia",2010,2925,"Persons (1)","mar","OECD"
187,"Croatia",2011,3205.8,"Persons (1)","mar","OECD"
187,"Croatia",2012,3299.4,"Persons (1)","mar","OECD"
187,"Croatia",2013,3299.4,"Persons (1)","mar","OECD"
187,"Croatia",2014,2808,"Persons (1)","mar","OECD"
187,"Croatia",2015,2691,"Persons (1)","mar","OECD"
187,"Croatia",2016,2901.6,"Persons (1)","mar","OECD"
187,"Croatia",2017,2995.2,"Persons (1)","mar","OECD"
187,"Croatia",2018,3018.6,"Persons (1)","mar","OECD"
187,"Croatia",2019,2995.2,"Persons (1)","mar","OECD"
187,"Croatia",2020,3159,"Persons (1)","mar","OECD"
187,"Croatia",2021,3018.6,"Persons (1)","mar","OECD"
187,"Croatia",2022,3299.4,"Persons (1)","mar","OECD"
188,"Slovenia",2008,468,"Persons (1)","mar","OECD"
188,"Slovenia",2009,538.2,"Persons (1)","mar","OECD"
188,"Slovenia",2010,514.8,"Persons (1)","mar","OECD"
188,"Slovenia",2011,491.4,"Persons (1)","mar","OECD"
188,"Slovenia",2012,491.4,"Persons (1)","mar","OECD"
188,"Slovenia",2013,538.2,"Persons (1)","mar","OECD"
188,"Slovenia",2014,561.6,"Persons (1)","mar","OECD"
188,"Slovenia",2015,514.8,"Persons (1)","mar","OECD"
188,"Slovenia",2016,491.4,"Persons (1)","mar","OECD"
188,"Slovenia",2017,468,"Persons (1)","mar","OECD"
188,"Slovenia",2018,468,"Persons (1)","mar","OECD"
188,"Slovenia",2019,468,"Persons (1)","mar","OECD"
188,"Slovenia",2020,421.2,"Persons (1)","mar","OECD"
188,"Slovenia",2021,444.6,"Persons (1)","mar","OECD"
188,"Slovenia",2022,397.8,"Persons (1)","mar","OECD"
189,"Lithuania",2008,795.6,"Persons (1)","mar","OECD"
189,"Lithuania",2009,795.6,"Persons (1)","mar","OECD"
189,"Lithuania",2010,819,"Persons (1)","mar","OECD"
189,"Lithuania",2011,795.6,"Persons (1)","mar","OECD"
189,"Lithuania",2012,865.8,"Persons (1)","mar","OECD"
189,"Lithuania",2013,1006.2,"Persons (1)","mar","OECD"
189,"Lithuania",2014,1123.2,"Persons (1)","mar","OECD"
189,"Lithuania",2015,1123.2,"Persons (1)","mar","OECD"
189,"Lithuania",2016,1193.4,"Persons (1)","mar","OECD"
189,"Lithuania",2017,1006.2,"Persons (1)","mar","OECD"
189,"Lithuania",2018,959.4,"Persons (1)","mar","OECD"
189,"Lithuania",2019,1006.2,"Persons (1)","mar","OECD"
189,"Lithuania",2020,982.8,"Persons (1)","mar","OECD"
189,"Lithuania",2021,982.8,"Persons (1)","mar","OECD"
189,"Lithuania",2022,1006.2,"Persons (1)","mar","OECD"
203,"India",2008,7101244.8,"Persons (1)","mar","OECD"
203,"India",2009,8211434.4,"Persons (1)","mar","OECD"
203,"India",2010,9803570.4,"Persons (1)","mar","OECD"
203,"India",2011,10173033,"Persons (1)","mar","OECD"
203,"India",2012,10363930.2,"Persons (1)","mar","OECD"
203,"India",2013,10023717.6,"Persons (1)","mar","OECD"
203,"India",2014,10955622.6,"Persons (1)","mar","OECD"
203,"India",2015,11459050.2,"Persons (1)","mar","OECD"
203,"India",2016,11938188.6,"Persons (1)","mar","OECD"
203,"India",2017,12387960,"Persons (1)","mar","OECD"
203,"India",2018,12803333.4,"Persons (1)","mar","OECD"
203,"India",2019,13179160.8,"Persons (1)","mar","OECD"
203,"India",2020,13375580.4,"Persons (1)","mar","OECD"
203,"India",2021,13791866.4,"Persons (1)","mar","OECD"
203,"India",2022,13791866.4,"Persons (1)","mar","OECD"
204,"Bangladesh",2008,7771842,"Persons (1)","mar","OECD"
204,"Bangladesh",2009,8054163,"Persons (1)","mar","OECD"
204,"Bangladesh",2010,8336484,"Persons (1)","mar","OECD"
204,"Bangladesh",2011,8618828.4,"Persons (1)","mar","OECD"
204,"Bangladesh",2012,8901149.4,"Persons (1)","mar","OECD"
204,"Bangladesh",2013,9183470.4,"Persons (1)","mar","OECD"
204,"Bangladesh",2014,9465791.4,"Persons (1)","mar","OECD"
204,"Bangladesh",2015,9748112.4,"Persons (1)","mar","OECD"
204,"Bangladesh",2016,10030433.4,"Persons (1)","mar","OECD"
204,"Bangladesh",2017,10312754.4,"Persons (1)","mar","OECD"
204,"Bangladesh",2018,10595075.4,"Persons (1)","mar","OECD"
204,"Bangladesh",2019,10877419.8,"Persons (1)","mar","OECD"
204,"Bangladesh",2020,11876880.6,"Persons (1)","mar","OECD"
204,"Bangladesh",2021,12094243.2,"Persons (1)","mar","OECD"
204,"Bangladesh",2022,12246062.4,"Persons (1)","mar","OECD"
206,"Malaysia",2008,71674.2,"Persons (1)","mar","OECD"
206,"Malaysia",2009,56136.6,"Persons (1)","mar","OECD"
206,"Malaysia",2010,61518.6,"Persons (1)","mar","OECD"
206,"Malaysia",2011,66924,"Persons (1)","mar","OECD"
206,"Malaysia",2012,69006.6,"Persons (1)","mar","OECD"
206,"Malaysia",2013,62712,"Persons (1)","mar","OECD"
206,"Malaysia",2014,62056.8,"Persons (1)","mar","OECD"
206,"Malaysia",2015,57213,"Persons (1)","mar","OECD"
206,"Malaysia",2016,49818.6,"Persons (1)","mar","OECD"
206,"Malaysia",2017,41558.4,"Persons (1)","mar","OECD"
206,"Malaysia",2018,42822,"Persons (1)","mar","OECD"
206,"Malaysia",2019,45559.8,"Persons (1)","mar","OECD"
206,"Malaysia",2020,47408.4,"Persons (1)","mar","OECD"
206,"Malaysia",2021,49701.6,"Persons (1)","mar","OECD"
206,"Malaysia",2022,51175.8,"Persons (1)","mar","OECD"
207,"Vietnam",2008,3667435.2,"Persons (1)","mar","OECD"
207,"Vietnam",2009,3638700,"Persons (1)","mar","OECD"
207,"Vietnam",2010,3663808.2,"Persons (1)","mar","OECD"
207,"Vietnam",2011,3689010,"Persons (1)","mar","OECD"
207,"Vietnam",2012,3719547,"Persons (1)","mar","OECD"
207,"Vietnam",2013,3801727.8,"Persons (1)","mar","OECD"
207,"Vietnam",2014,3787687.8,"Persons (1)","mar","OECD"
207,"Vietnam",2015,3928298.4,"Persons (1)","mar","OECD"
207,"Vietnam",2016,3928766.4,"Persons (1)","mar","OECD"
207,"Vietnam",2017,3972009.6,"Persons (1)","mar","OECD"
207,"Vietnam",2018,4015720.8,"Persons (1)","mar","OECD"
207,"Vietnam",2019,4059900,"Persons (1)","mar","OECD"
207,"Vietnam",2020,4104594,"Persons (1)","mar","OECD"
207,"Vietnam",2021,4149756,"Persons (1)","mar","OECD"
207,"Vietnam",2022,4195409.4,"Persons (1)","mar","OECD"
209,"China",2008,22359636,"Persons (1)","mar","OECD"
209,"China",2009,22664163.6,"Persons (1)","mar","OECD"
209,"China",2010,22952170.8,"Persons (1)","mar","OECD"
209,"China",2011,24164875.8,"Persons (1)","mar","OECD"
209,"China",2012,23999133.6,"Persons (1)","mar","OECD"
209,"China",2013,24074528.4,"Persons (1)","mar","OECD"
209,"China",2014,23778752.4,"Persons (1)","mar","OECD"
209,"China",2015,23669942.4,"Persons (1)","mar","OECD"
209,"China",2016,23387036.4,"Persons (1)","mar","OECD"
209,"China",2017,23044951.8,"Persons (1)","mar","OECD"
209,"China",2018,22664467.8,"Persons (1)","mar","OECD"
209,"China",2019,22342413.6,"Persons (1)","mar","OECD"
209,"China",2020,21968481.6,"Persons (1)","mar","OECD"
209,"China",2021,21100365,"Persons (1)","mar","OECD"
209,"China",2022,21066037.2,"Persons (1)","mar","OECD"
210,"Japan",2008,110120.4,"Persons (1)","mar","OECD"
210,"Japan",2009,113443.2,"Persons (1)","mar","OECD"
210,"Japan",2010,103123.8,"Persons (1)","mar","OECD"
210,"Japan",2011,79606.8,"Persons (1)","mar","OECD"
210,"Japan",2012,90955.8,"Persons (1)","mar","OECD"
210,"Japan",2013,91938.6,"Persons (1)","mar","OECD"
210,"Japan",2014,87539.4,"Persons (1)","mar","OECD"
210,"Japan",2015,94255.2,"Persons (1)","mar","OECD"
210,"Japan",2016,92430,"Persons (1)","mar","OECD"
210,"Japan",2017,86018.4,"Persons (1)","mar","OECD"
210,"Japan",2018,83818.8,"Persons (1)","mar","OECD"
210,"Japan",2019,76752,"Persons (1)","mar","OECD"
210,"Japan",2020,75160.8,"Persons (1)","mar","OECD"
210,"Japan",2021,71206.2,"Persons (1)","mar","OECD"
210,"Japan",2022,67766.4,"Persons (1)","mar","OECD"
216,"Indonesia",2008,6457042.8,"Persons (1)","mar","OECD"
216,"Indonesia",2009,5834064.6,"Persons (1)","mar","OECD"
216,"Indonesia",2010,7399665,"Persons (1)","mar","OECD"
216,"Indonesia",2011,7824796.2,"Persons (1)","mar","OECD"
216,"Indonesia",2012,10595145.6,"Persons (1)","mar","OECD"
216,"Indonesia",2013,8970530.4,"Persons (1)","mar","OECD"
216,"Indonesia",2014,8917178.4,"Persons (1)","mar","OECD"
216,"Indonesia",2015,8752840.2,"Persons (1)","mar","OECD"
216,"Indonesia",2016,9341163,"Persons (1)","mar","OECD"
216,"Indonesia",2017,9116593.2,"Persons (1)","mar","OECD"
216,"Indonesia",2018,8425989,"Persons (1)","mar","OECD"
216,"Indonesia",2019,5837153.4,"Persons (1)","mar","OECD"
216,"Indonesia",2020,5238909,"Persons (1)","mar","OECD"
216,"Indonesia",2021,5271318,"Persons (1)","mar","OECD"
216,"Indonesia",2022,4680959.4,"Persons (1)","mar","OECD"
218,"Canada",2008,10553.4,"Persons (1)","mar","OECD"
218,"Canada",2009,8377.2,"Persons (1)","mar","OECD"
218,"Canada",2010,7909.2,"Persons (1)","mar","OECD"
218,"Canada",2011,7698.6,"Persons (1)","mar","OECD"
218,"Canada",2012,7558.2,"Persons (1)","mar","OECD"
218,"Canada",2013,7511.4,"Persons (1)","mar","OECD"
218,"Canada",2014,7534.8,"Persons (1)","mar","OECD"
218,"Canada",2015,7675.2,"Persons (1)","mar","OECD"
218,"Canada",2016,7862.4,"Persons (1)","mar","OECD"
218,"Canada",2017,8096.4,"Persons (1)","mar","OECD"
218,"Canada",2018,8190,"Persons (1)","mar","OECD"
218,"Canada",2019,9009,"Persons (1)","mar","OECD"
218,"Canada",2020,8868.6,"Persons (1)","mar","OECD"
218,"Canada",2021,8915.4,"Persons (1)","mar","OECD"
218,"Canada",2022,9009,"Persons (1)","mar","OECD"
222,"Sweden",2008,889.2,"Persons (1)","mar","OECD"
222,"Sweden",2009,982.8,"Persons (1)","mar","OECD"
222,"Sweden",2010,936,"Persons (1)","mar","OECD"
222,"Sweden",2011,912.6,"Persons (1)","mar","OECD"
222,"Sweden",2012,865.8,"Persons (1)","mar","OECD"
222,"Sweden",2013,982.8,"Persons (1)","mar","OECD"
222,"Sweden",2014,959.4,"Persons (1)","mar","OECD"
222,"Sweden",2015,959.4,"Persons (1)","mar","OECD"
222,"Sweden",2016,1099.8,"Persons (1)","mar","OECD"
222,"Sweden",2017,842.4,"Persons (1)","mar","OECD"
222,"Sweden",2018,959.4,"Persons (1)","mar","OECD"
222,"Sweden",2019,1029.6,"Persons (1)","mar","OECD"
222,"Sweden",2020,1263.6,"Persons (1)","mar","OECD"
222,"Sweden",2021,1240.2,"Persons (1)","mar","OECD"
222,"Sweden",2022,1240.2,"Persons (1)","mar","OECD"
223,"Norway",2008,11395.8,"Persons (1)","mar","OECD"
223,"Norway",2009,11840.4,"Persons (1)","mar","OECD"
223,"Norway",2010,12940.2,"Persons (1)","mar","OECD"
223,"Norway",2011,13759.2,"Persons (1)","mar","OECD"
223,"Norway",2012,13782.6,"Persons (1)","mar","OECD"
223,"Norway",2013,13993.2,"Persons (1)","mar","OECD"
223,"Norway",2014,14671.8,"Persons (1)","mar","OECD"
223,"Norway",2015,16099.2,"Persons (1)","mar","OECD"
223,"Norway",2016,18322.2,"Persons (1)","mar","OECD"
223,"Norway",2017,19117.8,"Persons (1)","mar","OECD"
223,"Norway",2018,20007,"Persons (1)","mar","OECD"
223,"Norway",2019,22230,"Persons (1)","mar","OECD"
223,"Norway",2020,23400,"Persons (1)","mar","OECD"
223,"Norway",2021,23119.2,"Persons (1)","mar","OECD"
223,"Norway",2022,23961.6,"Persons (1)","mar","OECD"
224,"Chile",2008,47408.4,"Persons (1)","mar","OECD"
224,"Chile",2009,40645.8,"Persons (1)","mar","OECD"
224,"Chile",2010,41020.2,"Persons (1)","mar","OECD"
224,"Chile",2011,44413.2,"Persons (1)","mar","OECD"
224,"Chile",2012,46519.2,"Persons (1)","mar","OECD"
224,"Chile",2013,43126.2,"Persons (1)","mar","OECD"
224,"Chile",2014,41090.4,"Persons (1)","mar","OECD"
224,"Chile",2015,29062.8,"Persons (1)","mar","OECD"
224,"Chile",2016,14578.2,"Persons (1)","mar","OECD"
224,"Chile",2017,28548,"Persons (1)","mar","OECD"
224,"Chile",2018,27237.6,"Persons (1)","mar","OECD"
224,"Chile",2019,26184.6,"Persons (1)","mar","OECD"
224,"Chile",2020,26044.2,"Persons (1)","mar","OECD"
224,"Chile",2021,23985,"Persons (1)","mar","OECD"
224,"Chile",2022,25950.6,"Persons (1)","mar","OECD"
24,"Cambodia",2008,139483.188,"Persons (1)","fis","FAO Yrbk"
24,"Cambodia",2009,163630.584,"Persons (1)","fis","FAO Yrbk"
24,"Cambodia",2010,187777.98,"Persons (1)","fis","FAO Yrbk"
24,"Cambodia",2011,196242.696,"Persons (1)","fis","FAO Yrbk"
24,"Cambodia",2012,204707.412,"Persons (1)","fis","FAO Yrbk"
24,"Cambodia",2013,213172.128,"Persons (1)","fis","FAO Yrbk"
24,"Cambodia",2014,221636.844,"Persons (1)","fis","FAO Yrbk"
24,"Cambodia",2015,230101.56,"Persons (1)","fis","FAO Yrbk"
24,"Cambodia",2016,244051.47,"Persons (1)","fis","FAO Yrbk"
24,"Cambodia",2017,258001.38,"Persons (1)","fis","FAO Yrbk"
24,"Cambodia",2018,271950.12,"Persons (1)","fis","FAO Yrbk"
24,"Cambodia",2019,285901.2,"Persons (1)","fis","FAO Yrbk"
24,"Cambodia",2020,306125.82,"Persons (1)","fis","FAO Yrbk"
24,"Cambodia",2021,319613.58,"Persons (1)","fis","FAO Yrbk"
53,"Pakistan",2008,182800.8,"Persons (1)","fis","FAO Yrbk"
53,"Pakistan",2009,194594.4,"Persons (1)","fis","FAO Yrbk"
53,"Pakistan",2010,206388,"Persons (1)","fis","FAO Yrbk"
53,"Pakistan",2011,206388,"Persons (1)","fis","FAO Yrbk"
53,"Pakistan",2012,206388,"Persons (1)","fis","FAO Yrbk"
53,"Pakistan",2013,206388,"Persons (1)","fis","FAO Yrbk"
53,"Pakistan",2014,206388,"Persons (1)","fis","FAO Yrbk"
53,"Pakistan",2015,206388,"Persons (1)","fis","FAO Yrbk"
53,"Pakistan",2016,206388,"Persons (1)","fis","FAO Yrbk"
53,"Pakistan",2017,206388,"Persons (1)","fis","FAO Yrbk"
53,"Pakistan",2018,206388,"Persons (1)","fis","FAO Yrbk"
53,"Pakistan",2019,210887.82,"Persons (1)","fis","FAO Yrbk"
53,"Pakistan",2020,211044.6,"Persons (1)","fis","FAO Yrbk"
53,"Pakistan",2021,211161.6,"Persons (1)","fis","FAO Yrbk"
137,"Ecuador",2008,222768,"Persons (1)","fis","FAO Yrbk"
137,"Ecuador",2009,216684,"Persons (1)","fis","FAO Yrbk"
137,"Ecuador",2010,210600,"Persons (1)","fis","FAO Yrbk"
137,"Ecuador",2011,198666,"Persons (1)","fis","FAO Yrbk"
137,"Ecuador",2012,186732,"Persons (1)","fis","FAO Yrbk"
137,"Ecuador",2013,174798,"Persons (1)","fis","FAO Yrbk"
137,"Ecuador",2014,162864,"Persons (1)","fis","FAO Yrbk"
137,"Ecuador",2015,150930,"Persons (1)","fis","FAO Yrbk"
137,"Ecuador",2016,156898.17,"Persons (1)","fis","FAO Yrbk"
137,"Ecuador",2017,162866.34,"Persons (1)","fis","FAO Yrbk"
137,"Ecuador",2018,194688,"Persons (1)","fis","FAO Yrbk"
137,"Ecuador",2019,226512,"Persons (1)","fis","FAO Yrbk"
137,"Ecuador",2020,258336,"Persons (1)","fis","FAO Yrbk"
137,"Ecuador",2021,290160,"Persons (1)","fis","FAO Yrbk"
191,"Iran",2008,64357.956,"Persons (1)","fis","FAO Yrbk"
191,"Iran",2009,74190.168,"Persons (1)","fis","FAO Yrbk"
191,"Iran",2010,84022.38,"Persons (1)","fis","FAO Yrbk"
191,"Iran",2011,98452.692,"Persons (1)","fis","FAO Yrbk"
191,"Iran",2012,112883.004,"Persons (1)","fis","FAO Yrbk"
191,"Iran",2013,127313.316,"Persons (1)","fis","FAO Yrbk"
191,"Iran",2014,141743.628,"Persons (1)","fis","FAO Yrbk"
191,"Iran",2015,156173.94,"Persons (1)","fis","FAO Yrbk"
191,"Iran",2016,158347.8,"Persons (1)","fis","FAO Yrbk"
191,"Iran",2017,160521.66,"Persons (1)","fis","FAO Yrbk"
191,"Iran",2018,170656.2,"Persons (1)","fis","FAO Yrbk"
191,"Iran",2019,180130.86,"Persons (1)","fis","FAO Yrbk"
191,"Iran",2020,201867.12,"Persons (1)","fis","FAO Yrbk"
191,"Iran",2021,200397.6,"Persons (1)","fis","FAO Yrbk"
196,"Nigeria",2008,28524.6,"Persons (1)","fis","FAO Yrbk"
196,"Nigeria",2009,28524.6,"Persons (1)","fis","FAO Yrbk"
196,"Nigeria",2010,28524.6,"Persons (1)","fis","FAO Yrbk"
196,"Nigeria",2011,29197.116,"Persons (1)","fis","FAO Yrbk"
196,"Nigeria",2012,29869.632,"Persons (1)","fis","FAO Yrbk"
196,"Nigeria",2013,30542.148,"Persons (1)","fis","FAO Yrbk"
196,"Nigeria",2014,31214.664,"Persons (1)","fis","FAO Yrbk"
196,"Nigeria",2015,31887.18,"Persons (1)","fis","FAO Yrbk"
196,"Nigeria",2016,31887.18,"Persons (1)","fis","FAO Yrbk"
196,"Nigeria",2017,31887.18,"Persons (1)","fis","FAO Yrbk"
196,"Nigeria",2018,31887.18,"Persons (1)","fis","FAO Yrbk"
196,"Nigeria",2019,31887.18,"Persons (1)","fis","FAO Yrbk"
196,"Nigeria",2020,31887.18,"Persons (1)","fis","FAO Yrbk"
196,"Nigeria",2021,31325.58,"Persons (1)","fis","FAO Yrbk"
205,"Myanmar",2008,481359.06,"Persons (1)","fis","FAO Yrbk"
205,"Myanmar",2009,488152.08,"Persons (1)","fis","FAO Yrbk"
205,"Myanmar",2010,494945.1,"Persons (1)","fis","FAO Yrbk"
205,"Myanmar",2011,497418.48,"Persons (1)","fis","FAO Yrbk"
205,"Myanmar",2012,499891.86,"Persons (1)","fis","FAO Yrbk"
205,"Myanmar",2013,502365.24,"Persons (1)","fis","FAO Yrbk"
205,"Myanmar",2014,504838.62,"Persons (1)","fis","FAO Yrbk"
205,"Myanmar",2015,507312,"Persons (1)","fis","FAO Yrbk"
205,"Myanmar",2016,426002.85,"Persons (1)","fis","FAO Yrbk"
205,"Myanmar",2017,344693.7,"Persons (1)","fis","FAO Yrbk"
205,"Myanmar",2018,347405.76,"Persons (1)","fis","FAO Yrbk"
205,"Myanmar",2019,351058.5,"Persons (1)","fis","FAO Yrbk"
205,"Myanmar",2020,353304.9,"Persons (1)","fis","FAO Yrbk"
205,"Myanmar",2021,353700.36,"Persons (1)","fis","FAO Yrbk"
214,"Egypt",2008,126664.2,"Persons (1)","fis","FAO Yrbk"
214,"Egypt",2009,126664.2,"Persons (1)","fis","FAO Yrbk"
214,"Egypt",2010,126664.2,"Persons (1)","fis","FAO Yrbk"
214,"Egypt",2011,126664.2,"Persons (1)","fis","FAO Yrbk"
214,"Egypt",2012,126664.2,"Persons (1)","fis","FAO Yrbk"
214,"Egypt",2013,126664.2,"Persons (1)","fis","FAO Yrbk"
214,"Egypt",2014,126664.2,"Persons (1)","fis","FAO Yrbk"
214,"Egypt",2015,126664.2,"Persons (1)","fis","FAO Yrbk"
214,"Egypt",2016,126664.2,"Persons (1)","fis","FAO Yrbk"
214,"Egypt",2017,126664.2,"Persons (1)","fis","FAO Yrbk"
214,"Egypt",2018,126664.2,"Persons (1)","fis","FAO Yrbk"
214,"Egypt",2019,126664.2,"Persons (1)","fis","FAO Yrbk"
214,"Egypt",2020,126664.2,"Persons (1)","fis","FAO Yrbk"
214,"Egypt",2021,126664.2,"Persons (1)","fis","FAO Yrbk"
