"rgn_id","year","quantity"
6,2008,19.012588197625
6,2009,22.0648990200435
6,2010,22.5652653054085
6,2011,20.485999056332
6,2012,24.3401737
6,2013,27.4911728
6,2014,25.3295612
6,2015,23.9769363
6,2016,25.74798
6,2017,26.6584778
6,2018,26.805994
6,2019,22.6633987
6,2020,14.9304543
6,2021,15.8068371
6,2022,17.4728109586981
6,2023,18.0906790882322
7,2008,16.4969177
7,2009,19.4495983
7,2010,24.4313469
7,2011,22.70181
7,2012,22.70215
7,2013,22.7773972
7,2014,21.7719917
7,2015,22.8748317078025
7,2016,25.4326135289108
7,2017,24.0917789434273
7,2018,28.0775411537303
7,2019,25.8483914442889
7,2020,19.7819700662686
7,2021,20.7800365754708
7,2022,22.8334440580549
7,2023,23.9350903737367
14,2008,660.131335464289
14,2009,638.039446377244
14,2010,686.69242236189
14,2011,752.980836485781
14,2012,791.847051272209
14,2013,808.628533480012
14,2014,860.699539772462
14,2015,797.679719242867
14,2016,693.585599150087
14,2017,739.502610616196
14,2018,767.903286863135
14,2019,793.188239048817
14,2020,711.614137885899
14,2021,682.745573297934
14,2022,745.302184283213
14,2023,782.17443082818
15,2008,5908.25109201766
15,2009,6315.39715674021
15,2010,6727.83823769768
15,2011,7373.38524351245
15,2012,7543.7859487564
15,2013,7746.09312838606
15,2014,7929.75414982897
15,2015,7753.01580781472
15,2016,8338.04673351827
15,2017,8600.16526166458
15,2018,9256.21490216727
15,2019,9799.02040310228
15,2020,3381.22678569143
15,2021,4156.76735955586
15,2022,7697.06736670155
15,2023,9980.67702109352
16,2008,1033.6293394965
16,2009,1097.06516199535
16,2010,1149.77241508804
16,2011,1105.777582529
16,2012,1111.41844520936
16,2013,1132.26151903836
16,2014,1144.62835396909
16,2015,1161.3734225554
16,2016,1204.19033407445
16,2017,1248.89851082704
16,2018,1327.63383457409
16,2019,1257.42642823489
16,2020,997.794797067703
16,2021,987.50392785005
16,2022,1270.1769583008
16,2023,1360.36028169039
17,2008,25.3722500884197
17,2009,39.7306953993529
17,2010,36.0968558029738
17,2011,30.6179205542138
17,2012,25.7772303167332
17,2013,26.5238173542173
17,2014,25.3688663129541
17,2015,17.3707544191815
17,2016,17.7696455814445
17,2017,20.4911118641505
17,2018,22.2523833942769
17,2019,20.8895013522206
17,2020,18.0647836499969
17,2021,19.1222337640359
17,2022,26.6032134521461
17,2023,28.8643522460844
18,2008,76.0032959
18,2009,84.70279
18,2010,80.1659988586139
18,2011,77.4114808430921
18,2012,83.6885157093654
18,2013,88.307049103559
18,2014,91.0424973323228
18,2015,83.9805070759041
18,2016,87.7200627672252
18,2017,87.74166
18,2018,90.23631
18,2019,89.43347
18,2020,59.5413055
18,2021,64.9217758
18,2022,78.23685
18,2023,87.51981
20,2008,904.303837773857
20,2009,918.958396010641
20,2010,875.109775035639
20,2011,900.625894758695
20,2012,964.453801126323
20,2013,981.937075071459
20,2014,1015.24501384588
20,2015,980.599813355552
20,2016,1052.8934936068
20,2017,1055.60439369568
20,2018,1159.76140758063
20,2019,1237.82802243164
20,2020,1079.34324952065
20,2021,1121.59981191399
20,2022,1160.21247462976
20,2023,1222.71984301966
24,2008,111.696884110504
24,2009,128.59285970425
24,2010,140.881015949552
24,2011,147.832585926763
24,2012,162.901768055923
24,2013,150.715173935794
24,2014,165.91196869003
24,2015,169.566702113351
24,2016,167.416520188421
24,2017,172.753547094997
24,2018,185.008291443831
24,2019,190.526408405204
24,2020,149.251038782063
24,2021,168.745369369637
24,2022,174.381346931832
24,2023,180.918439899596
25,2008,2217.36459663727
25,2009,2147.45590680275
25,2010,2057.00880381279
25,2011,1998.43188591433
25,2012,2279.0589559577
25,2013,2308.09842010539
25,2014,2392.74148794779
25,2015,2328.50141521232
25,2016,2376.7940166335
25,2017,2479.03024105532
25,2018,2618.91233808767
25,2019,2567.25284282364
25,2020,2563.98527731389
25,2021,2811.31392322387
25,2022,2659.54280144882
25,2023,2865.26291767437
28,2008,12.2748022
28,2009,11.2153482
28,2010,12.901474
28,2011,14.2233019
28,2012,14.1665249
28,2013,14.2678394
28,2014,16.5267239
28,2015,17.0416374
28,2016,17.3798923
28,2017,19.5009842
28,2018,21.08805
28,2019,21.58147
28,2020,15.7267065
28,2021,21.0754871
28,2022,21.939064
28,2023,23.0478153
31,2008,16.1432146231543
31,2009,17.1754690120258
31,2010,15.8453277693617
31,2011,16.406944768225
31,2012,17.7153476700245
31,2013,16.2169336715525
31,2014,14.2157659159223
31,2015,15.3694059336509
31,2016,21.4655117447615
31,2017,22.9677042888937
31,2018,23.2773086770246
31,2019,23.0180657760345
31,2020,15.5411776238008
31,2021,18.677109585568
31,2022,21.0915939905927
31,2023,21.708883216063
32,2008,21.1315988898305
32,2009,22.3117578820407
32,2010,20.8769740277387
32,2011,21.9829609764109
32,2012,23.0109481383534
32,2013,24.9456180900474
32,2014,28.2789082156181
32,2015,28.0864952412065
32,2016,27.534371613641
32,2017,28.1594042721694
32,2018,28.7211037
32,2019,28.6583843
32,2020,23.5994015
32,2021,24.6809864
32,2022,27.1980915
32,2023,28.3578472
37,2008,138.272888
37,2009,112.82502
37,2010,116.257607
37,2011,109.093
37,2012,109.710838
37,2013,98.56455
37,2014,89.39956
37,2015,101.406624
37,2016,105.5518
37,2017,107.419357
37,2018,109.523941
37,2019,106.134216
37,2020,52.1092
37,2021,51.8199158
37,2022,64.29929
37,2023,77.27122
39,2008,94.9791641
39,2009,94.11205
39,2010,103.561775
39,2011,116.807732
39,2012,125.314339
39,2013,140.190628
39,2014,150.974747493084
39,2015,134.191187715439
39,2016,121.186006027156
39,2017,116.619125865499
39,2018,120.460048403223
39,2019,117.471617719663
39,2020,84.0094717171717
39,2021,139.656612775114
39,2022,150.812065612367
39,2023,156.3690631168
40,2008,380.891299948274
40,2009,358.30456909871
40,2010,346.95299310736
40,2011,383.919851790335
40,2012,404.327211667072
40,2013,453.820969248661
40,2014,508.24239057846
40,2015,575.047053441312
40,2016,625.497080153278
40,2017,658.448435809908
40,2018,684.004831711845
40,2019,636.343058008575
40,2020,491.628710177211
40,2021,530.329642026347
40,2022,567.734169893231
40,2023,579.064914491426
41,2008,190.099288219732
41,2009,198.031745048169
41,2010,211.376310842899
41,2011,209.173908736075
41,2012,269.28357492066
41,2013,293.168576609665
41,2014,309.618733426189
41,2015,287.981284669281
41,2016,244.330433120832
41,2017,230.295664113583
41,2018,255.630713116913
41,2019,263.427809353357
41,2020,210.658526965859
41,2021,228.263701856065
41,2022,234.909675961039
41,2023,250.666674330026
42,2008,113.752336604113
42,2009,139.192757232047
42,2010,157.619176217097
42,2011,176.494730853654
42,2012,196.864600036347
42,2013,192.733754896792
42,2014,218.646173672103
42,2015,236.710995994995
42,2016,281.564803714006
42,2017,259.458981098597
42,2018,272.08981130528
42,2019,283.163886205045
42,2020,214.027484562457
42,2021,233.643299770854
42,2022,254.412973801667
42,2023,259.372051655249
43,2008,79.3224266453751
43,2009,73.733711678955
43,2010,83.302833907294
43,2011,94.608496259799
43,2012,89.409913291006
43,2013,95.9940465967661
43,2014,99.6818102413887
43,2015,98.2375305484767
43,2016,95.8758274799225
43,2017,96.4277898012124
43,2018,102.414135663961
43,2019,117.179342773614
43,2020,95.1538358091808
43,2021,106.398386386242
43,2022,114.814901170345
43,2023,125.323668644925
47,2008,64.2194606891291
47,2009,69.8024935329459
47,2010,78.5526192635918
47,2011,70.4700111884874
47,2012,84.8305196480845
47,2013,79.8023563460988
47,2014,83.636886678862
47,2015,52.4454675813123
47,2016,55.6449298825792
47,2017,36.0425719496405
47,2018,26.0836761445116
47,2019,24.789008517859
47,2020,20.7020871650529
47,2021,21.9572340175559
47,2022,24.8774953590523
47,2023,26.3821309704748
48,2008,101.095130964903
48,2009,122.644099923271
48,2010,109.869044305858
48,2011,115.069229845291
48,2012,116.128580847761
48,2013,121.819737394941
48,2014,125.045069827357
48,2015,144.192936129399
48,2016,152.027932110352
48,2017,145.524158558388
48,2018,147.073608302057
48,2019,117.386594900542
48,2020,107.244188480207
48,2021,85.4676987949151
48,2022,114.718361784797
48,2023,126.644524061276
49,2008,6.24682507418522
49,2009,6.90138483970899
49,2010,8.8325541893923
49,2011,7.91701356659566
49,2012,9.52083518491606
49,2013,10.8573711554413
49,2014,13.0330651886183
49,2015,11.6631235615921
49,2016,13.5568060627873
49,2017,14.3990499498799
49,2018,24.4104477796183
49,2019,27.9960765730956
49,2020,23.2446762510191
49,2021,26.3998880851913
49,2022,29.1094746630269
49,2023,29.9437900536583
50,2008,466.840513309098
50,2009,510.499917290666
50,2010,420.643311049111
50,2011,479.52339376214
50,2012,486.844879474973
50,2013,496.959943120532
50,2014,511.003686844251
50,2015,592.659061155915
50,2016,667.465033729688
50,2017,624.902967678151
50,2018,707.911068706921
50,2019,724.674108311776
50,2020,555.557667871876
50,2021,613.793895368269
50,2022,757.046304653273
50,2023,858.191245830781
51,2008,64.90211
51,2009,73.6160309778315
51,2010,65.3333622089191
51,2011,54.1304830811858
51,2012,57.1461096056514
51,2013,63.3853867453498
51,2014,74.082892546767
51,2015,98.6016543242308
51,2016,94.8743828814716
51,2017,89.0854089852559
51,2018,85.2565906440509
51,2019,89.9430656429412
51,2020,82.3202006477993
51,2021,86.3253450275687
51,2022,97.7856968738614
51,2023,100.954636697623
52,2008,50.8244635295589
52,2009,56.9268650532986
52,2010,60.7461600393457
52,2011,74.66607
52,2012,76.98451
52,2013,77.09369
52,2014,81.32756
52,2015,95.90732
52,2016,96.1381541855977
52,2017,98.6649611393393
52,2018,95.0062547534966
52,2019,90.4237632775887
52,2020,76.22444
52,2021,72.3670654
52,2022,82.29216
52,2023,93.55124
53,2008,226.991932743121
53,2009,259.330649901372
53,2010,286.055512360642
53,2011,271.700251484819
53,2012,270.990190513787
53,2013,291.517997847285
53,2014,293.261723775733
53,2015,429.038306684007
53,2016,437.96465459082
53,2017,482.235951995377
53,2018,465.79128067902
53,2019,495.284754009765
53,2020,420.699192964807
53,2021,485.039323891361
53,2022,559.792832419779
53,2023,592.301147145657
54,2008,243.351505703459
54,2009,261.572341091201
54,2010,313.186066876961
54,2011,300.89393949055
54,2012,301.751357579519
54,2013,345.331715626575
54,2014,362.147671129166
54,2015,387.987181993949
54,2016,388.809441580554
54,2017,382.619333933479
54,2018,627.569826612995
54,2019,683.591307792828
54,2020,571.715620075087
54,2021,639.800539953647
54,2022,711.214934467029
54,2023,719.193272284308
56,2008,56.7442006307816
56,2009,54.2427281048809
56,2010,69.66663
56,2011,72.939
56,2012,72.49846
56,2013,74.6226959
56,2014,78.52044
56,2015,78.22645
56,2016,82.87544
56,2017,89.1408539
56,2018,96.01566
56,2019,100.263191
56,2020,55.1829071
56,2021,55.6602631
56,2022,74.91611
56,2023,84.46842
59,2008,118.716949482561
59,2009,110.956245890764
59,2010,107.945158876409
59,2011,110.685709009708
59,2012,111.416174098313
59,2013,115.091038281857
59,2014,109.591604927312
59,2015,103.098675925254
59,2016,102.171442516524
59,2017,109.79531484945
59,2018,115.544780781895
59,2019,123.273558430776
59,2020,109.339486295709
59,2021,109.304570908974
59,2022,121.924779080891
59,2023,125.548029082657
61,2008,285.177224152382
61,2009,269.744581402114
61,2010,268.937604331311
61,2011,212.00837942473
61,2012,238.911293179551
61,2013,235.048234656852
61,2014,246.753766545312
61,2015,198.997878647217
61,2016,201.239337571439
61,2017,216.972547171478
61,2018,260.489499745565
61,2019,301.705563299731
61,2020,219.686468635927
61,2021,239.960291314785
61,2022,277.435512519965
61,2023,296.324662795063
62,2008,798.786371520149
62,2009,635.670891323308
62,2010,682.087923960955
62,2011,706.072835974039
62,2012,747.124110370715
62,2013,700.767421030248
62,2014,679.295553712176
62,2015,608.478792238631
62,2016,612.425276854256
62,2017,630.487659074144
62,2018,671.745754513652
62,2019,683.134597193542
62,2020,588.319978304777
62,2021,562.044025212639
62,2022,612.646335704608
62,2023,693.010513936497
65,2008,34.8006062100347
65,2009,34.6354025735304
65,2010,37.2163534810237
65,2011,36.3912065467621
65,2012,44.0833215556096
65,2013,36.2944107869995
65,2014,49.2529933775164
65,2015,45.3516725219692
65,2016,47.5305662073203
65,2017,58.2411644189468
65,2018,69.275575781423
65,2019,66.6895567116722
65,2020,58.4929490200201
65,2021,60.80383908252
65,2022,69.0694984221278
65,2023,72.9634637396745
66,2008,175.613425266633
66,2009,166.189759980636
66,2010,144.793531518003
66,2011,157.251538732068
66,2012,161.145616199724
66,2013,160.108909126345
66,2014,153.762762833904
66,2015,152.934940954277
66,2016,160.684300558048
66,2017,164.328110362077
66,2018,161.959998760166
66,2019,169.076521966599
66,2020,130.038821614772
66,2021,135.265695536285
66,2022,160.048057150323
66,2023,175.038720560157
67,2008,57.8191873521008
67,2009,143.442569067368
67,2010,96.3530722163448
67,2011,120.443836895689
67,2012,69.1118075016139
67,2013,105.802006902886
67,2014,187.683990955672
67,2015,123.08456947332
67,2016,105.161389750554
67,2017,64.0677555960117
67,2018,47.6872533268727
67,2019,43.6435393527292
67,2020,30.2820746262128
67,2021,35.5843972239759
67,2022,39.695183068256
67,2023,42.0415508594112
68,2008,32.1603419349282
68,2009,31.682230343825
68,2010,33.9014001467614
68,2011,37.7240405707988
68,2012,39.5789641707127
68,2013,40.373616894007
68,2014,42.8728729864802
68,2015,41.0328824582125
68,2016,41.1302015114667
68,2017,48.0692417271074
68,2018,47.2721929815794
68,2019,49.5629466464814
68,2020,40.1517167181476
68,2021,41.5774538937931
68,2022,42.7824135904186
68,2023,48.450002109283
69,2008,50.9563397701369
69,2009,46.2342381120435
69,2010,43.2547859390618
69,2011,46.7733160468819
69,2012,50.216197175198
69,2013,53.0630937397134
69,2014,55.563173818981
69,2015,53.2985950578892
69,2016,53.6822172541188
69,2017,50.1894051707539
69,2018,51.6757979675666
69,2019,50.2970564009167
69,2020,43.0176023155843
69,2021,44.1893967543031
69,2022,52.0571681340383
69,2023,56.8364322611663
70,2008,45.3358128074273
70,2009,38.8982242102096
70,2010,37.2726812094711
70,2011,42.9941149164571
70,2012,42.93903204599
70,2013,48.6249146290454
70,2014,47.7122988752128
70,2015,51.234598497182
70,2016,52.1838770781611
70,2017,52.7952649736018
70,2018,53.2235068992419
70,2019,54.1140077414038
70,2020,46.1271149733634
70,2021,39.7277495855279
70,2022,40.1086579815776
70,2023,41.1454419051938
71,2008,48.6119502962952
71,2009,41.3249396945898
71,2010,35.5001353246818
71,2011,34.4461970103239
71,2012,35.3150472420174
71,2013,39.1629855341571
71,2014,39.6460408468798
71,2015,38.2442322561719
71,2016,41.7998219844407
71,2017,45.3647573712419
71,2018,45.8130401129362
71,2019,44.18891202735
71,2020,34.3202512702387
71,2021,35.2367196882085
71,2022,36.9565177184454
71,2023,39.8094140514898
72,2008,31.504777393126
72,2009,26.5351507436873
72,2010,26.7468202938021
72,2011,28.2670006762599
72,2012,28.2916778303425
72,2013,27.3421312771241
72,2014,28.1708551301174
72,2015,27.8799083347774
72,2016,28.2850834617405
72,2017,30.1515428432575
72,2018,31.1487732252395
72,2019,31.4884151561739
72,2020,28.4716759358968
72,2021,24.2945621743731
72,2022,23.9950438601553
72,2023,28.0748351573374
73,2008,402.170405632517
73,2009,415.890606780411
73,2010,389.250840244685
73,2011,388.848993147149
73,2012,390.055065387504
73,2013,386.054890139061
73,2014,371.112953294303
73,2015,362.181158076053
73,2016,395.331240532885
73,2017,391.438137782035
73,2018,392.734090313304
73,2019,399.513326933275
73,2020,378.575115441582
73,2021,391.08491617392
73,2022,330.032833800288
73,2023,348.844112860091
74,2008,54.057099128257
74,2009,60.5915046740249
74,2010,66.0707284332054
74,2011,70.7705625604224
74,2012,89.857933352439
74,2013,101.129571739383
74,2014,117.547574359651
74,2015,141.109514835352
74,2016,152.633114207679
74,2017,180.517579323417
74,2018,165.921741145284
74,2019,166.49958977895
74,2020,81.163552174739
74,2021,121.014443349497
74,2022,150.666317556848
74,2023,173.163587859023
75,2008,222.648536420458
75,2009,214.064064303023
75,2010,206.45918070342
75,2011,203.450529321775
75,2012,216.426801765549
75,2013,212.337907222552
75,2014,147.069590734936
75,2015,135.356490499972
75,2016,133.370369179372
75,2017,137.801328881493
75,2018,145.81499315927
75,2019,160.591944092908
75,2020,151.997017038371
75,2021,158.141537255422
75,2022,46.0365767332834
75,2023,53.6172281299705
76,2008,771.669477602318
76,2009,895.385235395205
76,2010,803.02659332503
76,2011,955.458945295566
76,2012,1026.99357447039
76,2013,1136.81350665744
76,2014,1227.95453812826
76,2015,1172.67735097681
76,2016,961.128246360512
76,2017,1008.34043856424
76,2018,1129.29793861029
76,2019,1292.5020685606
76,2020,1091.24421161011
76,2021,1090.67498816983
76,2022,1559.72479512512
76,2023,1597.67687567708
77,2008,55.742111720876
77,2009,70.4953790702828
77,2010,94.5962249817814
77,2011,50.7591219956455
77,2012,44.3897608959281
77,2013,32.030516940181
77,2014,30.2969053613823
77,2015,27.939077716889
77,2016,31.7536467854952
77,2017,26.4932498816217
77,2018,25.5990576217377
77,2019,37.2588284015083
77,2020,29.7458148301865
77,2021,32.3046723595816
77,2022,34.8681080028614
77,2023,36.8709912149965
78,2008,307.083985004804
78,2009,298.475300468038
78,2010,331.73875552804
78,2011,326.620497611337
78,2012,334.370019571278
78,2013,357.889723700867
78,2014,375.6419
78,2015,385.2059
78,2016,372.590457168642
78,2017,402.822547698524
78,2018,422.772350191407
78,2019,416.631317
78,2020,278.358673
78,2021,288.869324
78,2022,257.226852478857
78,2023,265.261574923274
79,2008,184.750687
79,2009,177.525848
79,2010,188.013763
79,2011,192.200974
79,2012,208.072479
79,2013,211.056442
79,2014,202.127289
79,2015,214.337692
79,2016,214.236
79,2017,223.355286
79,2018,232.711624
79,2019,236.793442
79,2020,198.230515
79,2021,199.7079
79,2022,212.566223
79,2023,227.627258
80,2008,682.109475514359
80,2009,654.048020403933
80,2010,589.841954703192
80,2011,569.171385684374
80,2012,518.12868803537
80,2013,543.269870971882
80,2014,579.349084786951
80,2015,609.051592430258
80,2016,616.324213650668
80,2017,666.786229275843
80,2018,710.372681765447
80,2019,753.489262711349
80,2020,589.380505843058
80,2021,706.278148945914
80,2022,744.550805119528
80,2023,771.673447212059
81,2008,37.1652557676673
81,2009,42.5933728779262
81,2010,43.3070528543432
81,2011,46.1898439390204
81,2012,53.9584562644464
81,2013,49.2399523512293
81,2014,48.3646934474602
81,2015,45.2120417143491
81,2016,48.5975655470277
81,2017,53.1644367885714
81,2018,54.987766063283
81,2019,55.4031775492651
81,2020,42.3098495387568
81,2021,52.3316323296298
81,2022,55.1858156434407
81,2023,57.3077141680359
82,2008,167.692049198803
82,2009,171.36237605121
82,2010,132.194941222973
82,2011,133.773847460349
82,2012,154.385181178805
82,2013,131.614537389416
82,2014,139.064071753853
82,2015,149.79872451074
82,2016,171.739724864065
82,2017,186.488655720524
82,2018,194.278920291297
82,2019,201.796552148222
82,2020,154.959904192024
82,2021,188.978750183797
82,2022,209.28468244345
82,2023,227.547020768249
84,2008,293.365813159382
84,2009,336.606877399573
84,2010,298.523099921605
84,2011,278.196900230676
84,2012,333.2549735474
84,2013,376.762305273959
84,2014,346.704674752297
84,2015,356.712819765122
84,2016,347.539739130243
84,2017,335.341358790423
84,2018,329.085271838731
84,2019,328.234899056465
84,2020,233.438480195976
84,2021,263.001243800851
84,2022,312.178298034517
84,2023,346.758801208614
96,2008,25.4074944626465
96,2009,21.0735274023199
96,2010,23.684397310171
96,2011,23.756506418125
96,2012,15.3942209560273
96,2013,14.1512058629045
96,2014,10.676056626671
96,2015,14.5674292790694
96,2016,18.0981945823852
96,2017,15.7671218555424
96,2018,15.7374437149901
96,2019,16.9943308809373
96,2020,13.9530022455696
96,2021,13.2536855159428
96,2022,18.9718203119844
96,2023,20.2096648571563
98,2008,12.5035819844892
98,2009,14.8162371422474
98,2010,18.3927251377986
98,2011,24.8773598703707
98,2012,29.5063336764388
98,2013,33.6263309365925
98,2014,33.3967012796584
98,2015,34.7297626827972
98,2016,38.017155837201
98,2017,38.3553761096142
98,2018,37.5528808778129
98,2019,36.3805409371088
98,2020,30.4838531683119
98,2021,27.2475178678995
98,2022,31.0806962854285
98,2023,32.8319432706274
99,2008,79.4222257918803
99,2009,74.0896820865788
99,2010,74.5466587559328
99,2011,81.2236111738406
99,2012,83.6066553626952
99,2013,81.9295127901194
99,2014,73.0755159400936
99,2015,92.340716489881
99,2016,80.5443947967552
99,2017,94.3367448692956
99,2018,96.9702568878605
99,2019,115.843082577
99,2020,92.8251160841233
99,2021,97.105108899069
99,2022,107.96788260628
99,2023,116.721875081577
100,2008,9.18292808817744
100,2009,10.5743107318294
100,2010,7.69933601368535
100,2011,7.02760481446321
100,2012,7.55656417978219
100,2013,10.5459965710692
100,2014,11.1106233344793
100,2015,17.3594486675973
100,2016,18.4822535355689
100,2017,12.6356128039398
100,2018,12.0981768620219
100,2019,12.3165012314401
100,2020,11.0555657236354
100,2021,12.0539673737937
100,2022,13.5355196818249
100,2023,15.4971555962672
101,2008,5.01130715088583
101,2009,5.36247868157226
101,2010,4.73032640508528
101,2011,4.58331146744241
101,2012,5.6556308643398
101,2013,5.823531323587
101,2014,6.76466265828221
101,2015,7.51247437630914
101,2016,6.49172620833749
101,2017,6.8410593632233
101,2018,7.41184711616529
101,2019,7.74561190085534
101,2020,8.6496489271875
101,2021,8.61249607151661
101,2022,8.87696585125219
101,2023,8.97991015547848
102,2008,389.72407045367
102,2009,367.666528146956
102,2010,342.731807933053
102,2011,348.007399251339
102,2012,363.23755715688
102,2013,366.222765180842
102,2014,366.736097778938
102,2015,416.507387773032
102,2016,404.243337582407
102,2017,386.957551844809
102,2018,425.482324255426
102,2019,541.339769118658
102,2020,335.358671031575
102,2021,348.587251560783
102,2022,402.042460906507
102,2023,452.927865688734
103,2008,4.845227
103,2009,5.475522
103,2010,5.74496201315556
103,2011,7.11033077368706
103,2012,6.21832341468085
103,2013,8.24681541451833
103,2014,11.1397059716923
103,2015,13.8499430792261
103,2016,13.4917391240287
103,2017,12.4641916129634
103,2018,12.4015894624967
103,2019,8.30510726114151
103,2020,6.03818207404074
103,2021,7.45125549267273
103,2022,7.89995515167857
103,2023,8.10928638660262
106,2008,233.70032233744
106,2009,225.192045061996
106,2010,179.431420411478
106,2011,198.28320334924
106,2012,233.307764800901
106,2013,207.957394624939
106,2014,199.024521404633
106,2015,192.38022419938
106,2016,194.118496870114
106,2017,192.828246021152
106,2018,200.715628195732
106,2019,240.103485245365
106,2020,185.459356891626
106,2021,245.361063807812
106,2022,259.958874754226
106,2023,274.580156101733
108,2008,7.863896
108,2009,7.902887
108,2010,8.38326
108,2011,10.643856
108,2012,9.311608
108,2013,8.045673
108,2014,7.635108
108,2015,6.901716
108,2016,7.003777
108,2017,7.31836653
108,2018,7.49962759
108,2019,7.591146
108,2020,3.16987514
108,2021,2.73352742
108,2022,4.63237667
108,2023,6.529809
110,2008,64.3053111731461
110,2009,57.9109092106222
110,2010,57.3211567054795
110,2011,55.02779490496
110,2012,58.9055909796529
110,2013,58.7423317939257
110,2014,61.6135093697622
110,2015,61.2704855123867
110,2016,71.0274395775194
110,2017,69.2885507283116
110,2018,81.7393541209025
110,2019,87.2728032135533
110,2020,61.1293198638765
110,2021,82.3541150921717
110,2022,85.2267420544081
110,2023,99.25615
112,2008,557.351933063596
112,2009,499.460763493208
112,2010,509.824211601186
112,2011,477.531422545314
112,2012,494.071036425478
112,2013,489.898370264732
112,2014,462.966905247308
112,2015,500.558354353497
112,2016,508.264355827712
112,2017,524.210407605081
112,2018,483.823259482701
112,2019,470.125072253544
112,2020,373.854299797203
112,2021,326.44199333949
112,2022,376.93943018459
112,2023,433.545705920841
113,2008,7.82831063448
113,2009,7.67898189894231
113,2010,8.22046963381132
113,2011,8.48724382647273
113,2012,9.44001589885714
113,2013,9.6598963507
113,2014,10.3007288425288
113,2015,10.4521773949377
113,2016,10.492739946129
113,2017,11.0120351190281
113,2018,11.7189461257708
113,2019,12.0077237196104
113,2020,9.63818414971765
113,2021,10.7032213225333
113,2022,11.6671239174592
113,2023,12.4590453248861
114,2008,291.045850815283
114,2009,311.163321647758
114,2010,323.218220421208
114,2011,326.606002007035
114,2012,354.575099516328
114,2013,380.920230445016
114,2014,378.111186839872
114,2015,450.774002151976
114,2016,502.124532693754
114,2017,482.34923576577
114,2018,474.958075115692
114,2019,520.203984062689
114,2020,397.0372831835
114,2021,408.773141299006
114,2022,442.914282827284
114,2023,477.314994493639
115,2008,521.881909909976
115,2009,485.455777024888
115,2010,482.559878387779
115,2011,489.92890361449
115,2012,522.624647746837
115,2013,546.014155547893
115,2014,575.917275977728
115,2015,615.924619956014
115,2016,648.327137054393
115,2017,683.615520467691
115,2018,673.613736325949
115,2019,686.761788599365
115,2020,518.898647456845
115,2021,571.264620608013
115,2022,657.782656310833
115,2023,710.177630524081
116,2008,172.7219127
116,2009,122.6742633
116,2010,123.393669504437
116,2011,124.9320066
116,2012,133.2511826
116,2013,132.230158542327
116,2014,130.9172287
116,2015,138.320339
116,2016,136.5288091
116,2017,126.661803089025
116,2018,130.6619398
116,2019,136.617756929049
116,2020,92.3111746823326
116,2021,111.49322
116,2022,120.677564048032
116,2023,131.522182172837
117,2008,6.04987141730769
117,2009,5.65301137730852
117,2010,6.28922631415714
117,2011,7.317606
117,2012,8.111895
117,2013,8.174131
117,2014,8.760216
117,2015,9.269197
117,2016,9.02013390177778
117,2017,7.01765776
117,2018,6.65866756
117,2019,6.99960136
117,2020,4.8997817
117,2021,5.02663859667605
117,2022,6.601191
117,2023,6.79515934
118,2008,2.69690871
118,2009,2.86531448
118,2010,3.23663545
118,2011,3.40400219
118,2012,3.68146753
118,2013,4.05884075
118,2014,3.93182588
118,2015,3.8230288
118,2016,4.05378056
118,2017,4.464259
118,2018,4.107466
118,2019,4.90033674
118,2020,3.5163455
118,2021,3.87947226
118,2022,4.345763
118,2023,4.6790905
119,2008,9.77645650537234
119,2009,7.55926556878723
119,2010,9.437514
119,2011,10.429553
119,2012,11.0405865
119,2013,11.8430786
119,2014,12.5251026
119,2015,12.0594616
119,2016,12.1147518
119,2017,12.322978
119,2018,12.4721365
119,2019,12.1963005
119,2020,9.35465
119,2021,10.4523535
119,2022,11.2688732
119,2023,11.818594
120,2008,32.6009865
120,2009,33.5948944
120,2010,31.4250832
120,2011,31.4526577
120,2012,30.7531357
120,2013,29.8753567
120,2014,29.884304
120,2015,29.0959244
120,2016,29.4084511
120,2017,29.061657
120,2018,29.88341
120,2019,33.1978455
120,2020,25.0389156
120,2021,26.4936066
120,2022,30.3195076
120,2023,32.01038
122,2008,42.3500543226161
122,2009,39.2847208197195
122,2010,37.1407114511176
122,2011,37.8024133931889
122,2012,39.0199419394186
122,2013,40.1929624079769
122,2014,42.8503913190552
122,2015,43.2720265233143
122,2016,47.234987719104
122,2017,53.4328475417045
122,2018,56.7476773207627
122,2019,60.4849679050848
122,2020,42.0372821908714
122,2021,45.697292739162
122,2022,54.9689512094849
122,2023,58.9344686110553
123,2008,11.9798021
123,2009,12.0318527
123,2010,13.8275118
123,2011,15.0265722
123,2012,11.7071686
123,2013,14.7383823
123,2014,17.1023235
123,2015,15.653265
123,2016,14.5605087
123,2017,12.9619522
123,2018,8.72744
123,2019,11.32421
123,2020,8.518768
123,2021,8.800272
123,2022,9.565117
123,2023,10.0445518
124,2008,46.2585335
124,2009,43.2836571
124,2010,43.3354568
124,2011,41.5881233
124,2012,38.1101036
124,2013,40.34062
124,2014,36.1813049
124,2015,38.9219437
124,2016,42.1929
124,2017,42.43363
124,2018,43.3651466
124,2019,46.88001
124,2020,21.5236664
124,2021,22.64724
124,2022,32.72947
124,2023,37.3633652
125,2008,14.5817385825288
125,2009,14.1093251052342
125,2010,16.9100275744667
125,2011,16.4135347919125
125,2012,15.8234809985625
125,2013,15.7407948770708
125,2014,23.7653190113842
125,2015,23.2427938889
125,2016,23.1845212915652
125,2017,24.2808810316626
125,2018,24.6807435376707
125,2019,26.297663387625
125,2020,17.2781822194293
125,2021,19.6676139480085
125,2022,25.3082759629615
125,2023,28.2540806386077
126,2008,32.9404104579839
126,2009,52.9785035408
126,2010,49.3566131533121
126,2011,46.8023854727994
126,2012,52.7262077503574
126,2013,53.7818256992188
126,2014,55.7489419312632
126,2015,56.6516956439018
126,2016,53.5884648811026
126,2017,53.8314583225449
126,2018,44.7346687327147
126,2019,39.8046646036644
126,2020,31.8512603092668
126,2021,33.8813307556806
126,2022,44.5324103600536
126,2023,46.7078810481253
127,2008,16.3041172
127,2009,13.6989894683297
127,2010,14.46197126572
127,2011,13.9465501186091
127,2012,15.3374373470275
127,2013,14.8413634537037
127,2014,14.5962804544833
127,2015,16.223000218057
127,2016,16.6931823528673
127,2017,16.5926013910868
127,2018,18.28837761624
127,2019,17.8768701253333
127,2020,14.3760355526827
127,2021,14.6292950279417
127,2022,17.1297196921745
127,2023,18.1190998727804
129,2008,196.058486230411
129,2009,191.590919906553
129,2010,205.131659531671
129,2011,229.184597443007
129,2012,265.503444250805
129,2013,285.846340918354
129,2014,277.985354688336
129,2015,268.431920357616
129,2016,283.016194352253
129,2017,297.471668651304
129,2018,306.336124706386
129,2019,300.855454202379
129,2020,155.256257824857
129,2021,203.41377029106
129,2022,374.227782076135
129,2023,386.452388945638
130,2008,96.3333319744592
130,2009,78.7621642728949
130,2010,78.9830178538563
130,2011,75.5901026407266
130,2012,80.3199811364865
130,2013,86.5659667560128
130,2014,85.309073167159
130,2015,84.8266949787878
130,2016,87.6013466192831
130,2017,92.2645765644326
130,2018,97.7139612699433
130,2019,104.433466610484
130,2020,62.6714470005738
130,2021,66.8137455225229
130,2022,89.8200573890051
130,2023,100.31402465541
131,2008,112.973783206433
131,2009,116.622582754792
131,2010,126.390431910373
131,2011,121.128368113596
131,2012,123.244454016025
131,2013,125.282733356608
131,2014,123.633583122417
131,2015,127.275077004322
131,2016,134.209387145157
131,2017,140.084665681019
131,2018,125.01395334731
131,2019,132.452730470661
131,2020,124.908420606274
131,2021,120.666814130689
131,2022,139.7793465809
131,2023,163.663518803622
132,2008,164.476797940798
132,2009,158.098485382888
132,2010,156.745725685048
132,2011,149.588681960957
132,2012,159.884224425792
132,2013,157.225419558893
132,2014,159.697224269807
132,2015,177.591319429183
132,2016,205.030387353402
132,2017,202.497694192843
132,2018,209.053706135403
132,2019,211.180365338168
132,2020,168.738514048984
132,2021,167.937600907372
132,2022,185.077169913725
132,2023,198.771219631772
133,2008,148.07793569504
133,2009,148.120934884262
133,2010,148.005717676088
133,2011,143.944242511132
133,2012,152.694489912958
133,2013,160.807805350988
133,2014,161.409519362366
133,2015,166.189399500875
133,2016,161.528275148313
133,2017,169.062005822916
133,2018,171.60755472346
133,2019,160.453750975411
133,2020,110.677418829861
133,2021,128.727934887847
133,2022,145.599945207712
133,2023,166.177395606586
134,2008,216.581886922705
134,2009,181.297306734283
134,2010,165.631753870322
134,2011,179.716726624096
134,2012,182.895232275883
134,2013,204.193577353943
134,2014,205.938743329251
134,2015,218.221185080714
134,2016,212.160226907282
134,2017,228.401701019254
134,2018,238.969216349136
134,2019,280.748301452417
134,2020,227.535379418583
134,2021,220.601597317754
134,2022,297.217663771748
134,2023,344.083109415369
135,2008,1025.89786844645
135,2009,1009.76095852309
135,2010,1000.46706318347
135,2011,1022.74175651829
135,2012,1075.00999250111
135,2013,1176.84768898699
135,2014,1172.53442769178
135,2015,1233.33719322142
135,2016,1261.13874103451
135,2017,1277.31858690191
135,2018,1326.36570030431
135,2019,1371.07164121634
135,2020,1042.57859907244
135,2021,1235.69823218931
135,2022,1364.5134968707
135,2023,1409.60974476788
136,2008,61.3115723260964
136,2009,52.7975636092478
136,2010,57.9039428824742
136,2011,57.8162570047869
136,2012,60.6071742542711
136,2013,54.68152678125
136,2014,62.5943812625915
136,2015,56.448610955627
136,2016,54.2549812302203
136,2017,53.4142867520881
136,2018,57.316891160651
136,2019,58.4118619728981
136,2020,50.6889794665541
136,2021,58.4505402410012
136,2022,67.1275294200474
136,2023,74.7926884175628
137,2008,97.6484122239845
137,2009,89.8393217741669
137,2010,83.7738730024157
137,2011,96.4121568033871
137,2012,112.633141855209
137,2013,121.539138540347
137,2014,127.77305379005
137,2015,141.747263382292
137,2016,148.173004349097
137,2017,163.051683325964
137,2018,173.371749819669
137,2019,164.579788054651
137,2020,122.79722131258
137,2021,144.171006096288
137,2022,152.265231315677
137,2023,164.188330345456
138,2008,605.475030753462
138,2009,596.637710328337
138,2010,563.543838779605
138,2011,533.49563233395
138,2012,540.482169913719
138,2013,565.112028399307
138,2014,561.51058375814
138,2015,562.270164890894
138,2016,570.501417495586
138,2017,562.81226361702
138,2018,584.394569007661
138,2019,582.517153602343
138,2020,423.864097387265
138,2021,527.825447540004
138,2022,550.24115941703
138,2023,565.736043753623
139,2008,500.470992438531
139,2009,555.413766044898
139,2010,493.706718744364
139,2011,513.461695236481
139,2012,545.716456661371
139,2013,626.408247851162
139,2014,596.286656468116
139,2015,441.049696762082
139,2016,713.472291759412
139,2017,669.52616370993
139,2018,688.169539641811
139,2019,805.048657908219
139,2020,531.026624631437
139,2021,601.044857203815
139,2022,681.013055772454
139,2023,757.517659350139
140,2008,22.2467576
140,2009,19.9007807
140,2010,20.5744986
140,2011,23.2845916
140,2012,23.343503
140,2013,23.9785824
140,2014,24.2119799
140,2015,22.080148453025
140,2016,22.1312127759459
140,2017,23.5297051
140,2018,23.0062907928887
140,2019,23.9854636961138
140,2020,18.2408613887661
140,2021,19.8197773746469
140,2022,22.3582561891215
140,2023,24.1308384
143,2008,22.7514927819114
143,2009,20.3523772428762
143,2010,21.028192252089
143,2011,22.8282562609266
143,2012,25.5653305895
143,2013,28.9259321710559
143,2014,33.02883412
143,2015,36.421093
143,2016,43.8732452
143,2017,48.9672852
143,2018,48.9068552669444
143,2019,44.8991998032493
143,2020,35.2211261272964
143,2021,34.4037984258602
143,2022,38.2494479596715
143,2023,43.2346661776562
155,2008,2.57834554
155,2009,2.7383647
155,2010,2.659833
155,2011,3.30623796224444
155,2012,4.10985518
155,2013,4.45073133071028
155,2014,3.81641714242991
155,2015,3.86932755
155,2016,5.47770262
155,2017,4.885596
155,2018,5.038117
155,2019,5.91233253
155,2020,5.23955536
155,2021,5.18310424075472
155,2022,5.394533
155,2023,5.6354847
162,2008,439.211004261503
162,2009,433.5182688306
162,2010,403.821334686099
162,2011,399.91312436044
162,2012,388.91674398184
162,2013,387.656827588249
162,2014,385.835172470152
162,2015,415.307263655474
162,2016,419.795178374686
162,2017,428.037751462122
162,2018,417.470842900082
162,2019,414.316540142149
162,2020,338.218242674449
162,2021,261.633783780113
162,2022,370.784858758216
162,2023,394.170200592058
163,2008,5411.19707154228
163,2009,4831.84347890788
163,2010,4706.40000010682
163,2011,5014.61128294249
163,2012,5104.53154521872
163,2013,5267.32547819425
163,2014,5308.07299824397
163,2015,5148.92783929798
163,2016,5164.25038541523
163,2017,5375.79379475391
163,2018,5641.02655600226
163,2019,5774.63325451483
163,2020,3634.75302111144
163,2021,4804.92682363947
163,2022,5942.61990427879
163,2023,6580.28032539301
164,2008,28.67556986822
164,2009,29.3463425801786
164,2010,29.9884316159962
164,2011,25.5687852087963
164,2012,31.1028132628495
164,2013,35.3755381015385
164,2014,37.0123830220357
164,2015,37.9169643706057
164,2016,42.5868900733008
164,2017,43.5248296428442
164,2018,50.362643921061
164,2019,55.2446035510183
164,2020,42.286860105
164,2021,48.0866872544351
164,2022,60.9865052889169
164,2023,64.5595998625843
166,2008,247.882538
166,2009,249.772751
166,2010,244.266083
166,2011,232.429062
166,2012,235.9923
166,2013,245.677841
166,2014,271.618683
166,2015,277.612
166,2016,301.238647
166,2017,322.8616
166,2018,344.063801852732
166,2019,377.148444334444
166,2020,295.304525666729
166,2021,320.913595563603
166,2022,356.48753948605
166,2023,383.20433048257
167,2008,20.5244038075944
167,2009,16.632444007243
167,2010,19.3516682134194
167,2011,19.7448370992428
167,2012,16.160876328356
167,2013,16.8274527121476
167,2014,18.9600980604894
167,2015,15.3486381257926
167,2016,15.7738756626189
167,2017,16.3004851136204
167,2018,12.512153294291
167,2019,17.3042211751724
167,2020,16.7972017658562
167,2021,18.0504835881035
167,2022,20.2241433845685
167,2023,21.6079643005136
168,2008,7.14430983449438
168,2009,6.1199855032
168,2010,5.20142290700183
168,2011,5.98611992020752
168,2012,6.00472602154819
168,2013,6.38250140637456
168,2014,6.16906993000738
168,2015,6.5807921953437
168,2016,8.05168264593504
168,2017,6.87225069389171
168,2018,6.62353870722781
168,2019,4.7382561797093
168,2020,3.5771781646466
168,2021,3.68772983552195
168,2022,4.35182809700645
168,2023,4.6094624958046
171,2008,2334.38786677218
171,2009,2387.87910250403
171,2010,2430.17534664523
171,2011,2565.17145703864
171,2012,2490.22336985823
171,2013,2523.47577839868
171,2014,2650.82705832232
171,2015,2622.69944332992
171,2016,2538.2214310208
171,2017,2443.93650075955
171,2018,2515.20297306748
171,2019,2626.25389057629
171,2020,2147.31761613464
171,2021,2198.50750413599
171,2022,2580.05954334843
171,2023,2717.11450249968
172,2008,403.088915297829
172,2009,385.31796297901
172,2010,370.454387390957
172,2011,378.704029157949
172,2012,362.671065163036
172,2013,370.845460409234
172,2014,348.368587553837
172,2015,342.148669205367
172,2016,346.36555179168
172,2017,382.381351821842
172,2018,352.503438446827
172,2019,340.672139077442
172,2020,274.302022076978
172,2021,276.226997156208
172,2022,386.8590336423
172,2023,402.71499921174
173,2008,115.265813265622
173,2009,131.888405777899
173,2010,141.110578932682
173,2011,159.180233492531
173,2012,165.656842670268
173,2013,158.885958201078
173,2014,160.076656033729
173,2015,161.108185518603
173,2016,174.81953519987
173,2017,198.619494447165
173,2018,191.793587262192
173,2019,196.248004182632
173,2020,159.537860565713
173,2021,162.306719632946
173,2022,173.080949211612
173,2023,190.353573911552
174,2008,133.785055941189
174,2009,120.510891929651
174,2010,119.133419455543
174,2011,125.36116619078
174,2012,132.51704902412
174,2013,129.863880387684
174,2014,125.609592869256
174,2015,126.272793673064
174,2016,128.085463676067
174,2017,137.373970272651
174,2018,137.741321167561
174,2019,141.473604442006
174,2020,122.683577351951
174,2021,121.414186362117
174,2022,129.337283149704
174,2023,134.454869781977
175,2008,131.783345824461
175,2009,128.866944095307
175,2010,138.582877555304
175,2011,143.720230728359
175,2012,140.807558748565
175,2013,142.141472473496
175,2014,143.089470386482
175,2015,156.580836341203
175,2016,162.13857608076
175,2017,168.314387368947
175,2018,180.299802624368
175,2019,180.797868023682
175,2020,166.841970225348
175,2021,163.124703694733
175,2022,187.061296295172
175,2023,194.895968379811
176,2008,519.414965622973
176,2009,535.073849049567
176,2010,533.799375248465
176,2011,529.964950731848
176,2012,541.407894614013
176,2013,566.998476610743
176,2014,610.126232814411
176,2015,589.677959602357
176,2016,573.254956169218
176,2017,582.485793117811
176,2018,590.090997675759
176,2019,599.162909644674
176,2020,355.064709754289
176,2021,334.533644751113
176,2022,523.950221602212
176,2023,565.366810472712
177,2008,786.83263974268
177,2009,853.997738581993
177,2010,941.19857428082
177,2011,966.610341872496
177,2012,950.82839314995
177,2013,945.670035215982
177,2014,917.363023508946
177,2015,903.205114825653
177,2016,922.244397324484
177,2017,928.037759925474
177,2018,962.572445571374
177,2019,998.267877717503
177,2020,1036.31142387865
177,2021,887.523067181092
177,2022,941.576972881083
177,2023,965.416824170648
178,2008,70.7618415372791
178,2009,61.1714231808128
178,2010,52.4033067340664
178,2011,57.2313702772062
178,2012,61.8495394425843
178,2013,64.3625566574226
178,2014,66.3940732488606
178,2015,66.155348066658
178,2016,68.903519034464
178,2017,71.9040127509851
178,2018,76.3727175855839
178,2019,77.4270621943381
178,2020,66.6541218736143
178,2021,69.642814243854
178,2022,76.1526244455661
178,2023,79.6179875560365
179,2008,650.958213955808
179,2009,619.655173384729
179,2010,597.289026362644
179,2011,652.708848806309
179,2012,635.99025077776
179,2013,674.266906224658
179,2014,679.557439705391
179,2015,634.776012248087
179,2016,626.005491574745
179,2017,656.054975943958
179,2018,722.575021125945
179,2019,714.195414249353
179,2020,638.437937521478
179,2021,669.018885066983
179,2022,711.283088977181
179,2023,752.262246897772
180,2008,1865.64166404366
180,2009,1975.55550920275
180,2010,1987.12700760511
180,2011,2046.00975060426
180,2012,2246.94462887954
180,2013,2672.55056077742
180,2014,2460.6245557994
180,2015,2517.0620340368
180,2016,2650.48651103482
180,2017,2670.51020951674
180,2018,2611.76840734214
180,2019,2903.05516791629
180,2020,1797.90313652148
180,2021,1097.44728003085
180,2022,1933.92960749246
180,2023,2716.48969923729
181,2008,112.522121289378
181,2009,103.48089735915
181,2010,108.362514886475
181,2011,111.493648258731
181,2012,123.940314143564
181,2013,119.769750216439
181,2014,125.833017379996
181,2015,117.132183979767
181,2016,128.604536844586
181,2017,133.575814965105
181,2018,124.455126472601
181,2019,124.040388625938
181,2020,103.758405699097
181,2021,108.892651672706
181,2022,124.706875547671
181,2023,127.536009523269
182,2008,1258.02952866164
182,2009,1122.43194876924
182,2010,1233.15965949061
182,2011,1249.84698697415
182,2012,1248.37644826974
182,2013,1219.54140049747
182,2014,1295.13090261244
182,2015,1350.7375164052
182,2016,1398.69118043671
182,2017,1495.34665698457
182,2018,1531.83538346904
182,2019,1566.95455530836
182,2020,1134.7391752876
182,2021,1229.02432642735
182,2022,1326.34951936619
182,2023,1451.335404275
183,2008,449.231326302478
183,2009,431.546538654437
183,2010,483.645479181782
183,2011,499.425751076312
183,2012,506.441340022232
183,2013,495.193077508843
183,2014,534.482517639118
183,2015,661.539533892709
183,2016,668.90004698548
183,2017,718.796528073004
183,2018,755.514064886366
183,2019,793.257690993352
183,2020,756.556325258822
183,2021,681.016689747028
183,2022,818.313521163732
183,2023,879.365460427702
184,2008,1676.28605550171
184,2009,1511.29282881742
184,2010,1469.24441328831
184,2011,1633.06404085657
184,2012,1626.35898792605
184,2013,1618.09933788512
184,2014,1621.33158423308
184,2015,1596.3973541177
184,2016,1627.27741145417
184,2017,1687.75360796361
184,2018,1749.53083882234
184,2019,1768.80257071531
184,2020,1471.51671300285
184,2021,1534.75314441739
184,2022,1723.73202987264
184,2023,1822.24821929894
186,2008,30.4750656913152
186,2009,29.3566089880569
186,2010,27.0241789560285
186,2011,27.6574349924172
186,2012,31.4333128078167
186,2013,31.896928552642
186,2014,32.4399420733333
186,2015,39.2738859564286
186,2016,41.5746014285942
186,2017,43.928231497922
186,2018,45.0742480563107
186,2019,46.7162479743974
186,2020,33.5709539801052
186,2021,31.7658001046028
186,2022,34.4442023407043
186,2023,41.0260866463376
187,2008,130.932858816358
187,2009,113.150819760082
187,2010,101.359302900766
187,2011,107.915695825606
187,2012,115.95876852962
187,2013,108.376321185506
187,2014,113.440973594379
187,2015,120.726715914013
187,2016,117.822258904171
187,2017,125.299544488113
187,2018,133.044465558438
187,2019,145.041283705346
187,2020,120.54991435054
187,2021,131.875951582031
187,2022,151.812189669445
187,2023,166.078501675533
188,2008,13.4495562924989
188,2009,14.2448829332939
188,2010,14.2437604764758
188,2011,14.8751853954057
188,2012,13.9218681028022
188,2013,13.6974323078549
188,2014,13.5913574377843
188,2015,13.9167586712482
188,2016,14.0986174824939
188,2017,14.8783935763628
188,2018,16.248497539777
188,2019,16.4725644598425
188,2020,13.9562176162123
188,2021,13.7850467793377
188,2022,14.7713306683294
188,2023,29.3871870334278
189,2008,5.71180988816682
189,2009,5.61385642526171
189,2010,5.93539911899427
189,2011,5.64167360994694
189,2012,6.62441888973036
189,2013,5.95225848005922
189,2014,6.17176662812653
189,2015,7.51389265255989
189,2016,7.779281088099
189,2017,7.47173252618603
189,2018,7.05675992448399
189,2019,8.04643699105903
189,2020,6.90259382813882
189,2021,7.23156349959957
189,2022,7.84328659938395
189,2023,7.73678378778599
190,2008,33.1076497998031
190,2009,28.035319253952
190,2010,25.453762457977
190,2011,88.16822
190,2012,118.769775
190,2013,133.231339
190,2014,153.326813
190,2015,194.961238196519
190,2016,205.55113578753
190,2017,230.812684335338
190,2018,219.285784351379
190,2019,232.389330089448
190,2020,214.001601164283
190,2021,204.939660179828
190,2022,225.928131007108
190,2023,261.413997110675
191,2008,48.6665135130798
191,2009,50.3565740388771
191,2010,54.2921991586883
191,2011,50.368558169991
191,2012,43.76825273228
191,2013,44.0471739768224
191,2014,62.4554214010821
191,2015,73.8848744434345
191,2016,75.4527816317221
191,2017,72.3841474220078
191,2018,62.235518274528
191,2019,55.8258638656189
191,2020,41.4959458933495
191,2021,43.9454513581959
191,2022,44.4829600999483
191,2023,49.150936693978
192,2008,5.35301887550668
192,2009,5.88636795117947
192,2010,6.37561670909762
192,2011,5.381471967587
192,2012,5.69870194520392
192,2013,6.39079121602398
192,2014,6.93040248829912
192,2015,7.7631240253069
192,2016,9.49732467098521
192,2017,9.57050303792625
192,2018,9.43440451540391
192,2019,6.44438554784871
192,2020,4.65880082001825
192,2021,5.07069758485396
192,2022,5.35389459662005
192,2023,5.8405628786858
194,2008,13.1542943923699
194,2009,15.8262293477186
194,2010,16.2355162724915
194,2011,19.4049865357397
194,2012,20.5640207178413
194,2013,21.7685608079066
194,2014,21.8173051962295
194,2015,27.5663622446448
194,2016,27.3703994339319
194,2017,28.1553803754171
194,2018,29.2652218709021
194,2019,22.253719308018
194,2020,18.5997015005007
194,2021,20.7489115450612
194,2022,23.2967388800866
194,2023,25.187022898638
195,2008,166.398843389969
195,2009,148.614066132758
195,2010,154.056185136882
195,2011,159.053340236266
195,2012,183.335055059839
195,2013,224.930296834621
195,2014,235.136179867238
195,2015,287.147447206001
195,2016,261.959213985807
195,2017,252.97565640663
195,2018,299.361294838976
195,2019,271.281243050303
195,2020,200.736760795525
195,2021,214.273030655362
195,2022,233.366778697772
195,2023,258.798573044437
196,2008,461.013648604457
196,2009,354.607098028745
196,2010,280.899719318031
196,2011,261.159470182744
196,2012,292.737455027852
196,2013,336.668914133978
196,2014,440.553737736313
196,2015,409.225453359979
196,2016,357.666292697764
196,2017,456.541334689676
196,2018,533.332422686086
196,2019,578.578403957472
196,2020,239.397884727849
196,2021,251.986590462884
196,2022,295.200953635629
196,2023,325.314431657632
197,2008,74.6897844331713
197,2009,78.7653651844161
197,2010,71.5223974249484
197,2011,103.965633752146
197,2012,112.446278825551
197,2013,125.865459834173
197,2014,143.502622107284
197,2015,137.59830626223
197,2016,138.887023231256
197,2017,140.496016786012
197,2018,157.934640374181
197,2019,169.939364030471
197,2020,136.436280173798
197,2021,152.143386812776
197,2022,161.774091746883
197,2023,169.135278642814
198,2008,6.5048620626148
198,2009,7.5911380101237
198,2010,7.49142143864947
198,2011,5.1069733500744
198,2012,5.79908096576626
198,2013,7.27300143744511
198,2014,8.04006174992194
198,2015,7.43601509782198
198,2016,8.29374703365703
198,2017,8.3494693537015
198,2018,9.39187717243167
198,2019,9.59060219075
198,2020,7.3601849484549
198,2021,7.54650609000489
198,2022,8.77403983851913
198,2023,9.58787724240513
199,2008,1.81387165378344
199,2009,2.31628402801539
199,2010,1.48820716132418
199,2011,1.07571125593622
199,2012,1.94354125438667
199,2013,1.71790465695509
199,2014,1.57894941598773
199,2015,1.6318571190423
199,2016,1.6488693744181
199,2017,1.89055741622484
199,2018,2.0062542489544
199,2019,2.35112466810411
199,2020,1.86830229127768
199,2021,2.07292058444069
199,2022,2.23825142372725
199,2023,2.52086865098258
200,2008,37.5848778065459
200,2009,57.1881728527121
200,2010,48.870128915949
200,2011,56.6958769768384
200,2012,68.7661362523451
200,2013,78.1504520822317
200,2014,154.866811719083
200,2015,158.855648058367
200,2016,148.261895033898
200,2017,161.52915364421
200,2018,138.397409678063
200,2019,142.769205536218
200,2020,118.542988527843
200,2021,121.24767414071
200,2022,127.541069277495
200,2023,135.744253974941
202,2008,125.005466042917
202,2009,149.044222124391
202,2010,128.451782307338
202,2011,141.2015323298
202,2012,171.505638399226
202,2013,201.566552427927
202,2014,209.060000848605
202,2015,224.577962926872
202,2016,228.212626418563
202,2017,237.971066321506
202,2018,260.019290905819
202,2019,265.623108723182
202,2020,217.224767684148
202,2021,214.988668952737
202,2022,232.903343180956
202,2023,258.341965659421
203,2008,4084.96244130856
203,2009,4024.47316805558
203,2010,3910.45645366731
203,2011,3959.31113116492
203,2012,3878.0964947812
203,2013,3969.21419123068
203,2014,4285.37576315542
203,2015,4583.94831825548
203,2016,4685.85835709154
203,2017,4828.04011821787
203,2018,4888.05594087306
203,2019,5044.91239433461
203,2020,3642.48873281835
203,2021,4258.29665039694
203,2022,5078.43155570245
203,2023,5674.35089802738
204,2008,320.147481546777
204,2009,310.311729867865
204,2010,285.923697306731
204,2011,280.617630971126
204,2012,320.639754600121
204,2013,354.770518844704
204,2014,384.762273511699
204,2015,399.614880652234
204,2016,370.608887785632
204,2017,387.206106128921
204,2018,394.669283015959
204,2019,375.646418873355
204,2020,325.780611583132
204,2021,342.385976928366
204,2022,392.137161569584
204,2023,412.850793952807
205,2008,171.757190062686
205,2009,153.357695736726
205,2010,148.469813068291
205,2011,149.864267918826
205,2012,226.475077445892
205,2013,240.185786135918
205,2014,319.441412814383
205,2015,405.787993284363
205,2016,459.277287613951
205,2017,384.766453450737
205,2018,318.6363205942
205,2019,392.02381400265
205,2020,102.622028936817
205,2021,53.6529191237991
205,2022,85.1196930512751
205,2023,142.368244523885
206,2008,1087.90417344239
206,2009,1186.95037719056
206,2010,1367.76569656687
206,2011,1466.68800240386
206,2012,1553.89464105456
206,2013,1731.55440023777
206,2014,1743.92462209717
206,2015,1679.83385187693
206,2016,1800.27483654399
206,2017,1811.65618296658
206,2018,1873.01560024826
206,2019,1986.30916652058
206,2020,1675.75022024725
206,2021,1559.29079953317
206,2022,1947.67674183458
206,2023,1976.78820784414
207,2008,2521.43882610954
207,2009,2093.6134213814
207,2010,2148.0102642163
207,2011,2104.84489500068
207,2012,2180.77300646277
207,2013,2169.31318845047
207,2014,2161.17759155344
207,2015,2228.02681787025
207,2016,2326.52341060726
207,2017,2484.55701029656
207,2018,2588.95836521474
207,2019,2858.17967685519
207,2020,2209.8617414585
207,2021,2292.31877043881
207,2022,2539.54276898187
207,2023,2865.61518505367
208,2008,390.266302444031
208,2009,347.038463577506
208,2010,422.949956068562
208,2011,509.179626
208,2012,538.064758
208,2013,558.4203
208,2014,565.304443
208,2015,514.108459
208,2016,548.6448
208,2017,551.3225
208,2018,530.220459
208,2019,544.305847
208,2020,437.492065
208,2021,468.944183
208,2022,520.852051
208,2023,538.6918
209,2008,11289.6618513948
209,2009,11191.4927742874
209,2010,11393.4925903863
209,2011,12017.6054425449
209,2012,13533.0577912888
209,2013,13841.1826271275
209,2014,14265.8851807713
209,2015,14549.466319608
209,2016,14864.7557396469
209,2017,15190.7502136336
209,2018,15888.3841435593
209,2019,16256.5703257171
209,2020,13924.4256563505
209,2021,15085.548086496
209,2022,13155.3307395309
209,2023,15467.2676472462
210,2008,4021.35527339688
210,2009,3895.35093194729
210,2010,3560.30063806969
210,2011,3635.14336280858
210,2012,3538.25644231956
210,2013,3653.03393421735
210,2014,3509.14139799217
210,2015,4126.88638778226
210,2016,4445.92174850483
210,2017,4458.33264562077
210,2018,4779.56506816374
210,2019,5109.92365906175
210,2020,3470.41548547186
210,2021,3367.48176075509
210,2022,4332.35693752427
210,2023,4746.74739287723
212,2008,NA
212,2009,NA
212,2010,NA
212,2011,NA
212,2012,NA
212,2013,NA
212,2014,NA
212,2015,NA
212,2016,NA
212,2017,NA
212,2018,NA
212,2019,NA
212,2020,NA
212,2021,NA
212,2022,NA
212,2023,NA
214,2008,730.409214124958
214,2009,644.767869348695
214,2010,653.449460387942
214,2011,511.818900945548
214,2012,481.565620647902
214,2013,349.751992916212
214,2014,353.127484687811
214,2015,335.184816934091
214,2016,321.622032409844
214,2017,498.068569779878
214,2018,503.733037344586
214,2019,476.844639204281
214,2020,362.799363049477
214,2021,423.181838944181
214,2022,480.74382656417
214,2023,529.657500191299
215,2008,32.3748125313542
215,2009,29.9870902095925
215,2010,34.45420247902
215,2011,33.5622304273629
215,2012,35.6488990666181
215,2013,34.5869617693566
215,2014,34.0806048175853
215,2015,29.1933522724221
215,2016,24.7001852627839
215,2017,26.3464758964053
215,2018,28.0405950538805
215,2019,28.68367343347
215,2020,26.5035424125523
215,2021,28.1640639520471
215,2022,30.7386004628249
215,2023,33.4998274485899
216,2008,6991.86932568283
216,2009,6990.37076522898
216,2010,6884.38510573198
216,2011,6895.48881357267
216,2012,7146.36308714999
216,2013,7376.92740472094
216,2014,7959.7527257001
216,2015,8461.76922681255
216,2016,8511.73249890464
216,2017,8539.79043507255
216,2018,8985.46610381021
216,2019,9124.86445972334
216,2020,6969.51921230001
216,2021,8111.95674193892
216,2022,8311.81169428174
216,2023,8870.57932303788
218,2008,285.475377635758
218,2009,283.639215382602
218,2010,282.346155178791
218,2011,284.699865588498
218,2012,288.559042982698
218,2013,293.670159710168
218,2014,293.004316159934
218,2015,300.07957445209
218,2016,324.527986058962
218,2017,315.762130191382
218,2018,319.582536284913
218,2019,329.498711740333
218,2020,245.489718181224
218,2021,251.529499359043
218,2022,302.767394309997
218,2023,320.037518652293
220,2008,2.74746846542
220,2009,2.47500018196364
220,2010,2.66439958328353
220,2011,2.72431219184647
220,2012,3.21074462468571
220,2013,3.56247947717486
220,2014,3.16047314411111
220,2015,2.87447092454054
220,2016,2.86179971187789
220,2017,2.56400274503846
220,2018,2.59741126351282
220,2019,2.7132782518695
220,2020,2.02844839824878
220,2021,2.25543231882927
220,2022,2.48151317181381
220,2023,2.74947900915
222,2008,277.944359047414
222,2009,276.832419958245
222,2010,265.898623590135
222,2011,264.493707084818
222,2012,277.026195362171
222,2013,267.447078271873
222,2014,275.154701687099
222,2015,273.263705086377
222,2016,285.427758213787
222,2017,283.444439210956
222,2018,280.732726698252
222,2019,278.795473189169
222,2020,240.161359592959
222,2021,222.52365423677
222,2022,270.995235833195
222,2023,288.105448342801
223,2008,214.630698201393
223,2009,218.009350318224
223,2010,224.139733942466
223,2011,221.276059425203
223,2012,223.033272633885
223,2013,237.861231604822
223,2014,258.323289624519
223,2015,258.792419138698
223,2016,272.574998755589
223,2017,281.319296487689
223,2018,287.214822951369
223,2019,296.881884352252
223,2020,254.584657782722
223,2021,264.320793359228
223,2022,287.167347889198
223,2023,290.943393388989
224,2008,252.648749192074
224,2009,244.416716066816
224,2010,247.754985961278
224,2011,281.68972211634
224,2012,286.029311024157
224,2013,317.530443524213
224,2014,319.777056760567
224,2015,327.575610973608
224,2016,335.730489639217
224,2017,337.583915297418
224,2018,334.264332588725
224,2019,335.337550120562
224,2020,239.284550230609
224,2021,255.94137466876
224,2022,301.448982229919
224,2023,320.656246596184
232,2008,6.92484401896534
232,2009,6.23331443917013
232,2010,5.89959188048882
232,2011,6.02030462433678
232,2012,4.63939173976801
232,2013,5.77517382934331
232,2014,6.24913588535117
232,2015,7.1142475119634
232,2016,7.62441292961098
232,2017,8.73337921874493
232,2018,9.7219484667403
232,2019,11.0664655139768
232,2020,9.31781915411715
232,2021,10.6896338043115
232,2022,11.1379805789487
232,2023,11.8086107898744
244,2008,2.90123386
244,2009,2.6265438
244,2010,2.81517716
244,2011,2.74628575147822
244,2012,3.2432971181
244,2013,3.54324941048099
244,2014,3.22759316258537
244,2015,2.97674784742169
244,2016,2.94706499586587
244,2017,2.66644881875238
244,2018,2.658288689
244,2019,2.44482332794216
244,2020,1.93341419723838
244,2021,2.1227487008
244,2022,2.49117866415546
244,2023,2.60360949164141
245,2008,NA
245,2009,NA
245,2010,NA
245,2011,NA
245,2012,NA
245,2013,NA
245,2014,NA
245,2015,NA
245,2016,NA
245,2017,NA
245,2018,NA
245,2019,NA
245,2020,NA
245,2021,NA
245,2022,NA
245,2023,NA
247,2008,11.5620842
247,2009,14.4587173
247,2010,12.7300663
247,2011,10.7261982
247,2012,9.740664
247,2013,9.39651
247,2014,8.862015
247,2015,13.4347563
247,2016,14.3859911
247,2017,15.1209869
247,2018,14.8860035
247,2019,14.3554993
247,2020,10.9920864
247,2021,10.3279915
247,2022,11.1152067
247,2023,12.5660915
248,2008,NA
248,2009,NA
248,2010,NA
248,2011,NA
248,2012,NA
248,2013,NA
248,2014,NA
248,2015,NA
248,2016,NA
248,2017,NA
248,2018,NA
248,2019,NA
248,2020,NA
248,2021,NA
248,2022,NA
248,2023,NA
250,2008,25.1931381
250,2009,23.5765781
250,2010,25.1535072
250,2011,25.4347229
250,2012,27.00351
250,2013,28.8678188
250,2014,29.9950218
250,2015,30.5926971
250,2016,32.51632
250,2017,33.4576759
250,2018,35.39076
250,2019,35.5902176
250,2020,26.5345688
250,2021,32.174942
250,2022,38.3049736
250,2023,40.6665344
5,2008,NA
5,2009,NA
5,2010,NA
5,2011,NA
5,2012,NA
5,2013,NA
5,2014,NA
5,2015,NA
5,2016,NA
5,2017,NA
5,2018,NA
5,2019,NA
5,2020,NA
5,2021,NA
5,2022,NA
5,2023,NA
13,2008,NA
13,2009,NA
13,2010,NA
13,2011,NA
13,2012,NA
13,2013,NA
13,2014,NA
13,2015,NA
13,2016,NA
13,2017,NA
13,2018,NA
13,2019,NA
13,2020,NA
13,2021,NA
13,2022,NA
13,2023,NA
21,2008,NA
21,2009,NA
21,2010,NA
21,2011,NA
21,2012,NA
21,2013,NA
21,2014,NA
21,2015,NA
21,2016,NA
21,2017,NA
21,2018,NA
21,2019,NA
21,2020,NA
21,2021,NA
21,2022,NA
21,2023,NA
44,2008,NA
44,2009,NA
44,2010,NA
44,2011,NA
44,2012,NA
44,2013,NA
44,2014,NA
44,2015,NA
44,2016,NA
44,2017,NA
44,2018,NA
44,2019,NA
44,2020,NA
44,2021,NA
44,2022,NA
44,2023,NA
45,2008,NA
45,2009,NA
45,2010,NA
45,2011,NA
45,2012,NA
45,2013,NA
45,2014,NA
45,2015,NA
45,2016,NA
45,2017,NA
45,2018,NA
45,2019,NA
45,2020,NA
45,2021,NA
45,2022,NA
45,2023,NA
46,2008,NA
46,2009,NA
46,2010,NA
46,2011,NA
46,2012,NA
46,2013,NA
46,2014,NA
46,2015,NA
46,2016,NA
46,2017,NA
46,2018,NA
46,2019,NA
46,2020,NA
46,2021,NA
46,2022,NA
46,2023,NA
64,2008,NA
64,2009,NA
64,2010,NA
64,2011,NA
64,2012,NA
64,2013,NA
64,2014,NA
64,2015,NA
64,2016,NA
64,2017,NA
64,2018,NA
64,2019,NA
64,2020,NA
64,2021,NA
64,2022,NA
64,2023,NA
97,2008,NA
97,2009,NA
97,2010,NA
97,2011,NA
97,2012,NA
97,2013,NA
97,2014,NA
97,2015,NA
97,2016,NA
97,2017,NA
97,2018,NA
97,2019,NA
97,2020,NA
97,2021,NA
97,2022,NA
97,2023,NA
104,2008,NA
104,2009,NA
104,2010,NA
104,2011,NA
104,2012,NA
104,2013,NA
104,2014,NA
104,2015,NA
104,2016,NA
104,2017,NA
104,2018,NA
104,2019,NA
104,2020,NA
104,2021,NA
104,2022,NA
104,2023,NA
147,2008,NA
147,2009,NA
147,2010,NA
147,2011,NA
147,2012,NA
147,2013,NA
147,2014,NA
147,2015,NA
147,2016,NA
147,2017,NA
147,2018,NA
147,2019,NA
147,2020,NA
147,2021,NA
147,2022,NA
147,2023,NA
152,2008,NA
152,2009,NA
152,2010,NA
152,2011,NA
152,2012,NA
152,2013,NA
152,2014,NA
152,2015,NA
152,2016,NA
152,2017,NA
152,2018,NA
152,2019,NA
152,2020,NA
152,2021,NA
152,2022,NA
152,2023,NA
193,2008,NA
193,2009,NA
193,2010,NA
193,2011,NA
193,2012,NA
193,2013,NA
193,2014,NA
193,2015,NA
193,2016,NA
193,2017,NA
193,2018,NA
193,2019,NA
193,2020,NA
193,2021,NA
193,2022,NA
193,2023,NA
231,2008,NA
231,2009,NA
231,2010,NA
231,2011,NA
231,2012,NA
231,2013,NA
231,2014,NA
231,2015,NA
231,2016,NA
231,2017,NA
231,2018,NA
231,2019,NA
231,2020,NA
231,2021,NA
231,2022,NA
231,2023,NA
8,2008,NA
8,2009,NA
8,2010,NA
8,2011,NA
8,2012,NA
8,2013,NA
8,2014,NA
8,2015,NA
8,2016,NA
8,2017,NA
8,2018,NA
8,2019,NA
8,2020,NA
8,2021,NA
8,2022,NA
8,2023,NA
9,2008,NA
9,2009,NA
9,2010,NA
9,2011,NA
9,2012,NA
9,2013,NA
9,2014,NA
9,2015,NA
9,2016,NA
9,2017,NA
9,2018,NA
9,2019,NA
9,2020,NA
9,2021,NA
9,2022,NA
9,2023,NA
10,2008,NA
10,2009,NA
10,2010,NA
10,2011,NA
10,2012,NA
10,2013,NA
10,2014,NA
10,2015,NA
10,2016,NA
10,2017,NA
10,2018,NA
10,2019,NA
10,2020,NA
10,2021,NA
10,2022,NA
10,2023,NA
11,2008,NA
11,2009,NA
11,2010,NA
11,2011,NA
11,2012,NA
11,2013,NA
11,2014,NA
11,2015,NA
11,2016,NA
11,2017,NA
11,2018,NA
11,2019,NA
11,2020,NA
11,2021,NA
11,2022,NA
11,2023,NA
19,2008,NA
19,2009,NA
19,2010,NA
19,2011,NA
19,2012,NA
19,2013,NA
19,2014,NA
19,2015,NA
19,2016,NA
19,2017,NA
19,2018,NA
19,2019,NA
19,2020,NA
19,2021,NA
19,2022,NA
19,2023,NA
121,2008,NA
121,2009,NA
121,2010,NA
121,2011,NA
121,2012,NA
121,2013,NA
121,2014,NA
121,2015,NA
121,2016,NA
121,2017,NA
121,2018,NA
121,2019,NA
121,2020,NA
121,2021,NA
121,2022,NA
121,2023,NA
141,2008,NA
141,2009,NA
141,2010,NA
141,2011,NA
141,2012,NA
141,2013,NA
141,2014,NA
141,2015,NA
141,2016,NA
141,2017,NA
141,2018,NA
141,2019,NA
141,2020,NA
141,2021,NA
141,2022,NA
141,2023,NA
145,2008,NA
145,2009,NA
145,2010,NA
145,2011,NA
145,2012,NA
145,2013,NA
145,2014,NA
145,2015,NA
145,2016,NA
145,2017,NA
145,2018,NA
145,2019,NA
145,2020,NA
145,2021,NA
145,2022,NA
145,2023,NA
153,2008,NA
153,2009,NA
153,2010,NA
153,2011,NA
153,2012,NA
153,2013,NA
153,2014,NA
153,2015,NA
153,2016,NA
153,2017,NA
153,2018,NA
153,2019,NA
153,2020,NA
153,2021,NA
153,2022,NA
153,2023,NA
154,2008,NA
154,2009,NA
154,2010,NA
154,2011,NA
154,2012,NA
154,2013,NA
154,2014,NA
154,2015,NA
154,2016,NA
154,2017,NA
154,2018,NA
154,2019,NA
154,2020,NA
154,2021,NA
154,2022,NA
154,2023,NA
156,2008,NA
156,2009,NA
156,2010,NA
156,2011,NA
156,2012,NA
156,2013,NA
156,2014,NA
156,2015,NA
156,2016,NA
156,2017,NA
156,2018,NA
156,2019,NA
156,2020,NA
156,2021,NA
156,2022,NA
156,2023,NA
161,2008,NA
161,2009,NA
161,2010,NA
161,2011,NA
161,2012,NA
161,2013,NA
161,2014,NA
161,2015,NA
161,2016,NA
161,2017,NA
161,2018,NA
161,2019,NA
161,2020,NA
161,2021,NA
161,2022,NA
161,2023,NA
185,2008,NA
185,2009,NA
185,2010,NA
185,2011,NA
185,2012,NA
185,2013,NA
185,2014,NA
185,2015,NA
185,2016,NA
185,2017,NA
185,2018,NA
185,2019,NA
185,2020,NA
185,2021,NA
185,2022,NA
185,2023,NA
228,2008,NA
228,2009,NA
228,2010,NA
228,2011,NA
228,2012,NA
228,2013,NA
228,2014,NA
228,2015,NA
228,2016,NA
228,2017,NA
228,2018,NA
228,2019,NA
228,2020,NA
228,2021,NA
228,2022,NA
228,2023,NA
