"rgn_id","year","quality"
1,2008,19117.956
1,2009,19117.956
1,2010,19669.686
1,2011,20205.69
1,2012,20741.694
1,2013,21277.698
1,2014,21813.702
1,2015,22181.784
1,2016,23572.194
1,2017,24485.01
1,2018,24719.496
1,2019,26541.414
1,2020,27771.864
1,2021,28972.572
1,2022,32742.768
1,2023,32742.768
2,2008,19117.956
2,2009,19117.956
2,2010,19669.686
2,2011,20205.69
2,2012,20741.694
2,2013,21277.698
2,2014,21813.702
2,2015,22181.784
2,2016,23572.194
2,2017,24485.01
2,2018,24719.496
2,2019,26541.414
2,2020,27771.864
2,2021,28972.572
2,2022,32742.768
2,2023,32742.768
3,2008,19117.956
3,2009,19117.956
3,2010,19669.686
3,2011,20205.69
3,2012,20741.694
3,2013,21277.698
3,2014,21813.702
3,2015,22181.784
3,2016,23572.194
3,2017,24485.01
3,2018,24719.496
3,2019,26541.414
3,2020,27771.864
3,2021,28972.572
3,2022,32742.768
3,2023,32742.768
4,2008,19117.956
4,2009,19117.956
4,2010,19669.686
4,2011,20205.69
4,2012,20741.694
4,2013,21277.698
4,2014,21813.702
4,2015,22181.784
4,2016,23572.194
4,2017,24485.01
4,2018,24719.496
4,2019,26541.414
4,2020,27771.864
4,2021,28972.572
4,2022,32742.768
4,2023,32742.768
5,2008,15184.692
5,2009,15184.692
5,2010,15184.692
5,2011,15184.692
5,2012,15184.692
5,2013,15184.692
5,2014,15184.692
5,2015,15184.692
5,2016,15184.692
5,2017,15184.692
5,2018,15184.692
5,2019,15184.692
5,2020,15184.692
5,2021,15184.692
5,2022,15184.692
5,2023,15184.692
6,2008,4072.494
6,2009,4072.494
6,2010,4072.494
6,2011,4072.494
6,2012,4072.494
6,2013,4072.494
6,2014,4072.494
6,2015,4072.494
6,2016,4072.494
6,2017,4072.494
6,2018,4072.494
6,2019,4072.494
6,2020,4072.494
6,2021,4072.494
6,2022,4072.494
6,2023,4072.494
7,2008,9670.89
7,2009,9670.89
7,2010,9670.89
7,2011,9670.89
7,2012,9670.89
7,2013,9670.89
7,2014,9670.89
7,2015,9670.89
7,2016,9670.89
7,2017,9670.89
7,2018,9670.89
7,2019,9670.89
7,2020,9670.89
7,2021,9670.89
7,2022,9670.89
7,2023,9670.89
8,2008,4914.6315
8,2009,4914.6315
8,2010,4914.6315
8,2011,4914.6315
8,2012,4914.6315
8,2013,4914.6315
8,2014,4914.6315
8,2015,4914.6315
8,2016,4914.6315
8,2017,4914.6315
8,2018,4914.6315
8,2019,4914.6315
8,2020,4639.32375
8,2021,4364.016
8,2022,4088.70825
8,2023,3813.4005
9,2008,4914.6315
9,2009,4914.6315
9,2010,4914.6315
9,2011,4914.6315
9,2012,4914.6315
9,2013,4914.6315
9,2014,4914.6315
9,2015,4914.6315
9,2016,4914.6315
9,2017,4914.6315
9,2018,4914.6315
9,2019,4914.6315
9,2020,4639.32375
9,2021,4364.016
9,2022,4088.70825
9,2023,3813.4005
10,2008,4914.6315
10,2009,4914.6315
10,2010,4914.6315
10,2011,4914.6315
10,2012,4914.6315
10,2013,4914.6315
10,2014,4914.6315
10,2015,4914.6315
10,2016,4914.6315
10,2017,4914.6315
10,2018,4914.6315
10,2019,4914.6315
10,2020,4639.32375
10,2021,4364.016
10,2022,4088.70825
10,2023,3813.4005
11,2008,6813.42
11,2009,6813.42
11,2010,6813.42
11,2011,6813.42
11,2012,6813.42
11,2013,6813.42
11,2014,6813.42
11,2015,6813.42
11,2016,6813.42
11,2017,6813.42
11,2018,6813.42
11,2019,6813.42
11,2020,6813.42
11,2021,6813.42
11,2022,6813.42
11,2023,6813.42
12,2008,4914.6315
12,2009,4914.6315
12,2010,4914.6315
12,2011,4914.6315
12,2012,4914.6315
12,2013,4914.6315
12,2014,4914.6315
12,2015,4914.6315
12,2016,4914.6315
12,2017,4914.6315
12,2018,4914.6315
12,2019,4914.6315
12,2020,4639.32375
12,2021,4364.016
12,2022,4088.70825
12,2023,3813.4005
13,2008,4914.6315
13,2009,4914.6315
13,2010,4914.6315
13,2011,4914.6315
13,2012,4914.6315
13,2013,4914.6315
13,2014,4914.6315
13,2015,4914.6315
13,2016,4914.6315
13,2017,4914.6315
13,2018,4914.6315
13,2019,4914.6315
13,2020,4639.32375
13,2021,4364.016
13,2022,4088.70825
13,2023,3813.4005
14,2008,14196.922
14,2009,18205.116
14,2010,18678.236
14,2011,19616.242
14,2012,20390.164
14,2013,20702.236
14,2014,20803.134
14,2015,21279.24
14,2016,21319.57
14,2017,21819.748
14,2018,22891.222
14,2019,23617.062
14,2020,23944.032
14,2021,25419.94
14,2022,26631.918
14,2023,26631.918
15,2008,6551.952
15,2009,6551.952
15,2010,6551.952
15,2011,6551.952
15,2012,6551.952
15,2013,6606.858
15,2014,6675.894
15,2015,7208.286
15,2016,7461.282
15,2017,7405.386
15,2018,7245.138
15,2019,7948.566
15,2020,8243.814
15,2021,7952.112
15,2022,8763.726
15,2023,8892.318
16,2008,19117.956
16,2009,19117.956
16,2010,19669.686
16,2011,20205.69
16,2012,20741.694
16,2013,21277.698
16,2014,21813.702
16,2015,22181.784
16,2016,23572.194
16,2017,24485.01
16,2018,24719.496
16,2019,26541.414
16,2020,27771.864
16,2021,28972.572
16,2022,32742.768
16,2023,32742.768
17,2008,9670.89
17,2009,9670.89
17,2010,9670.89
17,2011,9670.89
17,2012,9670.89
17,2013,9670.89
17,2014,9670.89
17,2015,9670.89
17,2016,9670.89
17,2017,9670.89
17,2018,9670.89
17,2019,9670.89
17,2020,9670.89
17,2021,9670.89
17,2022,9670.89
17,2023,9670.89
18,2008,9755.484
18,2009,9755.484
18,2010,9755.484
18,2011,9755.484
18,2012,9755.484
18,2013,9755.484
18,2014,9755.484
18,2015,9755.484
18,2016,9755.484
18,2017,9755.484
18,2018,9755.484
18,2019,9755.484
18,2020,9755.484
18,2021,9755.484
18,2022,9755.484
18,2023,9755.484
19,2008,10172.961
19,2009,10172.961
19,2010,10172.961
19,2011,10172.961
19,2012,10172.961
19,2013,9475.4316
19,2014,8777.9022
19,2015,8080.3728
19,2016,7382.8434
19,2017,6685.314
19,2018,6984.0054
19,2019,7312.5818
19,2020,7641.1582
19,2021,7969.7346
19,2022,10486.851
19,2023,12705.276
20,2008,26589.582
20,2009,26589.582
20,2010,26717.358
20,2011,27761.652
20,2012,28406.652
20,2013,27099.678
20,2014,26980.314
20,2015,27684.222
20,2016,28501.272
20,2017,29417.148
20,2018,31268.1
20,2019,33008.922
20,2020,32739.756
20,2021,34601.886
20,2022,37303.848
20,2023,37303.848
21,2008,14196.922
21,2009,18205.116
21,2010,18678.236
21,2011,19616.242
21,2012,20390.164
21,2013,20702.236
21,2014,20803.134
21,2015,21279.24
21,2016,21319.57
21,2017,21819.748
21,2018,22891.222
21,2019,23617.062
21,2020,23944.032
21,2021,25419.94
21,2022,26631.918
21,2023,26631.918
24,2008,3750.282
24,2009,3329.55
24,2010,4720.806
24,2011,3632.85
24,2012,4669.44
24,2013,4373.178
24,2014,4965.138
24,2015,4840.788
24,2016,5646.804
24,2017,6581.242
24,2018,7515.68
24,2019,8450.118
24,2020,7343.286
24,2021,7900.266
24,2022,8750.82
24,2023,9601.374
25,2008,7348.878
25,2009,7348.878
25,2010,7348.878
25,2011,7348.878
25,2012,8286.102
25,2013,9407.334
25,2014,10802.838
25,2015,8929.578
25,2016,11652.594
25,2017,11815.212
25,2018,12376.41
25,2019,12732.606
25,2020,12821.43
25,2021,13124.988
25,2022,15423.828
25,2023,15070.746
26,2008,6609.57
26,2009,6609.57
26,2010,6609.57
26,2011,6609.57
26,2012,6609.57
26,2013,6759.636
26,2014,6909.702
26,2015,7059.768
26,2016,7209.834
26,2017,7359.9
26,2018,7509.966
26,2019,8994.36
26,2020,7375.89
26,2021,8292.408
26,2022,8201.178
26,2023,9309.366
28,2008,1961.4
28,2009,1961.4
28,2010,1961.4
28,2011,1961.4
28,2012,1961.4
28,2013,1961.4
28,2014,1961.4
28,2015,1957.37057142857
28,2016,1953.34114285714
28,2017,1949.31171428571
28,2018,1945.28228571429
28,2019,1941.25285714286
28,2020,1937.22342857143
28,2021,1933.194
28,2022,1933.194
28,2023,1933.194
29,2008,8489.025
29,2009,8489.025
29,2010,8489.025
29,2011,7212.686
29,2012,8070.214
29,2013,7407.7515
29,2014,6807.713
29,2015,6980.30492857143
29,2016,7123.90985714286
29,2017,7121.96778571429
29,2018,7460.79371428571
29,2019,7769.62464285714
29,2020,7477.54257142857
29,2021,7961.065
29,2022,7661.127
29,2023,7336.574
30,2008,8489.025
30,2009,8489.025
30,2010,8489.025
30,2011,7212.686
30,2012,8070.214
30,2013,7407.7515
30,2014,6807.713
30,2015,6980.30492857143
30,2016,7123.90985714286
30,2017,7121.96778571429
30,2018,7460.79371428571
30,2019,7769.62464285714
30,2020,7477.54257142857
30,2021,7961.065
30,2022,7661.127
30,2023,7336.574
31,2008,18156.432
31,2009,18156.432
31,2010,18156.432
31,2011,18156.432
31,2012,18156.432
31,2013,18156.432
31,2014,18156.432
31,2015,18156.432
31,2016,18156.432
31,2017,18156.432
31,2018,18156.432
31,2019,19743.48
31,2020,19278.78
31,2021,18814.08
31,2022,18349.38
31,2023,18349.38
32,2008,8489.025
32,2009,8489.025
32,2010,8489.025
32,2011,7212.686
32,2012,8070.214
32,2013,7407.7515
32,2014,6807.713
32,2015,6980.30492857143
32,2016,7123.90985714286
32,2017,7121.96778571429
32,2018,7460.79371428571
32,2019,7769.62464285714
32,2020,7477.54257142857
32,2021,7961.065
32,2022,7661.127
32,2023,7336.574
33,2008,8489.025
33,2009,8489.025
33,2010,8489.025
33,2011,7212.686
33,2012,8070.214
33,2013,7407.7515
33,2014,6807.713
33,2015,6980.30492857143
33,2016,7123.90985714286
33,2017,7121.96778571429
33,2018,7460.79371428571
33,2019,7769.62464285714
33,2020,7477.54257142857
33,2021,7961.065
33,2022,7661.127
33,2023,7336.574
34,2008,8489.025
34,2009,8489.025
34,2010,8489.025
34,2011,7212.686
34,2012,8070.214
34,2013,7407.7515
34,2014,6807.713
34,2015,6980.30492857143
34,2016,7123.90985714286
34,2017,7121.96778571429
34,2018,7460.79371428571
34,2019,7769.62464285714
34,2020,7477.54257142857
34,2021,7961.065
34,2022,7661.127
34,2023,7336.574
35,2008,8489.025
35,2009,8489.025
35,2010,8489.025
35,2011,7212.686
35,2012,8070.214
35,2013,7407.7515
35,2014,6807.713
35,2015,6980.30492857143
35,2016,7123.90985714286
35,2017,7121.96778571429
35,2018,7460.79371428571
35,2019,7769.62464285714
35,2020,7477.54257142857
35,2021,7961.065
35,2022,7661.127
35,2023,7336.574
36,2008,8489.025
36,2009,8489.025
36,2010,8489.025
36,2011,7212.686
36,2012,8070.214
36,2013,7407.7515
36,2014,6807.713
36,2015,6980.30492857143
36,2016,7123.90985714286
36,2017,7121.96778571429
36,2018,7460.79371428571
36,2019,7769.62464285714
36,2020,7477.54257142857
36,2021,7961.065
36,2022,7661.127
36,2023,7336.574
37,2008,7768.752
37,2009,7768.752
37,2010,7768.752
37,2011,7768.752
37,2012,8571.552
37,2013,8606.292
37,2014,9015.576
37,2015,10347.63
37,2016,10773.21
37,2017,10325.508
37,2018,11922.414
37,2019,11752.302
37,2020,10028.46
37,2021,13398.324
37,2022,12063.396
37,2023,10116.078
38,2008,6866.7336
38,2009,6866.7336
38,2010,6866.7336
38,2011,6866.7336
38,2012,6866.7336
38,2013,7001.0172
38,2014,7326.0652
38,2015,7257.5456
38,2016,7406.568
38,2017,8133.5052
38,2018,7860.04656
38,2019,8539.67592
38,2020,8078.15448
38,2021,7870.17864
38,2022,7709.6964
38,2023,7983.6864
39,2008,12639.522
39,2009,12639.522
39,2010,12639.522
39,2011,12639.522
39,2012,12639.522
39,2013,12639.522
39,2014,12639.522
39,2015,12639.522
39,2016,12639.522
39,2017,12787.248
39,2018,12934.974
39,2019,13082.7
39,2020,13082.7
39,2021,13082.7
39,2022,13082.7
39,2023,13082.7
40,2008,5543.79
40,2009,5543.79
40,2010,5543.79
40,2011,5543.79
40,2012,5543.79
40,2013,5543.79
40,2014,5886.654
40,2015,5803.59
40,2016,6745.104
40,2017,8315.1
40,2018,6923.172
40,2019,8696.274
40,2020,8138.1
40,2021,6555.768
40,2022,5751.99
40,2023,5751.99
41,2008,8489.025
41,2009,8489.025
41,2010,8489.025
41,2011,7212.686
41,2012,8070.214
41,2013,7407.7515
41,2014,6807.713
41,2015,6980.30492857143
41,2016,7123.90985714286
41,2017,7121.96778571429
41,2018,7460.79371428571
41,2019,7769.62464285714
41,2020,7477.54257142857
41,2021,7961.065
41,2022,7661.127
41,2023,7336.574
42,2008,2789.586
42,2009,2789.586
42,2010,2789.586
42,2011,2789.586
42,2012,2789.586
42,2013,2057.034
42,2014,1324.482
42,2015,591.93
42,2016,591.93
42,2017,591.93
42,2018,591.93
42,2019,591.93
42,2020,591.93
42,2021,591.93
42,2022,591.93
42,2023,591.93
43,2008,7086.24
43,2009,7086.24
43,2010,7086.24
43,2011,7086.24
43,2012,7086.24
43,2013,7086.24
43,2014,7086.24
43,2015,7086.24
43,2016,7086.24
43,2017,7086.24
43,2018,7086.24
43,2019,7086.24
43,2020,7086.24
43,2021,7086.24
43,2022,7086.24
43,2023,7086.24
44,2008,8489.025
44,2009,8489.025
44,2010,8489.025
44,2011,7212.686
44,2012,8070.214
44,2013,7407.7515
44,2014,6807.713
44,2015,6980.30492857143
44,2016,7123.90985714286
44,2017,7121.96778571429
44,2018,7460.79371428571
44,2019,7769.62464285714
44,2020,7477.54257142857
44,2021,7961.065
44,2022,7661.127
44,2023,7336.574
45,2008,8489.025
45,2009,8489.025
45,2010,8489.025
45,2011,7212.686
45,2012,8070.214
45,2013,7407.7515
45,2014,6807.713
45,2015,6980.30492857143
45,2016,7123.90985714286
45,2017,7121.96778571429
45,2018,7460.79371428571
45,2019,7769.62464285714
45,2020,7477.54257142857
45,2021,7961.065
45,2022,7661.127
45,2023,7336.574
46,2008,8489.025
46,2009,8489.025
46,2010,8489.025
46,2011,7212.686
46,2012,8070.214
46,2013,7407.7515
46,2014,6807.713
46,2015,6980.30492857143
46,2016,7123.90985714286
46,2017,7121.96778571429
46,2018,7460.79371428571
46,2019,7769.62464285714
46,2020,7477.54257142857
46,2021,7961.065
46,2022,7661.127
46,2023,7336.574
47,2008,5221.764
47,2009,5221.764
47,2010,5221.764
47,2011,5221.764
47,2012,5221.764
47,2013,5221.764
47,2014,5221.764
47,2015,5221.764
47,2016,5221.764
47,2017,5221.764
47,2018,5221.764
47,2019,5221.764
47,2020,5221.764
47,2021,5221.764
47,2022,5221.764
47,2023,5221.764
48,2008,17278.2393333333
48,2009,17278.2393333333
48,2010,17532.6413333333
48,2011,17486.608
48,2012,17873.4073333333
48,2013,16649.34
48,2014,17958.36
48,2015,17920.2153333333
48,2016,18141.33
48,2017,17998.4083333333
48,2018,18561.9046666667
48,2019,18832.6477777778
48,2020,18787.6855555556
48,2021,18977.1163333333
48,2022,20194.922
48,2023,21058.8486666667
49,2008,1852.44
49,2009,1852.44
49,2010,1852.44
49,2011,1852.44
49,2012,1928.06181818182
49,2013,2003.68363636364
49,2014,2079.30545454545
49,2015,2154.92727272727
49,2016,2230.54909090909
49,2017,2306.17090909091
49,2018,2381.79272727273
49,2019,2457.41454545455
49,2020,2533.03636363636
49,2021,2608.65818181818
49,2022,2684.28
49,2023,2684.28
50,2008,17278.2393333333
50,2009,17278.2393333333
50,2010,17532.6413333333
50,2011,17486.608
50,2012,17873.4073333333
50,2013,16649.34
50,2014,17958.36
50,2015,17920.2153333333
50,2016,18141.33
50,2017,17998.4083333333
50,2018,18561.9046666667
50,2019,18832.6477777778
50,2020,18787.6855555556
50,2021,18977.1163333333
50,2022,20194.922
50,2023,21058.8486666667
51,2008,17278.2393333333
51,2009,17278.2393333333
51,2010,17532.6413333333
51,2011,17486.608
51,2012,17873.4073333333
51,2013,16649.34
51,2014,17958.36
51,2015,17920.2153333333
51,2016,18141.33
51,2017,17998.4083333333
51,2018,18561.9046666667
51,2019,18832.6477777778
51,2020,18787.6855555556
51,2021,18977.1163333333
51,2022,20194.922
51,2023,21058.8486666667
52,2008,17278.2393333333
52,2009,17278.2393333333
52,2010,17532.6413333333
52,2011,17486.608
52,2012,17873.4073333333
52,2013,16649.34
52,2014,17958.36
52,2015,17920.2153333333
52,2016,18141.33
52,2017,17998.4083333333
52,2018,18561.9046666667
52,2019,18832.6477777778
52,2020,18787.6855555556
52,2021,18977.1163333333
52,2022,20194.922
52,2023,21058.8486666667
53,2008,3663.9
53,2009,3663.9
53,2010,3663.9
53,2011,3663.9
53,2012,3663.9
53,2013,4185.252
53,2014,5452.518
53,2015,5177.874
53,2016,4966.362
53,2017,6838.776
53,2018,6473.022
53,2019,6373.35
53,2020,6149.79
53,2021,5683.128
53,2022,5683.128
53,2023,5683.128
54,2008,22309.344
54,2009,22309.344
54,2010,22309.344
54,2011,22309.344
54,2012,22309.344
54,2013,22309.344
54,2014,22309.344
54,2015,22309.344
54,2016,22309.344
54,2017,22309.344
54,2018,22309.344
54,2019,22309.344
54,2020,22309.344
54,2021,22309.344
54,2022,22309.344
54,2023,22309.344
55,2008,11335.254
55,2009,11603.244
55,2010,11411.706
55,2011,11725.05
55,2012,12168.912
55,2013,12681.426
55,2014,12194.628
55,2015,12234.072
55,2016,12993.798
55,2017,13123.68
55,2018,13910.19
55,2019,14583.954
55,2020,15348.936
55,2021,16818.774
55,2022,17221.464
55,2023,17716.14
56,2008,3235.662
56,2009,3235.662
56,2010,3235.662
56,2011,3235.662
56,2012,3235.662
56,2013,3235.662
56,2014,3235.662
56,2015,3235.662
56,2016,3235.662
56,2017,3235.662
56,2018,3235.662
56,2019,3235.662
56,2020,3235.662
56,2021,3235.662
56,2022,3235.662
56,2023,3235.662
57,2008,11335.254
57,2009,11603.244
57,2010,11411.706
57,2011,11725.05
57,2012,12168.912
57,2013,12681.426
57,2014,12194.628
57,2015,12234.072
57,2016,12993.798
57,2017,13123.68
57,2018,13910.19
57,2019,14583.954
57,2020,15348.936
57,2021,16818.774
57,2022,17221.464
57,2023,17716.14
58,2008,19717.602
58,2009,19717.602
58,2010,19871.592
58,2011,20644.476
58,2012,20292.354
58,2013,20974.848
58,2014,21017.022
58,2015,21842.94
58,2016,21660.102
58,2017,22475.442
58,2018,23550.294
58,2019,13277.064
58,2020,15664.2
58,2021,10780.656
58,2022,13560.546
58,2023,17536.428
59,2008,17621.874
59,2009,17621.874
59,2010,17602.818
59,2011,19832.934
59,2012,19258.056
59,2013,20984.244
59,2014,22999.446
59,2015,22157.7
59,2016,22926.648
59,2017,22399.002
59,2018,23173.05
59,2019,23972.04
59,2020,26680.818
59,2021,28559.964
59,2022,23370.984
59,2023,28370.934
60,2008,22559.6090769231
60,2009,22950.9572307692
60,2010,15026.7858461538
60,2011,15495.1135384615
60,2012,16239.084
60,2013,16074.8042307692
60,2014,15697.7252307692
60,2015,18244.3961538462
60,2016,18943.6603846154
60,2017,19446.1996153846
60,2018,19412.9164615385
60,2019,19776.1100769231
60,2020,21059.1443076923
60,2021,20584.8609230769
60,2022,23434.1658461538
60,2023,17142.4873846154
61,2008,10066.662
61,2009,10066.662
61,2010,10066.662
61,2011,10066.662
61,2012,10066.662
61,2013,10066.662
61,2014,10066.662
61,2015,10066.662
61,2016,10066.662
61,2017,10066.662
61,2018,10066.662
61,2019,10066.662
61,2020,10066.662
61,2021,10066.662
61,2022,10066.662
61,2023,10066.662
62,2008,4434.494
62,2009,4434.494
62,2010,5880.748
62,2011,6038.106
62,2012,6589.44327272727
62,2013,6676.92254545454
62,2014,6751.34281818182
62,2015,6825.76309090909
62,2016,6956.96636363636
62,2017,6445.58763636364
62,2018,6398.66490909091
62,2019,6570.62418181818
62,2020,6674.11145454545
62,2021,6933.45272727273
62,2022,6995.018
62,2023,6814.37
63,2008,4434.494
63,2009,4434.494
63,2010,5880.748
63,2011,6038.106
63,2012,6589.44327272727
63,2013,6676.92254545454
63,2014,6751.34281818182
63,2015,6825.76309090909
63,2016,6956.96636363636
63,2017,6445.58763636364
63,2018,6398.66490909091
63,2019,6570.62418181818
63,2020,6674.11145454545
63,2021,6933.45272727273
63,2022,6995.018
63,2023,6814.37
64,2008,3465.35236363636
64,2009,3465.35236363636
64,2010,3465.35236363636
64,2011,3769.21145454545
64,2012,4046.67436363636
64,2013,4310.32145454545
64,2014,4648.05654545455
64,2015,4985.79163636364
64,2016,5179.62190909091
64,2017,5373.45218181818
64,2018,5484.28270909091
64,2019,5608.92905454546
64,2020,5753.51112727273
64,2021,5898.0932
64,2022,6042.67527272727
64,2023,6042.67527272727
65,2008,3645.576
65,2009,3645.576
65,2010,3645.576
65,2011,3645.576
65,2012,3645.576
65,2013,3493.602
65,2014,3341.628
65,2015,3189.654
65,2016,3037.68
65,2017,2885.706
65,2018,2733.732
65,2019,2733.732
65,2020,2733.732
65,2021,2733.732
65,2022,2733.732
65,2023,2733.732
66,2008,4442.688
66,2009,4442.688
66,2010,4442.688
66,2011,4442.688
66,2012,4152.33
66,2013,3861.972
66,2014,3571.614
66,2015,3281.256
66,2016,2990.898
66,2017,2700.54
66,2018,2410.182
66,2019,2119.824
66,2020,3930.946
66,2021,5742.068
66,2022,7553.19
66,2023,7553.19
67,2008,4434.494
67,2009,4434.494
67,2010,5880.748
67,2011,6038.106
67,2012,6589.44327272727
67,2013,6676.92254545454
67,2014,6751.34281818182
67,2015,6825.76309090909
67,2016,6956.96636363636
67,2017,6445.58763636364
67,2018,6398.66490909091
67,2019,6570.62418181818
67,2020,6674.11145454545
67,2021,6933.45272727273
67,2022,6995.018
67,2023,6814.37
68,2008,11575.374
68,2009,11575.374
68,2010,11353.164
68,2011,13129.314
68,2012,11169.648
68,2013,11467.458
68,2014,12566.418
68,2015,12445.236
68,2016,13767.726
68,2017,13527.324
68,2018,14602.176
68,2019,15214.092
68,2020,14213.046
68,2021,15238.716
68,2022,15238.716
68,2023,15238.716
69,2008,5562.696
69,2009,5562.696
69,2010,5568.708
69,2011,4694.238
69,2012,5235.516
69,2013,5264.916
69,2014,6302.058
69,2015,7023.924
69,2016,8420.958
69,2017,7378.05
69,2018,7985.028
69,2019,9009.306
69,2020,9866.208
69,2021,11028.348
69,2022,11569.68
69,2023,11025.984
70,2008,8609.706
70,2009,8609.706
70,2010,7272.354
70,2011,7372.158
70,2012,8144.01
70,2013,8717.334
70,2014,8264.964
70,2015,8826.84
70,2016,9372.522
70,2017,9606.636
70,2018,10007.718
70,2019,10891.686
70,2020,12280.776
70,2021,11229.654
70,2022,9860.436
70,2023,12924.066
71,2008,2219.442
71,2009,2219.442
71,2010,2472.006
71,2011,2295.246
71,2012,3465.168
71,2013,2667.012
71,2014,3315.096
71,2015,5362.356
71,2016,4837.062
71,2017,5666.562
71,2018,4777.332
71,2019,6834.108
71,2020,7708.308
71,2021,5753.916
71,2022,8869.518
71,2023,8013.942
72,2008,2039.478
72,2009,2039.478
72,2010,2241.984
72,2011,2158.374
72,2012,2449.704
72,2013,2183.532
72,2014,2294.508
72,2015,4241.094
72,2016,3968.352
72,2017,4523.268
72,2018,5141.958
72,2019,8640.936
72,2020,8790.204
72,2021,8485.122
72,2022,11441.1
72,2023,13476.342
73,2008,15217.446
73,2009,15217.446
73,2010,15217.446
73,2011,15217.446
73,2012,15217.446
73,2013,15217.446
73,2014,15217.446
73,2015,15217.446
73,2016,15217.446
73,2017,15217.446
73,2018,16752.591
73,2019,18287.736
73,2020,20844.849
73,2021,23401.962
73,2022,23401.962
73,2023,23401.962
74,2008,8588.736
74,2009,8588.736
74,2010,8588.736
74,2011,8588.736
74,2012,8588.736
74,2013,8588.736
74,2014,8588.736
74,2015,9245.526
74,2016,10066.854
74,2017,6045.084
74,2018,6033.558
74,2019,7689.156
74,2020,6419.208
74,2021,6434.7
74,2022,7426.962
74,2023,8852.28
75,2008,10001.088
75,2009,10001.088
75,2010,10001.088
75,2011,10001.088
75,2012,10001.088
75,2013,10001.088
75,2014,9806.376
75,2015,7469.622
75,2016,8062.686
75,2017,9791.13
75,2018,10421.778
75,2019,11696.904
75,2020,12102.876
75,2021,14580.438
75,2022,13029.858
75,2023,13029.858
76,2008,9190.152
76,2009,9190.152
76,2010,9519.336
76,2011,10515.444
76,2012,10795.194
76,2013,10628.37
76,2014,11517.774
76,2015,12011.814
76,2016,13013.628
76,2017,13040.376
76,2018,12846.42
76,2019,13786.806
76,2020,13169.478
76,2021,13368.294
76,2022,14513.304
76,2023,19007.904
77,2008,17278.2393333333
77,2009,17278.2393333333
77,2010,17532.6413333333
77,2011,17486.608
77,2012,17873.4073333333
77,2013,16649.34
77,2014,17958.36
77,2015,17920.2153333333
77,2016,18141.33
77,2017,17998.4083333333
77,2018,18561.9046666667
77,2019,18832.6477777778
77,2020,18787.6855555556
77,2021,18977.1163333333
77,2022,20194.922
77,2023,21058.8486666667
78,2008,17433.942
78,2009,17433.942
78,2010,17433.942
78,2011,17433.942
78,2012,17433.942
78,2013,17433.942
78,2014,17433.942
78,2015,17433.942
78,2016,17433.942
78,2017,17433.942
78,2018,17433.942
78,2019,17433.942
78,2020,17433.942
78,2021,17433.942
78,2022,17433.942
78,2023,17433.942
79,2008,29679.564
79,2009,29679.564
79,2010,29679.564
79,2011,29679.564
79,2012,29679.564
79,2013,16468.704
79,2014,16802.964
79,2015,17261.67
79,2016,17748.504
79,2017,18589.731
79,2018,19430.958
79,2019,19377.334
79,2020,19323.71
79,2021,19270.086
79,2022,19270.086
79,2023,19270.086
80,2008,13517.736
80,2009,14047.956
80,2010,13849.614
80,2011,14022.774
80,2012,13018.008
80,2013,12385.644
80,2014,12499.662
80,2015,11926.608
80,2016,12296.838
80,2017,12544.8
80,2018,12871.386
80,2019,13396.11
80,2020,12897.966
80,2021,15599.826
80,2022,15115.806
80,2023,16088.448
81,2008,12866.346
81,2009,12866.346
81,2010,14826.78
81,2011,13416.372
81,2012,14159.184
81,2013,14412.714
81,2014,13286.646
81,2015,12547.722
81,2016,12635.058
81,2017,12792.27
81,2018,13489.998
81,2019,13038.264
81,2020,14853.384
81,2021,13451.94
81,2022,18177.66
81,2023,19588.422
82,2008,7330.092
82,2009,7330.092
82,2010,7330.092
82,2011,7330.092
82,2012,7330.092
82,2013,7330.092
82,2014,7330.092
82,2015,7330.092
82,2016,7315.314
82,2017,8054.712
82,2018,8399.394
82,2019,10585.362
82,2020,10128.738
82,2021,10842.222
82,2022,12925.524
82,2023,12925.524
84,2008,4434.494
84,2009,4434.494
84,2010,5880.748
84,2011,6038.106
84,2012,6589.44327272727
84,2013,6676.92254545454
84,2014,6751.34281818182
84,2015,6825.76309090909
84,2016,6956.96636363636
84,2017,6445.58763636364
84,2018,6398.66490909091
84,2019,6570.62418181818
84,2020,6674.11145454545
84,2021,6933.45272727273
84,2022,6995.018
84,2023,6814.37
85,2008,8319.1248
85,2009,8319.1248
85,2010,8075.0244
85,2011,7785.951
85,2012,8621.0448
85,2013,8571.2844
85,2014,9203.9094
85,2015,11092.9716
85,2016,12382.6572
85,2017,12011.5122
85,2018,12234.3144
85,2019,14323.7694
85,2020,14869.8996
85,2021,14265.849
85,2022,16079.157
85,2023,17986.8444
86,2008,8319.1248
86,2009,8319.1248
86,2010,8075.0244
86,2011,7785.951
86,2012,8621.0448
86,2013,8571.2844
86,2014,9203.9094
86,2015,11092.9716
86,2016,12382.6572
86,2017,12011.5122
86,2018,12234.3144
86,2019,14323.7694
86,2020,14869.8996
86,2021,14265.849
86,2022,16079.157
86,2023,17986.8444
88,2008,8319.1248
88,2009,8319.1248
88,2010,8075.0244
88,2011,7785.951
88,2012,8621.0448
88,2013,8571.2844
88,2014,9203.9094
88,2015,11092.9716
88,2016,12382.6572
88,2017,12011.5122
88,2018,12234.3144
88,2019,14323.7694
88,2020,14869.8996
88,2021,14265.849
88,2022,16079.157
88,2023,17986.8444
95,2008,8319.1248
95,2009,8319.1248
95,2010,8075.0244
95,2011,7785.951
95,2012,8621.0448
95,2013,8571.2844
95,2014,9203.9094
95,2015,11092.9716
95,2016,12382.6572
95,2017,12011.5122
95,2018,12234.3144
95,2019,14323.7694
95,2020,14869.8996
95,2021,14265.849
95,2022,16079.157
95,2023,17986.8444
96,2008,3465.35236363636
96,2009,3465.35236363636
96,2010,3465.35236363636
96,2011,3769.21145454545
96,2012,4046.67436363636
96,2013,4310.32145454545
96,2014,4648.05654545455
96,2015,4985.79163636364
96,2016,5179.62190909091
96,2017,5373.45218181818
96,2018,5484.28270909091
96,2019,5608.92905454546
96,2020,5753.51112727273
96,2021,5898.0932
96,2022,6042.67527272727
96,2023,6042.67527272727
97,2008,2341.242
97,2009,2341.242
97,2010,2341.242
97,2011,5683.692
97,2012,9026.142
97,2013,12368.592
97,2014,15711.042
97,2015,19053.492
97,2016,22395.942
97,2017,25738.392
97,2018,25738.392
97,2019,25738.392
97,2020,25738.392
97,2021,25738.392
97,2022,25738.392
97,2023,25738.392
98,2008,3144.348
98,2009,3144.348
98,2010,3144.348
98,2011,3144.348
98,2012,3144.348
98,2013,3144.348
98,2014,3144.348
98,2015,3144.348
98,2016,3144.348
98,2017,3144.348
98,2018,3065.94
98,2019,2987.532
98,2020,2349.278
98,2021,1711.024
98,2022,1072.77
98,2023,1072.77
99,2008,3519.252
99,2009,3519.252
99,2010,3519.252
99,2011,3519.252
99,2012,3519.252
99,2013,3519.252
99,2014,3519.252
99,2015,3519.252
99,2016,3519.252
99,2017,3519.252
99,2018,3519.252
99,2019,3519.252
99,2020,3765.36
99,2021,4011.468
99,2022,4257.576
99,2023,4257.576
100,2008,2497.854
100,2009,2497.854
100,2010,2497.854
100,2011,2497.854
100,2012,2497.854
100,2013,2497.854
100,2014,2497.854
100,2015,2497.854
100,2016,2497.854
100,2017,2497.854
100,2018,2497.854
100,2019,2497.854
100,2020,2497.854
100,2021,2497.854
100,2022,2497.854
100,2023,2497.854
101,2008,7520.496
101,2009,7520.496
101,2010,7520.496
101,2011,7520.496
101,2012,7520.496
101,2013,12832.254
101,2014,8195.364
101,2015,8108.1
101,2016,8020.836
101,2017,6776.352
101,2018,5531.868
101,2019,5531.868
101,2020,5531.868
101,2021,5531.868
101,2022,5531.868
101,2023,5531.868
102,2008,7520.496
102,2009,7520.496
102,2010,7520.496
102,2011,7520.496
102,2012,7520.496
102,2013,12832.254
102,2014,8195.364
102,2015,8108.1
102,2016,8020.836
102,2017,6776.352
102,2018,5531.868
102,2019,5531.868
102,2020,5531.868
102,2021,5531.868
102,2022,5531.868
102,2023,5531.868
103,2008,3926.8095
103,2009,3926.8095
103,2010,3926.8095
103,2011,3926.8095
103,2012,3926.8095
103,2013,3926.8095
103,2014,3926.8095
103,2015,3926.8095
103,2016,3926.8095
103,2017,3926.8095
103,2018,3926.8095
103,2019,3926.8095
103,2020,3181.1025
103,2021,2435.3955
103,2022,2435.3955
103,2023,2435.3955
104,2008,3926.8095
104,2009,3926.8095
104,2010,3926.8095
104,2011,3926.8095
104,2012,3926.8095
104,2013,3926.8095
104,2014,3926.8095
104,2015,3926.8095
104,2016,3926.8095
104,2017,3926.8095
104,2018,3926.8095
104,2019,3926.8095
104,2020,3181.1025
104,2021,2435.3955
104,2022,2435.3955
104,2023,2435.3955
106,2008,3572.76
106,2009,3572.76
106,2010,3572.76
106,2011,3572.76
106,2012,3572.76
106,2013,3572.76
106,2014,4387.728
106,2015,5202.696
106,2016,4434.711
106,2017,3666.726
106,2018,4032.4788
106,2019,4398.2316
106,2020,4763.9844
106,2021,5129.7372
106,2022,5495.49
106,2023,5495.49
107,2008,8593.29942857143
107,2009,8549.18828571428
107,2010,8504.41971428571
107,2011,8523.43885714286
107,2012,8772.006
107,2013,9199.89085714286
107,2014,9177.81428571429
107,2015,9765.75471428571
107,2016,10424.3614285714
107,2017,10394.4304285714
107,2018,10287.6102857143
107,2019,11581.3684285714
107,2020,10658.0151428571
107,2021,10956.6891428571
107,2022,12258.3805714286
107,2023,11662.3414285714
108,2008,19946.8095
108,2009,19946.8095
108,2010,19946.8095
108,2011,19946.8095
108,2012,19946.8095
108,2013,19946.8095
108,2014,19946.8095
108,2015,19946.8095
108,2016,19918.4745
108,2017,19944.6435
108,2018,20034.9705
108,2019,20152.02
108,2020,20373.2505
108,2021,20637.543
108,2022,20989.494
108,2023,21186.924
110,2008,47803.224
110,2009,47803.224
110,2010,47803.224
110,2011,47803.224
110,2012,47803.224
110,2013,47803.224
110,2014,47803.224
110,2015,47803.224
110,2016,47803.224
110,2017,47803.224
110,2018,47803.224
110,2019,47803.224
110,2020,47803.224
110,2021,47803.224
110,2022,47803.224
110,2023,47803.224
111,2008,19946.8095
111,2009,19946.8095
111,2010,19946.8095
111,2011,19946.8095
111,2012,19946.8095
111,2013,19946.8095
111,2014,19946.8095
111,2015,19946.8095
111,2016,19918.4745
111,2017,19944.6435
111,2018,20034.9705
111,2019,20152.02
111,2020,20373.2505
111,2021,20637.543
111,2022,20989.494
111,2023,21186.924
112,2008,19946.8095
112,2009,19946.8095
112,2010,19946.8095
112,2011,19946.8095
112,2012,19946.8095
112,2013,19946.8095
112,2014,19946.8095
112,2015,19946.8095
112,2016,19918.4745
112,2017,19944.6435
112,2018,20034.9705
112,2019,20152.02
112,2020,20373.2505
112,2021,20637.543
112,2022,20989.494
112,2023,21186.924
113,2008,19946.8095
113,2009,19946.8095
113,2010,19946.8095
113,2011,19946.8095
113,2012,19946.8095
113,2013,19946.8095
113,2014,19946.8095
113,2015,19946.8095
113,2016,19918.4745
113,2017,19944.6435
113,2018,20034.9705
113,2019,20152.02
113,2020,20373.2505
113,2021,20637.543
113,2022,20989.494
113,2023,21186.924
114,2008,19946.8095
114,2009,19946.8095
114,2010,19946.8095
114,2011,19946.8095
114,2012,19946.8095
114,2013,19946.8095
114,2014,19946.8095
114,2015,19946.8095
114,2016,19918.4745
114,2017,19944.6435
114,2018,20034.9705
114,2019,20152.02
114,2020,20373.2505
114,2021,20637.543
114,2022,20989.494
114,2023,21186.924
115,2008,5060.856
115,2009,5060.856
115,2010,5060.856
115,2011,5060.856
115,2012,5060.856
115,2013,5060.856
115,2014,5060.856
115,2015,5060.856
115,2016,4947.516
115,2017,5052.192
115,2018,5413.5
115,2019,5881.698
115,2020,6766.62
115,2021,7823.79
115,2022,9231.594
115,2023,10021.314
116,2008,19946.8095
116,2009,19946.8095
116,2010,19946.8095
116,2011,19946.8095
116,2012,19946.8095
116,2013,19946.8095
116,2014,19946.8095
116,2015,19946.8095
116,2016,19918.4745
116,2017,19944.6435
116,2018,20034.9705
116,2019,20152.02
116,2020,20373.2505
116,2021,20637.543
116,2022,20989.494
116,2023,21186.924
117,2008,19946.8095
117,2009,19946.8095
117,2010,19946.8095
117,2011,19946.8095
117,2012,19946.8095
117,2013,19946.8095
117,2014,19946.8095
117,2015,19946.8095
117,2016,19918.4745
117,2017,19944.6435
117,2018,20034.9705
117,2019,20152.02
117,2020,20373.2505
117,2021,20637.543
117,2022,20989.494
117,2023,21186.924
118,2008,19946.8095
118,2009,19946.8095
118,2010,19946.8095
118,2011,19946.8095
118,2012,19946.8095
118,2013,19946.8095
118,2014,19946.8095
118,2015,19946.8095
118,2016,19918.4745
118,2017,19944.6435
118,2018,20034.9705
118,2019,20152.02
118,2020,20373.2505
118,2021,20637.543
118,2022,20989.494
118,2023,21186.924
119,2008,19946.8095
119,2009,19946.8095
119,2010,19946.8095
119,2011,19946.8095
119,2012,19946.8095
119,2013,19946.8095
119,2014,19946.8095
119,2015,19946.8095
119,2016,19918.4745
119,2017,19944.6435
119,2018,20034.9705
119,2019,20152.02
119,2020,20373.2505
119,2021,20637.543
119,2022,20989.494
119,2023,21186.924
120,2008,19946.8095
120,2009,19946.8095
120,2010,19946.8095
120,2011,19946.8095
120,2012,19946.8095
120,2013,19946.8095
120,2014,19946.8095
120,2015,19946.8095
120,2016,19918.4745
120,2017,19944.6435
120,2018,20034.9705
120,2019,20152.02
120,2020,20373.2505
120,2021,20637.543
120,2022,20989.494
120,2023,21186.924
121,2008,19946.8095
121,2009,19946.8095
121,2010,19946.8095
121,2011,19946.8095
121,2012,19946.8095
121,2013,19946.8095
121,2014,19946.8095
121,2015,19946.8095
121,2016,19918.4745
121,2017,19944.6435
121,2018,20034.9705
121,2019,20152.02
121,2020,20373.2505
121,2021,20637.543
121,2022,20989.494
121,2023,21186.924
122,2008,19946.8095
122,2009,19946.8095
122,2010,19946.8095
122,2011,19946.8095
122,2012,19946.8095
122,2013,19946.8095
122,2014,19946.8095
122,2015,19946.8095
122,2016,19918.4745
122,2017,19944.6435
122,2018,20034.9705
122,2019,20152.02
122,2020,20373.2505
122,2021,20637.543
122,2022,20989.494
122,2023,21186.924
123,2008,19946.8095
123,2009,19946.8095
123,2010,19946.8095
123,2011,19946.8095
123,2012,19946.8095
123,2013,19946.8095
123,2014,19946.8095
123,2015,19946.8095
123,2016,19918.4745
123,2017,19944.6435
123,2018,20034.9705
123,2019,20152.02
123,2020,20373.2505
123,2021,20637.543
123,2022,20989.494
123,2023,21186.924
124,2008,10786.416
124,2009,10786.416
124,2010,10786.416
124,2011,10786.416
124,2012,10786.416
124,2013,10786.416
124,2014,10786.416
124,2015,10786.416
124,2016,10786.416
124,2017,10786.416
124,2018,10786.416
124,2019,10786.416
124,2020,10786.416
124,2021,10786.416
124,2022,10786.416
124,2023,10786.416
125,2008,19946.8095
125,2009,19946.8095
125,2010,19946.8095
125,2011,19946.8095
125,2012,19946.8095
125,2013,19946.8095
125,2014,19946.8095
125,2015,19946.8095
125,2016,19918.4745
125,2017,19944.6435
125,2018,20034.9705
125,2019,20152.02
125,2020,20373.2505
125,2021,20637.543
125,2022,20989.494
125,2023,21186.924
126,2008,19946.8095
126,2009,19946.8095
126,2010,19946.8095
126,2011,19946.8095
126,2012,19946.8095
126,2013,19946.8095
126,2014,19946.8095
126,2015,19946.8095
126,2016,19918.4745
126,2017,19944.6435
126,2018,20034.9705
126,2019,20152.02
126,2020,20373.2505
126,2021,20637.543
126,2022,20989.494
126,2023,21186.924
127,2008,19946.8095
127,2009,19946.8095
127,2010,19946.8095
127,2011,19946.8095
127,2012,19946.8095
127,2013,19946.8095
127,2014,19946.8095
127,2015,19946.8095
127,2016,19918.4745
127,2017,19944.6435
127,2018,20034.9705
127,2019,20152.02
127,2020,20373.2505
127,2021,20637.543
127,2022,20989.494
127,2023,21186.924
129,2008,10072.05
129,2009,10072.05
129,2010,10072.05
129,2011,10072.05
129,2012,11322.444
129,2013,12132.852
129,2014,12993.582
129,2015,14082.21
129,2016,15289.332
129,2017,16088.484
129,2018,13886.52
129,2019,15603.186
129,2020,13756.608
129,2021,14412.672
129,2022,19506.546
129,2023,15662.106
130,2008,10675.434
130,2009,10675.434
130,2010,10675.434
130,2011,10675.434
130,2012,11313.738
130,2013,11596.29
130,2014,11581.938
130,2015,12262.398
130,2016,13594.686
130,2017,15064.896
130,2018,16087.698
130,2019,21444.624
130,2020,17600.832
130,2021,14843.166
130,2022,18204.6
130,2023,16879.878
131,2008,8593.29942857143
131,2009,8549.18828571428
131,2010,8504.41971428571
131,2011,8523.43885714286
131,2012,8772.006
131,2013,9199.89085714286
131,2014,9177.81428571429
131,2015,9765.75471428571
131,2016,10424.3614285714
131,2017,10394.4304285714
131,2018,10287.6102857143
131,2019,11581.3684285714
131,2020,10658.0151428571
131,2021,10956.6891428571
131,2022,12258.3805714286
131,2023,11662.3414285714
132,2008,7694.502
132,2009,7694.502
132,2010,7694.502
132,2011,7694.502
132,2012,7694.502
132,2013,7694.502
132,2014,7694.502
132,2015,7694.502
132,2016,7694.502
132,2017,7694.502
132,2018,7694.502
132,2019,7694.502
132,2020,7694.502
132,2021,7694.502
132,2022,8825.472
132,2023,10032.744
133,2008,6073.392
133,2009,6073.392
133,2010,6073.392
133,2011,6073.392
133,2012,6073.392
133,2013,6073.392
133,2014,6073.392
133,2015,6073.392
133,2016,8807.346
133,2017,7726.488
133,2018,7892.496
133,2019,6634.146
133,2020,6151.59
133,2021,10888.068
133,2022,10487.676
133,2023,8226.018
134,2008,7448.43
134,2009,7448.43
134,2010,7448.43
134,2011,6474.21
134,2012,7065.876
134,2013,6899.538
134,2014,7602.432
134,2015,7600.968
134,2016,7249.32
134,2017,7062.378
134,2018,7762.632
134,2019,9437.928
134,2020,8881.362
134,2021,8324.796
134,2022,9365.832
134,2023,10921.29
135,2008,6651.648
135,2009,6342.87
135,2010,6029.49
135,2011,5969.1
135,2012,6089.154
135,2013,6259.266
135,2014,6093.006
135,2015,6448.8
135,2016,6879.576
135,2017,6710.022
135,2018,6677.022
135,2019,6744.792
135,2020,6813.198
135,2021,7208.04
135,2022,8205.192
135,2023,9047.238
136,2008,7067.19
136,2009,7067.19
136,2010,7067.19
136,2011,8234.934
136,2012,7374.486
136,2013,9272.946
136,2014,7735.398
136,2015,10323.468
136,2016,10177.128
136,2017,9731.508
136,2018,9925.572
136,2019,10843.524
136,2020,10461.09
136,2021,10078.656
136,2022,9097.392
136,2023,9958.434
137,2008,9009.03
137,2009,9009.03
137,2010,9009.03
137,2011,9009.03
137,2012,9009.03
137,2013,9009.03
137,2014,9065.214
137,2015,9199.602
137,2016,8930.256
137,2017,8914.71
137,2018,9555.522
137,2019,10360.392
137,2020,10951.338
137,2021,10575.576
137,2022,11252.214
137,2023,11682.996
138,2008,5812.098
138,2009,5857.086
138,2010,5553.078
138,2011,6324.6
138,2012,6454.17
138,2013,6793.566
138,2014,7022.496
138,2015,6534.954
138,2016,6962.364
138,2017,6845.55
138,2018,6844.146
138,2019,7163.64
138,2020,6436.662
138,2021,7052.73
138,2022,7278.738
138,2023,7107.042
139,2008,8425.67925
139,2009,8431.30275
139,2010,8393.30175
139,2011,8489.742
139,2012,8648.427
139,2013,8806.1055
139,2014,8826.4575
139,2015,8795.744
139,2016,8880.5515
139,2017,9026.981625
139,2018,9019.71525
139,2019,9979.56225
139,2020,9517.45575
139,2021,9616.93725
139,2022,9991.22175
139,2023,10729.20225
140,2008,19946.8095
140,2009,19946.8095
140,2010,19946.8095
140,2011,19946.8095
140,2012,19946.8095
140,2013,19946.8095
140,2014,19946.8095
140,2015,19946.8095
140,2016,19918.4745
140,2017,19944.6435
140,2018,20034.9705
140,2019,20152.02
140,2020,20373.2505
140,2021,20637.543
140,2022,20989.494
140,2023,21186.924
141,2008,8319.1248
141,2009,8319.1248
141,2010,8075.0244
141,2011,7785.951
141,2012,8621.0448
141,2013,8571.2844
141,2014,9203.9094
141,2015,11092.9716
141,2016,12382.6572
141,2017,12011.5122
141,2018,12234.3144
141,2019,14323.7694
141,2020,14869.8996
141,2021,14265.849
141,2022,16079.157
141,2023,17986.8444
143,2008,7665.282
143,2009,7665.282
143,2010,5399.484
143,2011,5142.654
143,2012,6343.992
143,2013,6039.54
143,2014,8203.386
143,2015,10367.232
143,2016,12531.078
143,2017,12277.824
143,2018,16341.306
143,2019,16308.234
143,2020,22454.22
143,2021,22454.22
143,2022,22454.22
143,2023,22454.22
144,2008,8319.1248
144,2009,8319.1248
144,2010,8075.0244
144,2011,7785.951
144,2012,8621.0448
144,2013,8571.2844
144,2014,9203.9094
144,2015,11092.9716
144,2016,12382.6572
144,2017,12011.5122
144,2018,12234.3144
144,2019,14323.7694
144,2020,14869.8996
144,2021,14265.849
144,2022,16079.157
144,2023,17986.8444
145,2008,8319.1248
145,2009,8319.1248
145,2010,8075.0244
145,2011,7785.951
145,2012,8621.0448
145,2013,8571.2844
145,2014,9203.9094
145,2015,11092.9716
145,2016,12382.6572
145,2017,12011.5122
145,2018,12234.3144
145,2019,14323.7694
145,2020,14869.8996
145,2021,14265.849
145,2022,16079.157
145,2023,17986.8444
146,2008,10172.961
146,2009,10172.961
146,2010,10172.961
146,2011,10172.961
146,2012,10172.961
146,2013,9475.4316
146,2014,8777.9022
146,2015,8080.3728
146,2016,7382.8434
146,2017,6685.314
146,2018,6984.0054
146,2019,7312.5818
146,2020,7641.1582
146,2021,7969.7346
146,2022,10486.851
146,2023,12705.276
147,2008,10172.961
147,2009,10172.961
147,2010,10172.961
147,2011,10172.961
147,2012,10172.961
147,2013,9475.4316
147,2014,8777.9022
147,2015,8080.3728
147,2016,7382.8434
147,2017,6685.314
147,2018,6984.0054
147,2019,7312.5818
147,2020,7641.1582
147,2021,7969.7346
147,2022,10486.851
147,2023,12705.276
148,2008,4281.702
148,2009,4281.702
148,2010,4281.702
148,2011,4281.702
148,2012,4281.702
148,2013,4281.702
148,2014,4281.702
148,2015,4281.702
148,2016,4281.702
148,2017,4281.702
148,2018,4281.702
148,2019,4281.702
148,2020,3914.625
148,2021,3547.548
148,2022,3180.471
148,2023,2813.394
149,2008,4914.6315
149,2009,4914.6315
149,2010,4914.6315
149,2011,4914.6315
149,2012,4914.6315
149,2013,4914.6315
149,2014,4914.6315
149,2015,4914.6315
149,2016,4914.6315
149,2017,4914.6315
149,2018,4914.6315
149,2019,4914.6315
149,2020,4639.32375
149,2021,4364.016
149,2022,4088.70825
149,2023,3813.4005
150,2008,4914.6315
150,2009,4914.6315
150,2010,4914.6315
150,2011,4914.6315
150,2012,4914.6315
150,2013,4914.6315
150,2014,4914.6315
150,2015,4914.6315
150,2016,4914.6315
150,2017,4914.6315
150,2018,4914.6315
150,2019,4914.6315
150,2020,4639.32375
150,2021,4364.016
150,2022,4088.70825
150,2023,3813.4005
151,2008,10172.961
151,2009,10172.961
151,2010,10172.961
151,2011,10172.961
151,2012,10172.961
151,2013,9475.4316
151,2014,8777.9022
151,2015,8080.3728
151,2016,7382.8434
151,2017,6685.314
151,2018,6984.0054
151,2019,7312.5818
151,2020,7641.1582
151,2021,7969.7346
151,2022,10486.851
151,2023,12705.276
152,2008,12742.74
152,2009,12742.74
152,2010,12742.74
152,2011,12742.74
152,2012,12742.74
152,2013,11347.6812
152,2014,9952.6224
152,2015,8557.5636
152,2016,7162.5048
152,2017,5767.446
152,2018,6364.8288
152,2019,6962.2116
152,2020,7559.5944
152,2021,8156.9772
152,2022,8754.36
152,2023,8754.36
153,2008,10172.961
153,2009,10172.961
153,2010,10172.961
153,2011,10172.961
153,2012,10172.961
153,2013,9475.4316
153,2014,8777.9022
153,2015,8080.3728
153,2016,7382.8434
153,2017,6685.314
153,2018,6984.0054
153,2019,7312.5818
153,2020,7641.1582
153,2021,7969.7346
153,2022,10486.851
153,2023,12705.276
154,2008,10172.961
154,2009,10172.961
154,2010,10172.961
154,2011,10172.961
154,2012,10172.961
154,2013,9475.4316
154,2014,8777.9022
154,2015,8080.3728
154,2016,7382.8434
154,2017,6685.314
154,2018,6984.0054
154,2019,7312.5818
154,2020,7641.1582
154,2021,7969.7346
154,2022,10486.851
154,2023,12705.276
155,2008,7603.182
155,2009,7603.182
155,2010,7603.182
155,2011,7603.182
155,2012,7603.182
155,2013,7603.182
155,2014,7603.182
155,2015,7603.182
155,2016,7603.182
155,2017,7603.182
155,2018,7603.182
155,2019,7662.952
155,2020,7722.722
155,2021,7782.492
155,2022,12219.342
155,2023,16656.192
156,2008,10172.961
156,2009,10172.961
156,2010,10172.961
156,2011,10172.961
156,2012,10172.961
156,2013,9475.4316
156,2014,8777.9022
156,2015,8080.3728
156,2016,7382.8434
156,2017,6685.314
156,2018,6984.0054
156,2019,7312.5818
156,2020,7641.1582
156,2021,7969.7346
156,2022,10486.851
156,2023,12705.276
157,2008,4281.702
157,2009,4281.702
157,2010,4281.702
157,2011,4281.702
157,2012,4281.702
157,2013,4281.702
157,2014,4281.702
157,2015,4281.702
157,2016,4281.702
157,2017,4281.702
157,2018,4281.702
157,2019,4281.702
157,2020,3914.625
157,2021,3547.548
157,2022,3180.471
157,2023,2813.394
158,2008,4914.6315
158,2009,4914.6315
158,2010,4914.6315
158,2011,4914.6315
158,2012,4914.6315
158,2013,4914.6315
158,2014,4914.6315
158,2015,4914.6315
158,2016,4914.6315
158,2017,4914.6315
158,2018,4914.6315
158,2019,4914.6315
158,2020,4639.32375
158,2021,4364.016
158,2022,4088.70825
158,2023,3813.4005
159,2008,4914.6315
159,2009,4914.6315
159,2010,4914.6315
159,2011,4914.6315
159,2012,4914.6315
159,2013,4914.6315
159,2014,4914.6315
159,2015,4914.6315
159,2016,4914.6315
159,2017,4914.6315
159,2018,4914.6315
159,2019,4914.6315
159,2020,4639.32375
159,2021,4364.016
159,2022,4088.70825
159,2023,3813.4005
161,2008,10172.961
161,2009,10172.961
161,2010,10172.961
161,2011,10172.961
161,2012,10172.961
161,2013,9475.4316
161,2014,8777.9022
161,2015,8080.3728
161,2016,7382.8434
161,2017,6685.314
161,2018,6984.0054
161,2019,7312.5818
161,2020,7641.1582
161,2021,7969.7346
161,2022,10486.851
161,2023,12705.276
162,2008,19117.956
162,2009,19117.956
162,2010,19669.686
162,2011,20205.69
162,2012,20741.694
162,2013,21277.698
162,2014,21813.702
162,2015,22181.784
162,2016,23572.194
162,2017,24485.01
162,2018,24719.496
162,2019,26541.414
162,2020,27771.864
162,2021,28972.572
162,2022,32742.768
162,2023,32742.768
163,2008,25216.992
163,2009,24589.536
163,2010,24623.232
163,2011,25618.338
163,2012,26085.15
163,2013,26353.626
163,2014,26546.418
163,2015,27715.47
163,2016,28393.434
163,2017,29162.55
163,2018,31145.604
163,2019,31885.806
163,2020,34294.188
163,2021,34408.722
163,2022,36780.462
163,2023,40224.894
164,2008,12164.952
164,2009,12164.952
164,2010,12164.952
164,2011,12164.952
164,2012,12164.952
164,2013,12164.952
164,2014,12164.952
164,2015,11569.047
164,2016,10973.142
164,2017,10377.237
164,2018,9781.332
164,2019,10361.379
164,2020,10941.426
164,2021,10941.426
164,2022,10941.426
164,2023,10941.426
166,2008,19946.8095
166,2009,19946.8095
166,2010,19946.8095
166,2011,19946.8095
166,2012,19946.8095
166,2013,19946.8095
166,2014,19946.8095
166,2015,19946.8095
166,2016,19918.4745
166,2017,19944.6435
166,2018,20034.9705
166,2019,20152.02
166,2020,20373.2505
166,2021,20637.543
166,2022,20989.494
166,2023,21186.924
167,2008,7608.936
167,2009,7608.936
167,2010,7608.936
167,2011,7608.936
167,2012,7608.936
167,2013,7608.936
167,2014,7608.936
167,2015,7608.936
167,2016,7608.936
167,2017,7608.936
167,2018,7608.936
167,2019,7217.022
167,2020,7217.022
167,2021,7217.022
167,2022,7217.022
167,2023,7217.022
168,2008,8425.67925
168,2009,8431.30275
168,2010,8393.30175
168,2011,8489.742
168,2012,8648.427
168,2013,8806.1055
168,2014,8826.4575
168,2015,8795.744
168,2016,8880.5515
168,2017,9026.981625
168,2018,9019.71525
168,2019,9979.56225
168,2020,9517.45575
168,2021,9616.93725
168,2022,9991.22175
168,2023,10729.20225
169,2008,8425.67925
169,2009,8431.30275
169,2010,8393.30175
169,2011,8489.742
169,2012,8648.427
169,2013,8806.1055
169,2014,8826.4575
169,2015,8795.744
169,2016,8880.5515
169,2017,9026.981625
169,2018,9019.71525
169,2019,9979.56225
169,2020,9517.45575
169,2021,9616.93725
169,2022,9991.22175
169,2023,10729.20225
171,2008,7413.9
171,2009,7413.9
171,2010,7413.9
171,2011,7413.9
171,2012,7413.9
171,2013,7428
171,2014,7879.074
171,2015,7600.758
171,2016,7502.082
171,2017,7711.68
171,2018,7705.146
171,2019,8251.794
171,2020,8225.688
171,2021,8790.336
171,2022,8695.692
171,2023,9792.588
172,2008,9860.352
172,2009,9860.352
172,2010,9860.352
172,2011,9860.352
172,2012,10518.252
172,2013,10861.14
172,2014,10055.358
172,2015,10647.76
172,2016,11240.162
172,2017,11832.564
172,2018,11059.362
172,2019,10460.424
172,2020,11378.448
172,2021,10800.036
172,2022,10887.39
172,2023,11386.404
173,2008,10175.808
173,2009,10175.808
173,2010,10175.808
173,2011,10175.808
173,2012,10657.818
173,2013,11222.862
173,2014,11455.272
173,2015,11144.64
173,2016,11067.318
173,2017,11655.27
173,2018,11823.618
173,2019,12148.194
173,2020,11672.832
173,2021,12300.36
173,2022,12927.888
173,2023,13950.858
174,2008,12285.384
174,2009,12285.384
174,2010,13925.82
174,2011,14750.208
174,2012,14509.722
174,2013,14779.212
174,2014,15576.726
174,2015,16558.752
174,2016,17398.488
174,2017,17606.178
174,2018,16827.348
174,2019,17338.998
174,2020,18443.028
174,2021,19917.594
174,2022,20844.312
174,2023,24162.048
175,2008,9398.286
175,2009,9398.286
175,2010,8816.316
175,2011,8079.618
175,2012,8608.758
175,2013,7334.382
175,2014,8793.372
175,2015,12050.37
175,2016,12735.348
175,2017,11065.77
175,2018,10238.772
175,2019,13310.634
175,2020,13906.752
175,2021,12885.63
175,2022,16542.678
175,2023,19523.622
176,2008,8009.67
176,2009,8009.67
176,2010,7873.614
176,2011,8024.178
176,2012,8737.32
176,2013,9793.536
176,2014,11220.078
176,2015,10517.118
176,2016,10653.282
176,2017,11344.206
176,2018,11191.842
176,2019,12816.672
176,2020,19196.016
176,2021,20271.15
176,2022,19562.856
176,2023,19562.856
177,2008,16332.042
177,2009,16332.042
177,2010,15746.484
177,2011,15045.138
177,2012,14355.318
177,2013,14552.682
177,2014,15780.126
177,2015,15644.94
177,2016,15666.54
177,2017,15147.228
177,2018,16890.534
177,2019,17739.282
177,2020,18215.502
177,2021,19235.376
177,2022,22151.064
177,2023,19399.908
178,2008,3418.692
178,2009,3418.692
178,2010,3285.252
178,2011,3595.038
178,2012,4282.314
178,2013,4368.636
178,2014,4641
178,2015,6108.018
178,2016,6747.588
178,2017,6719.574
178,2018,6655.098
178,2019,8778.054
178,2020,9571.134
178,2021,8719.29
178,2022,12774.48
178,2023,11900.028
179,2008,16760.394
179,2009,17615.814
179,2010,18577.332
179,2011,19178.784
179,2012,19512.048
179,2013,19924.968
179,2014,20010.33
179,2015,19560.15
179,2016,20280.858
179,2017,20294.838
179,2018,21258.174
179,2019,22962.012
179,2020,23678.916
179,2021,19859.244
179,2022,20407.278
179,2023,21814.686
180,2008,8090.544
180,2009,8090.544
180,2010,8638.332
180,2011,8196.036
180,2012,8891.73
180,2013,8862.66
180,2014,8557.002
180,2015,11406.324
180,2016,13427.1
180,2017,14775.336
180,2018,13936.308
180,2019,25381.398
180,2020,17765.208
180,2021,16342.206
180,2022,22890.636
180,2023,21707.766
181,2008,10297.002
181,2009,10297.002
181,2010,10122.408
181,2011,9359.712
181,2012,10518.132
181,2013,10759.38
181,2014,11134.854
181,2015,10067.148
181,2016,11292.738
181,2017,11572.17
181,2018,10481.334
181,2019,9654.84
181,2020,11212.284
181,2021,13266.834
181,2022,11370.96
181,2023,14461.068
182,2008,19717.602
182,2009,19717.602
182,2010,19871.592
182,2011,20644.476
182,2012,20292.354
182,2013,20974.848
182,2014,21017.022
182,2015,21842.94
182,2016,21660.102
182,2017,22475.442
182,2018,23550.294
182,2019,13277.064
182,2020,15664.2
182,2021,10780.656
182,2022,13560.546
182,2023,17536.428
183,2008,11335.254
183,2009,11603.244
183,2010,11411.706
183,2011,11725.05
183,2012,12168.912
183,2013,12681.426
183,2014,12194.628
183,2015,12234.072
183,2016,12993.798
183,2017,13123.68
183,2018,13910.19
183,2019,14583.954
183,2020,15348.936
183,2021,16818.774
183,2022,17221.464
183,2023,17716.14
184,2008,14941.308
184,2009,14941.308
184,2010,14941.308
184,2011,14941.308
184,2012,14813.118
184,2013,14850.954
184,2014,14698.464
184,2015,14950.458
184,2016,15948.846
184,2017,16085.436
184,2018,16459.95
184,2019,17723.976
184,2020,17812.26
184,2021,16463.898
184,2022,14218.794
184,2023,17215.284
185,2008,14680.995
185,2009,14894.85
185,2010,14950.062
185,2011,15520.2585
185,2012,15465.6855
185,2013,16313.8575
185,2014,17502.495
185,2015,16969.977
185,2016,17381.832
185,2017,17296.3185
185,2018,18128.4
185,2019,19372.5015
185,2020,21942.813
185,2021,21981.4335
185,2022,21373.0455
185,2023,22287.096
186,2008,12007.35
186,2009,12007.35
186,2010,14028.594
186,2011,15092.346
186,2012,14977.332
186,2013,11292.849
186,2014,7608.366
186,2015,16290.84
186,2016,16836.807
186,2017,17382.774
186,2018,17934.93
186,2019,19004.082
186,2020,20246.814
186,2021,21489.546
186,2022,22732.278
186,2023,22732.278
187,2008,141186.522
187,2009,144939.858
187,2010,40870.842
187,2011,40780.17
187,2012,52492.698
187,2013,49817.682
187,2014,49463.718
187,2015,73283.07
187,2016,76730.622
187,2017,77456.346
187,2018,68247.804
187,2019,84024.72
187,2020,90871.092
187,2021,83694.228
187,2022,109563.756
187,2023,10646.16
188,2008,11249.052
188,2009,11249.052
188,2010,10969.782
188,2011,11649.852
188,2012,12189.234
188,2013,12891.42
188,2014,12098.286
188,2015,11751.036
188,2016,11733.192
188,2017,12670.752
188,2018,12844.704
188,2019,13238.802
188,2020,15207.57
188,2021,15610.86
188,2022,17411.16
188,2023,19672.188
189,2008,6551.658
189,2009,6551.658
189,2010,6551.658
189,2011,6551.658
189,2012,6551.658
189,2013,6551.658
189,2014,6551.658
189,2015,6551.658
189,2016,9762.936
189,2017,8755.116
189,2018,8913.678
189,2019,9868.794
189,2020,9853.002
189,2021,8863.854
189,2022,8556.204
189,2023,11400.282
190,2008,37959.75
190,2009,37959.75
190,2010,37959.75
190,2011,37959.75
190,2012,40418.382
190,2013,42525.93
190,2014,54209.514
190,2015,52995.6
190,2016,52588.32
190,2017,55005.342
190,2018,60236.616
190,2019,60550.542
190,2020,60043.362
190,2021,62969.265
190,2022,65895.168
190,2023,65895.168
191,2008,6866.7336
191,2009,6866.7336
191,2010,6866.7336
191,2011,6866.7336
191,2012,6866.7336
191,2013,7001.0172
191,2014,7326.0652
191,2015,7257.5456
191,2016,7406.568
191,2017,8133.5052
191,2018,7860.04656
191,2019,8539.67592
191,2020,8078.15448
191,2021,7870.17864
191,2022,7709.6964
191,2023,7983.6864
192,2008,17278.2393333333
192,2009,17278.2393333333
192,2010,17532.6413333333
192,2011,17486.608
192,2012,17873.4073333333
192,2013,16649.34
192,2014,17958.36
192,2015,17920.2153333333
192,2016,18141.33
192,2017,17998.4083333333
192,2018,18561.9046666667
192,2019,18832.6477777778
192,2020,18787.6855555556
192,2021,18977.1163333333
192,2022,20194.922
192,2023,21058.8486666667
193,2008,3307.374
193,2009,3307.374
193,2010,3307.374
193,2011,3307.374
193,2012,3307.374
193,2013,3307.374
193,2014,3307.374
193,2015,3307.374
193,2016,3307.374
193,2017,3307.374
193,2018,3307.374
193,2019,3307.374
193,2020,3307.374
193,2021,3307.374
193,2022,3307.374
193,2023,3307.374
194,2008,4585.626
194,2009,4585.626
194,2010,4585.626
194,2011,4585.626
194,2012,4585.626
194,2013,4585.626
194,2014,4585.626
194,2015,4585.626
194,2016,4585.626
194,2017,4585.626
194,2018,4585.626
194,2019,4585.626
194,2020,4585.626
194,2021,4585.626
194,2022,4585.626
194,2023,4585.626
195,2008,3156.36
195,2009,3156.36
195,2010,3156.36
195,2011,3156.36
195,2012,3156.36
195,2013,3156.36
195,2014,3156.36
195,2015,3156.36
195,2016,3156.36
195,2017,3156.36
195,2018,4530.483
195,2019,5904.606
195,2020,5710.28
195,2021,5515.954
195,2022,5321.628
195,2023,5321.628
196,2008,3167.988
196,2009,3167.988
196,2010,3167.988
196,2011,3167.988
196,2012,3167.988
196,2013,3167.988
196,2014,3167.988
196,2015,3167.988
196,2016,3167.988
196,2017,3167.988
196,2018,3167.988
196,2019,3167.988
196,2020,3167.988
196,2021,3167.988
196,2022,3167.988
196,2023,3167.988
197,2008,3498.492
197,2009,3498.492
197,2010,3498.492
197,2011,3498.492
197,2012,3498.492
197,2013,3498.492
197,2014,3498.492
197,2015,3498.492
197,2016,3498.492
197,2017,3498.492
197,2018,3498.492
197,2019,3498.492
197,2020,3498.492
197,2021,3498.492
197,2022,3498.492
197,2023,3498.492
198,2008,3926.8095
198,2009,3926.8095
198,2010,3926.8095
198,2011,3926.8095
198,2012,3926.8095
198,2013,3926.8095
198,2014,3926.8095
198,2015,3926.8095
198,2016,3926.8095
198,2017,3926.8095
198,2018,3926.8095
198,2019,3926.8095
198,2020,3181.1025
198,2021,2435.3955
198,2022,2435.3955
198,2023,2435.3955
199,2008,1695.852
199,2009,1695.852
199,2010,1695.852
199,2011,1695.852
199,2012,1695.852
199,2013,1695.852
199,2014,1695.852
199,2015,1695.852
199,2016,1695.852
199,2017,1695.852
199,2018,1695.852
199,2019,1695.852
199,2020,1695.852
199,2021,1695.852
199,2022,1695.852
199,2023,1695.852
200,2008,8015.04
200,2009,8015.04
200,2010,8015.04
200,2011,8015.04
200,2012,8015.04
200,2013,8015.04
200,2014,8015.04
200,2015,8015.04
200,2016,8015.04
200,2017,8015.04
200,2018,8015.04
200,2019,8015.04
200,2020,5032.212
200,2021,2049.384
200,2022,2049.384
200,2023,2049.384
202,2008,13171.74
202,2009,13171.74
202,2010,13171.74
202,2011,5513.706
202,2012,9856.074
202,2013,6579.111
202,2014,3302.148
202,2015,3742.227
202,2016,4182.306
202,2017,4622.385
202,2018,5062.464
202,2019,5502.543
202,2020,5942.622
202,2021,5942.622
202,2022,5942.622
202,2023,5942.622
203,2008,6609.57
203,2009,6609.57
203,2010,6609.57
203,2011,6609.57
203,2012,6609.57
203,2013,6759.636
203,2014,6909.702
203,2015,7059.768
203,2016,7209.834
203,2017,7359.9
203,2018,7509.966
203,2019,8994.36
203,2020,7375.89
203,2021,8292.408
203,2022,8201.178
203,2023,9309.366
204,2008,5876.886
204,2009,5876.886
204,2010,5876.886
204,2011,5876.886
204,2012,5876.886
204,2013,5876.886
204,2014,5741.93
204,2015,5606.974
204,2016,5472.018
204,2017,5366.502
204,2018,5459.0988
204,2019,5551.6956
204,2020,5644.2924
204,2021,5736.8892
204,2022,5829.486
204,2023,6091.248
205,2008,5180.394
205,2009,5180.394
205,2010,5180.394
205,2011,5180.394
205,2012,5180.394
205,2013,5180.394
205,2014,5180.394
205,2015,5180.394
205,2016,4984.695
205,2017,4788.996
205,2018,6113.214
205,2019,6487.638
205,2020,6963.75
205,2021,6963.75
205,2022,6963.75
205,2023,6963.75
206,2008,9599.364
206,2009,9599.364
206,2010,9599.364
206,2011,9599.364
206,2012,10264.932
206,2013,10985.439
206,2014,11705.946
206,2015,12585.528
206,2016,13627.08
206,2017,15403.5
206,2018,16911.36
206,2019,18139.926
206,2020,17023.932
206,2021,17023.932
206,2022,17023.932
206,2023,17023.932
207,2008,3937.938
207,2009,3937.938
207,2010,4304.712
207,2011,4668.402
207,2012,5656.98
207,2013,5782.446
207,2014,6205.68
207,2015,7175.058
207,2016,7910.208
207,2017,7886.178
207,2018,8229.72
207,2019,9443.784
207,2020,9181.146
207,2021,9084.36
207,2022,10621.428
207,2023,11351.13
208,2008,8295.426
208,2009,8295.426
208,2010,8440.518
208,2011,23438.934
208,2012,24946.842
208,2013,25820.676
208,2014,26474.646
208,2015,29373.876
208,2016,30562.554
208,2017,30966.894
208,2018,33860.448
208,2019,35650.02
208,2020,34048.272
208,2021,35470.368
208,2022,35470.368
208,2023,35470.368
209,2008,4629.786
209,2009,4629.786
209,2010,5194.758
209,2011,5888.814
209,2012,6887.004
209,2013,7638.714
209,2014,7973.928
209,2015,8555.088
209,2016,9229.068
209,2017,9850.416
209,2018,10475.598
209,2019,11336.58
209,2020,11574.594
209,2021,12832.344
209,2022,13766.316
209,2023,13766.316
210,2008,11371.398
210,2009,23395.98
210,2010,24122.592
210,2011,25198.26
210,2012,25876.836
210,2013,27368.316
210,2014,27455.16
210,2015,27598.41
210,2016,26228.37
210,2017,26191.68
210,2018,26929.968
210,2019,26505.684
210,2020,27517.746
210,2021,28825.59
210,2022,28825.59
210,2023,28825.59
212,2008,4281.702
212,2009,4281.702
212,2010,4281.702
212,2011,4281.702
212,2012,4281.702
212,2013,4281.702
212,2014,4281.702
212,2015,4281.702
212,2016,4281.702
212,2017,4281.702
212,2018,4281.702
212,2019,4281.702
212,2020,3914.625
212,2021,3547.548
212,2022,3180.471
212,2023,2813.394
214,2008,1384.38
214,2009,1384.38
214,2010,5723.142
214,2011,6195.216
214,2012,7773.606
214,2013,7960.422
214,2014,8108.061
214,2015,8255.7
214,2016,8573.688
214,2017,6963.93
214,2018,6747.54
214,2019,7187.796
214,2020,7422.636
214,2021,8125.038
214,2022,8234.112
214,2023,7692.168
215,2008,12254.556
215,2009,12254.556
215,2010,12254.556
215,2011,12254.556
215,2012,12254.556
215,2013,12254.556
215,2014,12254.556
215,2015,12254.556
215,2016,12254.556
215,2017,11547.822
215,2018,10054.542
215,2019,10086.678
215,2020,10314.978
215,2021,10334.712
215,2022,11506.068
215,2023,11950.728
216,2008,4036.14
216,2009,4036.14
216,2010,4036.14
216,2011,4036.14
216,2012,4036.14
216,2013,3995.934
216,2014,4239.252
216,2015,4071.408
216,2016,4240.40475
216,2017,4409.4015
216,2018,4578.39825
216,2019,4747.395
216,2020,4916.39175
216,2021,5085.3885
216,2022,5254.38525
216,2023,5423.382
218,2008,25216.992
218,2009,24589.536
218,2010,24623.232
218,2011,25618.338
218,2012,26085.15
218,2013,26353.626
218,2014,26546.418
218,2015,27715.47
218,2016,28393.434
218,2017,29162.55
218,2018,31145.604
218,2019,31885.806
218,2020,34294.188
218,2021,34408.722
218,2022,36780.462
218,2023,40224.894
219,2008,25216.992
219,2009,24589.536
219,2010,24623.232
219,2011,25618.338
219,2012,26085.15
219,2013,26353.626
219,2014,26546.418
219,2015,27715.47
219,2016,28393.434
219,2017,29162.55
219,2018,31145.604
219,2019,31885.806
219,2020,34294.188
219,2021,34408.722
219,2022,36780.462
219,2023,40224.894
220,2008,19946.8095
220,2009,19946.8095
220,2010,19946.8095
220,2011,19946.8095
220,2012,19946.8095
220,2013,19946.8095
220,2014,19946.8095
220,2015,19946.8095
220,2016,19918.4745
220,2017,19944.6435
220,2018,20034.9705
220,2019,20152.02
220,2020,20373.2505
220,2021,20637.543
220,2022,20989.494
220,2023,21186.924
221,2008,19946.8095
221,2009,19946.8095
221,2010,19946.8095
221,2011,19946.8095
221,2012,19946.8095
221,2013,19946.8095
221,2014,19946.8095
221,2015,19946.8095
221,2016,19918.4745
221,2017,19944.6435
221,2018,20034.9705
221,2019,20152.02
221,2020,20373.2505
221,2021,20637.543
221,2022,20989.494
221,2023,21186.924
222,2008,6289.002
222,2009,6289.002
222,2010,5495.622
222,2011,6338.106
222,2012,7951.512
222,2013,7862.7
222,2014,7494.528
222,2015,11591.718
222,2016,12936.174
222,2017,12807.246
222,2018,13654.554
222,2019,14207.808
222,2020,13236.036
222,2021,11858.814
222,2022,18631.752
222,2023,19734.72
223,2008,8441.688
223,2009,8441.688
223,2010,8959.542
223,2011,7375.122
223,2012,9455.418
223,2013,9541.062
223,2014,11160.546
223,2015,16485.75
223,2016,15949.23
223,2017,14270.796
223,2018,13957.098
223,2019,17265.996
223,2020,19681.482
223,2021,14811.336
223,2022,18070.692
223,2023,22474.668
224,2008,9830.808
224,2009,9830.808
224,2010,9830.808
224,2011,9830.808
224,2012,9830.808
224,2013,9830.808
224,2014,9830.808
224,2015,9934.8
224,2016,10038.792
224,2017,9952.641
224,2018,9866.49
224,2019,16540.53
224,2020,12563.154
224,2021,12504.936
224,2022,12845.358
224,2023,14663.964
227,2008,8319.1248
227,2009,8319.1248
227,2010,8075.0244
227,2011,7785.951
227,2012,8621.0448
227,2013,8571.2844
227,2014,9203.9094
227,2015,11092.9716
227,2016,12382.6572
227,2017,12011.5122
227,2018,12234.3144
227,2019,14323.7694
227,2020,14869.8996
227,2021,14265.849
227,2022,16079.157
227,2023,17986.8444
228,2008,8319.1248
228,2009,8319.1248
228,2010,8075.0244
228,2011,7785.951
228,2012,8621.0448
228,2013,8571.2844
228,2014,9203.9094
228,2015,11092.9716
228,2016,12382.6572
228,2017,12011.5122
228,2018,12234.3144
228,2019,14323.7694
228,2020,14869.8996
228,2021,14265.849
228,2022,16079.157
228,2023,17986.8444
231,2008,4770.528
231,2009,4770.528
231,2010,4770.528
231,2011,6841.672
231,2012,8912.816
231,2013,10983.96
231,2014,9534.036
231,2015,8084.112
231,2016,6634.188
231,2017,6072.168
231,2018,5510.148
231,2019,4948.128
231,2020,4386.108
231,2021,3824.088
231,2022,3824.088
231,2023,3824.088
232,2008,8026.518
232,2009,8026.518
232,2010,8026.518
232,2011,8026.518
232,2012,8026.518
232,2013,8942.382
232,2014,9187.494
232,2015,8811.714
232,2016,9336.642
232,2017,10756.527
232,2018,12176.412
232,2019,13596.297
232,2020,15016.182
232,2021,16646.262
232,2022,18652.638
232,2023,20112.462
237,2008,4770.528
237,2009,4770.528
237,2010,4770.528
237,2011,6841.672
237,2012,8912.816
237,2013,10983.96
237,2014,9534.036
237,2015,8084.112
237,2016,6634.188
237,2017,6072.168
237,2018,5510.148
237,2019,4948.128
237,2020,4386.108
237,2021,3824.088
237,2022,3824.088
237,2023,3824.088
244,2008,16136.742
244,2009,16136.742
244,2010,16136.742
244,2011,16136.742
244,2012,16136.742
244,2013,16136.742
244,2014,16136.742
244,2015,16136.742
244,2016,16136.742
244,2017,16136.742
244,2018,16136.742
244,2019,16136.742
244,2020,16136.742
244,2021,16136.742
244,2022,16136.742
244,2023,16136.742
245,2008,19946.8095
245,2009,19946.8095
245,2010,19946.8095
245,2011,19946.8095
245,2012,19946.8095
245,2013,19946.8095
245,2014,19946.8095
245,2015,19946.8095
245,2016,19918.4745
245,2017,19944.6435
245,2018,20034.9705
245,2019,20152.02
245,2020,20373.2505
245,2021,20637.543
245,2022,20989.494
245,2023,21186.924
247,2008,17421.33
247,2009,17421.33
247,2010,17421.33
247,2011,17421.33
247,2012,17421.33
247,2013,17421.33
247,2014,17421.33
247,2015,17421.33
247,2016,17421.33
247,2017,17421.33
247,2018,17421.33
247,2019,17421.33
247,2020,17421.33
247,2021,17421.33
247,2022,17421.33
247,2023,17421.33
248,2008,19946.8095
248,2009,19946.8095
248,2010,19946.8095
248,2011,19946.8095
248,2012,19946.8095
248,2013,19946.8095
248,2014,19946.8095
248,2015,19946.8095
248,2016,19918.4745
248,2017,19944.6435
248,2018,20034.9705
248,2019,20152.02
248,2020,20373.2505
248,2021,20637.543
248,2022,20989.494
248,2023,21186.924
249,2008,19946.8095
249,2009,19946.8095
249,2010,19946.8095
249,2011,19946.8095
249,2012,19946.8095
249,2013,19946.8095
249,2014,19946.8095
249,2015,19946.8095
249,2016,19918.4745
249,2017,19944.6435
249,2018,20034.9705
249,2019,20152.02
249,2020,20373.2505
249,2021,20637.543
249,2022,20989.494
249,2023,21186.924
250,2008,19946.8095
250,2009,19946.8095
250,2010,19946.8095
250,2011,19946.8095
250,2012,19946.8095
250,2013,19946.8095
250,2014,19946.8095
250,2015,19946.8095
250,2016,19918.4745
250,2017,19944.6435
250,2018,20034.9705
250,2019,20152.02
250,2020,20373.2505
250,2021,20637.543
250,2022,20989.494
250,2023,21186.924
