"rgn_id","year","score"
1,2001,0.727793410031903
1,2002,0.722877835650092
1,2003,0.718488271164031
1,2004,0.712289685499395
1,2005,0.706604857765633
1,2006,0.702759164737296
1,2007,0.698708528098711
1,2008,0.69329571337705
1,2009,0.689524906783178
1,2010,0.68463823296772
1,2011,0.681824019513633
1,2012,0.677565609142906
1,2013,0.674036486315298
1,2014,0.672667383131017
1,2015,0.670341889873778
1,2016,0.665788391268567
1,2017,0.659282566441104
1,2018,0.654977819970806
2,2001,0.727793410031903
2,2002,0.722877835650092
2,2003,0.718488271164031
2,2004,0.712289685499395
2,2005,0.706604857765633
2,2006,0.702759164737296
2,2007,0.698708528098712
2,2008,0.69329571337705
2,2009,0.689524906783178
2,2010,0.68463823296772
2,2011,0.681824019513633
2,2012,0.677565609142906
2,2013,0.674036486315298
2,2014,0.672667383131017
2,2015,0.670341889873778
2,2016,0.665788391268567
2,2017,0.659282566441104
2,2018,0.654977819970806
3,2001,0.909741762539878
3,2002,0.903597294562615
3,2003,0.898110338955039
3,2004,0.890362106874244
3,2005,0.883256072207041
3,2006,0.878448955921621
3,2007,0.873385660123389
3,2008,0.866619641721312
3,2009,0.861906133478972
3,2010,0.85579779120965
3,2011,0.852280024392041
3,2012,0.82073494656299
3,2013,0.842545607894122
3,2014,0.840834228913771
3,2015,0.837927362342222
3,2016,0.832235489085709
3,2017,0.82410320805138
3,2018,0.818722274963507
5,2001,0.840698607781168
5,2002,0.841090566574911
5,2003,0.865017337363825
5,2004,0.852175645674271
5,2005,0.860172823032296
5,2006,0.895767537397117
5,2007,0.883014204201924
5,2008,0.817436189340414
5,2009,0.796141284518267
5,2010,0.736313002683556
5,2011,0.714185637962316
5,2012,0.68402524492012
5,2013,0.601654312053628
5,2014,0.534759640431489
5,2015,0.466654339544483
5,2016,0.404011460608594
5,2017,0.368683807468925
5,2018,0.341403292874516
6,2001,0.727793410031903
6,2002,0.722877835650092
6,2003,0.718488271164031
6,2004,0.712289685499395
6,2005,0.706604857765633
6,2006,0.702759164737296
6,2007,0.698708528098712
6,2008,0.69329571337705
6,2009,0.689524906783178
6,2010,0.68463823296772
6,2011,0.681824019513633
6,2012,0.677565609142906
6,2013,0.674036486315298
6,2014,0.672667383131017
6,2015,0.670341889873778
6,2016,0.665788391268567
6,2017,0.659282566441104
6,2018,0.654977819970806
7,2001,0.909741762539878
7,2002,0.903597294562615
7,2003,0.898110338955039
7,2004,0.890362106874244
7,2005,0.883256072207041
7,2006,0.878448955921621
7,2007,0.873385660123389
7,2008,0.866619641721312
7,2009,0.861906133478972
7,2010,0.85579779120965
7,2011,0.852280024392041
7,2012,0.846957011428632
7,2013,0.842545607894122
7,2014,0.840834228913771
7,2015,0.837927362342222
7,2016,0.832235489085709
7,2017,0.82410320805138
7,2018,0.818722274963507
8,2001,0.800226910470894
8,2002,0.800222579170955
8,2003,0.800222441590164
8,2004,0.800235988104802
8,2005,0.800237835185706
8,2006,0.8
8,2007,0.8
8,2008,0.734042264371208
8,2009,0.707574638795205
8,2010,0.68701489407274
8,2011,0.657934704719929
8,2012,0.619123006897531
8,2013,0.565382248759466
8,2014,0.494247339294222
8,2015,0.422013568441256
8,2016,0.368066461684564
8,2017,0.327027977651902
8,2018,0.312505523968839
9,2001,0.89959540769237
9,2002,0.900315014164195
9,2003,0.901063167975956
9,2004,0.901842040215091
9,2005,0.902652632287624
9,2006,0.898021743889135
9,2007,0.896972119510852
9,2008,0.858753165164929
9,2009,0.842585830398263
9,2010,0.829599954228937
9,2011,0.811654964299016
9,2012,0.788032267564803
9,2013,0.757776234275364
9,2014,0.717661945035708
9,2015,0.676878680979149
9,2016,0.646232059877802
9,2017,0.622857013450675
9,2018,0.61463915716555
11,2001,0.727793410031903
11,2002,0.722877835650092
11,2003,0.718488271164031
11,2004,0.712289685499395
11,2005,0.706604857765633
11,2006,0.702759164737296
11,2007,0.698708528098711
11,2008,0.69329571337705
11,2009,0.689524906783178
11,2010,0.68463823296772
11,2011,0.681824019513633
11,2012,0.677565609142906
11,2013,0.674036486315298
11,2014,0.672667383131017
11,2015,0.670341889873778
11,2016,0.665788391268567
11,2017,0.659282566441104
11,2018,0.654977819970806
12,2001,0.727793410031903
12,2002,0.722877835650092
12,2003,0.718488271164031
12,2004,0.712289685499395
12,2005,0.706604857765633
12,2006,0.702759164737296
12,2007,0.698708528098712
12,2008,0.69329571337705
12,2009,0.689524906783178
12,2010,0.68463823296772
12,2011,0.681824019513633
12,2012,0.677565609142906
12,2013,0.674036486315298
12,2014,0.672667383131017
12,2015,0.670341889873778
12,2016,0.665788391268567
12,2017,0.659282566441104
12,2018,0.654977819970806
13,2001,0.816509620383968
13,2002,0.817152791504233
13,2003,0.812665000361574
13,2004,0.800228598140173
13,2005,0.796084755694023
13,2006,0.789169732008525
13,2007,0.790934999972106
13,2008,0.814851354756179
13,2009,0.79338851812004
13,2010,0.781158116807489
13,2011,0.780332669183133
13,2012,0.78931883412342
13,2013,0.779161607271622
13,2014,0.889298131998731
13,2015,0.883523465703753
13,2016,0.868482287625866
13,2017,0.890550049293235
13,2018,0.864512538389993
14,2001,0.831621638154331
14,2002,0.834719059717144
14,2003,0.838672571138269
14,2004,0.798914499729713
14,2005,0.818369151985565
14,2006,0.798502396722253
14,2007,0.806194409925515
14,2008,0.811598268732694
14,2009,0.802015581580114
14,2010,0.817550358867148
14,2011,0.819804255209673
14,2012,0.828809751961582
14,2013,0.831562626875938
14,2014,0.851984133438008
14,2015,0.848175344096883
14,2016,0.852335392028234
14,2017,0.848069962883329
14,2018,0.836594219848082
15,2001,0.878312564269884
15,2002,0.879559820445668
15,2003,0.884075710908102
15,2004,0.877054406139888
15,2005,0.868627397963086
15,2006,0.864202988705712
15,2007,0.85650266331301
15,2008,0.841136408475987
15,2009,0.833389390778292
15,2010,0.826911953406066
15,2011,0.837335727468657
15,2012,0.825065380238244
15,2013,0.816831031942493
15,2014,0.799206377403063
15,2015,0.779765710273402
15,2016,0.77165455464957
15,2017,0.754126837819344
15,2018,0.725639669926344
16,2001,0.848180768793028
16,2002,0.897682697165253
16,2003,0.918848283992933
16,2004,0.934487352064509
16,2005,0.947541757631779
16,2006,0.932226842603261
16,2007,0.94592955784181
16,2008,0.943972692679498
16,2009,0.93679260800652
16,2010,0.934718146145252
16,2011,0.93248269877759
16,2012,0.932162678372615
16,2013,0.928051904567564
16,2014,0.923768909812362
16,2015,0.920135172474653
16,2016,0.920454868966272
16,2017,0.918660473144892
16,2018,0.917246546135992
17,2001,0.727793410031903
17,2002,0.722877835650092
17,2003,0.718488271164031
17,2004,0.712289685499395
17,2005,0.706604857765633
17,2006,0.702759164737296
17,2007,0.698708528098712
17,2008,0.69329571337705
17,2009,0.689524906783178
17,2010,0.68463823296772
17,2011,0.681824019513633
17,2012,0.677565609142906
17,2013,0.674036486315298
17,2014,0.672667383131017
17,2015,0.670341889873778
17,2016,0.665788391268567
17,2017,0.659282566441104
17,2018,0.654977819970806
18,2001,0.874464480427677
18,2002,0.828528793798388
18,2003,0.804664561220788
18,2004,0.809767612113082
18,2005,0.811538623109467
18,2006,0.813753449114852
18,2007,0.808797277131612
18,2008,0.741076992756257
18,2009,0.714783217388296
18,2010,0.692305077148381
18,2011,0.667785743484264
18,2012,0.628785796544859
18,2013,0.574647961507876
18,2014,0.502429882328774
18,2015,0.428618991289308
18,2016,0.374211547489917
18,2017,0.33244598007669
18,2018,0.317660187607937
19,2001,0.727793410031902
19,2002,0.722877835650092
19,2003,0.718488271164031
19,2004,0.712289685499395
19,2005,0.706604857765633
19,2006,0.702759164737297
19,2007,0.698708528098712
19,2008,0.69329571337705
19,2009,0.689524906783178
19,2010,0.68463823296772
19,2011,0.681824019513633
19,2012,0.677565609142906
19,2013,0.674036486315298
19,2014,0.672667383131017
19,2015,0.670341889873778
19,2016,0.665788391268567
19,2017,0.659282566441104
19,2018,0.654977819970806
20,2001,0.426422570759719
20,2002,0.466248718171273
20,2003,0.517887607341554
20,2004,0.528440905225205
20,2005,0.557747699501261
20,2006,0.572254923438141
20,2007,0.702921936060929
20,2008,0.658833483132146
20,2009,0.591434519723914
20,2010,0.582981743863032
20,2011,0.552460746954364
20,2012,0.55019561119664
20,2013,0.533499778665891
20,2014,0.53221910583648
20,2015,0.615316862901676
20,2016,0.632235899599429
20,2017,0.588271240127674
20,2018,0.52965266028643
21,2001,0.877895435910506
21,2002,0.882361435088191
21,2003,0.889676622568944
21,2004,0.861099720729815
21,2005,0.863377915234082
21,2006,0.872126730172426
21,2007,0.872838280173043
21,2008,0.877264705073428
21,2009,0.849199298745039
21,2010,0.850468528589226
21,2011,0.818547466833499
21,2012,0.800111382005545
21,2013,0.794259719494674
21,2014,0.810640215185778
21,2015,0.873066401889953
21,2016,0.841508271002178
21,2017,0.813818305143801
21,2018,0.833382870033998
24,2001,0.861590223891047
24,2002,0.865364305910451
24,2003,0.847658468091106
24,2004,0.814963836087515
24,2005,0.778806770829267
24,2006,0.747280096229536
24,2007,0.709322379678698
24,2008,0.680940191272262
24,2009,0.654629001106055
24,2010,0.638104430104774
24,2011,0.640682420451182
24,2012,0.61878389363721
24,2013,0.595156288391602
24,2014,0.556885394235853
24,2015,0.524081373759373
24,2016,0.504902413121453
24,2017,0.492358760182469
24,2018,0.507262820959672
25,2001,0.852486838421569
25,2002,0.85445639340974
25,2003,0.847100111561095
25,2004,0.829695763923943
25,2005,0.816524112218947
25,2006,0.801815793035596
25,2007,0.782242379188909
25,2008,0.774377631549215
25,2009,0.762450315449351
25,2010,0.751519706407787
25,2011,0.740411085617382
25,2012,0.73277113134272
25,2013,0.712290414340445
25,2014,0.691087918073776
25,2015,0.692778123905244
25,2016,0.690134388897321
25,2017,0.677989877763636
25,2018,0.681899146419965
26,2001,0.915980345476246
26,2002,0.915296766062637
26,2003,0.914593360789324
26,2004,0.91373438921112
26,2005,0.913053980395369
26,2006,0.912234879464236
26,2007,0.909413192001754
26,2008,0.903418332449811
26,2009,0.902245375123537
26,2010,0.902872394990095
26,2011,0.904527531570184
26,2012,0.904381128079243
26,2013,0.904518746535317
26,2014,0.904667205484986
26,2015,0.905456504050277
26,2016,0.905500286402466
26,2017,0.90601944419205
26,2018,0.90601944419205
28,2001,0.776968628450747
28,2002,0.771720933505679
28,2003,0.76575723809053
28,2004,0.761047615432616
28,2005,0.751900048212908
28,2006,0.747807830007976
28,2007,0.743348238856072
28,2008,0.737589601550412
28,2009,0.733577892705383
28,2010,0.728379004653178
28,2011,0.725384996158207
28,2012,0.722867960967948
28,2013,0.733215286662625
28,2014,0.755793758826627
28,2015,0.753190102569446
28,2016,0.729263979102022
28,2017,0.731989065201155
28,2018,0.72344527470327
29,2001,0.728097366928743
29,2002,0.72320001260504
29,2003,0.718886197533756
29,2004,0.712570448915723
29,2005,0.706866980216971
29,2006,0.703121218261917
29,2007,0.699063702940421
29,2008,0.693665938333056
29,2009,0.689922925151064
29,2010,0.684990783972864
29,2011,0.682179721028024
29,2012,0.67792378352863
29,2013,0.67439928514263
29,2014,0.673040463848683
29,2015,0.670771474173018
29,2016,0.666215472112079
29,2017,0.659708715153206
29,2018,0.655534683490403
31,2001,0.991015417810047
31,2002,0.993605320047249
31,2003,0.991728414266649
31,2004,0.994069721181506
31,2005,0.996467827213057
31,2006,0.994620525981036
31,2007,0.996904309459971
31,2008,0.995704984580747
31,2009,0.993880877584465
31,2010,0.994497156804739
31,2011,0.995173726526968
31,2012,0.995899729090573
31,2013,0.998044042092398
31,2014,0.996854222937349
31,2015,0.996795259354522
31,2016,0.996098964853805
31,2017,0.995623918350356
31,2018,0.996886623171009
32,2001,0.727793410031903
32,2002,0.722877835650092
32,2003,0.718488271164031
32,2004,0.712289685499395
32,2005,0.706604857765633
32,2006,0.702759164737296
32,2007,0.698708528098712
32,2008,0.69329571337705
32,2009,0.689524906783178
32,2010,0.68463823296772
32,2011,0.681824019513633
32,2012,NA
32,2013,0.674036486315298
32,2014,NA
32,2015,NA
32,2016,0.782043745432338
32,2017,0.82410320805138
32,2018,0.654977819970806
33,2001,NA
33,2002,0.722877835650092
33,2003,NA
33,2004,NA
33,2005,NA
33,2006,NA
33,2007,NA
33,2008,NA
33,2009,NA
33,2010,NA
33,2011,NA
33,2012,NA
33,2013,0.75829104710471
33,2014,0.756750806022394
33,2015,NA
33,2016,NA
33,2017,NA
33,2018,0.736850047467156
34,2001,NA
34,2002,0.722877835650092
34,2003,NA
34,2004,NA
34,2005,NA
34,2006,NA
34,2007,NA
34,2008,NA
34,2009,NA
34,2010,NA
34,2011,NA
34,2012,NA
34,2013,0.75829104710471
34,2014,0.756750806022394
34,2015,NA
34,2016,NA
34,2017,NA
34,2018,0.736850047467156
35,2001,NA
35,2002,0.722877835650092
35,2003,NA
35,2004,NA
35,2005,NA
35,2006,NA
35,2007,NA
35,2008,NA
35,2009,NA
35,2010,NA
35,2011,NA
35,2012,NA
35,2013,0.75829104710471
35,2014,0.756750806022394
35,2015,NA
35,2016,NA
35,2017,NA
35,2018,0.736850047467156
37,2001,0.72952839008687
37,2002,0.723652900712146
37,2003,0.725317130855423
37,2004,0.717514740899864
37,2005,0.707068901927049
37,2006,0.704128075738502
37,2007,0.698708528098712
37,2008,0.69329571337705
37,2009,0.689524906783178
37,2010,0.68463823296772
37,2011,0.681824019513633
37,2012,0.677565609142906
37,2013,0.679224079009347
37,2014,0.678199327798247
37,2015,0.670341889873778
37,2016,0.665788391268567
37,2017,0.659282566441104
37,2018,0.65498045033246
38,2001,NA
38,2002,0.722877835650092
38,2003,NA
38,2004,NA
38,2005,NA
38,2006,NA
38,2007,NA
38,2008,NA
38,2009,NA
38,2010,NA
38,2011,NA
38,2012,NA
38,2013,NA
38,2014,NA
38,2015,NA
38,2016,NA
38,2017,NA
38,2018,NA
39,2001,0.909741762539878
39,2002,0.903597294562615
39,2003,0.898110338955039
39,2004,0.890362106874244
39,2005,0.883256072207041
39,2006,0.878448955921621
39,2007,0.873385660123389
39,2008,0.866619641721312
39,2009,0.861906133478972
39,2010,0.85579779120965
39,2011,0.852280024392041
39,2012,0.846957011428632
39,2013,0.842545607894122
39,2014,0.840834228913771
39,2015,0.837927362342222
39,2016,0.832235489085709
39,2017,0.82410320805138
39,2018,0.818722274963507
40,2001,0.889332538060959
40,2002,0.889685712302204
40,2003,0.869659474464365
40,2004,0.870824382490762
40,2005,0.888768122774719
40,2006,0.886846194344081
40,2007,0.888254618601445
40,2008,0.885013397966556
40,2009,0.883942732960891
40,2010,0.878744685210928
40,2011,0.892946297052051
40,2012,0.87851792202618
40,2013,0.836388104152468
40,2014,0.750137470539601
40,2015,0.714033753358382
40,2016,0.670693097253963
40,2017,0.645118988209171
40,2018,0.641084256413145
41,2001,0.727793410031903
41,2002,0.722877835650092
41,2003,0.718488271164031
41,2004,0.712289685499395
41,2005,0.706756076686275
41,2006,0.70324985854711
41,2007,0.699228805474666
41,2008,0.693634732756861
41,2009,0.690624673725408
41,2010,0.68463823296772
41,2011,0.681824019513633
41,2012,0.677565609142906
41,2013,0.675565806930153
41,2014,0.673999507326405
41,2015,0.670341889873778
41,2016,0.665788391268567
41,2017,0.659282566441104
41,2018,0.654978228009186
42,2001,0.727793410031903
42,2002,0.722877835650092
42,2003,0.718488271164031
42,2004,0.712289685499395
42,2005,0.706604857765633
42,2006,0.702759164737296
42,2007,0.698708528098712
42,2008,0.694308780970642
42,2009,0.689524906783178
42,2010,0.68463823296772
42,2011,0.681824019513633
42,2012,0.677565609142906
42,2013,0.679133388122699
42,2014,0.678237149808449
42,2015,0.670341889873778
42,2016,0.665788391268567
42,2017,0.659282566441104
42,2018,0.654980779903115
43,2001,0.727793410031903
43,2002,0.722877835650092
43,2003,0.718488271164031
43,2004,0.712289685499395
43,2005,0.706604857765633
43,2006,0.702759164737296
43,2007,0.698708528098712
43,2008,0.69329571337705
43,2009,0.689524906783178
43,2010,0.68463823296772
43,2011,0.800598998934765
43,2012,0.800893099597933
43,2013,0.800898564000812
43,2014,0.803397284080111
43,2015,0.809135850864827
43,2016,0.814152719200367
43,2017,0.808192756436999
43,2018,0.806421424780471
44,2001,0.863172645951031
44,2002,0.860538411292812
44,2003,0.866455497474892
44,2004,0.859101151401008
44,2005,0.871881300841675
44,2006,0.871359818277432
44,2007,0.871735396742834
44,2008,0.877172675191408
44,2009,0.876703882010498
44,2010,0.878995661684728
44,2011,0.871132786946863
44,2012,0.87710183120992
44,2013,0.872568905720684
44,2014,0.878235902225625
44,2015,0.900033893271821
44,2016,0.901098617129789
44,2017,0.904868632456659
44,2018,0.921145276246961
45,2001,0.810880339372019
45,2002,0.806073548399209
45,2003,0.808581717607769
45,2004,0.806709810168425
45,2005,0.805616517067288
45,2006,0.812464539457288
45,2007,0.809215665398119
45,2008,0.8
45,2009,0.809220499316406
45,2010,0.809275843910865
45,2011,0.805049529040748
45,2012,0.80425901662963
45,2013,0.804259612292866
45,2014,0.804259505051498
45,2015,0.804259879978335
45,2016,0.804259879978335
45,2017,0.804916281713181
45,2018,0.804887289413138
47,2001,0.853253575089605
47,2002,0.864847720680258
47,2003,0.890207043722561
47,2004,0.900959568611342
47,2005,0.918555890515424
47,2006,0.944880121359824
47,2007,0.939696909078005
47,2008,0.943615642461212
47,2009,0.950365082769965
47,2010,0.947946719659924
47,2011,0.970836446539249
47,2012,0.974299292529256
47,2013,0.97356512317166
47,2014,0.97248987526457
47,2015,0.97217673854067
47,2016,0.972119290835945
47,2017,0.972122417835394
47,2018,0.972335990419461
48,2001,0.996222028312011
48,2002,0.986624115851039
48,2003,0.994661971036485
48,2004,0.98298820983154
48,2005,0.989752424972626
48,2006,0.989133558654981
48,2007,0.987606624067348
48,2008,0.99159070591621
48,2009,0.995770675413833
48,2010,0.971249335463198
48,2011,0.982144672966068
48,2012,0.985260730375547
48,2013,0.984762213720486
48,2014,0.97747046487835
48,2015,0.982150930665899
48,2016,0.983119943017414
48,2017,0.987077733544665
48,2018,0.990721142500872
49,2001,0.727793410031903
49,2002,0.774154875889771
49,2003,0.777571583046432
49,2004,0.76295278823479
49,2005,0.75584942500692
49,2006,NA
49,2007,0.698708528098712
49,2008,0.69329571337705
49,2009,0.71951058862446
49,2010,NA
49,2011,NA
49,2012,NA
49,2013,NA
49,2014,NA
49,2015,NA
49,2016,NA
49,2017,NA
49,2018,NA
50,2001,0.893376267842842
50,2002,0.879341275020137
50,2003,0.869851619831445
50,2004,0.880419575256237
50,2005,0.861202151224042
50,2006,0.866347334822322
50,2007,0.869753757235622
50,2008,0.865614455565603
50,2009,0.863701836715774
50,2010,0.865212750341991
50,2011,0.864686167214322
50,2012,0.866021502730973
50,2013,0.867836263039588
50,2014,0.869350312244217
50,2015,0.870731012356867
50,2016,0.872315061026738
50,2017,0.87731868856658
50,2018,0.876815766608347
51,2001,1
51,2002,1
51,2003,1
51,2004,1
51,2005,NA
51,2006,NA
51,2007,NA
51,2008,NA
51,2009,NA
51,2010,NA
51,2011,NA
51,2012,NA
51,2013,NA
51,2014,NA
51,2015,NA
51,2016,NA
51,2017,NA
51,2018,NA
52,2001,0.953375777633542
52,2002,0.982579041823003
52,2003,0.978796397566866
52,2004,0.983282720998017
52,2005,0.993992808351309
52,2006,0.989610211264207
52,2007,0.992408722341509
52,2008,0.994204041726495
52,2009,0.987053649976816
52,2010,0.997538127068473
52,2011,0.998225596612395
52,2012,0.99632479562388
52,2013,0.996394764710418
52,2014,0.99549859855393
52,2015,0.995605929318372
52,2016,0.995509702526137
52,2017,0.995405446049453
52,2018,0.994632129609518
53,2001,0.970235242649317
53,2002,0.974888743236607
53,2003,0.974412633441955
53,2004,0.982141298639813
53,2005,0.982239374675337
53,2006,0.984673087744272
53,2007,0.984812014178886
53,2008,0.984604318673378
53,2009,0.987290467554663
53,2010,0.979846915814787
53,2011,0.977433085967071
53,2012,0.973985446156724
53,2013,0.972695245734886
53,2014,0.973703600151887
53,2015,0.965905224053237
53,2016,0.962721758794651
53,2017,0.958787530647292
53,2018,0.959073534126435
54,2001,0.923151816103207
54,2002,0.949049007976833
54,2003,0.947653921710976
54,2004,0.919837760145825
54,2005,0.949525256567223
54,2006,0.935273123788869
54,2007,0.89034225792502
54,2008,0.901460763632089
54,2009,0.928765878259557
54,2010,0.83096200956366
54,2011,0.881293318826683
54,2012,0.89197930789793
54,2013,0.880222572539083
54,2014,0.917878605143306
54,2015,0.943553950670135
54,2016,0.943345265506078
54,2017,0.943437026359156
54,2018,0.933562361334072
55,2001,0.997840693420276
55,2002,0.982967941543512
55,2003,0.968450123135851
55,2004,0.982447244613385
55,2005,0.988290317306966
55,2006,0.976237271659921
55,2007,0.941026609508143
55,2008,0.914921371664837
55,2009,0.918049843525066
55,2010,0.876711616009532
55,2011,0.832851756264731
55,2012,0.820030606949597
55,2013,0.81638801226391
55,2014,0.752827438337559
55,2015,0.744285646080071
55,2016,0.851357101265734
55,2017,0.76687089583282
55,2018,0.723666317452367
56,2001,0.998771489236611
56,2002,0.998958806876089
56,2003,0.998927771849117
56,2004,0.998882698725453
56,2005,0.999026366202446
56,2006,0.998951231589611
56,2007,0.998773841413889
56,2008,0.998794662782961
56,2009,0.880283372059978
56,2010,0.762867580313683
56,2011,0.671666071422163
56,2012,0.605335794887015
56,2013,0.560781885205333
56,2014,0.543460899537904
56,2015,0.553604977122615
56,2016,0.605876376637004
56,2017,0.653462679302495
56,2018,0.719627219225179
57,2001,1
57,2002,1
57,2003,1
57,2004,0.996316081054516
57,2005,0.997662220967644
57,2006,0.997671737626362
57,2007,0.99213847065505
57,2008,0.986543151931766
57,2009,0.972588777458168
57,2010,0.950898728384833
57,2011,0.927444687739547
57,2012,0.92350069253636
57,2013,0.940007640956462
57,2014,0.921244827719581
57,2015,0.800186203944478
57,2016,0.790322118907632
57,2017,0.742021223294344
57,2018,0.966316376129117
58,2001,0.982439225641427
58,2002,0.969612991809571
58,2003,0.970595703236173
58,2004,0.926354085239556
58,2005,0.926137834676793
58,2006,0.925398547562632
58,2007,0.898960619336061
58,2008,0.889521970286208
58,2009,0.880940896578523
58,2010,0.858847230238609
58,2011,0.866962144471243
58,2012,0.86967151194624
58,2013,0.95854226676956
58,2014,0.914435664889981
58,2015,0.909151497079325
58,2016,0.971053453611497
58,2017,0.884688024590795
58,2018,0.929121416840794
59,2001,0.74977398965331
59,2002,0.682719837181696
59,2003,0.700530925259718
59,2004,0.651693174570099
59,2005,0.531133514445012
59,2006,0.672180510496088
59,2007,0.625887527479758
59,2008,0.526304305335169
59,2009,0.513964245755964
59,2010,0.571654159017824
59,2011,0.560773825902673
59,2012,0.493360497179645
59,2013,0.497869526984946
59,2014,0.437403804002684
59,2015,0.519171377471316
59,2016,0.48388636814747
59,2017,0.468485464584062
59,2018,0.476807707006028
61,2001,0.840474899113007
61,2002,0.821209053152743
61,2003,0.809870152629743
61,2004,0.805532333818841
61,2005,0.80476765587474
61,2006,0.786470948595827
61,2007,0.775862379500427
61,2008,0.760562999419729
61,2009,0.765757175317294
61,2010,0.792847673150951
61,2011,0.799845858234432
61,2012,0.788490392222401
61,2013,0.765307750408114
61,2014,0.764719622968084
61,2015,0.761309108242048
61,2016,0.766566146235861
61,2017,0.754241634710159
61,2018,0.750683276660359
62,2001,0.991857799334896
62,2002,0.984049578628873
62,2003,0.984480004540671
62,2004,0.983138056652971
62,2005,0.981443325764925
62,2006,0.7015333661564
62,2007,0.839274414474105
62,2008,0.974652274984327
62,2009,0.973309135567254
62,2010,0.718502214619814
62,2011,0.72826593242532
62,2012,0.720246837495689
62,2013,0.719168895110486
62,2014,0.707153349087654
62,2015,0.698766242642606
62,2016,0.687894105304432
62,2017,0.691181058503433
62,2018,0.689229985140322
63,2001,0.993698368058692
63,2002,0.994274815253864
63,2003,0.996204253370961
63,2004,0.990086046193123
63,2005,0.98866961921746
63,2006,0.98433282078889
63,2007,0.983368975064431
63,2008,0.981194866133979
63,2009,0.979660223233329
63,2010,0.97763111870326
63,2011,0.954452487882424
63,2012,0.952428357194539
63,2013,0.948664571602716
63,2014,0.968913868054941
63,2015,0.960931251032157
63,2016,0.956567871268215
63,2017,0.964915124341682
63,2018,0.971118328630391
64,2001,0.993693225268353
64,2002,0.993104386142703
64,2003,0.991474994670037
64,2004,0.968047766806063
64,2005,0.957413710203415
64,2006,0.93910602765775
64,2007,0.916325527666015
64,2008,0.915701805691133
64,2009,0.913746663915791
64,2010,0.905093032793738
64,2011,0.928479279619292
64,2012,0.938267740063127
64,2013,0.977499182785408
64,2014,0.941090996455732
64,2015,0.948470290179771
64,2016,0.948082244409584
64,2017,0.906693494138575
64,2018,0.806434641146996
65,2001,0.949664238808181
65,2002,0.959483109704032
65,2003,0.952435032771372
65,2004,0.933523950134472
65,2005,0.933856155395962
65,2006,0.941984131701653
65,2007,0.952862725279973
65,2008,0.931455662597315
65,2009,0.936128001247371
65,2010,0.930560576150442
65,2011,0.986671132953744
65,2012,0.990717554153663
65,2013,0.988198411504494
65,2014,0.986516209413407
65,2015,0.991796193011473
65,2016,0.956142325506296
65,2017,0.93902909059837
65,2018,0.925136099416472
66,2001,0.982937519466155
66,2002,0.982204423856444
66,2003,0.983950948126552
66,2004,0.977768897314943
66,2005,0.961238195799839
66,2006,0.962634352089897
66,2007,0.96915109077196
66,2008,0.951934398646492
66,2009,0.93100276091366
66,2010,0.929140417370722
66,2011,0.913887404000737
66,2012,0.937146346137652
66,2013,0.915428868235764
66,2014,0.927474189838944
66,2015,0.910679722415872
66,2016,0.915152438006572
66,2017,0.877631706082397
66,2018,0.826135677913754
67,2001,0.765097140705599
67,2002,0.743486657815834
67,2003,0.729379394095318
67,2004,0.723676044037309
67,2005,0.723461174411341
67,2006,0.702491875819359
67,2007,0.684608108977339
67,2008,0.66804778000786
67,2009,0.666451691771629
67,2010,0.676504557982629
67,2011,0.721346667598436
67,2012,0.683018500692852
67,2013,0.714618643041312
67,2014,0.711239225351236
67,2015,0.709761009865204
67,2016,0.708439032109258
67,2017,0.706567678771557
67,2018,0.852470671898642
68,2001,0.927697289488324
68,2002,0.857446177703274
68,2003,0.838874679705266
68,2004,0.838842963798925
68,2005,0.833867469654984
68,2006,0.777659092075129
68,2007,0.753345378600398
68,2008,0.700201108739641
68,2009,0.702165859391832
68,2010,0.75702200619593
68,2011,0.810922070020475
68,2012,0.786833116704092
68,2013,0.755223227154869
68,2014,0.758456926770328
68,2015,0.742485265886831
68,2016,0.757753262695505
68,2017,0.726787985080435
68,2018,0.756436659860406
69,2001,0.999657235534228
69,2002,0.999513991760402
69,2003,0.999873959872171
69,2004,0.99981934300891
69,2005,0.999674257715866
69,2006,0.999777943760754
69,2007,0.999837747716702
69,2008,0.999853977792064
69,2009,0.999834156815981
69,2010,0.999829005753747
69,2011,0.99984625061325
69,2012,0.999825019036181
69,2013,0.999815215935862
69,2014,0.999499944134662
69,2015,0.999329567536943
69,2016,0.998176089904111
69,2017,0.99657595859019
69,2018,0.996449674804268
70,2001,0.99985499785914
70,2002,0.999782740067164
70,2003,0.999639392485039
70,2004,0.999572086211081
70,2005,0.999528956849803
70,2006,0.99948863033783
70,2007,0.999590640045866
70,2008,0.999560236819107
70,2009,0.999706635372274
70,2010,0.999459977752216
70,2011,0.999593516172319
70,2012,0.999511802671452
70,2013,0.999521952431046
70,2014,0.999409147848749
70,2015,0.999298059816523
70,2016,0.998643765612653
70,2017,0.997816941804173
70,2018,0.997686242619765
71,2001,0.983140277079739
71,2002,0.99748384764365
71,2003,0.997493562773998
71,2004,0.997028407052421
71,2005,0.99725137361906
71,2006,0.998255051024655
71,2007,0.993027681697327
71,2008,0.997535171041665
71,2009,0.997316103795942
71,2010,0.996768388585171
71,2011,0.995046599429888
71,2012,0.992909379958628
71,2013,0.995313744222477
71,2014,0.993937047670265
71,2015,0.984811827950357
71,2016,0.985235367042141
71,2017,0.985630481221579
71,2018,0.99606628807523
72,2001,0.969872465140126
72,2002,0.969375631479851
72,2003,0.960464122648767
72,2004,0.95796975921106
72,2005,0.960780374409457
72,2006,0.927318354927785
72,2007,0.898760824140472
72,2008,0.897920200614567
72,2009,0.86168600796086
72,2010,0.847535549280244
72,2011,0.881670366085805
72,2012,0.861043008020111
72,2013,0.883934298397549
72,2014,0.875544683989033
72,2015,0.895155643895938
72,2016,0.879465529778779
72,2017,0.842211342565812
72,2018,0.986706121149865
73,2001,0.918257476499466
73,2002,0.892065778758751
73,2003,0.934373467500825
73,2004,0.956315464689059
73,2005,0.950679428173629
73,2006,0.950939669211711
73,2007,0.944869015472748
73,2008,0.952563834424242
73,2009,0.938897740288573
73,2010,0.945317559338259
73,2011,0.960824814550183
73,2012,0.965831243392361
73,2013,0.96958093711977
73,2014,0.970427182142306
73,2015,0.967890175565748
73,2016,0.968441705650536
73,2017,0.946545821790618
73,2018,0.970123215868275
74,2001,0.994603251388196
74,2002,0.994767406941462
74,2003,0.994622868000573
74,2004,0.995422259033928
74,2005,0.996366151832873
74,2006,0.996187269608929
74,2007,0.996753770506564
74,2008,0.997435974551722
74,2009,0.997531203551535
74,2010,0.997928938022158
74,2011,0.997942900427251
74,2012,0.996884472812439
74,2013,0.998368282214146
74,2014,0.998551258074677
74,2015,0.998363669313911
74,2016,0.998552109983547
74,2017,0.998609955315564
74,2018,0.998759113821994
75,2001,0.983377752103344
75,2002,0.976254793517557
75,2003,0.961431149977009
75,2004,0.94274688233266
75,2005,0.954635182633711
75,2006,0.944619024549109
75,2007,0.949603453031315
75,2008,0.952139271006225
75,2009,0.95942294389519
75,2010,0.96075977777801
75,2011,0.971375852002965
75,2012,0.957023845416285
75,2013,0.950853303850477
75,2014,0.867829681088335
75,2015,0.877447315247094
75,2016,0.880266508487621
75,2017,0.872220687072768
75,2018,0.876044191903442
76,2001,0.997065425900872
76,2002,0.99751525774123
76,2003,0.996305251924516
76,2004,0.99630050623088
76,2005,0.989937292150399
76,2006,0.993644279214376
76,2007,0.995180066421354
76,2008,0.994402709341913
76,2009,0.992843064110662
76,2010,0.993814651041136
76,2011,0.994667874750945
76,2012,0.992957463753522
76,2013,0.990909385421454
76,2014,0.987748929091782
76,2015,0.993632577301462
76,2016,0.986363194148047
76,2017,0.990089873185318
76,2018,0.986499152647961
77,2001,0.838247469482436
77,2002,0.840473561202624
77,2003,0.829597991813688
77,2004,0.825436032668578
77,2005,0.856503971186448
77,2006,0.832966092132151
77,2007,0.837569188081344
77,2008,0.845187905116672
77,2009,0.852534359020456
77,2010,0.847630227437775
77,2011,0.764988992620645
77,2012,0.761574756131201
77,2013,0.757733570559577
77,2014,0.755031070280771
77,2015,0.753460042727722
77,2016,0.751108788727516
77,2017,0.752176964486775
77,2018,0.781952980652803
78,2001,0.727793410031903
78,2002,0.722877835650092
78,2003,0.718488271164031
78,2004,0.712289685499395
78,2005,0.706604857765633
78,2006,0.702759164737297
78,2007,0.8602535564555
78,2008,0.854917454250938
78,2009,0.849899621778261
78,2010,0.84385497543732
78,2011,0.76796043282176
78,2012,0.748185695472111
78,2013,0.688998018467034
78,2014,0.754296079303703
78,2015,0.81121517357169
78,2016,0.811574877717189
78,2017,0.835354351373426
78,2018,0.77280102959441
79,2001,0.640744925849264
79,2002,0.637874510290631
79,2003,0.635070015584601
79,2004,0.64825198242515
79,2005,0.742873397760147
79,2006,0.728526889838179
79,2007,0.751192799770483
79,2008,0.761642456712519
79,2009,0.744430054133764
79,2010,0.778456766625224
79,2011,0.786918937615389
79,2012,0.78126247776269
79,2013,0.768252908009088
79,2014,0.762961277744808
79,2015,0.758694301726717
79,2016,0.743719132667113
79,2017,0.740903391399152
79,2018,0.750360956606949
80,2001,0.935455246085288
80,2002,0.915387059930762
80,2003,0.886728210385271
80,2004,0.887708390402526
80,2005,0.891229634810881
80,2006,0.859451987892875
80,2007,0.831239953889824
80,2008,0.8133021431777
80,2009,0.827067337626765
80,2010,0.870027026393947
80,2011,0.828135739647415
80,2012,0.816849467492844
80,2013,0.817752931700095
80,2014,0.825541695332815
80,2015,0.810943587287376
80,2016,0.803971921821396
80,2017,0.801482211880077
80,2018,0.799497593986639
81,2001,0.882123297867142
81,2002,0.885129535588021
81,2003,0.848036143402985
81,2004,0.813329602434501
81,2005,0.797682401152669
81,2006,0.788182767589429
81,2007,0.780024971187238
81,2008,0.766236879653405
81,2009,0.756844811537357
81,2010,0.753864098648226
81,2011,0.771858340941832
81,2012,0.767659057224392
81,2013,0.775521855568677
81,2014,0.768635279313392
81,2015,0.781222365898185
81,2016,0.774473591025416
81,2017,0.767800073350691
81,2018,0.770742992743167
82,2001,0.950208459127645
82,2002,0.925452187090154
82,2003,0.94610807773602
82,2004,0.974991255975275
82,2005,0.972363479324872
82,2006,0.962778276547213
82,2007,0.941857864487886
82,2008,0.939503841104397
82,2009,0.936082442428886
82,2010,0.954113465074371
82,2011,0.950423218905668
82,2012,0.947034120359612
82,2013,0.944157064478429
82,2014,0.919729082621962
82,2015,0.941714513577958
82,2016,0.923945074778947
82,2017,0.917830613194648
82,2018,0.953842402375024
84,2001,0.902902675330299
84,2002,0.924831687474715
84,2003,0.914922528132866
84,2004,0.920595308034353
84,2005,0.913771078075457
84,2006,0.9129316982745
84,2007,0.895021656564052
84,2008,0.847918896278018
84,2009,0.886770313915094
84,2010,0.886648045151186
84,2011,0.871066873196052
84,2012,0.868146877213283
84,2013,0.884295491588402
84,2014,0.890750354430891
84,2015,0.885171941472194
84,2016,0.884033561039554
84,2017,0.8873319254827
84,2018,0.89042729201612
85,2001,0.727793410031903
85,2002,0.722877835650092
85,2003,0.718488271164031
85,2004,0.712289685499395
85,2005,0.706604857765633
85,2006,0.702759164737297
85,2007,0.698708528098711
85,2008,0.69329571337705
85,2009,0.689524906783178
85,2010,0.68463823296772
85,2011,0.681824019513633
85,2012,0.533870430893315
85,2013,0.38331184
85,2014,0.34795368
85,2015,0.32521488
85,2016,0.32224656
85,2017,0.33069464
85,2018,0.33502072
89,2001,NA
89,2002,NA
89,2003,NA
89,2004,NA
89,2005,0.706604857765633
89,2006,NA
89,2007,NA
89,2008,NA
89,2009,0.689524906783178
89,2010,0.68463823296772
89,2011,0.681824019513633
89,2012,0.677565609142906
89,2013,0.674036486315298
89,2014,0.673772935805995
89,2015,0.670341889873778
89,2016,0.665788391268567
89,2017,0.82184539104302
89,2018,NA
90,2001,NA
90,2002,NA
90,2003,NA
90,2004,NA
90,2005,NA
90,2006,NA
90,2007,NA
90,2008,NA
90,2009,NA
90,2010,NA
90,2011,NA
90,2012,NA
90,2013,NA
90,2014,NA
90,2015,NA
90,2016,NA
90,2017,NA
90,2018,NA
93,2001,NA
93,2002,NA
93,2003,NA
93,2004,NA
93,2005,NA
93,2006,NA
93,2007,NA
93,2008,NA
93,2009,NA
93,2010,NA
93,2011,NA
93,2012,NA
93,2013,NA
93,2014,NA
93,2015,NA
93,2016,NA
93,2017,NA
93,2018,NA
94,2001,0.909741762539878
94,2002,0.903597294562615
94,2003,0.898110338955039
94,2004,0.734915764257984
94,2005,0.883209951988459
94,2006,0.878448955921621
94,2007,0.873385660123389
94,2008,0.866619641721312
94,2009,0.861901121868101
94,2010,0.85579779120965
94,2011,0.852280024392041
94,2012,0.846917543796368
94,2013,0.842444485613487
94,2014,0.840834228913771
94,2015,0.837927362342222
94,2016,0.832235489085709
94,2017,0.824100333155745
94,2018,0.818582857939366
95,2001,0.811569762593815
95,2002,0.675693714470095
95,2003,0.622903539769614
95,2004,0.49761399808814
95,2005,0.593507253578825
95,2006,0.663639239181748
95,2007,0.660634633234584
95,2008,0.845431550274257
95,2009,0.865819273161327
95,2010,0.927296321885756
95,2011,0.936089310841909
95,2012,0.976381801451455
95,2013,0.753831413034078
95,2014,0.59584021085626
95,2015,0.467618100806319
95,2016,0.395855988966911
95,2017,0.405480501344887
95,2018,0.37957169074467
96,2001,0.970473633257834
96,2002,0.971848699139516
96,2003,0.971090997275972
96,2004,0.971563315269145
96,2005,0.969305749236553
96,2006,0.972803372018321
96,2007,0.970130186851871
96,2008,0.976115511620842
96,2009,0.974490070976829
96,2010,0.974253360154979
96,2011,0.972302855587006
96,2012,0.970751574786734
96,2013,0.967259042442341
96,2014,0.962766318508924
96,2015,0.962304685154903
96,2016,0.949841473803209
96,2017,0.944829166134597
96,2018,0.93306023885866
97,2001,0.966782080066456
97,2002,0.968560997828595
97,2003,0.969703088562433
97,2004,0.967260532239765
97,2005,0.972600371381863
97,2006,0.961815597170044
97,2007,0.962240918650174
97,2008,0.962240070934701
97,2009,0.939803114290189
97,2010,0.946259292735167
97,2011,0.943295885863162
97,2012,0.941004360199136
97,2013,0.926195339652364
97,2014,0.933394259277199
97,2015,0.892655068699066
97,2016,0.941846638911656
97,2017,0.902115488246569
97,2018,0.801437688202292
98,2001,0.767437935218949
98,2002,0.809636409226904
98,2003,0.810396222772974
98,2004,0.773020027463435
98,2005,0.643562113877252
98,2006,0.788645501168475
98,2007,0.82467519753736
98,2008,0.831328731894124
98,2009,0.820307533525791
98,2010,0.841518125767356
98,2011,0.845099641788951
98,2012,0.764043269770292
98,2013,0.935439348068954
98,2014,0.72152102639777
98,2015,0.854389666214188
98,2016,0.804726268341678
98,2017,0.813525991953803
98,2018,0.827185085865597
99,2001,0.92139028202604
99,2002,0.922177611553636
99,2003,0.910162077872952
99,2004,0.911610906470683
99,2005,0.961780931502146
99,2006,0.977723543806859
99,2007,0.984177309683686
99,2008,0.983874694393945
99,2009,0.980538312676815
99,2010,0.976731569119711
99,2011,0.981786867831564
99,2012,0.977576070898159
99,2013,0.988711197336721
99,2014,0.985211952216308
99,2015,0.985169444624905
99,2016,0.987246568591305
99,2017,0.9888972888658
99,2018,0.974024902834685
100,2001,0.959292448431324
100,2002,0.969507707443171
100,2003,0.999446751282747
100,2004,0.99725819025847
100,2005,0.998537477590519
100,2006,0.997008380502238
100,2007,0.997244868452979
100,2008,0.99681696063361
100,2009,0.999554892196435
100,2010,0.997909842276047
100,2011,0.997216555556655
100,2012,0.997158114387187
100,2013,0.998324372470399
100,2014,0.997785299819584
100,2015,0.998758584638191
100,2016,0.972069986564715
100,2017,0.907105697327472
100,2018,0.842751491627826
101,2001,0.899809764134301
101,2002,0.801841941949949
101,2003,0.904983440563994
101,2004,0.892928879847864
101,2005,0.918048547241355
101,2006,0.834336455467783
101,2007,0.926427770104879
101,2008,0.947524653095424
101,2009,0.963200133333333
101,2010,0.950613833333333
101,2011,0.913769758955191
101,2012,0.894060096598231
101,2013,0.861220802095349
101,2014,0.840777963154633
101,2015,0.838289465934128
101,2016,0.823338554540891
101,2017,0.84572201304218
101,2018,0.852065266666667
102,2001,0.764177624902747
102,2002,0.747583467522879
102,2003,0.742361916865282
102,2004,0.745649682140474
102,2005,0.758132549909275
102,2006,0.784892518376376
102,2007,0.826160220326419
102,2008,0.845382040795203
102,2009,0.881965346094684
102,2010,0.845708711410741
102,2011,0.78075860627707
102,2012,0.680993281272907
102,2013,0.605935130886037
102,2014,0.51815782678028
102,2015,0.510861523679577
102,2016,0.516969538923791
102,2017,0.53978015513961
102,2018,0.548711938612154
103,2001,0.940641112291318
103,2002,0.94132143419226
103,2003,0.942692739759907
103,2004,0.931360061262993
103,2005,0.922971956706882
103,2006,0.919075268778207
103,2007,0.91615360317648
103,2008,0.912040382474463
103,2009,0.883400976329395
103,2010,0.854777448236822
103,2011,0.82729233975069
103,2012,0.814227820175353
103,2013,0.805645887199202
103,2014,0.78761148798008
103,2015,0.787095771454855
103,2016,0.790780032089224
103,2017,0.807865837336997
103,2018,0.824068564697812
104,2001,0.994743725950957
104,2002,0.998997956020929
104,2003,0.99901212008685
104,2004,0.998953107214992
104,2005,0.998187602527682
104,2006,0.999053943697696
104,2007,0.999165065048364
104,2008,0.999200230585706
104,2009,0.999615697723285
104,2010,0.99944868363481
104,2011,0.998631352412451
104,2012,0.990644801304562
104,2013,0.990554191934812
104,2014,0.997790050661487
104,2015,0.99837794219104
104,2016,0.961350435594182
104,2017,0.960037211343502
104,2018,0.918182408958011
106,2001,0.684684330868315
106,2002,0.682682042245704
106,2003,0.685271825434392
106,2004,0.61248151636625
106,2005,0.63577351744868
106,2006,0.619576128662325
106,2007,0.654435078110586
106,2008,0.7192343492619
106,2009,0.795780958439076
106,2010,0.702347649167894
106,2011,0.72936341972936
106,2012,0.733445101354571
106,2013,0.605391343951536
106,2014,0.659667631718409
106,2015,0.692926480076845
106,2016,0.685279273961355
106,2017,0.670194965448226
106,2018,0.696105598127138
108,2001,0.887692945737028
108,2002,0.827420323950177
108,2003,0.785387071944532
108,2004,0.733556426815869
108,2005,0.707172967014199
108,2006,0.680997986702382
108,2007,0.667590651522337
108,2008,0.649337995970425
108,2009,0.646038894634065
108,2010,0.646902114293623
108,2011,0.67053255
108,2012,0.67507905
108,2013,0.6826115
108,2014,0.69323485
108,2015,0.7037044
108,2016,0.6488087
108,2017,0.59422625
108,2018,0.56275275
110,2001,0.8574566
110,2002,0.9251046
110,2003,1
110,2004,1
110,2005,1
110,2006,1
110,2007,1
110,2008,1
110,2009,1
110,2010,1
110,2011,1
110,2012,1
110,2013,1
110,2014,1
110,2015,1
110,2016,0.8722917
110,2017,0.746419
110,2018,0.6648928
111,2001,0.727793410031903
111,2002,0.722877835650092
111,2003,0.718488271164031
111,2004,0.712289685499395
111,2005,0.706604857765633
111,2006,0.702759164737296
111,2007,0.698708528098712
111,2008,0.69329571337705
111,2009,0.689524906783178
111,2010,0.68463823296772
111,2011,0.681824019513633
111,2012,0.677565609142906
111,2013,0.674036486315298
111,2014,0.672667383131017
111,2015,0.670341889873778
111,2016,0.665788391268567
111,2017,0.659282566441104
111,2018,0.654977819970806
112,2001,0.857777143858848
112,2002,0.726810615705852
112,2003,0.613863437417003
112,2004,0.532812542040707
112,2005,0.485903916663103
112,2006,0.425471582751037
112,2007,0.413703387000278
112,2008,0.404189671709502
112,2009,0.417821375134178
112,2010,0.435783723074554
112,2011,0.436145767901446
112,2012,0.435693377672286
112,2013,0.45685478793397
112,2014,0.4714751914609
112,2015,0.488208451277685
112,2016,0.496136102587108
112,2017,0.511562936329973
112,2018,0.52155325390316
113,2001,NA
113,2002,NA
113,2003,NA
113,2004,NA
113,2005,NA
113,2006,NA
113,2007,NA
113,2008,NA
113,2009,NA
113,2010,NA
113,2011,NA
113,2012,NA
113,2013,NA
113,2014,NA
113,2015,NA
113,2016,NA
113,2017,NA
113,2018,NA
114,2001,0.715369938754994
114,2002,0.771836676067075
114,2003,0.834319745539231
114,2004,0.834330424916075
114,2005,0.834343979762655
114,2006,0.834354516884363
114,2007,0.834358179958117
114,2008,0.834336764219502
114,2009,0.834380945879862
114,2010,0.834363796823697
114,2011,0.833816762741207
114,2012,0.833816988500676
114,2013,0.83381751565603
114,2014,0.832723904189733
114,2015,0.832719844888339
114,2016,0.726391136690661
114,2017,0.621575617660817
114,2018,0.553691095498206
115,2001,0.743067218979363
115,2002,0.598424919486248
115,2003,0.482017475168748
115,2004,0.40093141914604
115,2005,0.355249500922953
115,2006,0.316534723913214
115,2007,0.29235183221541
115,2008,0.271380752642197
115,2009,0.269328739280791
115,2010,0.267905273782746
115,2011,0.273458824536442
115,2012,0.280739587791008
115,2013,0.292810496458815
115,2014,0.30980571439718
115,2015,0.326983783516842
115,2016,0.341599593964787
115,2017,0.355104087133981
115,2018,0.369417688134663
116,2001,0.727793410031903
116,2002,0.722877835650092
116,2003,0.718488271164031
116,2004,0.712289685499395
116,2005,0.706604857765633
116,2006,0.702759164737296
116,2007,0.698708528098712
116,2008,0.69329571337705
116,2009,0.689524906783178
116,2010,0.68463823296772
116,2011,0.684832823327231
116,2012,0.681222587221532
116,2013,0.677959934249095
116,2014,0.683043124607907
116,2015,0.672916771589492
116,2016,0.668042637222822
116,2017,0.663183403459553
116,2018,0.655712361078064
117,2001,0.727793410031903
117,2002,0.722877835650092
117,2003,0.718488271164031
117,2004,0.712289685499395
117,2005,0.706604857765633
117,2006,0.702759164737296
117,2007,0.698708528098712
117,2008,0.69329571337705
117,2009,0.689524906783178
117,2010,0.68463823296772
117,2011,0.681824019513633
117,2012,0.677565609142906
117,2013,0.674036486315298
117,2014,0.672667383131017
117,2015,0.670341889873778
117,2016,0.665788391268567
117,2017,0.659282566441104
117,2018,0.654977819970806
118,2001,0.745841462998227
118,2002,0.740803995436058
118,2003,0.736305574605784
118,2004,0.729953273727305
118,2005,0.724127469557172
118,2006,0.720186412703796
118,2007,0.71603532813173
118,2008,0.710488284608958
118,2009,0.706623966162702
118,2010,0.70161611238528
118,2011,0.69873210969578
118,2012,0.69436809941764
118,2013,0.690751459743808
118,2014,0.689348403087179
118,2015,0.68696524164403
118,2016,0.682298823796003
118,2017,0.675631669844369
118,2018,0.671220165378772
119,2001,0.722736292218772
119,2002,0.804789313619277
119,2003,0.835672910181075
119,2004,0.8
119,2005,0.814385545367658
119,2006,0.817823307451685
119,2007,0.821159699760544
119,2008,0.824487760967144
119,2009,0.827663071286368
119,2010,0.828241328050681
119,2011,0.821173892491666
119,2012,0.828135915413089
119,2013,0.825140894980146
119,2014,0.823029081622954
119,2015,0.838641463359998
119,2016,0.717487685906295
119,2017,NA
119,2018,0.556437655339319
120,2001,0.727793410031903
120,2002,0.722877835650092
120,2003,0.718488271164031
120,2004,0.712289685499395
120,2005,0.706604857765633
120,2006,0.702759164737297
120,2007,0.698708528098712
120,2008,0.69329571337705
120,2009,0.689524906783178
120,2010,0.68463823296772
120,2011,0.681824019513633
120,2012,0.677565609142906
120,2013,0.674036486315298
120,2014,0.672667383131017
120,2015,0.670341889873778
120,2016,0.665788391268567
120,2017,0.659282566441104
120,2018,0.654977819970806
121,2001,0.72375070696285
121,2002,0.7817815802451
121,2003,0.837929299759608
121,2004,0.843136001248636
121,2005,0.905369377613083
121,2006,0.844214209204598
121,2007,0.843053879611893
121,2008,0.860043180118205
121,2009,0.869911482403916
121,2010,0.862591833861971
121,2011,0.862591831621898
121,2012,0.862591834731487
121,2013,0.862591827260441
121,2014,0.862591834731487
121,2015,0.861117941324894
121,2016,0.750860687343978
121,2017,0.64200807406533
121,2018,0.573155103719657
122,2001,0.727793410031903
122,2002,0.722877835650092
122,2003,0.718488271164031
122,2004,0.712289685499395
122,2005,0.706604857765633
122,2006,0.702759164737296
122,2007,0.698708528098712
122,2008,0.69329571337705
122,2009,0.689524906783178
122,2010,0.68463823296772
122,2011,0.681824019513633
122,2012,0.677565609142906
122,2013,0.674036486315298
122,2014,0.672667383131017
122,2015,0.670341889873778
122,2016,0.665788391268567
122,2017,0.659282566441104
122,2018,0.654977819970806
123,2001,0.889353827609647
123,2002,0.882797145821645
123,2003,0.876586676102117
123,2004,0.868235390363928
123,2005,0.860527469666964
123,2006,0.855449623272302
123,2007,0.849902764711399
123,2008,0.842762693113175
123,2009,0.837749169536217
123,2010,0.831130479978514
123,2011,0.827673893234885
123,2012,0.822502202778552
123,2013,0.818167866122818
123,2014,0.816507097137593
123,2015,0.81398758159857
123,2016,0.808333812275396
123,2017,0.800227816335416
123,2018,0.79523228346516
124,2001,NA
124,2002,NA
124,2003,NA
124,2004,NA
124,2005,NA
124,2006,NA
124,2007,NA
124,2008,NA
124,2009,NA
124,2010,NA
124,2011,NA
124,2012,NA
124,2013,NA
124,2014,NA
124,2015,NA
124,2016,NA
124,2017,NA
124,2018,NA
125,2001,0.852914200094541
125,2002,0.916901849901588
125,2003,0.987804184961825
125,2004,0.986157873885077
125,2005,0.985229714158033
125,2006,0.984443467698503
125,2007,0.983952137079226
125,2008,0.983526046748452
125,2009,0.983483947680249
125,2010,0.983454662240493
125,2011,0.983591192628318
125,2012,0.983738101965716
125,2013,0.983979449124635
125,2014,0.969629466529607
125,2015,0.971400458091808
125,2016,0.850191713613037
125,2017,0.730404170801412
125,2018,0.618618197688137
126,2001,0.815899902352809
126,2002,0.82351942821777
126,2003,0.827890248132205
126,2004,0.827843293011205
126,2005,0.824344068058452
126,2006,0.830117991285038
126,2007,0.83026052912985
126,2008,0.82931068982009
126,2009,0.829376322799314
126,2010,0.829361227890437
126,2011,0.830397903844118
126,2012,0.829244268514438
126,2013,0.831089675480701
126,2014,0.81169795681023
126,2015,0.836441488414544
126,2016,0.834525426454216
126,2017,0.832656147014769
126,2018,0.817007452885098
127,2001,0.862063415066732
127,2002,0.881751312933739
127,2003,0.916422556935342
127,2004,0.903578587269888
127,2005,0.891623296689068
127,2006,0.884745021258033
127,2007,0.880194132172549
127,2008,0.869815320660165
127,2009,0.874522341097744
127,2010,0.874075079393001
127,2011,0.868790708824296
127,2012,0.872421301818429
127,2013,0.866156270796091
127,2014,0.763298312015292
127,2015,0.73607497789898
127,2016,0.66775325846923
127,2017,0.598691362064802
127,2018,0.563761231022839
129,2001,1
129,2002,1
129,2003,1
129,2004,1
129,2005,1
129,2006,1
129,2007,1
129,2008,1
129,2009,1
129,2010,1
129,2011,1
129,2012,1
129,2013,1
129,2014,1
129,2015,0.7191143
129,2016,0.4957656
129,2017,0.4017734
129,2018,0.39574
130,2001,0.727793410031903
130,2002,0.722877835650092
130,2003,0.718488271164031
130,2004,0.712289685499395
130,2005,0.706604857765633
130,2006,0.702759164737296
130,2007,0.698708528098712
130,2008,0.69329571337705
130,2009,0.689524906783178
130,2010,0.68463823296772
130,2011,0.681824019513633
130,2012,0.677565609142906
130,2013,0.674036486315298
130,2014,0.672667383131017
130,2015,0.670341889873778
130,2016,0.665788391268567
130,2017,0.659282566441104
130,2018,0.654977819970806
132,2001,0.878390917754505
132,2002,0.88001485898616
132,2003,0.867422093056246
132,2004,0.86265745779567
132,2005,0.86169831596414
132,2006,0.856100218598033
132,2007,0.853033469521091
132,2008,0.841774592561728
132,2009,0.819954119176904
132,2010,0.823753436459912
132,2011,0.824655724766887
132,2012,0.825660251553416
132,2013,0.741838820901992
132,2014,0.79840177723067
132,2015,0.808488932934865
132,2016,0.701078820639494
132,2017,0.51871083309474
132,2018,0.514359984404494
133,2001,0.856178493238102
133,2002,0.849945440045738
133,2003,0.845035966488414
133,2004,0.838086425405819
133,2005,0.830974920420521
133,2006,0.827274240274135
133,2007,0.823492762054912
133,2008,0.816037611986483
133,2009,0.811113335874811
133,2010,0.805149028447328
133,2011,0.801951913568769
133,2012,0.796868983482672
133,2013,0.793373656034277
133,2014,0.791673713158158
133,2015,0.788358902235501
133,2016,0.78329464437913
133,2017,0.775639132005463
133,2018,0.77089298832653
134,2001,0.727793410031903
134,2002,0.722877835650092
134,2003,0.718488271164031
134,2004,0.712289685499395
134,2005,0.706604857765633
134,2006,0.702759164737296
134,2007,0.698708528098712
134,2008,0.69329571337705
134,2009,0.689524906783178
134,2010,0.68463823296772
134,2011,0.681824019513633
134,2012,0.677565609142906
134,2013,0.674036486315298
134,2014,0.672667383131017
134,2015,0.670341889873778
134,2016,0.665788391268567
134,2017,0.659282566441104
134,2018,0.692240280343112
135,2001,0.99618524500144
135,2002,0.996696572530836
135,2003,0.995345327126645
135,2004,0.994748955970321
135,2005,0.987646622750478
135,2006,0.940062881477977
135,2007,0.900190653672976
135,2008,0.872508167911223
135,2009,0.827142152175192
135,2010,0.757184623097595
135,2011,0.691929140298365
135,2012,0.793496311304793
135,2013,0.781747856147609
135,2014,0.703470810882072
135,2015,0.691538330982731
135,2016,0.599647698914504
135,2017,0.59113528878049
135,2018,0.604820326593083
136,2001,0.731419237325912
136,2002,0.72691155655967
136,2003,0.721521963063221
136,2004,0.715963298536406
136,2005,0.71044720446864
136,2006,0.70604440588966
136,2007,0.701758856911826
136,2008,0.695883474487532
136,2009,0.692180035541122
136,2010,0.687402524401672
136,2011,0.684751158257005
136,2012,0.680619733500923
136,2013,0.677026479565357
136,2014,0.675820810140884
136,2015,0.67349909296661
136,2016,0.668990069626089
136,2017,0.662496205852671
136,2018,0.658131643423733
137,2001,0.671749281087022
137,2002,0.749310417976426
137,2003,0.998634870522663
137,2004,0.998080330639577
137,2005,0.806851994165132
137,2006,0.999140896089203
137,2007,0.999163069398817
137,2008,0.83729307129754
137,2009,0.999081988738609
137,2010,0.998693021773977
137,2011,0.997455487856413
137,2012,0.995571592086394
137,2013,0.991661893145999
137,2014,0.786770808547675
137,2015,0.533405192539537
137,2016,0.693444967150069
137,2017,0.999617683773923
137,2018,0.998591043239836
138,2001,1
138,2002,1
138,2003,1
138,2004,1
138,2005,1
138,2006,0.995251385588609
138,2007,0.991604508152073
138,2008,0.992624400692073
138,2009,0.992513708106144
138,2010,0.989898799429809
138,2011,0.989609238074457
138,2012,0.984846641589504
138,2013,0.990500636966361
138,2014,0.97863505790111
138,2015,0.994710423933209
138,2016,0.923945810892496
138,2017,0.991349945362583
138,2018,0.992394314531793
139,2001,0.962356747590368
139,2002,0.963850678933451
139,2003,0.964582556000258
139,2004,0.955762423281823
139,2005,0.876610550363277
139,2006,0.78786841409428
139,2007,0.806370545608371
139,2008,0.833600807631949
139,2009,0.970441798629162
139,2010,0.945623920764841
139,2011,0.939568022901165
139,2012,0.9238905294004
139,2013,0.949292847433707
139,2014,0.969734160572983
139,2015,0.976836833217933
139,2016,0.984745262118571
139,2017,0.984582022504073
139,2018,0.986312738790418
140,2001,0.68596528
140,2002,0.74008368
140,2003,0.8
140,2004,0.8
140,2005,0.8
140,2006,0.8
140,2007,0.8
140,2008,0.860040576734194
140,2009,0.859702073336334
140,2010,0.851448758684997
140,2011,0.85203671514789
140,2012,0.847942039499568
140,2013,0.801379772212371
140,2014,0.801407674047793
140,2015,0.816188322075467
140,2016,0.712488013018989
140,2017,0.609836781581032
140,2018,0.569318589445473
141,2001,0.999938058227331
141,2002,0.9999395278266
141,2003,0.99996938822103
141,2004,0.999973412743359
141,2005,0.999417977562469
141,2006,0.999947656920792
141,2007,0.999503994865626
141,2008,0.999776098142019
141,2009,0.999823100014335
141,2010,0.999819055060448
141,2011,0.99812923960006
141,2012,0.999923419158114
141,2013,0.999865171924498
141,2014,0.999907976020698
141,2015,0.999981342810186
141,2016,0.999938468580978
141,2017,0.999967926120282
141,2018,0.999947290229615
143,2001,0.99808295061302
143,2002,0.998048441061845
143,2003,0.997297230873777
143,2004,0.99817864948208
143,2005,0.998383142397047
143,2006,0.997826222315111
143,2007,0.998751324443936
143,2008,0.996959453938496
143,2009,0.781187963983278
143,2010,0.95125062273328
143,2011,0.996823005180934
143,2012,0.999532392546134
143,2013,0.998835752561008
143,2014,0.996996709901516
143,2015,0.999041987246601
143,2016,0.998434776097503
143,2017,0.999391075184976
143,2018,0.998957944491893
144,2001,1
144,2002,1
144,2003,1
144,2004,1
144,2005,1
144,2006,NA
144,2007,1
144,2008,1
144,2009,1
144,2010,1
144,2011,1
144,2012,1
144,2013,1
144,2014,1
144,2015,1
144,2016,1
144,2017,1
144,2018,0.999959991212556
145,2001,0.846636761745477
145,2002,0.842949403741362
145,2003,0.840341681782799
145,2004,0.887804929030689
145,2005,0.828303381895382
145,2006,0.913605515465342
145,2007,0.908129964347326
145,2008,0.854175538253168
145,2009,0.814017106935616
145,2010,0.812077533333333
145,2011,0.8105876
145,2012,0.789789764298738
145,2013,0.793912212973177
145,2014,0.807833419131589
145,2015,0.800133338551688
145,2016,0.81016173341899
145,2017,0.893548253258117
145,2018,0.795982607088101
146,2001,NA
146,2002,NA
146,2003,NA
146,2004,NA
146,2005,NA
146,2006,NA
146,2007,NA
146,2008,NA
146,2009,NA
146,2010,NA
146,2011,NA
146,2012,NA
146,2013,NA
146,2014,NA
146,2015,NA
146,2016,NA
146,2017,NA
146,2018,NA
147,2001,0.861916589718437
147,2002,0.856288221667539
147,2003,0.851409741978042
147,2004,0.844574661811703
147,2005,0.838419413972907
147,2006,0.833711650365028
147,2007,0.830314808075639
147,2008,0.823465979848828
147,2009,0.819333793022584
147,2010,0.81322896260583
147,2011,0.809559371190679
147,2012,0.80484561529047
147,2013,0.785642553089488
147,2014,0.809066245860316
147,2015,0.787294320798716
147,2016,0.781234085403259
147,2017,0.780560382590979
147,2018,0.775328540155602
148,2001,0.727793410031903
148,2002,0.722877835650092
148,2003,0.718488271164031
148,2004,0.712289685499395
148,2005,0.706604857765633
148,2006,0.702759164737296
148,2007,0.698708528098712
148,2008,0.69329571337705
148,2009,0.689524906783178
148,2010,0.68463823296772
148,2011,0.681824019513633
148,2012,0.677565609142906
148,2013,0.674036486315298
148,2014,0.672667383131017
148,2015,0.670341889873778
148,2016,0.665788391268567
148,2017,0.659282566441104
148,2018,0.654977819970806
151,2001,0.873316055324085
151,2002,0.865626054078378
151,2003,0.864684271147256
151,2004,0.85796832140231
151,2005,0.85074080124235
151,2006,0.84568446374131
151,2007,0.836396891882279
151,2008,0.829336255813511
151,2009,0.823258313216229
151,2010,0.822655230663278
151,2011,0.817435066636873
151,2012,0.813211584470931
151,2013,0.810671458457573
151,2014,0.803425695688545
151,2015,0.800665730444472
151,2016,0.795687791633298
151,2017,0.789338730767026
151,2018,0.784524699464089
152,2001,0.727793410031903
152,2002,0.722877835650092
152,2003,0.732099382659319
152,2004,0.725734446088967
152,2005,0.719868504149931
152,2006,0.71565394371161
152,2007,0.710506548873056
152,2008,0.706377564681853
152,2009,0.702539178326923
152,2010,0.697556067066019
152,2011,0.694687262794271
152,2012,0.690337546196337
152,2013,0.686747164056841
152,2014,0.685445726442521
152,2015,0.683046192221856
152,2016,0.678407832767422
152,2017,0.67177929801812
152,2018,0.667330586204078
153,2001,0.727793410031903
153,2002,0.722877835650092
153,2003,0.718488271164031
153,2004,0.712289685499395
153,2005,0.706604857765633
153,2006,0.702759164737296
153,2007,0.698708528098712
153,2008,0.69329571337705
153,2009,0.689524906783178
153,2010,0.68463823296772
153,2011,0.681824019513633
153,2012,0.677565609142906
153,2013,0.674036486315298
153,2014,0.672667383131017
153,2015,0.670341889873778
153,2016,0.665788391268567
153,2017,0.659282566441104
153,2018,0.654977819970806
154,2001,0.818969736690031
154,2002,0.81343835017064
154,2003,0.808498870887398
154,2004,0.801523740308247
154,2005,0.795126738197807
154,2006,0.790799266715097
154,2007,0.786241184666183
154,2008,0.780150259707988
154,2009,0.775907053265735
154,2010,0.770408192637413
154,2011,0.76724142598407
154,2012,0.762449535038216
154,2013,0.758478286673056
154,2014,0.75693766651578
154,2015,0.75432085568013
154,2016,0.749196886222437
154,2017,0.741876008030471
154,2018,0.737031975555556
155,2001,0.848114719848773
155,2002,0.85094399767595
155,2003,0.850522677013016
155,2004,0.846932604464982
155,2005,0.852953548381594
155,2006,0.853277689282372
155,2007,0.855816392607635
155,2008,0.856931296781508
155,2009,0.858254066400212
155,2010,0.856935613644922
155,2011,0.860325687582546
155,2012,0.861475929496346
155,2013,0.862582950539457
155,2014,0.863060934731291
155,2015,0.863661971976406
155,2016,0.863656525372912
155,2017,0.866917857594669
155,2018,0.868154252893603
156,2001,0.727793410031903
156,2002,0.722877835650092
156,2003,0.718488271164031
156,2004,0.712289685499395
156,2005,0.706604857765633
156,2006,0.702759164737296
156,2007,0.698708528098711
156,2008,0.69329571337705
156,2009,0.689524906783178
156,2010,0.68463823296772
156,2011,0.681824019513633
156,2012,0.677565609142906
156,2013,0.674036486315298
156,2014,0.672667383131017
156,2015,0.670341889873777
156,2016,0.665788391268567
156,2017,0.659282566441104
156,2018,0.654977819970806
157,2001,0.727793410031903
157,2002,0.722877835650092
157,2003,0.718488271164031
157,2004,0.712289685499395
157,2005,0.706604857765633
157,2006,0.702759164737296
157,2007,0.698708528098711
157,2008,0.69329571337705
157,2009,0.689524906783178
157,2010,0.68463823296772
157,2011,0.681824019513633
157,2012,0.677565609142906
157,2013,0.674036486315298
157,2014,0.672667383131017
157,2015,0.670341889873778
157,2016,0.665788391268567
157,2017,0.659282566441104
157,2018,0.654977819970806
158,2001,NA
158,2002,NA
158,2003,NA
158,2004,NA
158,2005,NA
158,2006,NA
158,2007,NA
158,2008,NA
158,2009,NA
158,2010,NA
158,2011,NA
158,2012,NA
158,2013,NA
158,2014,NA
158,2015,NA
158,2016,NA
158,2017,NA
158,2018,NA
161,2001,0.909741762539878
161,2002,0.903597294562615
161,2003,0.898110338955039
161,2004,0.890362106874244
161,2005,0.883256072207041
161,2006,0.878448955921621
161,2007,0.873385660123389
161,2008,0.866619641721312
161,2009,0.861906133478972
161,2010,0.85579779120965
161,2011,0.852280024392041
161,2012,0.846957011428632
161,2013,0.842545607894122
161,2014,0.840834228913771
161,2015,0.837927362342222
161,2016,0.832235489085709
161,2017,0.82410320805138
161,2018,0.818722274963507
162,2001,0.943810205376801
162,2002,0.944144985160584
162,2003,0.90385836650961
162,2004,0.944052527098031
162,2005,0.928490280766019
162,2006,0.946020195423959
162,2007,0.88582428894223
162,2008,0.826960124274118
162,2009,0.941886348610782
162,2010,0.94614118780423
162,2011,0.947461117609467
162,2012,0.947090508470511
162,2013,0.942101741991853
162,2014,0.944128501457388
162,2015,0.93989973208729
162,2016,0.932986330561743
162,2017,0.929747822107403
162,2018,0.921977833167298
163,2001,0.920536469642439
163,2002,0.91737357118298
163,2003,0.894235210583364
163,2004,0.902187235444266
163,2005,0.902651503893859
163,2006,0.902525464969301
163,2007,0.931533917822767
163,2008,0.93157648405998
163,2009,0.937182729796641
163,2010,0.904721018753638
163,2011,0.930540283602571
163,2012,0.953196677830642
163,2013,0.956081056111641
163,2014,0.967267892662281
163,2015,0.981417815556016
163,2016,0.985317876711513
163,2017,0.982874005101674
163,2018,0.971546917597829
164,2001,0.804935417109235
164,2002,0.725961066970584
164,2003,0.660964642240505
164,2004,0.613963944294562
164,2005,0.572973365274685
164,2006,0.538955812242336
164,2007,0.545020934462885
164,2008,0.554436269234495
164,2009,0.58339793162391
164,2010,0.635052843195737
164,2011,0.667966181931677
164,2012,0.672483377945253
164,2013,0.679970804084145
164,2014,0.690532332555414
164,2015,0.7037044
164,2016,0.71266285
164,2017,0.716291044383045
164,2018,0.725175764197009
166,2001,0.775780050571673
166,2002,0.721599676027344
166,2003,0.678128464514063
166,2004,0.635151462671347
166,2005,0.594405026456523
166,2006,0.55300563747176
166,2007,0.544045165095417
166,2008,0.55314075862946
166,2009,0.55939488649482
166,2010,0.561121454920183
166,2011,0.56115044368063
166,2012,0.581090054300123
166,2013,0.570319645908087
166,2014,0.582108032323011
166,2015,0.58933101225785
166,2016,0.571742149131824
166,2017,0.55233447482579
166,2018,0.548703653567617
167,2001,0.782288359085017
167,2002,0.781239370888344
167,2003,0.776214431087607
167,2004,0.757364549953735
167,2005,0.731086779809031
167,2006,0.708633571278787
167,2007,0.675780949922639
167,2008,0.653689005734893
167,2009,0.642539206624666
167,2010,0.630844263149032
167,2011,0.620125421894247
167,2012,0.62125041604518
167,2013,0.623504518131969
167,2014,0.629673490252231
167,2015,0.62817955152224
167,2016,0.635277387238316
167,2017,0.644640953142981
167,2018,0.655469290819328
168,2001,0.750832858053382
168,2002,0.699313570433079
168,2003,0.659124845544533
168,2004,0.609895389908297
168,2005,0.562669390243663
168,2006,0.503409632010723
168,2007,0.460759626680526
168,2008,0.412981414320759
168,2009,0.385303685866944
168,2010,0.366744073021418
168,2011,0.354458428346118
168,2012,0.356548399694368
168,2013,0.363588599807905
168,2014,0.366183438107488
168,2015,0.372671627549291
168,2016,0.382781206588565
168,2017,0.397646418745938
168,2018,0.426571797788661
169,2001,0.881986195212054
169,2002,0.876029187802667
169,2003,0.870709626988689
169,2004,0.863197798884661
169,2005,0.856308552579929
169,2006,0.851648102233682
169,2007,0.846739293293413
169,2008,0.840179691234784
169,2009,0.8356099921744
169,2010,0.829688011908413
169,2011,0.826277569477385
169,2012,0.821116955169053
169,2013,0.816840137755966
169,2014,0.81518097664053
169,2015,0.812362800239721
169,2016,0.806844577414328
169,2017,0.798960405964685
169,2018,0.793743644730731
171,2001,0.947308109567139
171,2002,0.944537127945322
171,2003,0.938486752642421
171,2004,0.934873114085844
171,2005,0.929417145426708
171,2006,0.928331936906293
171,2007,0.937390220994409
171,2008,0.934296872418926
171,2009,0.921198335448455
171,2010,0.904924891435714
171,2011,0.940825500106903
171,2012,0.914244113935494
171,2013,0.917189654642631
171,2014,0.918471415450081
171,2015,0.91494310574319
171,2016,0.914986304928376
171,2017,0.910350291384156
171,2018,0.91507019714994
172,2001,1
172,2002,1
172,2003,1
172,2004,1
172,2005,1
172,2006,0.932567374971466
172,2007,0.787703360983792
172,2008,0.675010153396013
172,2009,0.615320751557342
172,2010,0.556590284282975
172,2011,0.652986495550272
172,2012,0.48704393212345
172,2013,0.515237900218362
172,2014,0.477910464014196
172,2015,0.47046472394047
172,2016,0.477889434427118
172,2017,0.508441588162658
172,2018,0.520741952197888
173,2001,1
173,2002,1
173,2003,1
173,2004,1
173,2005,0.913566047371163
173,2006,0.820038678044952
173,2007,0.999900292067726
173,2008,0.999328661337954
173,2009,0.999925487853119
173,2010,0.999872891073625
173,2011,0.998351811515908
173,2012,1
173,2013,1
173,2014,1
173,2015,1
173,2016,0.999973357198959
173,2017,0.999469816663501
173,2018,0.997544496885969
174,2001,0.834682915618241
174,2002,0.835726790463042
174,2003,0.823515676320217
174,2004,0.842180711085055
174,2005,0.869389674381934
174,2006,0.85774439119177
174,2007,0.862432026046801
174,2008,0.873137527170834
174,2009,0.876778307508337
174,2010,0.877796557580668
174,2011,0.875991881107123
174,2012,0.864000370804993
174,2013,0.879421490346049
174,2014,0.879450653783387
174,2015,0.880163232558731
174,2016,0.889121640082962
174,2017,0.888242890648607
174,2018,0.885633263626717
175,2001,0.986957065088199
175,2002,0.985257323451064
175,2003,0.978002521206112
175,2004,0.974052875479298
175,2005,0.982128088189361
175,2006,0.979559722862921
175,2007,0.979344854995061
175,2008,0.977139740365575
175,2009,0.967856107918139
175,2010,0.949787731603665
175,2011,0.937128460127045
175,2012,0.94516335911191
175,2013,0.941791545304468
175,2014,0.958645040901278
175,2015,0.955565738488617
175,2016,0.952498842834526
175,2017,0.94330356235095
175,2018,0.923124423495728
176,2001,0.948718387497138
176,2002,0.948466043635389
176,2003,0.946478475731054
176,2004,0.952161840529817
176,2005,0.951788519956227
176,2006,0.935872751676457
176,2007,0.921814330198791
176,2008,0.92410267235354
176,2009,0.929897108914881
176,2010,0.916790156076413
176,2011,0.915797842297588
176,2012,0.917744783073277
176,2013,0.91547389072635
176,2014,0.940953219117508
176,2015,0.95951106832869
176,2016,0.953011511595536
176,2017,0.931220784281137
176,2018,0.921298004770468
177,2001,0.860261516635151
177,2002,0.842929303254888
177,2003,0.860454480501235
177,2004,0.827180079832771
177,2005,0.79887828722835
177,2006,0.78465479256701
177,2007,0.732570903783279
177,2008,0.681885079862915
177,2009,0.656346023761706
177,2010,0.636070812236485
177,2011,0.639805851755254
177,2012,0.692492919429755
177,2013,0.687267798569364
177,2014,0.675596945528957
177,2015,0.613753725422341
177,2016,0.625136191983817
177,2017,0.630056233548827
177,2018,0.610874183192377
178,2001,0.99945423525779
178,2002,0.999502498938212
178,2003,0.999850815802921
178,2004,0.99978291627145
178,2005,0.999700185916045
178,2006,0.999726388399255
178,2007,0.999868535338505
178,2008,0.999766670337339
178,2009,0.999880337449481
178,2010,0.999870751441652
178,2011,0.742996132822546
178,2012,0.769019060359638
178,2013,0.83284696957354
178,2014,0.817648100060223
178,2015,0.72451807322573
178,2016,0.716216430410117
178,2017,0.715133565793915
178,2018,0.756573336763296
179,2001,0.92717754718411
179,2002,0.8759577963101
179,2003,0.856448641758122
179,2004,0.857009708768614
179,2005,0.920282473205745
179,2006,0.911592589156143
179,2007,0.884788997291312
179,2008,0.873503175525567
179,2009,0.877071445239958
179,2010,0.843641284281387
179,2011,0.88602851174661
179,2012,0.839612439635775
179,2013,0.850040824164483
179,2014,0.841574711750791
179,2015,0.855040014796289
179,2016,0.866565460079034
179,2017,0.901799542903964
179,2018,0.850135587761506
180,2001,0.972083685196836
180,2002,0.964065854426702
180,2003,0.97445114667883
180,2004,0.970397997045568
180,2005,0.968157758737066
180,2006,0.962034645840397
180,2007,0.96177267904124
180,2008,0.950262658278179
180,2009,0.910076477707496
180,2010,0.891844074360669
180,2011,0.842553173988673
180,2012,0.893636124275426
180,2013,0.898700791202986
180,2014,0.90702127106274
180,2015,0.853304743155143
180,2016,0.817675375394743
180,2017,0.841383942169026
180,2018,0.820079205636932
181,2001,0.995751290120042
181,2002,0.993678525479956
181,2003,0.996174943882625
181,2004,0.995145473811048
181,2005,0.996778775082217
181,2006,0.997624441627652
181,2007,0.996342376136389
181,2008,0.997239165627771
181,2009,0.971996499002361
181,2010,0.953208862190151
181,2011,0.937748777405759
181,2012,0.922947472028928
181,2013,0.897251985192888
181,2014,0.919232506232829
181,2015,0.936868271096041
181,2016,0.94871878029725
181,2017,0.959237726022798
181,2018,0.941282700169558
182,2001,0.913210525962186
182,2002,0.870983324594274
182,2003,0.877229708068455
182,2004,0.855351741162168
182,2005,0.880349766295947
182,2006,0.890420909284555
182,2007,0.873621336961145
182,2008,0.877562631174246
182,2009,0.835810256294036
182,2010,0.786417063330934
182,2011,0.789277876019323
182,2012,0.793206166691154
182,2013,0.836512276231027
182,2014,0.855833751397882
182,2015,0.902030550256833
182,2016,0.898995416439197
182,2017,0.901237043720336
182,2018,0.892526160456921
183,2001,0.976506876082157
183,2002,0.981070499956266
183,2003,0.978665253747566
183,2004,0.975806779250762
183,2005,0.977999031812413
183,2006,0.979194487432847
183,2007,0.975497555613853
183,2008,0.974239785176365
183,2009,0.840683737026176
183,2010,0.753084582365594
183,2011,0.703963795855451
183,2012,0.696519997103052
183,2013,0.724815198774031
183,2014,0.739588361105221
183,2015,0.796681358070127
183,2016,0.816493786257672
183,2017,0.766164774274759
183,2018,0.771718812389018
184,2001,0.70431606698072
184,2002,0.644961867714024
184,2003,0.61401062768808
184,2004,0.608928598721884
184,2005,0.618979594863231
184,2006,0.571862447574373
184,2007,0.574568708343579
184,2008,0.588036795221459
184,2009,0.634358333638883
184,2010,0.685373679444663
184,2011,0.703578670587777
184,2012,0.723141457382167
184,2013,0.719069921609851
184,2014,0.72213266609372
184,2015,0.743179514832957
184,2016,0.739193399502451
184,2017,0.748740363205694
184,2018,0.749631185782523
186,2001,0.897143283696346
186,2002,0.866738105571576
186,2003,0.884377942415657
186,2004,0.874085566242181
186,2005,0.892106104525896
186,2006,0.886645576333271
186,2007,0.887300678065414
186,2008,0.884678715121183
186,2009,0.874180855709394
186,2010,0.87027878405878
186,2011,0.862364049269222
186,2012,0.873825183619112
186,2013,0.872831607816506
186,2014,0.872839078038629
186,2015,0.861961469454175
186,2016,0.87323161364317
186,2017,0.951976217148733
186,2018,0.950003093726309
187,2001,0.971916193903248
187,2002,0.972663899317614
187,2003,0.976697629403605
187,2004,0.967164965593359
187,2005,0.973198286609099
187,2006,0.972407981474466
187,2007,0.974237751955949
187,2008,0.979760864936218
187,2009,0.982800353364812
187,2010,0.989616341789299
187,2011,0.987289596209623
187,2012,0.987291408627979
187,2013,0.989585317454102
187,2014,0.992944540709482
187,2015,0.989139668830992
187,2016,0.989261673417919
187,2017,0.985294088256536
187,2018,0.982345083395278
188,2001,0.997897648686011
188,2002,0.996975233074143
188,2003,0.996011509388678
188,2004,0.990647673901296
188,2005,0.99486989572683
188,2006,0.993719219101505
188,2007,0.992937218591063
188,2008,0.991390344821959
188,2009,0.99323994939341
188,2010,0.993256055572682
188,2011,0.989989272249835
188,2012,0.956134099425057
188,2013,0.966275035825292
188,2014,0.983752764194298
188,2015,0.967515377515547
188,2016,0.953455038783813
188,2017,0.911310539705618
188,2018,0.892935981102834
189,2001,0.999561170037186
189,2002,0.999422391194553
189,2003,0.999990263238152
189,2004,0.999911439654211
189,2005,0.999938124827737
189,2006,0.999978528127292
189,2007,0.99998646799276
189,2008,0.999917890272265
189,2009,1
189,2010,0.999962578635317
189,2011,0.999982747165458
189,2012,0.999982901743711
189,2013,0.999963668515931
189,2014,0.999800656288604
189,2015,0.999467952197645
189,2016,0.996910862752924
189,2017,0.99721676729481
189,2018,0.998211967041915
190,2001,0.727793410031903
190,2002,0.722877835650092
190,2003,0.718488271164031
190,2004,0.712289685499395
190,2005,0.706604857765633
190,2006,0.702759164737296
190,2007,0.698708528098712
190,2008,0.69329571337705
190,2009,0.689524906783178
190,2010,0.68463823296772
190,2011,0.681824019513633
190,2012,0.677565609142906
190,2013,0.674036486315298
190,2014,0.672667383131017
190,2015,0.670341889873778
190,2016,0.665788391268567
190,2017,0.659282566441104
190,2018,0.752255188893914
191,2001,0.876395642431468
191,2002,0.85976341795866
191,2003,0.856233556015664
191,2004,0.850230156924802
191,2005,0.869404349323222
191,2006,0.813371381887913
191,2007,0.83262584622988
191,2008,0.807459576097481
191,2009,0.827728455019456
191,2010,0.869338635489434
191,2011,0.863853065930778
191,2012,0.850204501843806
191,2013,0.856630836339766
191,2014,0.859300428479256
191,2015,0.875772281450183
191,2016,0.877025517657665
191,2017,0.916105478389318
191,2018,0.908327340430666
192,2001,0.99807966791354
192,2002,0.998124580538522
192,2003,0.996432789500505
192,2004,0.991912759824799
192,2005,0.98011524619451
192,2006,0.992695655526807
192,2007,0.984165520271516
192,2008,0.969567114643664
192,2009,0.968327634068958
192,2010,0.8423857023862
192,2011,0.716580210101723
192,2012,0.698322343461036
192,2013,0.63899875276459
192,2014,0.636705143278623
192,2015,0.680405697801536
192,2016,0.691767062965802
192,2017,0.65630460006395
192,2018,0.627319349743916
193,2001,0.989479064082241
193,2002,0.978867151290219
193,2003,0.97868767826399
193,2004,0.962473562024819
193,2005,0.946860613249707
193,2006,0.930327870378496
193,2007,0.909094204106442
193,2008,0.890255080031375
193,2009,0.883861385535574
193,2010,0.861252953246436
193,2011,0.887589564431617
193,2012,0.856930899644715
193,2013,0.916905380630326
193,2014,0.900416849554341
193,2015,0.921575644070123
193,2016,0.896027953853164
193,2017,0.913602125733782
193,2018,0.878582851567029
194,2001,0.963313107456995
194,2002,0.973955256199505
194,2003,0.982197305836574
194,2004,0.9755700818496
194,2005,0.955373910950287
194,2006,0.951983158845467
194,2007,0.960027542967224
194,2008,0.969499634586642
194,2009,0.952219794709418
194,2010,0.960233268634629
194,2011,0.967042121279083
194,2012,0.955451962525639
194,2013,0.949641022723343
194,2014,0.958209283866426
194,2015,0.960156379313958
194,2016,0.947811699245909
194,2017,0.94692743128116
194,2018,0.927764615554594
195,2001,0.590439661602075
195,2002,0.719449823257461
195,2003,0.719029361908067
195,2004,0.554474549219315
195,2005,0.588967453229353
195,2006,0.613844210782766
195,2007,0.582104158740662
195,2008,0.626467927895827
195,2009,0.677673357386005
195,2010,0.446219590489623
195,2011,0.673606427320256
195,2012,0.686243749044441
195,2013,0.574373392286289
195,2014,0.469082962341803
195,2015,0.480528443372247
195,2016,0.670806815641592
195,2017,0.663948945216435
195,2018,0.637316179202163
196,2001,0.934425652476962
196,2002,0.937887552945577
196,2003,0.934876957396182
196,2004,0.927894422772786
196,2005,0.932631418349273
196,2006,0.935285572355001
196,2007,0.937033202175388
196,2008,0.938129931657978
196,2009,0.93726296079601
196,2010,0.937814343414844
196,2011,0.936805251278074
196,2012,0.905252342450483
196,2013,0.901784739631456
196,2014,0.898293486686628
196,2015,0.951749776272096
196,2016,0.944721963564574
196,2017,0.911192528789822
196,2018,0.884703299230967
197,2001,0.956015008814549
197,2002,0.951343473623441
197,2003,0.95120124952828
197,2004,0.967532006324981
197,2005,0.987028844261717
197,2006,0.983972033700067
197,2007,0.983359249326539
197,2008,0.984835157242697
197,2009,0.981150268546568
197,2010,0.979452813881083
197,2011,0.97963381718445
197,2012,0.981385718567721
197,2013,0.985809133928828
197,2014,0.987175352425535
197,2015,0.991916166623319
197,2016,0.993414654410279
197,2017,0.979979794966653
197,2018,0.978422487449633
198,2001,0.995697649153352
198,2002,0.98920799388703
198,2003,0.990892700262763
198,2004,0.984958359497352
198,2005,0.974017769092245
198,2006,0.964076862483165
198,2007,0.948918018195229
198,2008,0.942209138467415
198,2009,0.941466084316559
198,2010,0.931428991422969
198,2011,0.943587949176658
198,2012,0.962246779483696
198,2013,0.994659565071039
198,2014,0.981412620950731
198,2015,0.977716948942743
198,2016,0.980879135994524
198,2017,0.976476590060443
198,2018,0.938630903916556
199,2001,0.953419951135979
199,2002,0.956335191399762
199,2003,0.95908134719615
199,2004,0.960010722029347
199,2005,0.956424540958338
199,2006,0.958202749081043
199,2007,0.957597888957847
199,2008,0.959791064271442
199,2009,0.961221468080138
199,2010,0.962104237503039
199,2011,0.960098706824937
199,2012,0.949384684831379
199,2013,0.959269480238425
199,2014,0.95728035983554
199,2015,0.958569297623107
199,2016,0.938370337437432
199,2017,0.925516251215944
199,2018,0.915161995608038
200,2001,0.92300532155727
200,2002,0.931877583668355
200,2003,0.924564180736145
200,2004,0.919426998520707
200,2005,0.924652977885579
200,2006,0.918435015771641
200,2007,0.925264111488535
200,2008,0.916093493006628
200,2009,0.907189882093087
200,2010,0.901398070083411
200,2011,0.896121233351513
200,2012,0.893606731847467
200,2013,0.885178972479432
200,2014,0.878552654704175
200,2015,0.865516351067129
200,2016,0.873556765288623
200,2017,0.865704931858875
200,2018,0.868157857609712
202,2001,0.892692748573952
202,2002,0.897392997270684
202,2003,0.896988403493226
202,2004,0.895858653007375
202,2005,0.896673446949708
202,2006,0.891201185502089
202,2007,0.89398692790835
202,2008,0.892361634998549
202,2009,0.8931417541791
202,2010,0.894260753705846
202,2011,0.889763668919294
202,2012,0.888060675715872
202,2013,0.889397143126474
202,2014,0.886945107841477
202,2015,0.888413624703273
202,2016,0.883894792881493
202,2017,0.875348411097714
202,2018,0.880687104924885
203,2001,0.915672669534045
203,2002,0.923537873515862
203,2003,0.931616201745032
203,2004,0.929532051393295
203,2005,0.928319506414776
203,2006,0.931829277363489
203,2007,0.939554763163884
203,2008,0.930470204594207
203,2009,0.927847629300213
203,2010,0.928473750158656
203,2011,0.924560046626438
203,2012,0.916761234200398
203,2013,0.899184966537152
203,2014,0.883180672759802
203,2015,0.862229123543548
203,2016,0.853246797421697
203,2017,0.849297014543517
203,2018,0.848567868089031
204,2001,0.971134026013292
204,2002,0.971432411905717
204,2003,0.970536408407519
204,2004,0.974420408993704
204,2005,0.977136665134508
204,2006,0.978855219567363
204,2007,0.978262489552703
204,2008,0.981868399235361
204,2009,0.982917865317744
204,2010,0.982344903681066
204,2011,0.974622004472103
204,2012,0.974581215051282
204,2013,0.977104470066084
204,2014,0.977140592453606
204,2015,0.979201232218087
204,2016,0.979190903292154
204,2017,0.981155713629973
204,2018,0.982237552755567
205,2001,0.859639564210538
205,2002,0.856272103187041
205,2003,0.86188410442004
205,2004,0.854343000120808
205,2005,0.868304584642167
205,2006,0.866052994136738
205,2007,0.865211356938533
205,2008,0.866385367055464
205,2009,0.866718565219395
205,2010,0.868830644039999
205,2011,0.861832605114067
205,2012,0.86686108240409
205,2013,0.862583274572047
205,2014,0.867344824252732
205,2015,0.880495740651953
205,2016,0.881544079599705
205,2017,0.881617396709526
205,2018,0.891501666393483
206,2001,0.869370317289804
206,2002,0.871369736817486
206,2003,0.865639680562277
206,2004,0.855435220842824
206,2005,0.838595111185794
206,2006,0.829372349317998
206,2007,0.817288553897244
206,2008,0.81909020200808
206,2009,0.813388915820103
206,2010,0.80226595066732
206,2011,0.794396387044631
206,2012,0.789292745926497
206,2013,0.774210220163474
206,2014,0.75713468143876
206,2015,0.76287668761933
206,2016,0.763420988101341
206,2017,0.754335686286575
206,2018,0.780775076802508
207,2001,0.683067189842227
207,2002,0.676499963156749
207,2003,0.675533027606299
207,2004,0.655430271264847
207,2005,0.638936222392727
207,2006,0.623800163428338
207,2007,0.610375605497815
207,2008,0.601199815479171
207,2009,0.601802219958524
207,2010,0.600106799103599
207,2011,0.596663510795407
207,2012,0.606639761907192
207,2013,0.611080018544949
207,2014,0.647898073648741
207,2015,0.642284789993159
207,2016,0.643028176210433
207,2017,0.639893059342988
207,2018,0.613092065971696
208,2001,0.867587697270118
208,2002,0.89140732063358
208,2003,0.872696834343208
208,2004,0.890867450330383
208,2005,0.877077699542864
208,2006,0.829152058165089
208,2007,0.837089192627295
208,2008,0.813915722258208
208,2009,0.812008386065458
208,2010,0.807787702575498
208,2011,0.785517221960451
208,2012,0.746880042760564
208,2013,0.692799454887734
208,2014,0.640088205441648
208,2015,0.595129990744452
208,2016,0.561662917067752
208,2017,0.535616169580161
208,2018,0.543188577447633
209,2001,0.665298474408296
209,2002,0.675928372472978
209,2003,0.68935444741065
209,2004,0.677288287081898
209,2005,0.696798450423657
209,2006,0.701743440320633
209,2007,0.743001901361971
209,2008,0.741927556779221
209,2009,0.73119203663143
209,2010,0.741578915230135
209,2011,0.718832133591392
209,2012,0.711489614827838
209,2013,0.705592869832234
209,2014,0.720939522323735
209,2015,0.761819011593447
209,2016,0.751367242678067
209,2017,0.756581029461593
209,2018,0.718982158514283
210,2001,0.854814040321188
210,2002,0.916149748461252
210,2003,0.950478845865036
210,2004,0.943960512499399
210,2005,0.93443754308313
210,2006,0.91491580258222
210,2007,0.879697423884965
210,2008,0.90869526851035
210,2009,0.884341060160873
210,2010,0.884074678033997
210,2011,0.793894467908216
210,2012,0.813696047425661
210,2013,0.802568435274008
210,2014,0.840946121123435
210,2015,0.814472165594632
210,2016,0.818424461485004
210,2017,0.846603465062286
210,2018,0.88104183702725
212,2001,0.727793410031903
212,2002,0.722877835650092
212,2003,0.718488271164031
212,2004,0.712289685499395
212,2005,0.706604857765633
212,2006,0.702759164737296
212,2007,0.698708528098712
212,2008,0.69329571337705
212,2009,0.689524906783178
212,2010,0.68463823296772
212,2011,0.681824019513633
212,2012,0.677565609142906
212,2013,0.674036486315298
212,2014,0.672667383131017
212,2015,0.670341889873778
212,2016,0.665788391268567
212,2017,0.659282566441104
212,2018,0.654977819970806
214,2001,0.819354487038091
214,2002,0.825322016675359
214,2003,0.753206131702682
214,2004,0.740368285832214
214,2005,0.729021116946367
214,2006,0.720306571850416
214,2007,0.748128861081266
214,2008,0.74110854432684
214,2009,0.737946990562345
214,2010,0.733745857566687
214,2011,0.71780501702424
214,2012,0.712490789804939
214,2013,0.710364360133163
214,2014,0.715093077196674
214,2015,0.715225059282405
214,2016,0.719185231089937
214,2017,0.727386857997376
214,2018,0.779764106022995
215,2001,0.861163137849371
215,2002,0.86543086371014
215,2003,0.860591012805783
215,2004,0.860233338427933
215,2005,0.852460720544121
215,2006,0.855337708492593
215,2007,0.858300492881524
215,2008,0.852793216856663
215,2009,0.862056249579161
215,2010,0.84468546637744
215,2011,0.844987526888437
215,2012,0.841652126214607
215,2013,0.839622254200575
215,2014,0.838481272447409
215,2015,0.838809831824062
215,2016,0.838809831824062
215,2017,0.839697349238024
215,2018,0.839814791705099
216,2001,0.891135129178449
216,2002,0.893918743542205
216,2003,0.886996141696542
216,2004,0.874996028388945
216,2005,0.866053919797537
216,2006,0.861233254967925
216,2007,0.852875835911264
216,2008,0.853809528663087
216,2009,0.8479141642784
216,2010,0.842864652257742
216,2011,0.841038236961025
216,2012,0.838991240819186
216,2013,0.827946932983378
216,2014,0.820164419643045
216,2015,0.828683770363705
216,2016,0.827241709565099
216,2017,0.828049180777565
216,2018,0.841850644183298
218,2001,0.986329998871358
218,2002,0.985451271263177
218,2003,0.908745527467944
218,2004,0.908804481997449
218,2005,0.902482382368863
218,2006,0.846334862647605
218,2007,0.799950553255103
218,2008,0.819891996456276
218,2009,0.834439528429212
218,2010,0.772832061166457
218,2011,0.861694128238856
218,2012,0.902379434404508
218,2013,0.887484219765258
218,2014,0.841562982312355
218,2015,0.819189478569411
218,2016,0.827250003894524
218,2017,0.841433452117359
218,2018,0.84347498547346
219,2001,0.5398985
219,2002,0.5271141
219,2003,0.5116888
219,2004,0.496609
219,2005,0.4822001
219,2006,0.46964
219,2007,0.4572729
219,2008,0.4493227
219,2009,0.4420433
219,2010,0.4362326
219,2011,0.4317628
219,2012,0.4296942
219,2013,0.4271062
219,2014,0.4272435
219,2015,0.4297057
219,2016,0.4347918
219,2017,0.4429766
219,2018,0.4570323
221,2001,0.8574566
221,2002,0.9251046
221,2003,1
221,2004,1
221,2005,1
221,2006,1
221,2007,1
221,2008,1
221,2009,1
221,2010,1
221,2011,1
221,2012,1
221,2013,1
221,2014,1
221,2015,1
221,2016,0.8722917
221,2017,0.746419
221,2018,0.6648928
222,2001,0.996311617656316
222,2002,0.99827355480261
222,2003,0.996994836439122
222,2004,0.998149624290662
222,2005,0.9988407002443
222,2006,0.998337351512125
222,2007,0.998786337446991
222,2008,0.999121330846445
222,2009,0.999262928433896
222,2010,0.999299181321991
222,2011,0.998862122987319
222,2012,0.998932469473417
222,2013,0.99712863092475
222,2014,0.998813913515372
222,2015,0.998164597772033
222,2016,0.998780841349659
222,2017,0.996320340224474
222,2018,0.998016121573851
223,2001,0.962439193103791
223,2002,0.966528887031766
223,2003,0.976553350684211
223,2004,0.996389803278389
223,2005,0.995573291153483
223,2006,0.993706410590577
223,2007,0.996083148221102
223,2008,0.996631223335657
223,2009,0.971169740877615
223,2010,0.964487900511436
223,2011,0.922747553924421
223,2012,0.933086503069453
223,2013,0.952029581640139
223,2014,0.965805137254414
223,2015,0.953580475802259
223,2016,0.98337085821074
223,2017,0.987794463956393
223,2018,0.945174786451693
224,2001,0.865324623317966
224,2002,0.954096485760405
224,2003,1
224,2004,1
224,2005,1
224,2006,0.9893016406237
224,2007,0.984252859696434
224,2008,0.980734696959623
224,2009,0.913515637829886
224,2010,0.981281605492738
224,2011,0.980039944188168
224,2012,0.88424305858443
224,2013,0.921185875071328
224,2014,0.855917401219601
224,2015,0.795996639285692
224,2016,0.653490285999739
224,2017,0.885473594073591
224,2018,0.901565050597106
227,2001,0.550253082665779
227,2002,0.621097112440985
227,2003,0.561838683797976
227,2004,0.635164700528061
227,2005,0.58972794769257
227,2006,0.546661785982114
227,2007,0.522347103340007
227,2008,0.521955276499966
227,2009,0.539653460248104
227,2010,0.483521606858959
227,2011,0.520542489555769
227,2012,0.485565354053319
227,2013,0.447709390071506
227,2014,0.50250067182193
227,2015,0.540493781681347
227,2016,0.563953504593767
227,2017,0.572159690495245
227,2018,0.573386307251966
228,2001,0.550253082665779
228,2002,0.621097112440985
228,2003,0.561838683797976
228,2004,0.635164700528061
228,2005,0.58972794769257
228,2006,0.546661785982114
228,2007,0.522347103340007
228,2008,0.521955276499966
228,2009,0.539653460248104
228,2010,0.483521606858959
228,2011,0.520542489555769
228,2012,0.485565354053319
228,2013,0.447709390071506
228,2014,0.50250067182193
228,2015,0.540493781681347
228,2016,0.563953504593767
228,2017,0.572159690495245
228,2018,0.573386307251966
231,2001,0.878347944881341
231,2002,0.85592945477345
231,2003,0.85592946152758
231,2004,0.855929459502131
231,2005,0.867252047705934
231,2006,0.855929456257198
231,2007,0.855929472007255
231,2008,0.849116763572561
231,2009,0.846382956170956
231,2010,0.844259332201348
231,2011,0.841255687944482
231,2012,0.83724687447413
231,2013,0.831696070164007
231,2014,0.824348583158102
231,2015,0.816887651499026
231,2016,0.811315506937628
231,2017,0.807076685737576
231,2018,0.805576676972503
232,2001,0.790599264964995
232,2002,0.771140605012475
232,2003,0.789948290756952
232,2004,0.744805328368403
232,2005,0.7646705214274
232,2006,0.758690585257419
232,2007,0.754098879863248
232,2008,0.750640163055816
232,2009,0.747551983923387
232,2010,0.738459581227289
232,2011,0.746913432889178
232,2012,0.769880906633018
232,2013,0.775208100126568
232,2014,0.771653777267844
232,2015,0.773006814855033
232,2016,0.770929764014067
232,2017,0.769981223760496
232,2018,0.768624218696605
244,2001,0.909741762539878
244,2002,0.903597294562615
244,2003,0.898110338955039
244,2004,0.890362106874244
244,2005,0.883256072207041
244,2006,0.878448955921621
244,2007,0.873385660123389
244,2008,0.866619641721312
244,2009,0.861906133478972
244,2010,0.85579779120965
244,2011,0.852280024392041
244,2012,0.846957011428632
244,2013,0.842545607894122
244,2014,0.840834228913771
244,2015,0.837927362342222
244,2016,0.832235489085709
244,2017,0.82410320805138
244,2018,0.818722274963507
245,2001,0.909741762539878
245,2002,0.903597294562615
245,2003,0.898110338955039
245,2004,0.890362106874244
245,2005,0.883256072207041
245,2006,0.87844895592162
245,2007,0.873385660123389
245,2008,0.866619641721312
245,2009,0.861906133478972
245,2010,0.85579779120965
245,2011,0.852280024392041
245,2012,0.846957011428632
245,2013,0.842545607894122
245,2014,0.840834228913771
245,2015,0.837927362342222
245,2016,0.832235489085709
245,2017,0.82410320805138
245,2018,0.818722274963507
247,2001,0.815290938015816
247,2002,0.827116500668326
247,2003,0.844039783813631
247,2004,0.840125580262661
247,2005,0.843587609118296
247,2006,0.876974161267356
247,2007,0.849472201137868
247,2008,0.80510179402583
247,2009,0.790092742047227
247,2010,0.768946839046454
247,2011,0.761309198521028
247,2012,0.726225742794419
247,2013,0.698502595798124
247,2014,0.652359801972963
247,2015,0.59889184539762
247,2016,0.532014400314302
247,2017,0.560849489127313
247,2018,0.753533424797584
250,2001,0.77762335006292
250,2002,0.788311909364818
250,2003,0.80180693822579
250,2004,0.782710934629033
250,2005,0.757606270901293
250,2006,0.750379839828487
250,2007,0.728266461716801
250,2008,0.722864809993362
250,2009,0.693641248404202
250,2010,0.622189093333333
250,2011,0.624284026666667
250,2012,0.626708826666667
250,2013,0.630726133333333
250,2014,0.63639192
250,2015,0.64197568
250,2016,0.612697973333333
250,2017,0.583587333333333
250,2018,0.566801466666667
