"rgn_id","product","year","rel_sust_tonnes"
7,"seaweeds",2004,0.146399055489965
7,"seaweeds",2005,0.184795441712438
7,"seaweeds",2006,0.161798675632668
7,"seaweeds",2007,0.139862772273839
7,"seaweeds",2008,0.1280563968311
7,"seaweeds",2009,0.15842786989032
7,"seaweeds",2010,0.281419502763376
7,"seaweeds",2011,0.417278373800113
7,"seaweeds",2012,0.541998186266961
7,"seaweeds",2013,0.708468080009582
7,"seaweeds",2014,0.816658966856595
7,"seaweeds",2015,0.923224338244101
7,"seaweeds",2016,1
7,"seaweeds",2017,0.849597043272933
7,"seaweeds",2018,0.707526992111972
7,"seaweeds",2019,0.566363807470527
7,"seaweeds",2020,0.457710932019232
7,"seaweeds",2021,0.621882432455555
7,"seaweeds",2022,0.757726331639375
7,"seaweeds",2023,0.652968875656623
9,"seaweeds",2004,1
9,"seaweeds",2005,1
9,"seaweeds",2006,1
9,"seaweeds",2007,1
9,"seaweeds",2008,1
9,"seaweeds",2009,1
9,"seaweeds",2010,1
9,"seaweeds",2011,0
9,"seaweeds",2012,0
9,"seaweeds",2013,0
9,"seaweeds",2014,0
9,"seaweeds",2015,0
9,"seaweeds",2016,0
9,"seaweeds",2017,0
9,"seaweeds",2018,0
9,"seaweeds",2019,0
9,"seaweeds",2020,0
9,"seaweeds",2021,0
9,"seaweeds",2022,0
9,"seaweeds",2023,0
14,"seaweeds",2004,1
14,"seaweeds",2005,1
14,"seaweeds",2006,1
14,"seaweeds",2007,1
14,"seaweeds",2008,1
14,"seaweeds",2009,1
14,"seaweeds",2010,1
14,"seaweeds",2011,1
14,"seaweeds",2012,1
14,"seaweeds",2013,1
14,"seaweeds",2014,1
14,"seaweeds",2015,0.661305368180229
14,"seaweeds",2016,0.484870419603696
14,"seaweeds",2017,0.281852845881277
14,"seaweeds",2018,0.276550814643786
14,"seaweeds",2019,0.303973001099674
14,"seaweeds",2020,0.336173638995041
14,"seaweeds",2021,0.332442330298345
14,"seaweeds",2022,0.312811669187631
14,"seaweeds",2023,0.275608701330985
15,"seaweeds",2004,0.718630329176016
15,"seaweeds",2005,0.75847506251737
15,"seaweeds",2006,0.798111533065628
15,"seaweeds",2007,0.823112613708192
15,"seaweeds",2008,0.892342798291395
15,"seaweeds",2009,0.952658384282456
15,"seaweeds",2010,1
15,"seaweeds",2011,1
15,"seaweeds",2012,1
15,"seaweeds",2013,1
15,"seaweeds",2014,1
15,"seaweeds",2015,0.959696650419267
15,"seaweeds",2016,0.908505962106207
15,"seaweeds",2017,0.887900218120732
15,"seaweeds",2018,0.877746207235971
15,"seaweeds",2019,0.868201555071796
15,"seaweeds",2020,0.878380138868482
15,"seaweeds",2021,0.868095568665795
15,"seaweeds",2022,0.878273470956629
15,"seaweeds",2023,0.897174808045845
16,"seaweeds",2004,1
16,"seaweeds",2005,1
16,"seaweeds",2006,1
16,"seaweeds",2007,1
16,"seaweeds",2008,1
16,"seaweeds",2009,1
16,"seaweeds",2010,1
16,"seaweeds",2011,1
16,"seaweeds",2012,1
16,"seaweeds",2013,1
16,"seaweeds",2014,1
16,"seaweeds",2015,0.656696985256363
16,"seaweeds",2016,0.599281156018485
16,"seaweeds",2017,0.630272133793002
16,"seaweeds",2018,0.61193427712169
16,"seaweeds",2019,0.700088021712022
16,"seaweeds",2020,0.6543405706741
16,"seaweeds",2021,0.574754272720604
16,"seaweeds",2022,0.56123743856818
16,"seaweeds",2023,0.486158585784494
17,"seaweeds",2010,0.05
17,"seaweeds",2011,0.0875
17,"seaweeds",2012,0.291666666666667
17,"seaweeds",2013,0.46875
17,"seaweeds",2014,0.70625
17,"seaweeds",2015,0.925
17,"seaweeds",2016,1
17,"seaweeds",2017,0.9375
17,"seaweeds",2018,0.78125
17,"seaweeds",2019,0.59375
17,"seaweeds",2020,0.40625
17,"seaweeds",2021,0.28125
17,"seaweeds",2022,0.2625
17,"seaweeds",2023,0.28125
18,"seaweeds",2004,0.810810810810811
18,"seaweeds",2005,0.810810810810811
18,"seaweeds",2006,1
18,"seaweeds",2007,1
18,"seaweeds",2008,1
18,"seaweeds",2009,1
18,"seaweeds",2010,1
18,"seaweeds",2011,0.95045045045045
18,"seaweeds",2012,0.846846846846847
18,"seaweeds",2013,0.725225225225225
18,"seaweeds",2014,0.945945945945946
18,"seaweeds",2015,1
18,"seaweeds",2016,0.828828828828829
18,"seaweeds",2017,0.797297297297297
18,"seaweeds",2018,0.391891891891892
18,"seaweeds",2019,0.202702702702703
18,"seaweeds",2020,0.251981981981982
18,"seaweeds",2021,0.23981981981982
18,"seaweeds",2022,0.199279279279279
18,"seaweeds",2023,0.303783783783784
20,"seaweeds",2004,0.0907421918378283
20,"seaweeds",2005,0.144336900923145
20,"seaweeds",2006,0.203362634574262
20,"seaweeds",2007,0.247038819982208
20,"seaweeds",2008,0.333809774495314
20,"seaweeds",2009,0.398126347693006
20,"seaweeds",2010,0.414422318762089
20,"seaweeds",2011,0.420079327934402
20,"seaweeds",2012,0.429561584284001
20,"seaweeds",2013,0.457150263996292
20,"seaweeds",2014,0.501207822442684
20,"seaweeds",2015,0.563712447929122
20,"seaweeds",2016,0.599499941798563
20,"seaweeds",2017,0.670914514840657
20,"seaweeds",2018,0.748560243966527
20,"seaweeds",2019,0.833571216531488
20,"seaweeds",2020,0.934026635400936
20,"seaweeds",2021,0.984640550150064
20,"seaweeds",2022,0.996505205758455
20,"seaweeds",2023,1
21,"seaweeds",2004,0.740121605863735
21,"seaweeds",2005,0.740121605863735
21,"seaweeds",2006,0.740124382253318
21,"seaweeds",2007,0.740125770448109
21,"seaweeds",2008,0.740127852740296
21,"seaweeds",2009,0.740129935032484
21,"seaweeds",2010,0.740171580876228
21,"seaweeds",2011,0.740213226719973
21,"seaweeds",2012,0.740254872563718
21,"seaweeds",2013,0.740338164251208
21,"seaweeds",2014,0.763576545060803
21,"seaweeds",2015,0.786814925870398
21,"seaweeds",2016,0.830917874396135
21,"seaweeds",2017,0.874979177078127
21,"seaweeds",2018,0.916666666666667
21,"seaweeds",2019,0.958354156255206
21,"seaweeds",2020,0.979177078127603
21,"seaweeds",2021,1
21,"seaweeds",2022,1
21,"seaweeds",2023,1
24,"seaweeds",2004,1
24,"seaweeds",2005,1
24,"seaweeds",2006,1
24,"seaweeds",2007,1
24,"seaweeds",2008,1
24,"seaweeds",2009,0.914707857622566
24,"seaweeds",2010,0.00641743153496008
24,"seaweeds",2011,0.00641743153496008
24,"seaweeds",2012,0.0101484963808671
24,"seaweeds",2013,0.0101484963808671
24,"seaweeds",2014,0.00373106484590702
24,"seaweeds",2015,0.0305947317364376
24,"seaweeds",2016,0.32706514439221
24,"seaweeds",2017,0.461383478844862
24,"seaweeds",2018,0.744123572867696
24,"seaweeds",2019,1
24,"seaweeds",2020,0.834116856950974
24,"seaweeds",2021,0.834116856950974
24,"seaweeds",2022,0.685695097380792
24,"seaweeds",2023,0.537273337810611
25,"seaweeds",2004,0.238845144356955
25,"seaweeds",2005,0.460629921259842
25,"seaweeds",2006,0.999562554680665
25,"seaweeds",2007,0.943569553805774
25,"seaweeds",2008,1
25,"seaweeds",2009,1
25,"seaweeds",2010,0.729330708661417
25,"seaweeds",2011,0.686023622047244
25,"seaweeds",2012,0.622703412073491
25,"seaweeds",2013,0.700459317585302
25,"seaweeds",2014,0.753280839895013
25,"seaweeds",2015,0.909120734908136
25,"seaweeds",2016,1
25,"seaweeds",2017,0.947178477690289
25,"seaweeds",2018,0.922900262467191
25,"seaweeds",2019,0.731922572178478
25,"seaweeds",2020,0.602267060367454
25,"seaweeds",2021,0.540364173228346
25,"seaweeds",2022,0.466732283464567
25,"seaweeds",2023,0.464251968503937
37,"seaweeds",2004,0.0378071833648393
37,"seaweeds",2005,0.0378071833648393
37,"seaweeds",2006,0.0252047889098929
37,"seaweeds",2007,0.0189035916824197
37,"seaweeds",2008,0.00945179584120983
37,"seaweeds",2009,0
37,"seaweeds",2010,0
37,"seaweeds",2011,0
37,"seaweeds",2012,0
37,"seaweeds",2013,0
37,"seaweeds",2014,0.00945179584120983
37,"seaweeds",2015,0.0189035916824197
37,"seaweeds",2016,0.0283553875236295
37,"seaweeds",2017,0.0283553875236295
37,"seaweeds",2018,0.0283553875236295
37,"seaweeds",2019,0.916824196597353
37,"seaweeds",2020,0.965973534971645
37,"seaweeds",2021,1
37,"seaweeds",2022,1
37,"seaweeds",2023,0.108695652173913
40,"seaweeds",2004,0.00615564653736427
40,"seaweeds",2005,0.0102143145839781
40,"seaweeds",2006,0.0158513535376084
40,"seaweeds",2007,0.0146112049678097
40,"seaweeds",2008,0.0442056594743687
40,"seaweeds",2009,0.0558743301083834
40,"seaweeds",2010,0.0641607773702199
40,"seaweeds",2011,0.0726163358006653
40,"seaweeds",2012,0.0467423270035023
40,"seaweeds",2013,0.0467423270035023
40,"seaweeds",2014,0.0543692407077641
40,"seaweeds",2015,0.840110463415335
40,"seaweeds",2016,0.868167697399239
40,"seaweeds",2017,0.968785460498168
40,"seaweeds",2018,1
40,"seaweeds",2019,0.244399799095932
40,"seaweeds",2020,0.281684245772644
40,"seaweeds",2021,0.202327138791227
40,"seaweeds",2022,0.193788715888163
40,"seaweeds",2023,0.441938724259166
41,"seaweeds",2004,1
41,"seaweeds",2005,1
41,"seaweeds",2006,1
41,"seaweeds",2007,1
41,"seaweeds",2008,1
41,"seaweeds",2009,1
41,"seaweeds",2010,1
41,"seaweeds",2011,1
41,"seaweeds",2012,1
41,"seaweeds",2013,0
41,"seaweeds",2014,0
41,"seaweeds",2015,0
41,"seaweeds",2016,0
41,"seaweeds",2017,0
41,"seaweeds",2018,0
41,"seaweeds",2019,0
41,"seaweeds",2020,0
41,"seaweeds",2021,0
41,"seaweeds",2022,0
41,"seaweeds",2023,0
42,"seaweeds",2004,0.0505163002682573
42,"seaweeds",2005,0.0536735690350234
42,"seaweeds",2006,0.147339209115751
42,"seaweeds",2007,0.168124561830294
42,"seaweeds",2008,0.213115641756711
42,"seaweeds",2009,0.255738770108053
42,"seaweeds",2010,0.235216523124073
42,"seaweeds",2011,0.20441736630427
42,"seaweeds",2012,0.168898092678152
42,"seaweeds",2013,0.168503434082306
42,"seaweeds",2014,0.215388875268782
42,"seaweeds",2015,0.431314486227915
42,"seaweeds",2016,0.684259073477379
42,"seaweeds",2017,0.902618938655689
42,"seaweeds",2018,0.876839839175044
42,"seaweeds",2019,0.774032695728168
42,"seaweeds",2020,0.626612081699381
42,"seaweeds",2021,0.535853233729923
42,"seaweeds",2022,0.701285434619357
42,"seaweeds",2023,1
43,"seaweeds",2004,0
43,"seaweeds",2005,0.656814449917898
43,"seaweeds",2006,0.438241196861887
43,"seaweeds",2007,0.328954570333881
43,"seaweeds",2008,0.328954570333881
43,"seaweeds",2009,0.000547345374931582
43,"seaweeds",2010,0.0101258894362343
43,"seaweeds",2011,0.0492610837438424
43,"seaweeds",2012,0.147783251231527
43,"seaweeds",2013,0.246305418719212
43,"seaweeds",2014,0.334975369458128
43,"seaweeds",2015,0.369458128078818
43,"seaweeds",2016,0.357142857142857
43,"seaweeds",2017,0.38423645320197
43,"seaweeds",2018,0.443349753694581
43,"seaweeds",2019,0.556650246305419
43,"seaweeds",2020,0.679802955665025
43,"seaweeds",2021,0.807881773399015
43,"seaweeds",2022,0.911330049261084
43,"seaweeds",2023,1
50,"seaweeds",2005,1
50,"seaweeds",2006,1
50,"seaweeds",2007,1
50,"seaweeds",2008,1
50,"seaweeds",2009,1
50,"seaweeds",2010,1
50,"seaweeds",2011,1
50,"seaweeds",2012,1
50,"seaweeds",2013,0
50,"seaweeds",2014,0
50,"seaweeds",2015,0
50,"seaweeds",2016,0
50,"seaweeds",2017,0
50,"seaweeds",2018,0
50,"seaweeds",2019,0
50,"seaweeds",2020,0
50,"seaweeds",2021,0
50,"seaweeds",2022,0
50,"seaweeds",2023,0
52,"seaweeds",2018,0.995024875621891
52,"seaweeds",2019,1
52,"seaweeds",2020,0.910210850509358
52,"seaweeds",2021,0.862828713574982
52,"seaweeds",2022,0.74591329068941
52,"seaweeds",2023,0.721037668798863
53,"seaweeds",2004,0.00571102227298687
53,"seaweeds",2005,0.00285551113649343
53,"seaweeds",2006,0.00190367409099562
53,"seaweeds",2007,0.629640205596802
53,"seaweeds",2008,0.628212450028555
53,"seaweeds",2009,1
53,"seaweeds",2010,1
53,"seaweeds",2011,0.515419760137065
53,"seaweeds",2012,0.515419760137065
53,"seaweeds",2013,0.00142775556824672
53,"seaweeds",2014,0
53,"seaweeds",2015,0.0713877784123358
53,"seaweeds",2016,0.128498001142204
53,"seaweeds",2017,0.256996002284409
53,"seaweeds",2018,0.271273557966876
53,"seaweeds",2019,0.305968018275271
53,"seaweeds",2020,0.248857795545403
53,"seaweeds",2021,0.486436322101656
53,"seaweeds",2022,1
53,"seaweeds",2023,0.990148486579098
54,"seaweeds",2004,0.097745738896695
54,"seaweeds",2005,0.0488728694483475
54,"seaweeds",2006,0.71680208524243
54,"seaweeds",2007,0.537601563931822
54,"seaweeds",2008,0.519274237888692
54,"seaweeds",2009,1
54,"seaweeds",2010,1
54,"seaweeds",2011,1
54,"seaweeds",2012,1
54,"seaweeds",2013,0.470401368440345
54,"seaweeds",2014,0.140509499663999
54,"seaweeds",2015,0
54,"seaweeds",2016,0
54,"seaweeds",2017,0
54,"seaweeds",2018,0.109963956258782
54,"seaweeds",2019,0.350418473944651
54,"seaweeds",2020,0.57242348341377
54,"seaweeds",2021,0.913250656729183
54,"seaweeds",2022,1
54,"seaweeds",2023,0.90158225914839
59,"seaweeds",2004,0.565071220771817
59,"seaweeds",2005,1
59,"seaweeds",2006,1
59,"seaweeds",2007,0.962465521433302
59,"seaweeds",2008,0.971268559739095
59,"seaweeds",2009,0.525247952245613
59,"seaweeds",2010,0.5185408754412
59,"seaweeds",2011,0.580162143581747
59,"seaweeds",2012,0.567586374573472
59,"seaweeds",2013,0.685798603251256
59,"seaweeds",2014,0.822874485441451
59,"seaweeds",2015,0.869824023072344
59,"seaweeds",2016,0.913000830000754
59,"seaweeds",2017,0.874854330675654
59,"seaweeds",2018,0.812813870234832
59,"seaweeds",2019,0.852846734911173
59,"seaweeds",2020,0.997287825817215
59,"seaweeds",2021,1
59,"seaweeds",2022,0.986619381775195
59,"seaweeds",2023,0.865313513921376
61,"seaweeds",2004,0.0208192369749649
61,"seaweeds",2005,1
61,"seaweeds",2006,1
61,"seaweeds",2007,1
61,"seaweeds",2008,1
61,"seaweeds",2009,1
61,"seaweeds",2010,0.754697340342476
61,"seaweeds",2011,0.525685733617863
61,"seaweeds",2012,0.44266902618019
61,"seaweeds",2013,0.302399417061365
61,"seaweeds",2014,0.273772966220788
61,"seaweeds",2015,0.432519648154895
61,"seaweeds",2016,0.763025035132462
61,"seaweeds",2017,0.978764378285536
61,"seaweeds",2018,1
61,"seaweeds",2019,0.907302347368969
61,"seaweeds",2020,0.653776089106334
61,"seaweeds",2021,0.63555925675324
61,"seaweeds",2022,0.688570238900744
61,"seaweeds",2023,0.788398480195701
62,"seaweeds",2004,1
62,"seaweeds",2005,1
62,"seaweeds",2006,1
62,"seaweeds",2007,1
62,"seaweeds",2008,1
62,"seaweeds",2009,1
62,"seaweeds",2010,1
62,"seaweeds",2011,1
62,"seaweeds",2012,1
62,"seaweeds",2013,1
62,"seaweeds",2014,0.994238777023558
62,"seaweeds",2015,1
62,"seaweeds",2016,0.932411157378358
62,"seaweeds",2017,0.795459471792824
62,"seaweeds",2018,0.713610176259198
62,"seaweeds",2019,0.717575152586846
62,"seaweeds",2020,0.665379613256517
62,"seaweeds",2021,0.642334150932634
62,"seaweeds",2022,0.647371513319263
62,"seaweeds",2023,0.683062217014315
66,"seaweeds",2004,1
66,"seaweeds",2005,1
66,"seaweeds",2006,1
66,"seaweeds",2007,0.7679769894535
66,"seaweeds",2008,0.24065196548418
66,"seaweeds",2009,0.346116970278044
66,"seaweeds",2010,0.48993288590604
66,"seaweeds",2011,0.671140939597315
66,"seaweeds",2012,1
66,"seaweeds",2013,1
66,"seaweeds",2014,0.958772770853308
66,"seaweeds",2015,0.834132310642378
66,"seaweeds",2016,0.709491850431448
66,"seaweeds",2017,0.651965484180249
66,"seaweeds",2018,0.891658676893576
66,"seaweeds",2019,1
66,"seaweeds",2020,0.693192713326942
66,"seaweeds",2021,0.405560882070949
66,"seaweeds",2022,0.16960690316395
66,"seaweeds",2023,0.0152444870565676
68,"seaweeds",2017,0.00949066751028156
68,"seaweeds",2018,0.00949066751028156
68,"seaweeds",2019,1
68,"seaweeds",2020,0.75
68,"seaweeds",2021,0.74762733312243
68,"seaweeds",2022,0.745254666244859
68,"seaweeds",2023,0
69,"seaweeds",2004,0.0688950742111649
69,"seaweeds",2005,0.0391524178592595
69,"seaweeds",2006,0.0277445861376158
69,"seaweeds",2007,0.022040670276794
69,"seaweeds",2008,0.0126583696467979
69,"seaweeds",2009,0.0182594181630801
69,"seaweeds",2010,0.0651962047295254
69,"seaweeds",2011,0.13117655625133
69,"seaweeds",2012,0.198389138446717
69,"seaweeds",2013,0.314778926615062
69,"seaweeds",2014,0.376390460294167
69,"seaweeds",2015,0.446963671599323
69,"seaweeds",2016,0.48281038210353
69,"seaweeds",2017,0.433521155160246
69,"seaweeds",2018,0.51417625379471
69,"seaweeds",2019,0.491604028274093
69,"seaweeds",2020,0.47582027355521
69,"seaweeds",2021,0.528794990422207
69,"seaweeds",2022,0.663276165298144
69,"seaweeds",2023,1
70,"seaweeds",2004,1
70,"seaweeds",2005,1
70,"seaweeds",2006,1
70,"seaweeds",2007,1
70,"seaweeds",2008,1
70,"seaweeds",2009,1
70,"seaweeds",2010,1
70,"seaweeds",2011,1
70,"seaweeds",2012,1
70,"seaweeds",2013,1
70,"seaweeds",2014,1
70,"seaweeds",2015,0.66412213740458
70,"seaweeds",2016,0.553435114503817
70,"seaweeds",2017,0.251908396946565
70,"seaweeds",2018,0.290076335877863
70,"seaweeds",2019,0.293511450381679
70,"seaweeds",2020,0.255725190839695
70,"seaweeds",2021,0.261068702290076
70,"seaweeds",2022,0.215648854961832
70,"seaweeds",2023,0.406870229007634
71,"seaweeds",2004,0.00124879023446037
71,"seaweeds",2005,0.000624395117230183
71,"seaweeds",2006,0.000416263411486789
71,"seaweeds",2007,0.0466694444294571
71,"seaweeds",2008,0.046357246870842
71,"seaweeds",2009,0.0619671248015966
71,"seaweeds",2010,0.0869429294908039
71,"seaweeds",2011,0.0561955605507165
71,"seaweeds",2012,0.0624395117230183
71,"seaweeds",2013,0.0530735849645656
71,"seaweeds",2014,0.0405856826199619
71,"seaweeds",2015,0.0437076582061128
71,"seaweeds",2016,0.0627517092816334
71,"seaweeds",2017,0.0721176360400862
71,"seaweeds",2018,0.0814835627985389
71,"seaweeds",2019,0.168118385314227
71,"seaweeds",2020,0.307982891573788
71,"seaweeds",2021,0.492460428959445
71,"seaweeds",2022,0.735755986388187
71,"seaweeds",2023,1
72,"seaweeds",2004,0.00737686861582542
72,"seaweeds",2005,0.00922108576978177
72,"seaweeds",2006,0.00639328613371536
72,"seaweeds",2007,0.0057170731772647
72,"seaweeds",2008,0.00479496460028652
72,"seaweeds",2009,0.0167823761010028
72,"seaweeds",2010,0.228682927090588
72,"seaweeds",2011,1
72,"seaweeds",2012,1
72,"seaweeds",2013,1
72,"seaweeds",2014,1
72,"seaweeds",2015,0.00707348430989864
72,"seaweeds",2016,0.0126983466294655
72,"seaweeds",2017,0.0170590086740963
72,"seaweeds",2018,0.0135549960815792
72,"seaweeds",2019,0.0136840912823562
72,"seaweeds",2020,0.00825287176395469
72,"seaweeds",2021,0.00143848938008596
72,"seaweeds",2022,0.00190876475434483
72,"seaweeds",2023,0.00334725413443078
73,"seaweeds",2004,0.0138473755119157
73,"seaweeds",2005,0.0112956039936116
73,"seaweeds",2006,0.0172616339070358
73,"seaweeds",2007,0.0156229088410853
73,"seaweeds",2008,0.0144808572524737
73,"seaweeds",2009,0.0188884626022716
73,"seaweeds",2010,0.0170683178829219
73,"seaweeds",2011,0.0217168247396925
73,"seaweeds",2012,0.0335299208593938
73,"seaweeds",2013,0.0326644598898991
73,"seaweeds",2014,0.048474736569741
73,"seaweeds",2015,0.0593153043835152
73,"seaweeds",2016,0.0667743288216347
73,"seaweeds",2017,0.0745813221031594
73,"seaweeds",2018,0.0936839193782957
73,"seaweeds",2019,0.169853406971868
73,"seaweeds",2020,0.334130390171218
73,"seaweeds",2021,0.533507615164304
73,"seaweeds",2022,0.748775417339555
73,"seaweeds",2023,1
74,"seaweeds",2012,0.363636363636364
74,"seaweeds",2013,0.181818181818182
74,"seaweeds",2014,0.121212121212121
74,"seaweeds",2015,0.0909090909090909
74,"seaweeds",2016,0
74,"seaweeds",2017,0
74,"seaweeds",2018,0
74,"seaweeds",2019,0.454545454545455
74,"seaweeds",2020,0.454545454545455
74,"seaweeds",2021,0.818181818181818
74,"seaweeds",2022,1
74,"seaweeds",2023,0.727272727272727
75,"seaweeds",2004,0.583129017295076
75,"seaweeds",2005,0.3843350341263
75,"seaweeds",2006,0.300399796788373
75,"seaweeds",2007,0.364455635809423
75,"seaweeds",2008,0.311443906964416
75,"seaweeds",2009,0.311443906964416
75,"seaweeds",2010,0.305480087469353
75,"seaweeds",2011,0.179577231462461
75,"seaweeds",2012,0.0940958186998874
75,"seaweeds",2013,0.0947584653104499
75,"seaweeds",2014,0.0947584653104499
75,"seaweeds",2015,0.142469021270956
75,"seaweeds",2016,0.281624809489099
75,"seaweeds",2017,0.373732688357299
75,"seaweeds",2018,0.545358160493009
75,"seaweeds",2019,0.748856934596779
75,"seaweeds",2020,0.88628984162746
75,"seaweeds",2021,1
75,"seaweeds",2022,0.938506394539792
75,"seaweeds",2023,0.813266185143463
76,"seaweeds",2004,0.145590832102058
76,"seaweeds",2005,0.130455151536992
76,"seaweeds",2006,0.288779175225534
76,"seaweeds",2007,0.26018955638041
76,"seaweeds",2008,0.281451583840859
76,"seaweeds",2009,0.25622544956575
76,"seaweeds",2010,0.137662618472738
76,"seaweeds",2011,0.209376914483405
76,"seaweeds",2012,0.162528379401059
76,"seaweeds",2013,0.17694331327255
76,"seaweeds",2014,0.169375472990018
76,"seaweeds",2015,0.0619842156474107
76,"seaweeds",2016,0.0763991495189016
76,"seaweeds",2017,0.155681285812101
76,"seaweeds",2018,0.498035965260009
76,"seaweeds",2019,0.498504450610833
76,"seaweeds",2020,0.488450034235468
76,"seaweeds",2021,0.859814768099751
76,"seaweeds",2022,0.770910663447331
76,"seaweeds",2023,1
77,"seaweeds",2014,0.470772852098862
77,"seaweeds",2015,0.235386426049431
77,"seaweeds",2016,0.156924284032954
77,"seaweeds",2017,0.117693213024716
77,"seaweeds",2018,0.00728321716582704
77,"seaweeds",2019,0.00728321716582704
77,"seaweeds",2020,0.0237602669892872
77,"seaweeds",2021,0.0237602669892872
77,"seaweeds",2022,0.992938407218517
77,"seaweeds",2023,1
78,"seaweeds",2004,1
78,"seaweeds",2005,0.767985371707206
78,"seaweeds",2006,0.536370735795509
78,"seaweeds",2007,0.42056341783966
78,"seaweeds",2008,0.237709757909373
78,"seaweeds",2009,0.402278051846632
78,"seaweeds",2010,0.56684634578389
78,"seaweeds",2011,0.749700005714177
78,"seaweeds",2012,0.786270737700234
78,"seaweeds",2013,0.639987809756005
78,"seaweeds",2014,0.511990247804804
78,"seaweeds",2015,0.513156095798948
78,"seaweeds",2016,0.34858780186169
78,"seaweeds",2017,0.531441461791977
78,"seaweeds",2018,0.696009755729235
78,"seaweeds",2019,0.585131711776919
78,"seaweeds",2020,0.553189463057847
78,"seaweeds",2021,0.631587969752957
78,"seaweeds",2022,0.83590788746881
78,"seaweeds",2023,1
79,"seaweeds",2004,0.723148684491326
79,"seaweeds",2005,0.487332703271242
79,"seaweeds",2006,0.562279605296586
79,"seaweeds",2007,0.536043108441816
79,"seaweeds",2008,0.46958172006951
79,"seaweeds",2009,0.582009694826377
79,"seaweeds",2010,0.769816469010091
79,"seaweeds",2011,1
79,"seaweeds",2012,1
79,"seaweeds",2013,1
79,"seaweeds",2014,1
79,"seaweeds",2015,0.882389256425109
79,"seaweeds",2016,0.939323496234871
79,"seaweeds",2017,0.70426968689979
79,"seaweeds",2018,0.840385963842566
79,"seaweeds",2019,0.827795646474193
79,"seaweeds",2020,0.803541050577726
79,"seaweeds",2021,0.777734672723392
79,"seaweeds",2022,0.400275906222371
79,"seaweeds",2023,0.187473705069967
80,"seaweeds",2004,0.054325682466386
80,"seaweeds",2005,0.054325682466386
80,"seaweeds",2006,0.0905428041106433
80,"seaweeds",2007,0.0706233872063018
80,"seaweeds",2008,0.0706233872063018
80,"seaweeds",2009,0.0597582507130246
80,"seaweeds",2010,0.169767757707456
80,"seaweeds",2011,0.209153877495586
80,"seaweeds",2012,0.251256281407035
80,"seaweeds",2013,0.293132507084427
80,"seaweeds",2014,0.183123000089995
80,"seaweeds",2015,0.305355785639364
80,"seaweeds",2016,0.291774365022767
80,"seaweeds",2017,0.302865679750102
80,"seaweeds",2018,0.372130924894744
80,"seaweeds",2019,0.342387613744398
80,"seaweeds",2020,0.446013853049029
80,"seaweeds",2021,0.704604101589026
80,"seaweeds",2022,0.886730952057585
80,"seaweeds",2023,1
81,"seaweeds",2013,0.8
81,"seaweeds",2014,0.4
81,"seaweeds",2015,0.533333333333333
81,"seaweeds",2016,0.6
81,"seaweeds",2017,0.8
81,"seaweeds",2018,1
81,"seaweeds",2019,0.88436921274251
81,"seaweeds",2020,0.69036921274251
81,"seaweeds",2021,0.29036921274251
81,"seaweeds",2022,0.14836921274251
81,"seaweeds",2023,0.122
82,"seaweeds",2014,1
82,"seaweeds",2015,1
82,"seaweeds",2016,0.7
82,"seaweeds",2017,0.55
82,"seaweeds",2018,0.325
82,"seaweeds",2019,0.105
82,"seaweeds",2020,0.1625
82,"seaweeds",2021,0.15
82,"seaweeds",2022,0.125
82,"seaweeds",2023,0.105
97,"seaweeds",2017,0.307455803228286
97,"seaweeds",2018,0.617217524980784
97,"seaweeds",2019,0.682551883166795
97,"seaweeds",2020,0.846272098385857
97,"seaweeds",2021,1
97,"seaweeds",2022,0.845119139123751
97,"seaweeds",2023,0.718677940046118
101,"seaweeds",2004,0.687179487179487
101,"seaweeds",2005,1
101,"seaweeds",2006,1
101,"seaweeds",2007,1
101,"seaweeds",2008,1
101,"seaweeds",2009,1
101,"seaweeds",2010,1
101,"seaweeds",2011,1
101,"seaweeds",2012,1
101,"seaweeds",2013,1
101,"seaweeds",2014,1
101,"seaweeds",2015,1
101,"seaweeds",2016,0.846153846153846
101,"seaweeds",2017,0.692307692307692
101,"seaweeds",2018,0.442564102564103
101,"seaweeds",2019,0.194717948717949
101,"seaweeds",2020,0.0985641025641026
101,"seaweeds",2021,0.00292307692307692
101,"seaweeds",2022,0.00266666666666667
101,"seaweeds",2023,0.0620769230769231
102,"seaweeds",2004,0.496714472035877
102,"seaweeds",2005,0.510237813322938
102,"seaweeds",2006,0.514745593751959
102,"seaweeds",2007,0.516999483966469
102,"seaweeds",2008,0.477996450444896
102,"seaweeds",2009,0.437211770372806
102,"seaweeds",2010,0.402437464206077
102,"seaweeds",2011,0.357359659915872
102,"seaweeds",2012,0.35804655979077
102,"seaweeds",2013,0.345167187136426
102,"seaweeds",2014,0.410336812767408
102,"seaweeds",2015,0.405270926190033
102,"seaweeds",2016,0.442535244403269
102,"seaweeds",2017,0.464601902884378
102,"seaweeds",2018,0.386896354536501
102,"seaweeds",2019,0.398596835280551
102,"seaweeds",2020,0.478556273842939
102,"seaweeds",2021,0.637300552181637
102,"seaweeds",2022,0.85113334186234
102,"seaweeds",2023,1
106,"seaweeds",2016,0.412371134020619
106,"seaweeds",2017,0.412371134020619
106,"seaweeds",2018,0.274914089347079
106,"seaweeds",2019,0.237113402061856
106,"seaweeds",2020,0.608247422680412
106,"seaweeds",2021,0.762886597938144
106,"seaweeds",2022,0.896907216494845
106,"seaweeds",2023,1
110,"seaweeds",2017,0.536779324055666
110,"seaweeds",2018,0.970178926441352
110,"seaweeds",2019,0.872542522641926
110,"seaweeds",2020,0.786944996686547
110,"seaweeds",2021,1
110,"seaweeds",2022,0.682239893969516
110,"seaweeds",2023,0.546056991385023
112,"seaweeds",2004,1
112,"seaweeds",2005,1
112,"seaweeds",2006,1
112,"seaweeds",2007,1
112,"seaweeds",2008,1
112,"seaweeds",2009,1
112,"seaweeds",2010,1
112,"seaweeds",2011,1
112,"seaweeds",2012,1
112,"seaweeds",2013,1
112,"seaweeds",2014,0
112,"seaweeds",2015,0
112,"seaweeds",2016,0
112,"seaweeds",2017,0
112,"seaweeds",2018,0
112,"seaweeds",2019,0
112,"seaweeds",2020,0
112,"seaweeds",2021,0
112,"seaweeds",2022,0
112,"seaweeds",2023,0
115,"seaweeds",2005,0.000156570071630808
115,"seaweeds",2006,7.82850358154039e-05
115,"seaweeds",2007,0.000104380047753872
115,"seaweeds",2008,0.000821992876061741
115,"seaweeds",2009,0.000782850358154039
115,"seaweeds",2010,0.000782850358154039
115,"seaweeds",2011,0.000743707840246337
115,"seaweeds",2012,0.00862440144566366
115,"seaweeds",2013,0.00960296439335621
115,"seaweeds",2014,0.0116514228305259
115,"seaweeds",2015,0.0126952233080647
115,"seaweeds",2016,0.993071774330337
115,"seaweeds",2017,1
115,"seaweeds",2018,0.998603916861292
115,"seaweeds",2019,0.998173349164307
115,"seaweeds",2020,0.0102683871977871
115,"seaweeds",2021,0.00439700951163185
115,"seaweeds",2022,0.00781545607557116
115,"seaweeds",2023,0.00850697389194056
119,"seaweeds",2008,0.0505050505050505
119,"seaweeds",2009,0.0252525252525253
119,"seaweeds",2010,0.0336700336700337
119,"seaweeds",2011,0.0252525252525253
119,"seaweeds",2012,0.080744563701695
119,"seaweeds",2013,0.080744563701695
119,"seaweeds",2014,0.0681183010754323
119,"seaweeds",2015,0.0681183010754323
119,"seaweeds",2016,0
119,"seaweeds",2017,0.0126262626262626
119,"seaweeds",2018,0.137626262626263
119,"seaweeds",2019,0.262626262626263
119,"seaweeds",2020,0.512626262626263
119,"seaweeds",2021,0.75
119,"seaweeds",2022,0.875
119,"seaweeds",2023,1
120,"seaweeds",2004,0.5
120,"seaweeds",2005,0.5
120,"seaweeds",2006,0.5
120,"seaweeds",2007,0.5
120,"seaweeds",2008,0.575
120,"seaweeds",2009,0.65
120,"seaweeds",2010,0.725
120,"seaweeds",2011,0.8
120,"seaweeds",2012,0.8
120,"seaweeds",2013,0.8
120,"seaweeds",2014,0.8
120,"seaweeds",2015,0.85
120,"seaweeds",2016,0.9
120,"seaweeds",2017,0.95
120,"seaweeds",2018,1
120,"seaweeds",2019,1
120,"seaweeds",2020,1
120,"seaweeds",2021,1
120,"seaweeds",2022,1
120,"seaweeds",2023,1
122,"seaweeds",2004,0.0295605334034027
122,"seaweeds",2005,0.0561650134664652
122,"seaweeds",2006,0.0550811272416738
122,"seaweeds",2007,0.0562142810221376
122,"seaweeds",2008,0.0588747290284438
122,"seaweeds",2009,0.0560664783551205
122,"seaweeds",2010,0.0655997503777179
122,"seaweeds",2011,0.0668068054916902
122,"seaweeds",2012,0.0787788215200683
122,"seaweeds",2013,0.0993233922354332
122,"seaweeds",2014,0.107009130920318
122,"seaweeds",2015,0.0942981015568548
122,"seaweeds",2016,0.100358010904552
122,"seaweeds",2017,0.0826216908625107
122,"seaweeds",2018,0.118685541614662
122,"seaweeds",2019,0.26678381396571
122,"seaweeds",2020,0.42090915062734
122,"seaweeds",2021,0.701985482493595
122,"seaweeds",2022,0.933001051041188
122,"seaweeds",2023,1
123,"seaweeds",2004,0.0881057268722467
123,"seaweeds",2005,0.0881057268722467
123,"seaweeds",2006,0.0587371512481645
123,"seaweeds",2007,0.0440528634361233
123,"seaweeds",2008,0.0220264317180617
123,"seaweeds",2009,0
123,"seaweeds",2010,0
123,"seaweeds",2011,0
123,"seaweeds",2012,0
123,"seaweeds",2013,0
123,"seaweeds",2014,0
123,"seaweeds",2015,0
123,"seaweeds",2016,0
123,"seaweeds",2017,0
123,"seaweeds",2018,1
123,"seaweeds",2019,1
123,"seaweeds",2020,1
123,"seaweeds",2021,1
123,"seaweeds",2022,0
123,"seaweeds",2023,0
124,"seaweeds",2004,0
124,"seaweeds",2005,0
124,"seaweeds",2006,1
124,"seaweeds",2007,0.909090909090909
124,"seaweeds",2008,0.909090909090909
124,"seaweeds",2009,0.909090909090909
124,"seaweeds",2010,0
124,"seaweeds",2011,0
124,"seaweeds",2012,0
124,"seaweeds",2013,0
124,"seaweeds",2014,0
124,"seaweeds",2015,0
124,"seaweeds",2016,0.909090909090909
124,"seaweeds",2017,0.909090909090909
124,"seaweeds",2018,0.909090909090909
124,"seaweeds",2019,1
124,"seaweeds",2020,0.0909090909090909
124,"seaweeds",2021,0.0909090909090909
124,"seaweeds",2022,0.0909090909090909
124,"seaweeds",2023,0
125,"seaweeds",2015,0.0595744680851064
125,"seaweeds",2016,0.5
125,"seaweeds",2017,0.588652482269504
125,"seaweeds",2018,0.654255319148936
125,"seaweeds",2019,0.873404255319149
125,"seaweeds",2020,0.872340425531915
125,"seaweeds",2021,0.914893617021277
125,"seaweeds",2022,0.968085106382979
125,"seaweeds",2023,1
126,"seaweeds",2004,0
126,"seaweeds",2005,0.00124486493215486
126,"seaweeds",2006,0.00165981990953981
126,"seaweeds",2007,0.00186729739823229
126,"seaweeds",2008,0.0080916220590066
126,"seaweeds",2009,0.0080916220590066
126,"seaweeds",2010,0.0136935142537035
126,"seaweeds",2011,0.013071081787626
126,"seaweeds",2012,0.0150306433963262
126,"seaweeds",2013,0.0233339748765067
126,"seaweeds",2014,0.0250251782812273
126,"seaweeds",2015,0.0312495029420016
126,"seaweeds",2016,0.0435905409485806
126,"seaweeds",2017,0.0504123183940817
126,"seaweeds",2018,0.262277694100527
126,"seaweeds",2019,0.554634223417097
126,"seaweeds",2020,0.928358023154488
126,"seaweeds",2021,1
126,"seaweeds",2022,0.815946719780904
126,"seaweeds",2023,0.531183866550479
127,"seaweeds",2012,0.00709471443774388
127,"seaweeds",2013,0.0390209294075914
127,"seaweeds",2014,0.0558117535769185
127,"seaweeds",2015,0.0642071656615821
127,"seaweeds",2016,0.0847818375310394
127,"seaweeds",2017,0.0846044696700958
127,"seaweeds",2018,0.0799929052855623
127,"seaweeds",2019,0.108371763036538
127,"seaweeds",2020,0.401206101454416
127,"seaweeds",2021,0.61191912025541
127,"seaweeds",2022,0.822454771195459
127,"seaweeds",2023,1
129,"seaweeds",2006,0.433212996389892
129,"seaweeds",2007,0.36101083032491
129,"seaweeds",2008,0.256718812675491
129,"seaweeds",2009,0.192539109506619
129,"seaweeds",2010,0.0842358604091456
129,"seaweeds",2011,0.0120336943441637
129,"seaweeds",2012,0
129,"seaweeds",2013,0.1323706377858
129,"seaweeds",2014,0.661853188929001
129,"seaweeds",2015,0.926594464500602
129,"seaweeds",2016,1
129,"seaweeds",2017,0.8676293622142
129,"seaweeds",2018,0.434416365824308
129,"seaweeds",2019,0.169675090252708
129,"seaweeds",2020,0.246690734055355
129,"seaweeds",2021,0.397111913357401
129,"seaweeds",2022,0.5014440433213
129,"seaweeds",2023,0.643080625752106
130,"seaweeds",2004,0
130,"seaweeds",2005,0
130,"seaweeds",2006,0
130,"seaweeds",2007,0
130,"seaweeds",2008,0
130,"seaweeds",2009,0
130,"seaweeds",2010,0
130,"seaweeds",2011,0.0454545454545454
130,"seaweeds",2012,0.0909090909090909
130,"seaweeds",2013,0.0909090909090909
130,"seaweeds",2014,0.545454545454545
130,"seaweeds",2015,0.545454545454545
130,"seaweeds",2016,0.954545454545454
130,"seaweeds",2017,1
130,"seaweeds",2018,0.545454545454545
130,"seaweeds",2019,0.613636363636364
130,"seaweeds",2020,0.159090909090909
130,"seaweeds",2021,0.136363636363636
130,"seaweeds",2022,0.136363636363636
130,"seaweeds",2023,0.390909090909091
132,"seaweeds",2004,0.00592573875961459
132,"seaweeds",2005,0.0325915631778803
132,"seaweeds",2006,0.0237029550384584
132,"seaweeds",2007,0.0177772162788438
132,"seaweeds",2008,0.0162957815889401
132,"seaweeds",2009,0.0029628693798073
132,"seaweeds",2010,0.0029628693798073
132,"seaweeds",2011,0.0029628693798073
132,"seaweeds",2012,0.0029628693798073
132,"seaweeds",2013,0.955556959302891
132,"seaweeds",2014,0.98370421841106
132,"seaweeds",2015,0.998518565310096
132,"seaweeds",2016,1
132,"seaweeds",2017,0.0459244753870131
132,"seaweeds",2018,0.0162957815889401
132,"seaweeds",2019,0.00148143468990365
132,"seaweeds",2020,0
132,"seaweeds",2021,0
132,"seaweeds",2022,0
132,"seaweeds",2023,0
133,"seaweeds",2017,0.120845921450151
133,"seaweeds",2018,0.664652567975831
133,"seaweeds",2019,0.769385699899295
133,"seaweeds",2020,0.72809667673716
133,"seaweeds",2021,1
133,"seaweeds",2022,0.697885196374622
133,"seaweeds",2023,0.570996978851964
135,"seaweeds",2004,1
135,"seaweeds",2005,1
135,"seaweeds",2006,1
135,"seaweeds",2007,1
135,"seaweeds",2008,0.371765476580413
135,"seaweeds",2009,0.400917130691123
135,"seaweeds",2010,0.375040943334425
135,"seaweeds",2011,0.459547985587946
135,"seaweeds",2012,0.603996069439895
135,"seaweeds",2013,0.782181460858172
135,"seaweeds",2014,0.967245332459876
135,"seaweeds",2015,1
135,"seaweeds",2016,0.975106452669505
135,"seaweeds",2017,0.848345889289224
135,"seaweeds",2018,0.792662954471012
135,"seaweeds",2019,0.854235178512938
135,"seaweeds",2020,0.892060268588274
135,"seaweeds",2021,0.922777595807402
135,"seaweeds",2022,0.848139534883721
135,"seaweeds",2023,0.703904356370783
136,"seaweeds",2004,0.266666666666667
136,"seaweeds",2005,0.266666666666667
136,"seaweeds",2006,1
136,"seaweeds",2007,0.933333333333333
136,"seaweeds",2008,0.933333333333333
136,"seaweeds",2009,0.933333333333333
136,"seaweeds",2010,0.266666666666667
136,"seaweeds",2011,0.266666666666667
136,"seaweeds",2012,0.866666666666667
136,"seaweeds",2013,0.933333333333333
136,"seaweeds",2014,0.933333333333333
136,"seaweeds",2015,1
136,"seaweeds",2016,0.466666666666667
136,"seaweeds",2017,0.4
136,"seaweeds",2018,0.466666666666667
136,"seaweeds",2019,0.461729535330418
136,"seaweeds",2020,0.395062868663751
136,"seaweeds",2021,0.364800268820866
136,"seaweeds",2022,0.411466935487533
136,"seaweeds",2023,0.794898579154576
137,"seaweeds",2004,0.0673400673400673
137,"seaweeds",2005,0.0729517396184063
137,"seaweeds",2006,0.101010101010101
137,"seaweeds",2007,0.137485970819304
137,"seaweeds",2008,0.187991021324355
137,"seaweeds",2009,0.21043771043771
137,"seaweeds",2010,0.246913580246914
137,"seaweeds",2011,0.258136924803591
137,"seaweeds",2012,0.269360269360269
137,"seaweeds",2013,0.255331088664422
137,"seaweeds",2014,0.276795735129068
137,"seaweeds",2015,0.314955106621773
137,"seaweeds",2016,0.403058361391695
137,"seaweeds",2017,0.541666666666667
137,"seaweeds",2018,0.611111111111111
137,"seaweeds",2019,0.666666666666667
137,"seaweeds",2020,0.666666666666667
137,"seaweeds",2021,0.777777777777778
137,"seaweeds",2022,0.888888888888889
137,"seaweeds",2023,1
138,"seaweeds",2004,0.105873255124192
138,"seaweeds",2005,0.122723540773382
138,"seaweeds",2006,0.135893161111506
138,"seaweeds",2007,0.157997971220611
138,"seaweeds",2008,0.267900180856402
138,"seaweeds",2009,0.309995292162594
138,"seaweeds",2010,0.411728423359118
138,"seaweeds",2011,0.5133928543547
138,"seaweeds",2012,0.551708830061809
138,"seaweeds",2013,0.665169710106387
138,"seaweeds",2014,0.704721664883168
138,"seaweeds",2015,0.699050775569059
138,"seaweeds",2016,0.66006653427097
138,"seaweeds",2017,0.645876820040074
138,"seaweeds",2018,0.659423250571242
138,"seaweeds",2019,0.727722179884856
138,"seaweeds",2020,0.777145604080242
138,"seaweeds",2021,0.874026502538972
138,"seaweeds",2022,0.986248468141656
138,"seaweeds",2023,1
139,"seaweeds",2004,0
139,"seaweeds",2005,0
139,"seaweeds",2006,0
139,"seaweeds",2007,0
139,"seaweeds",2008,0
139,"seaweeds",2009,0
139,"seaweeds",2010,0
139,"seaweeds",2011,0
139,"seaweeds",2012,0
139,"seaweeds",2013,0
139,"seaweeds",2014,0
139,"seaweeds",2015,0
139,"seaweeds",2016,0
139,"seaweeds",2017,0
139,"seaweeds",2018,0.00289847503655734
139,"seaweeds",2019,0.12571809066221
139,"seaweeds",2020,0.255000522247754
139,"seaweeds",2021,0.370025590139962
139,"seaweeds",2022,0.943740860664299
139,"seaweeds",2023,1
141,"seaweeds",2014,0.0230253941570515
141,"seaweeds",2015,0.108708387458292
141,"seaweeds",2016,0.169667948685294
141,"seaweeds",2017,0.2684088535697
141,"seaweeds",2018,0.408853569700211
141,"seaweeds",2019,0.530653829500013
141,"seaweeds",2020,0.664450727184738
141,"seaweeds",2021,0.842719237920583
141,"seaweeds",2022,0.927408879040269
141,"seaweeds",2023,1
143,"seaweeds",2004,1
143,"seaweeds",2005,1
143,"seaweeds",2006,1
143,"seaweeds",2007,1
143,"seaweeds",2008,1
143,"seaweeds",2009,1
143,"seaweeds",2010,1
143,"seaweeds",2011,0.791108969871574
143,"seaweeds",2012,0.580451956027706
143,"seaweeds",2013,0.526346138197252
143,"seaweeds",2014,0.579212480121231
143,"seaweeds",2015,0.744278336709558
143,"seaweeds",2016,0.904170728644773
143,"seaweeds",2017,0.93871438325565
143,"seaweeds",2018,0.898620032194039
143,"seaweeds",2019,0.935593059581607
143,"seaweeds",2020,0.886372932432935
143,"seaweeds",2021,0.858468018557649
143,"seaweeds",2022,0.949682667222814
143,"seaweeds",2023,1
145,"seaweeds",2012,0.173160173160173
145,"seaweeds",2013,0.0865800865800866
145,"seaweeds",2014,0.0577200577200577
145,"seaweeds",2015,0.0865800865800866
145,"seaweeds",2016,0.0432900432900433
145,"seaweeds",2017,0.0865800865800866
145,"seaweeds",2018,0.0865800865800866
145,"seaweeds",2019,0.0606060606060606
145,"seaweeds",2020,0.359307359307359
145,"seaweeds",2021,0.978354978354978
145,"seaweeds",2022,0.978354978354978
145,"seaweeds",2023,1
147,"seaweeds",2007,1
147,"seaweeds",2008,1
147,"seaweeds",2009,1
147,"seaweeds",2010,1
147,"seaweeds",2011,1
147,"seaweeds",2012,1
147,"seaweeds",2013,1
147,"seaweeds",2014,1
147,"seaweeds",2015,1
147,"seaweeds",2016,0.95
147,"seaweeds",2017,0.775
147,"seaweeds",2018,0.62784022513503
147,"seaweeds",2019,0.40284022513503
147,"seaweeds",2020,0.20284022513503
147,"seaweeds",2021,0.37784022513503
147,"seaweeds",2022,0.3
147,"seaweeds",2023,0.3
152,"seaweeds",2016,0.468685921846622
152,"seaweeds",2017,0.468685921846622
152,"seaweeds",2018,0.468685921846622
152,"seaweeds",2019,0.468685921846622
152,"seaweeds",2020,0.468685921846622
152,"seaweeds",2021,0.468685921846622
152,"seaweeds",2022,0.644443142539106
152,"seaweeds",2023,1
155,"seaweeds",2004,1
155,"seaweeds",2005,1
155,"seaweeds",2006,1
155,"seaweeds",2007,1
155,"seaweeds",2008,1
155,"seaweeds",2009,0.826416666666667
155,"seaweeds",2010,0.351239361702128
155,"seaweeds",2011,0.349466312056738
155,"seaweeds",2012,0.868794326241135
155,"seaweeds",2013,1
155,"seaweeds",2014,1
155,"seaweeds",2015,0.937943262411348
155,"seaweeds",2016,0.395390070921986
155,"seaweeds",2017,0.349290780141844
155,"seaweeds",2018,0.484042553191489
155,"seaweeds",2019,0.512712765957447
155,"seaweeds",2020,0.672446808510638
155,"seaweeds",2021,0.713368794326241
155,"seaweeds",2022,0.627304964539007
155,"seaweeds",2023,0.538812056737589
162,"seaweeds",2004,0.141267879215963
162,"seaweeds",2005,0.0953558184707752
162,"seaweeds",2006,0.101241980104774
162,"seaweeds",2007,0.169521455059156
162,"seaweeds",2008,0.185414091470952
162,"seaweeds",2009,0.227794455235741
162,"seaweeds",2010,0.303725940314321
162,"seaweeds",2011,0.342574607098711
162,"seaweeds",2012,0.651774677732651
162,"seaweeds",2013,0.99788098181176
162,"seaweeds",2014,1
162,"seaweeds",2015,0.992936606039202
162,"seaweeds",2016,0.788098181176055
162,"seaweeds",2017,0.638883983754194
162,"seaweeds",2018,0.578509623874272
162,"seaweeds",2019,0.488751545117429
162,"seaweeds",2020,0.356524810171287
162,"seaweeds",2021,0.258484901995409
162,"seaweeds",2022,0.235034434045559
162,"seaweeds",2023,0.207187003355112
163,"seaweeds",2004,1
163,"seaweeds",2005,1
163,"seaweeds",2006,1
163,"seaweeds",2007,1
163,"seaweeds",2008,0.929982888096873
163,"seaweeds",2009,0.835022725043325
163,"seaweeds",2010,0.920854723212242
163,"seaweeds",2011,0.976986125189375
163,"seaweeds",2012,0.896740018964785
163,"seaweeds",2013,0.881889720868892
163,"seaweeds",2014,0.882570927203566
163,"seaweeds",2015,0.831889175903825
163,"seaweeds",2016,0.821262357082911
163,"seaweeds",2017,0.818537531744215
163,"seaweeds",2018,0.804777163783802
163,"seaweeds",2019,0.826816913535842
163,"seaweeds",2020,0.893116001264319
163,"seaweeds",2021,0.970837556812608
163,"seaweeds",2022,1
163,"seaweeds",2023,0.956066278651539
164,"seaweeds",2012,0.683544303797468
164,"seaweeds",2013,1
164,"seaweeds",2014,1
164,"seaweeds",2015,0.892405063291139
164,"seaweeds",2016,0.863924050632911
164,"seaweeds",2017,0.50803065962725
164,"seaweeds",2018,0.546243877615928
164,"seaweeds",2019,0.617565676483684
164,"seaweeds",2020,0.688887475351441
164,"seaweeds",2021,0.7838241842122
164,"seaweeds",2022,0.87876089307296
164,"seaweeds",2023,0.902614337510337
166,"seaweeds",2004,0
166,"seaweeds",2005,0
166,"seaweeds",2006,0
166,"seaweeds",2007,0.415584415584416
166,"seaweeds",2008,0.415584415584416
166,"seaweeds",2009,0.675324675324675
166,"seaweeds",2010,0.883116883116883
166,"seaweeds",2011,0.472727272727273
166,"seaweeds",2012,0.477922077922078
166,"seaweeds",2013,0.223376623376623
166,"seaweeds",2014,0.025974025974026
166,"seaweeds",2015,0.0207792207792208
166,"seaweeds",2016,0.0207792207792208
166,"seaweeds",2017,0.0207792207792208
166,"seaweeds",2018,0.0103896103896104
166,"seaweeds",2019,0.0124675324675325
166,"seaweeds",2020,0.494545454545455
166,"seaweeds",2021,0.774025974025974
166,"seaweeds",2022,0.861298701298701
166,"seaweeds",2023,1
171,"seaweeds",2004,0.0134061344722719
171,"seaweeds",2005,0.015890640915231
171,"seaweeds",2006,0.0128815466016178
171,"seaweeds",2007,0.0126156096949667
171,"seaweeds",2008,0.020630146607738
171,"seaweeds",2009,0.0346155135205238
171,"seaweeds",2010,0.0589651338500524
171,"seaweeds",2011,0.0820761439294255
171,"seaweeds",2012,0.0967755332217127
171,"seaweeds",2013,0.104261839292506
171,"seaweeds",2014,0.104261839292506
171,"seaweeds",2015,0.104261839292506
171,"seaweeds",2016,0.104261839292506
171,"seaweeds",2017,0.104808284991104
171,"seaweeds",2018,0.111638856223579
171,"seaweeds",2019,0.123004926754419
171,"seaweeds",2020,0.38880303619802
171,"seaweeds",2021,0.733358178397763
171,"seaweeds",2022,0.886846760597039
171,"seaweeds",2023,1
172,"seaweeds",2004,0.29290035020694
172,"seaweeds",2005,0.432983126392869
172,"seaweeds",2006,0.65159715589515
172,"seaweeds",2007,0.630372492836676
172,"seaweeds",2008,0.74339382362305
172,"seaweeds",2009,0.802292263610315
172,"seaweeds",2010,0.732250875517351
172,"seaweeds",2011,0.780165552371856
172,"seaweeds",2012,0.711875198981216
172,"seaweeds",2013,0.632441897484877
172,"seaweeds",2014,0.681948424068768
172,"seaweeds",2015,0.65313594396689
172,"seaweeds",2016,0.855141674625915
172,"seaweeds",2017,1
172,"seaweeds",2018,0.773798153454314
172,"seaweeds",2019,0.613021330786374
172,"seaweeds",2020,0.293059535179879
172,"seaweeds",2021,0.0254695956701687
172,"seaweeds",2022,0
172,"seaweeds",2023,0
173,"seaweeds",2017,1
173,"seaweeds",2018,1
173,"seaweeds",2019,0.7
173,"seaweeds",2020,0.65
173,"seaweeds",2021,0.475
173,"seaweeds",2022,0.225
173,"seaweeds",2023,0.2
174,"seaweeds",2004,0
174,"seaweeds",2005,0.00252481873759896
174,"seaweeds",2006,0.0201985499007917
174,"seaweeds",2007,0.154013942993537
174,"seaweeds",2008,0.280254879873485
174,"seaweeds",2009,0.430481594760623
174,"seaweeds",2010,0.568084215959767
174,"seaweeds",2011,0.454467372767813
174,"seaweeds",2012,1
174,"seaweeds",2013,1
174,"seaweeds",2014,0.972226993886411
174,"seaweeds",2015,1
174,"seaweeds",2016,0.348424985788657
174,"seaweeds",2017,0.513800613101389
174,"seaweeds",2018,0.576921081541363
174,"seaweeds",2019,0.591927538143948
174,"seaweeds",2020,0.604172909021303
174,"seaweeds",2021,0.347651325281248
174,"seaweeds",2022,0.518329071942938
174,"seaweeds",2023,0.501413356521896
175,"seaweeds",2004,0.209206750845509
175,"seaweeds",2005,0.364251279634178
175,"seaweeds",2006,0.303749459066866
175,"seaweeds",2007,0.270397658207437
175,"seaweeds",2008,0.321458989688505
175,"seaweeds",2009,0.295194446511705
175,"seaweeds",2010,0.352871011221089
175,"seaweeds",2011,0.413648466506247
175,"seaweeds",2012,0.454580222106456
175,"seaweeds",2013,0.537074247723946
175,"seaweeds",2014,0.546997097566421
175,"seaweeds",2015,0.567049523289755
175,"seaweeds",2016,0.516608369923842
175,"seaweeds",2017,0.535213713378482
175,"seaweeds",2018,0.685730941926521
175,"seaweeds",2019,0.777740567090868
175,"seaweeds",2020,0.921886499135885
175,"seaweeds",2021,0.997105835462611
175,"seaweeds",2022,0.985043371122853
175,"seaweeds",2023,1
176,"seaweeds",2004,0.368164946648906
176,"seaweeds",2005,0.393055741704664
176,"seaweeds",2006,0.404999676328489
176,"seaweeds",2007,0.379653005905409
176,"seaweeds",2008,0.41261279496276
176,"seaweeds",2009,0.408920204487455
176,"seaweeds",2010,0.4498122249362
176,"seaweeds",2011,0.497405613284573
176,"seaweeds",2012,0.489473381893177
176,"seaweeds",2013,0.58671159774287
176,"seaweeds",2014,0.624047790326507
176,"seaweeds",2015,0.71390082522559
176,"seaweeds",2016,0.882392360987645
176,"seaweeds",2017,0.950500140865488
176,"seaweeds",2018,0.985511369075786
176,"seaweeds",2019,1
176,"seaweeds",2020,0.904519183691332
176,"seaweeds",2021,0.852435878850209
176,"seaweeds",2022,0.837309934162479
176,"seaweeds",2023,0.780013238620667
177,"seaweeds",2004,0.707017849874993
177,"seaweeds",2005,0.771207628350486
177,"seaweeds",2006,0.783301354729926
177,"seaweeds",2007,0.836560265131694
177,"seaweeds",2008,0.896796325367754
177,"seaweeds",2009,0.838188266759695
177,"seaweeds",2010,0.819582533868248
177,"seaweeds",2011,0.807721379149951
177,"seaweeds",2012,0.726786441072155
177,"seaweeds",2013,0.796325367753939
177,"seaweeds",2014,0.788650502936217
177,"seaweeds",2015,0.765160765160765
177,"seaweeds",2016,0.759113901971045
177,"seaweeds",2017,0.700505843362986
177,"seaweeds",2018,0.702366416652131
177,"seaweeds",2019,0.648193499622071
177,"seaweeds",2020,0.629864527007384
177,"seaweeds",2021,0.623759520902378
177,"seaweeds",2022,0.746938775510204
177,"seaweeds",2023,1
178,"seaweeds",2009,0.0235947258848022
178,"seaweeds",2010,0.0349294471431876
178,"seaweeds",2011,0.0280669288302876
178,"seaweeds",2012,0.0314596345130696
178,"seaweeds",2013,0.0313439740920657
178,"seaweeds",2014,0.0383992597733056
178,"seaweeds",2015,0.0418690724034235
178,"seaweeds",2016,0.239764052741152
178,"seaweeds",2017,0.494216978949803
178,"seaweeds",2018,0.764746703678001
178,"seaweeds",2019,0.972808235021975
178,"seaweeds",2020,0.93883876937312
178,"seaweeds",2021,1
178,"seaweeds",2022,0.817719176497802
178,"seaweeds",2023,0.927689104788342
179,"seaweeds",2004,0.23086764181309
179,"seaweeds",2005,0.255868714034807
179,"seaweeds",2006,0.289587035985156
179,"seaweeds",2007,0.356919072889109
179,"seaweeds",2008,0.395257537195633
179,"seaweeds",2009,0.390811739834031
179,"seaweeds",2010,0.392930031518088
179,"seaweeds",2011,0.332964070634828
179,"seaweeds",2012,0.301398909367452
179,"seaweeds",2013,0.311964216038554
179,"seaweeds",2014,0.288950676754965
179,"seaweeds",2015,0.297502298738753
179,"seaweeds",2016,0.378781935208518
179,"seaweeds",2017,0.442513747974547
179,"seaweeds",2018,0.538255301744112
179,"seaweeds",2019,0.679460886920883
179,"seaweeds",2020,0.78310889902182
179,"seaweeds",2021,0.920716003510611
179,"seaweeds",2022,1
179,"seaweeds",2023,0.984221603646181
180,"seaweeds",2004,0.429671002882835
180,"seaweeds",2005,0.393447767597064
180,"seaweeds",2006,0.393392125146548
180,"seaweeds",2007,0.417234915192559
180,"seaweeds",2008,0.425664746445699
180,"seaweeds",2009,0.526488866780289
180,"seaweeds",2010,0.575148189756336
180,"seaweeds",2011,0.578236345759962
180,"seaweeds",2012,0.590505506098691
180,"seaweeds",2013,0.53266517878754
180,"seaweeds",2014,0.547271322047932
180,"seaweeds",2015,0.603776230546704
180,"seaweeds",2016,0.636911309828849
180,"seaweeds",2017,0.684235213992518
180,"seaweeds",2018,0.765779225223391
180,"seaweeds",2019,0.861229119474913
180,"seaweeds",2020,0.969998981743156
180,"seaweeds",2021,1
180,"seaweeds",2022,0.976672737258018
180,"seaweeds",2023,0.925571267128833
181,"seaweeds",2004,0.0722500061447059
181,"seaweeds",2005,0.0982500985923766
181,"seaweeds",2006,0.120116776142399
181,"seaweeds",2007,0.130900164534687
181,"seaweeds",2008,0.165607158553036
181,"seaweeds",2009,0.209855560619822
181,"seaweeds",2010,0.24846126458895
181,"seaweeds",2011,0.301599116518423
181,"seaweeds",2012,0.354476185173597
181,"seaweeds",2013,0.403806927277389
181,"seaweeds",2014,0.46553139449227
181,"seaweeds",2015,0.534573766363091
181,"seaweeds",2016,0.576093723422517
181,"seaweeds",2017,0.660293797132909
181,"seaweeds",2018,0.769457675754725
181,"seaweeds",2019,0.833862017092127
181,"seaweeds",2020,0.94077106573062
181,"seaweeds",2021,1
181,"seaweeds",2022,0.988601847636459
181,"seaweeds",2023,0.956746649114214
182,"seaweeds",2004,0.241421780346305
182,"seaweeds",2005,0.248778122683727
182,"seaweeds",2006,0.245360024223915
182,"seaweeds",2007,0.253069322380557
182,"seaweeds",2008,0.244877032050246
182,"seaweeds",2009,0.23958269476195
182,"seaweeds",2010,0.246716117634602
182,"seaweeds",2011,0.254574028767757
182,"seaweeds",2012,0.302668903291963
182,"seaweeds",2013,0.363581647040465
182,"seaweeds",2014,0.430401756605382
182,"seaweeds",2015,0.52648004592141
182,"seaweeds",2016,0.576915574825705
182,"seaweeds",2017,0.589677714183808
182,"seaweeds",2018,0.67488867959228
182,"seaweeds",2019,0.71107129521782
182,"seaweeds",2020,0.773173871609534
182,"seaweeds",2021,0.917290748284913
182,"seaweeds",2022,0.934221481634223
182,"seaweeds",2023,1
183,"seaweeds",2004,0.159278960622396
183,"seaweeds",2005,0.175206856684636
183,"seaweeds",2006,0.179966917576799
183,"seaweeds",2007,0.201707580305431
183,"seaweeds",2008,0.194155560620749
183,"seaweeds",2009,0.171499501566701
183,"seaweeds",2010,0.157493937787835
183,"seaweeds",2011,0.114653389758363
183,"seaweeds",2012,0.16175053070102
183,"seaweeds",2013,0.294528767702621
183,"seaweeds",2014,0.30249271573374
183,"seaweeds",2015,0.376639818092442
183,"seaweeds",2016,0.532486042494528
183,"seaweeds",2017,0.585762108633744
183,"seaweeds",2018,0.940569724365012
183,"seaweeds",2019,1
183,"seaweeds",2020,0.854778780747018
183,"seaweeds",2021,0.812400965560044
183,"seaweeds",2022,0.471861174654873
183,"seaweeds",2023,0.392118712257065
184,"seaweeds",2004,0.271411067939642
184,"seaweeds",2005,0.287288315843396
184,"seaweeds",2006,0.316945816644748
184,"seaweeds",2007,0.377459101108112
184,"seaweeds",2008,0.399477548672752
184,"seaweeds",2009,0.391089568648127
184,"seaweeds",2010,0.362330779992271
184,"seaweeds",2011,0.303465134462316
184,"seaweeds",2012,0.308857407335289
184,"seaweeds",2013,0.362780136065019
184,"seaweeds",2014,0.447259077741596
184,"seaweeds",2015,0.473621300676131
184,"seaweeds",2016,0.544020418739946
184,"seaweeds",2017,0.633592062574331
184,"seaweeds",2018,0.760909616519528
184,"seaweeds",2019,0.844308605767935
184,"seaweeds",2020,0.923104690977829
184,"seaweeds",2021,0.978919208773827
184,"seaweeds",2022,0.94437271390098
184,"seaweeds",2023,1
186,"seaweeds",2004,1
186,"seaweeds",2005,1
186,"seaweeds",2006,1
186,"seaweeds",2007,1
186,"seaweeds",2008,1
186,"seaweeds",2009,0
186,"seaweeds",2010,0
186,"seaweeds",2011,0
186,"seaweeds",2012,0
186,"seaweeds",2013,0
186,"seaweeds",2014,0
186,"seaweeds",2015,0
186,"seaweeds",2016,0
186,"seaweeds",2017,0
186,"seaweeds",2018,0
186,"seaweeds",2019,0
186,"seaweeds",2020,0
186,"seaweeds",2021,0
186,"seaweeds",2022,0
186,"seaweeds",2023,0
187,"seaweeds",2004,0.108108108108108
187,"seaweeds",2005,0.162162162162162
187,"seaweeds",2006,0.18018018018018
187,"seaweeds",2007,0.189189189189189
187,"seaweeds",2008,0.459459459459459
187,"seaweeds",2009,0.459459459459459
187,"seaweeds",2010,0.459459459459459
187,"seaweeds",2011,0.459459459459459
187,"seaweeds",2012,1
187,"seaweeds",2013,1
187,"seaweeds",2014,1
187,"seaweeds",2015,1
187,"seaweeds",2016,0.243243243243243
187,"seaweeds",2017,0.27027027027027
187,"seaweeds",2018,0.27027027027027
187,"seaweeds",2019,0.364864864864865
187,"seaweeds",2020,0.381081081081081
187,"seaweeds",2021,0.528299750153761
187,"seaweeds",2022,0.695867317721329
187,"seaweeds",2023,0.906678128532139
188,"seaweeds",2004,1
188,"seaweeds",2005,1
188,"seaweeds",2006,1
188,"seaweeds",2007,1
188,"seaweeds",2008,1
188,"seaweeds",2009,1
188,"seaweeds",2010,1
188,"seaweeds",2011,1
188,"seaweeds",2012,0.877659574468085
188,"seaweeds",2013,1
188,"seaweeds",2014,1
188,"seaweeds",2015,0.708776595744681
188,"seaweeds",2016,0.523936170212766
188,"seaweeds",2017,0.272606382978723
188,"seaweeds",2018,0.179521276595745
188,"seaweeds",2019,0.252526595744681
188,"seaweeds",2020,0.243085106382979
188,"seaweeds",2021,0.508776595744681
188,"seaweeds",2022,0.723404255319149
188,"seaweeds",2023,0.848670212765957
189,"seaweeds",2004,0.00640456004675329
189,"seaweeds",2005,0.0160114001168832
189,"seaweeds",2006,0.0768547205610394
189,"seaweeds",2007,0.0632450304616887
189,"seaweeds",2008,0.0816581405961044
189,"seaweeds",2009,0.104074100759741
189,"seaweeds",2010,0.126490060923377
189,"seaweeds",2011,0.204145351490261
189,"seaweeds",2012,0.232165301694807
189,"seaweeds",2013,0.253170104803771
189,"seaweeds",2014,0.233155854657667
189,"seaweeds",2015,0.253970674809615
189,"seaweeds",2016,0.302004875160265
189,"seaweeds",2017,0.368262202688314
189,"seaweeds",2018,0.473937443459743
189,"seaweeds",2019,0.438111935698217
189,"seaweeds",2020,0.521611387307763
189,"seaweeds",2021,0.606952149930751
189,"seaweeds",2022,0.71422052501381
189,"seaweeds",2023,1
191,"seaweeds",2016,0.17265565986835
191,"seaweeds",2017,0.253588000431639
191,"seaweeds",2018,0.309341390597461
191,"seaweeds",2019,0.241124419984893
191,"seaweeds",2020,0.364303442322219
191,"seaweeds",2021,0.621425488291788
191,"seaweeds",2022,0.6102298478472
191,"seaweeds",2023,1
195,"seaweeds",2015,1
195,"seaweeds",2016,0.75
195,"seaweeds",2017,0.833333333333333
195,"seaweeds",2018,0.75
195,"seaweeds",2019,0.5625
195,"seaweeds",2020,0.4375
195,"seaweeds",2021,0.1875
195,"seaweeds",2022,0.0875
195,"seaweeds",2023,0.05
196,"seaweeds",2011,0.246153846153846
196,"seaweeds",2012,0.246153846153846
196,"seaweeds",2013,1
196,"seaweeds",2014,1
196,"seaweeds",2015,0.939230769230769
196,"seaweeds",2016,0.877692307692308
196,"seaweeds",2017,0.000769230769230769
196,"seaweeds",2018,0.000769230769230769
196,"seaweeds",2019,0
196,"seaweeds",2020,0
196,"seaweeds",2021,0
196,"seaweeds",2022,0
196,"seaweeds",2023,0
202,"seaweeds",2004,0.508509822755737
202,"seaweeds",2005,0.514571072802404
202,"seaweeds",2006,0.523578482292045
202,"seaweeds",2007,0.542886891634546
202,"seaweeds",2008,0.606552822831249
202,"seaweeds",2009,0.659216309762988
202,"seaweeds",2010,0.746899690872869
202,"seaweeds",2011,0.828238608845134
202,"seaweeds",2012,0.903471932341043
202,"seaweeds",2013,0.918853579085376
202,"seaweeds",2014,0.932711340061636
202,"seaweeds",2015,0.995179211466507
202,"seaweeds",2016,0.92958628251946
202,"seaweeds",2017,0.930106928356802
202,"seaweeds",2018,0.871742056983521
202,"seaweeds",2019,0.743597297844726
202,"seaweeds",2020,0.694141349094386
202,"seaweeds",2021,0.74024975796388
202,"seaweeds",2022,0.815883617241858
202,"seaweeds",2023,1
203,"seaweeds",2004,0.18645948945616
203,"seaweeds",2005,0.193118756936737
203,"seaweeds",2006,0.249105931680848
203,"seaweeds",2007,0.303366629670736
203,"seaweeds",2008,0.474287828338883
203,"seaweeds",2009,0.744358120606733
203,"seaweeds",2010,0.850166481687015
203,"seaweeds",2011,0.94173140954495
203,"seaweeds",2012,0.932297447280799
203,"seaweeds",2013,0.820384757676656
203,"seaweeds",2014,0.763041065482797
203,"seaweeds",2015,0.693673695893452
203,"seaweeds",2016,0.578061413244543
203,"seaweeds",2017,0.595125786163522
203,"seaweeds",2018,0.701581576026637
203,"seaweeds",2019,0.807944876063633
203,"seaweeds",2020,0.960553089160192
203,"seaweeds",2021,0.980484646688864
203,"seaweeds",2022,0.980392156862745
203,"seaweeds",2023,1
204,"seaweeds",2007,0.0776699029126214
204,"seaweeds",2008,0.0388349514563107
204,"seaweeds",2009,0.187702265372168
204,"seaweeds",2010,0.293689320388349
204,"seaweeds",2011,0.453883495145631
204,"seaweeds",2012,0.633495145631068
204,"seaweeds",2013,0.762135922330097
204,"seaweeds",2014,0.694174757281553
204,"seaweeds",2015,1
204,"seaweeds",2016,0.827400665881465
204,"seaweeds",2017,0.59560454937661
204,"seaweeds",2018,0.547060860056222
204,"seaweeds",2019,0.134439500832921
204,"seaweeds",2020,0.269417475728155
204,"seaweeds",2021,0.411407766990291
204,"seaweeds",2022,0.553398058252427
204,"seaweeds",2023,0.669902912621359
205,"seaweeds",2008,0.12472391840977
205,"seaweeds",2009,0.322203455891906
205,"seaweeds",2010,0.517099014045877
205,"seaweeds",2011,0.640779957559222
205,"seaweeds",2012,0.956054306872808
205,"seaweeds",2013,0.999361222987311
205,"seaweeds",2014,1
205,"seaweeds",2015,0.99865748560045
205,"seaweeds",2016,0.655443679355593
205,"seaweeds",2017,0.500757329695552
205,"seaweeds",2018,0.420217292451605
205,"seaweeds",2019,0.217489525413067
205,"seaweeds",2020,0.390757587787275
205,"seaweeds",2021,0.406283286723718
205,"seaweeds",2022,0.273536762103736
205,"seaweeds",2023,0.226128812266268
206,"seaweeds",2004,0.111316701114387
206,"seaweeds",2005,0.127596374471413
206,"seaweeds",2006,0.157002273561828
206,"seaweeds",2007,0.198943948166519
206,"seaweeds",2008,0.271218668311387
206,"seaweeds",2009,0.360202554809938
206,"seaweeds",2010,0.493396298813306
206,"seaweeds",2011,0.628506747700416
206,"seaweeds",2012,0.827848161661164
206,"seaweeds",2013,0.946280912974002
206,"seaweeds",2014,0.980749737920992
206,"seaweeds",2015,1
206,"seaweeds",2016,0.886631012178262
206,"seaweeds",2017,0.826590533900445
206,"seaweeds",2018,0.762229259173443
206,"seaweeds",2019,0.696601965558686
206,"seaweeds",2020,0.674987053003419
206,"seaweeds",2021,0.653226937050712
206,"seaweeds",2022,0.774167554634541
206,"seaweeds",2023,0.80756271826145
207,"seaweeds",2004,0.930502662022375
207,"seaweeds",2005,0.930502662022375
207,"seaweeds",2006,0.930502662022375
207,"seaweeds",2007,0.930502662022375
207,"seaweeds",2008,0.930502662022375
207,"seaweeds",2009,0.930502662022375
207,"seaweeds",2010,0.974649407897613
207,"seaweeds",2011,0.97795213180402
207,"seaweeds",2012,1
207,"seaweeds",2013,1
207,"seaweeds",2014,1
207,"seaweeds",2015,0.962684601077814
207,"seaweeds",2016,0.824483374832257
207,"seaweeds",2017,0.753617469234555
207,"seaweeds",2018,0.814542018921716
207,"seaweeds",2019,0.827343717593563
207,"seaweeds",2020,0.861342978796871
207,"seaweeds",2021,0.990187982091
207,"seaweeds",2022,0.936109540342896
207,"seaweeds",2023,0.879398766355266
208,"seaweeds",2004,1
208,"seaweeds",2005,1
208,"seaweeds",2006,1
208,"seaweeds",2007,1
208,"seaweeds",2008,1
208,"seaweeds",2009,1
208,"seaweeds",2010,1
208,"seaweeds",2011,1
208,"seaweeds",2012,1
208,"seaweeds",2013,1
208,"seaweeds",2014,1
208,"seaweeds",2015,0.905813953488372
208,"seaweeds",2016,0.845348837209302
208,"seaweeds",2017,0.781395348837209
208,"seaweeds",2018,0.787209302325581
208,"seaweeds",2019,0.81346511627907
208,"seaweeds",2020,0.843174418604651
208,"seaweeds",2021,0.793372093023256
208,"seaweeds",2022,0.8055
208,"seaweeds",2023,0.70596511627907
209,"seaweeds",2004,0.416210805638246
209,"seaweeds",2005,0.408190222597598
209,"seaweeds",2006,0.421209358601969
209,"seaweeds",2007,0.430701058116442
209,"seaweeds",2008,0.450301497690965
209,"seaweeds",2009,0.478096344542525
209,"seaweeds",2010,0.503896186629852
209,"seaweeds",2011,0.531671724871182
209,"seaweeds",2012,0.568455461883416
209,"seaweeds",2013,0.618964849106453
209,"seaweeds",2014,0.620093202805023
209,"seaweeds",2015,0.622510020023015
209,"seaweeds",2016,0.626783589368022
209,"seaweeds",2017,0.61969514892867
209,"seaweeds",2018,0.664455501828358
209,"seaweeds",2019,0.719940050609726
209,"seaweeds",2020,0.763563016059431
209,"seaweeds",2021,0.815401494027916
209,"seaweeds",2022,0.935212820544998
209,"seaweeds",2023,1
210,"seaweeds",2004,1
210,"seaweeds",2005,1
210,"seaweeds",2006,1
210,"seaweeds",2007,1
210,"seaweeds",2008,1
210,"seaweeds",2009,1
210,"seaweeds",2010,1
210,"seaweeds",2011,0.976893439279764
210,"seaweeds",2012,0.945861212506808
210,"seaweeds",2013,0.938640444427757
210,"seaweeds",2014,0.941706403436178
210,"seaweeds",2015,0.992012356416577
210,"seaweeds",2016,0.959649541494857
210,"seaweeds",2017,0.963931391645017
210,"seaweeds",2018,0.97865632713438
210,"seaweeds",2019,0.958203742002713
210,"seaweeds",2020,1
210,"seaweeds",2021,0.990417913718019
210,"seaweeds",2022,0.940328239174634
210,"seaweeds",2023,0.930010394737722
212,"seaweeds",2004,0.717977011494253
212,"seaweeds",2005,0.818758620689655
212,"seaweeds",2006,1
212,"seaweeds",2007,0.866804597701149
212,"seaweeds",2008,0.737080459770115
212,"seaweeds",2009,0.589393103448276
212,"seaweeds",2010,0.401255172413793
212,"seaweeds",2011,0.547370114942529
212,"seaweeds",2012,0.878289655172414
212,"seaweeds",2013,0.899540229885057
212,"seaweeds",2014,1
212,"seaweeds",2015,0.964137931034483
212,"seaweeds",2016,0.583448275862069
212,"seaweeds",2017,0.486896551724138
212,"seaweeds",2018,0.168275862068966
212,"seaweeds",2019,0.00689655172413793
212,"seaweeds",2020,0.00689655172413793
212,"seaweeds",2021,0
212,"seaweeds",2022,0
212,"seaweeds",2023,0
214,"seaweeds",2004,0.753093060785369
214,"seaweeds",2005,0.376546530392684
214,"seaweeds",2006,0.251031020261789
214,"seaweeds",2007,0.242065626681011
214,"seaweeds",2008,0.121032813340506
214,"seaweeds",2009,0.27972027972028
214,"seaweeds",2010,0.430338891877353
214,"seaweeds",2011,0.594405594405594
214,"seaweeds",2012,0.656266810112964
214,"seaweeds",2013,0.516675632060247
214,"seaweeds",2014,0.481710597095212
214,"seaweeds",2015,0.398332436793975
214,"seaweeds",2016,0.401022054868209
214,"seaweeds",2017,0.779989241527703
214,"seaweeds",2018,0.836471221086606
214,"seaweeds",2019,1
214,"seaweeds",2020,0.868208714362561
214,"seaweeds",2021,0.470145239376009
214,"seaweeds",2022,0.298009682625067
214,"seaweeds",2023,0
215,"seaweeds",2013,1
215,"seaweeds",2014,1
215,"seaweeds",2015,0.688888888888889
215,"seaweeds",2016,0.516666666666667
215,"seaweeds",2017,0.183333333333333
215,"seaweeds",2018,0.0166666666666667
215,"seaweeds",2019,0
215,"seaweeds",2020,0
215,"seaweeds",2021,0.1
215,"seaweeds",2022,0.1
215,"seaweeds",2023,0.1
216,"seaweeds",2004,0.0383808464736569
216,"seaweeds",2005,0.0616268169120137
216,"seaweeds",2006,0.0771035761989054
216,"seaweeds",2007,0.0974800513344522
216,"seaweeds",2008,0.137461497439542
216,"seaweeds",2009,0.185186342361827
216,"seaweeds",2010,0.248119894503949
216,"seaweeds",2011,0.327449419449387
216,"seaweeds",2012,0.42787228830661
216,"seaweeds",2013,0.573538596188251
216,"seaweeds",2014,0.715977814170515
216,"seaweeds",2015,0.857189621009525
216,"seaweeds",2016,0.961450815450113
216,"seaweeds",2017,0.990464435114878
216,"seaweeds",2018,1
216,"seaweeds",2019,0.964848705248227
216,"seaweeds",2020,0.931011970965579
216,"seaweeds",2021,0.892906625908078
216,"seaweeds",2022,0.862229689251186
216,"seaweeds",2023,0.860292259489327
218,"seaweeds",2004,0.272841068963994
218,"seaweeds",2005,0.293326415817657
218,"seaweeds",2006,0.332169404416992
218,"seaweeds",2007,0.353594900039301
218,"seaweeds",2008,0.418056942584249
218,"seaweeds",2009,0.48812276660547
218,"seaweeds",2010,0.53978146736688
218,"seaweeds",2011,0.600087062724128
218,"seaweeds",2012,0.636975531514962
218,"seaweeds",2013,0.715985139216859
218,"seaweeds",2014,0.788685853865997
218,"seaweeds",2015,0.85177849550714
218,"seaweeds",2016,0.90751942118504
218,"seaweeds",2017,0.917539427798245
218,"seaweeds",2018,0.925518321953204
218,"seaweeds",2019,0.925172817280726
218,"seaweeds",2020,0.974644187709608
218,"seaweeds",2021,1
218,"seaweeds",2022,0.976640766805128
218,"seaweeds",2023,0.928676108481787
222,"seaweeds",2004,0.284596229099964
222,"seaweeds",2005,0.162626416628551
222,"seaweeds",2006,0.1155325168132
222,"seaweeds",2007,0.122223916247395
222,"seaweeds",2008,0.0637800477715099
222,"seaweeds",2009,0.0970676424251665
222,"seaweeds",2010,0.132642171062662
222,"seaweeds",2011,0.132896274838644
222,"seaweeds",2012,0.145855567413732
222,"seaweeds",2013,0.135691416374447
222,"seaweeds",2014,0.16364283173248
222,"seaweeds",2015,0.227168775728007
222,"seaweeds",2016,0.371753824261829
222,"seaweeds",2017,0.539462316410022
222,"seaweeds",2018,0.727499110636784
222,"seaweeds",2019,1
222,"seaweeds",2020,0.923260659653402
222,"seaweeds",2021,0.842963866443055
222,"seaweeds",2022,0.672663515779845
222,"seaweeds",2023,0.438888041876302
223,"seaweeds",2004,0.852875846767213
223,"seaweeds",2005,0.821319686010061
223,"seaweeds",2006,0.81931417125377
223,"seaweeds",2007,0.791488677232046
223,"seaweeds",2008,0.703327885700393
223,"seaweeds",2009,0.572191777962503
223,"seaweeds",2010,0.414840727338809
223,"seaweeds",2011,0.270812024739048
223,"seaweeds",2012,0.190208749528806
223,"seaweeds",2013,0.163140439649763
223,"seaweeds",2014,0.172110002075094
223,"seaweeds",2015,0.2782590331045
223,"seaweeds",2016,0.457220528449045
223,"seaweeds",2017,0.665343845504966
223,"seaweeds",2018,0.908332422665919
223,"seaweeds",2019,1
223,"seaweeds",2020,0.994501615257956
223,"seaweeds",2021,0.924601649515423
223,"seaweeds",2022,0.710796161446473
223,"seaweeds",2023,0.566508158805821
224,"seaweeds",2004,0.612246090516276
224,"seaweeds",2005,0.628640437875163
224,"seaweeds",2006,0.608692358719142
224,"seaweeds",2007,0.632273165537459
224,"seaweeds",2008,0.666259783854327
224,"seaweeds",2009,0.719636370129174
224,"seaweeds",2010,0.796060000064928
224,"seaweeds",2011,0.846989608256258
224,"seaweeds",2012,0.897328370661585
224,"seaweeds",2013,0.955111952290826
224,"seaweeds",2014,0.985332740323277
224,"seaweeds",2015,0.985855411595511
224,"seaweeds",2016,1
224,"seaweeds",2017,0.995218044819873
224,"seaweeds",2018,0.939464278177987
224,"seaweeds",2019,0.910131317099142
224,"seaweeds",2020,0.885247522181065
224,"seaweeds",2021,0.838031477146929
224,"seaweeds",2022,0.873281823700707
224,"seaweeds",2023,0.879142332152724
231,"seaweeds",2007,0.485245901639344
231,"seaweeds",2008,0.504918032786885
231,"seaweeds",2009,0.533333333333333
231,"seaweeds",2010,0.891803278688525
231,"seaweeds",2011,0.868852459016393
231,"seaweeds",2012,0.868852459016393
231,"seaweeds",2013,1
231,"seaweeds",2014,0.852459016393443
231,"seaweeds",2015,0.934426229508197
231,"seaweeds",2016,1
231,"seaweeds",2017,0.885245901639344
231,"seaweeds",2018,0.852459016393443
231,"seaweeds",2019,0.901639344262295
231,"seaweeds",2020,0.934426229508197
231,"seaweeds",2021,0.918032786885246
231,"seaweeds",2022,0.918032786885246
231,"seaweeds",2023,0.918032786885246
247,"seaweeds",2004,0
247,"seaweeds",2005,0
247,"seaweeds",2006,0
247,"seaweeds",2007,0
247,"seaweeds",2008,0
247,"seaweeds",2009,0
247,"seaweeds",2010,0
247,"seaweeds",2011,0
247,"seaweeds",2012,0.00201775625504439
247,"seaweeds",2013,0.00201775625504439
247,"seaweeds",2014,0.00201775625504439
247,"seaweeds",2015,0.0242130750605327
247,"seaweeds",2016,0.08272800645682
247,"seaweeds",2017,0.145278450363196
247,"seaweeds",2018,0.147296206618241
247,"seaweeds",2019,0.198748991121872
247,"seaweeds",2020,0.538539144471348
247,"seaweeds",2021,0.761904761904762
247,"seaweeds",2022,0.964891041162227
247,"seaweeds",2023,1
250,"seaweeds",2004,0
250,"seaweeds",2005,0
250,"seaweeds",2006,0
250,"seaweeds",2007,0
250,"seaweeds",2008,0
250,"seaweeds",2009,0
250,"seaweeds",2010,0
250,"seaweeds",2011,0.333333333333333
250,"seaweeds",2012,0.666666666666667
250,"seaweeds",2013,1
250,"seaweeds",2014,1
250,"seaweeds",2015,0.666666666666667
250,"seaweeds",2016,0.333333333333333
250,"seaweeds",2017,0
250,"seaweeds",2018,0
250,"seaweeds",2019,0
250,"seaweeds",2020,0
250,"seaweeds",2021,0
250,"seaweeds",2022,0
250,"seaweeds",2023,0
