"rgn_id","year","pressure_score"
1,2025,0.0151755310682169
10,2025,0.570446370493752
100,2025,0.00677529833098429
101,2025,0.0251600169235766
102,2025,0.107225153052629
103,2025,0.00718479956973978
104,2025,0.0082234848662742
105,2025,0.0130255592572165
106,2025,0.00707500900885886
107,2025,0.00167923604057647
108,2025,0.0277441258921091
11,2025,0.158964039405621
110,2025,0.00858185757031773
111,2025,0.00548692462972069
112,2025,0.00246897699085094
113,2025,0.00105902271380352
114,2025,0.0021865531413451
115,2025,0.0031992354261227
116,2025,0.00656389571542298
117,2025,0.0240003951590196
118,2025,0.0350631349601278
119,2025,0.00136556085082428
12,2025,0.0932843502513345
120,2025,0.00265566874234306
121,2025,0.000960993316293896
122,2025,0.00189463624125224
123,2025,0.00157044349465017
124,2025,0.00304656802786959
125,2025,0.000568028144491672
126,2025,0.000751925964872068
127,2025,0.00109820766801768
129,2025,0.00876547991793945
13,2025,0.116420701681529
130,2025,0.00579420545204195
131,2025,0.00331756508446213
132,2025,0.0381263551657891
133,2025,0.00173059534590373
134,2025,0.0570782338319866
135,2025,0.0149839873519917
136,2025,0.169344495947003
137,2025,0.0915124929852254
138,2025,0.0723814648815586
139,2025,0.00106269107011802
14,2025,0.445046992775058
140,2025,0.00137104788667367
141,2025,0.00871204308843945
143,2025,0.0299818593970575
144,2025,0.00959186535663214
145,2025,0.0758590017983319
146,2025,0.0209833230594646
147,2025,0.00294796789920894
148,2025,0.000766585632791464
149,2025,0.000607964970391837
15,2025,0.173333206195846
150,2025,0.000833980331272505
151,2025,0.00483608904077309
152,2025,0.00674457132830529
153,2025,0.00271925794497977
154,2025,0.00244654701460906
155,2025,0.0105481509459868
156,2025,0.00753577020841618
157,2025,0.00603174200490746
158,2025,0.00483774419846805
159,2025,0.0243057815465563
16,2025,0.0833578104521202
161,2025,0.0149047630436437
162,2025,0.348053838005855
163,2025,0.0478050945886671
164,2025,0.00175445924992166
166,2025,0.00354759522785408
167,2025,0.0132654666319821
168,2025,0.199855575117039
169,2025,0.651899205936883
17,2025,0.144138697329895
171,2025,0.442347610167361
172,2025,0.0576366895107892
173,2025,0.100717244176573
174,2025,0.0586784486958948
175,2025,0.4829521997289
176,2025,0.387630848080506
177,2025,0.119488781186352
178,2025,0.115235970951076
179,2025,0.154697289774921
18,2025,0.0245039131229695
180,2025,0.07516605692546
181,2025,0.158755986290563
182,2025,0.172857813065017
183,2025,0.145937531704298
184,2025,0.285810510515787
185,2025,0.222561419010162
186,2025,0.389380373469628
187,2025,0.353350643403002
188,2025,0.115592999815043
189,2025,0.128089518203447
19,2025,0.0763393935673194
190,2025,0.0687725206037692
191,2025,0.0595552205698724
192,2025,0.159363642334938
193,2025,0.00289933412198537
194,2025,0.00334330256584154
195,2025,0.00612624094314093
196,2025,0.007524622370004
197,2025,0.00696655231980468
198,2025,0.00502307785377784
199,2025,0.00989806352887433
2,2025,0.0130146755439909
20,2025,0.0840495732142007
200,2025,0.0152538267331772
202,2025,0.452500138939936
203,2025,0.0541982835418984
204,2025,0.137416952069584
205,2025,0.145627619985557
206,2025,0.0241623267205291
207,2025,0.257135250484016
208,2025,0.115592999815043
209,2025,0.436611683111836
21,2025,0.0967468744495184
210,2025,0.0817771448976852
212,2025,0.33079651157659
214,2025,0.149733020596479
215,2025,0.115592999815043
216,2025,0.0204945331942616
218,2025,0.0426718042667631
219,2025,0.0165891167203566
220,2025,0.115592999815043
221,2025,0.00153835217330185
222,2025,0.130550002476944
223,2025,0.0983802825135641
224,2025,0.0337068856731536
227,2025,0.734197972349116
228,2025,0.651223634393643
231,2025,0.00528843530540987
232,2025,0.115592999815043
237,2025,0.00517554022371769
24,2025,0.249740449233435
244,2025,0.00125899445183714
245,2025,0.00190131586623313
247,2025,0.00628516782239894
248,2025,0.00136547947997297
213,2025,0.0321630877824691
213,2025,0.0269699936484078
213,2025,0.0544793015836593
213,2025,0.0303483301377706
213,2025,0.0246995024908025
213,2025,0.0306296948707523
249,2025,0.00127830646053989
25,2025,0.118423823355228
250,2025,0.0009004684090716
213,2025,0.0606787316013751
213,2025,0.160970608722417
213,2025,0.221232108132805
213,2025,0.173355869073276
213,2025,0.104257904289973
213,2025,0.206293763031099
213,2025,0.519285834910823
213,2025,0.207842389374963
213,2025,0.247757361297574
213,2025,0.0745712122244043
26,2025,0.0830959356980644
260,2025,0.169450175235717
261,2025,0.112488783443354
262,2025,0.158599442158653
263,2025,0.117595309788949
264,2025,0.0624812673450588
266,2025,0.258235124439988
267,2025,0.1389692653956
269,2025,0.196646473656468
270,2025,0.139635927509153
272,2025,0.131597886221876
273,2025,0.130573807788099
274,2025,0.172198686670701
275,2025,0.0873778305051086
276,2025,0.284457584032485
277,2025,0.140818603953783
28,2025,0.0989541695385817
213,2025,0.0151553209126476
213,2025,0.15282841516282
213,2025,0.0806785503435396
29,2025,0.00907405473741295
3,2025,0.230121716656309
30,2025,0.00658725888417979
31,2025,0.0959041149401464
32,2025,0.0176961347755849
33,2025,0.00491510613301765
34,2025,0.0200974138208317
35,2025,0.0283126972097025
36,2025,0.00674733432264137
37,2025,0.0726793612317582
38,2025,0.0478054605280522
39,2025,0.0359319829202032
4,2025,0.00259669618137168
40,2025,0.0241451965145525
41,2025,0.0293321912482831
42,2025,0.0131102774982325
43,2025,0.802309878843047
44,2025,0.590051822632089
45,2025,0.368465769523517
46,2025,0.542348090441488
47,2025,0.357946527481585
48,2025,0.0862180747819991
49,2025,0.208021981145203
5,2025,0.20362826917286
50,2025,0.188517735321884
51,2025,0.159486885305627
52,2025,0.0953766708786015
53,2025,0.0326807665344522
54,2025,0.0284867267865183
55,2025,0.104319317352104
56,2025,0.0378052188164615
57,2025,0.155959463974915
58,2025,0.040369554616744
59,2025,0.162837616907711
6,2025,0.223564871307385
60,2025,0.141870766878128
61,2025,0.268845704553468
62,2025,0.0865192204823105
63,2025,0.00617011100669019
64,2025,0.0037696578221243
65,2025,0.00182330756646014
66,2025,0.00193437952545739
67,2025,0.25135357947581
68,2025,0.285872423451817
69,2025,0.115957778176773
7,2025,0.414949930410017
70,2025,0.101340601502094
71,2025,0.105282082906145
72,2025,0.118324470203033
73,2025,0.0912147590112071
74,2025,0.167070157581394
75,2025,0.132880097529342
76,2025,0.142216967107963
77,2025,0.140927675816916
78,2025,0.276558742858575
79,2025,0.312029487237214
8,2025,0.0338441619805666
80,2025,0.242394075997472
81,2025,0.0847738019080348
82,2025,0.396773239165298
84,2025,0.252481514171077
85,2025,0.00326261016097186
86,2025,0.0111304091343934
88,2025,0.18790458578296
89,2025,0.0165009840662634
9,2025,0.418480828786674
90,2025,0.0561561072444249
91,2025,0.135607181213112
92,2025,0.522568109983168
93,2025,0.297531320051321
94,2025,0.124725433728829
95,2025,0.109175709775708
96,2025,0.00485529257746912
97,2025,0.00695859182735426
98,2025,0.00731178866064577
99,2025,0.00725027938943132
