"rgn_id","year","score"
1,2012,0.900326374370812
1,2013,0.895754812730366
1,2014,0.89118325108992
1,2015,0.886611689449474
1,2016,0.882040127809028
1,2017,0.877468566168581
1,2018,0.872897004528135
1,2019,0.868325442887689
1,2020,0.863753881247243
1,2021,0.859182319606797
1,2022,0.854610757966351
1,2023,0.850039196325905
1,2024,0.845467634685458
2,2012,0.90910628368709
2,2013,0.904723394908317
2,2014,0.900340506129544
2,2015,0.89595761735077
2,2016,0.891574728571997
2,2017,0.887191839793223
2,2018,0.88280895101445
2,2019,0.878426062235677
2,2020,0.874043173456904
2,2021,0.86966028467813
2,2022,0.865277395899357
2,2023,0.860894507120583
2,2024,0.85651161834181
3,2012,0.857398346407037
3,2013,0.853738755151309
3,2014,0.850079163895581
3,2015,0.846419572639853
3,2016,0.842759981384125
3,2017,0.839100390128396
3,2018,0.835440798872668
3,2019,0.83178120761694
3,2020,0.828121616361212
3,2021,0.824462025105484
3,2022,0.820802433849756
3,2023,0.817142842594028
3,2024,0.8134832513383
4,2012,0.798970141170085
4,2013,0.800644416523714
4,2014,0.802318691877343
4,2015,0.803992967230972
4,2016,0.805667242584601
4,2017,0.80734151793823
4,2018,0.809015793291858
4,2019,0.810690068645487
4,2020,0.812364343999116
4,2021,0.814038619352745
4,2022,0.815712894706374
4,2023,0.817387170060003
4,2024,0.819061445413631
5,2012,0.887062114821982
5,2013,0.88261089297765
5,2014,0.878159671133318
5,2015,0.873708449288986
5,2016,0.869257227444655
5,2017,0.864806005600323
5,2018,0.860354783755991
5,2019,0.855903561911659
5,2020,0.851452340067327
5,2021,0.847001118222995
5,2022,0.842549896378663
5,2023,0.838098674534331
5,2024,0.833647452689999
6,2012,0.892178794203145
6,2013,0.887760392299148
6,2014,0.883341990395152
6,2015,0.878923588491156
6,2016,0.874505186587159
6,2017,0.870086784683163
6,2018,0.865668382779167
6,2019,0.86124998087517
6,2020,0.856831578971174
6,2021,0.852413177067178
6,2022,0.847994775163181
6,2023,0.843576373259185
6,2024,0.839157971355189
7,2012,0.873465289505892
7,2013,0.869985601104625
7,2014,0.866505912703358
7,2015,0.863026224302091
7,2016,0.859546535900824
7,2017,0.856066847499557
7,2018,0.85258715909829
7,2019,0.849107470697023
7,2020,0.845627782295756
7,2021,0.842148093894488
7,2022,0.838668405493221
7,2023,0.835188717091954
7,2024,0.831709028690687
8,2012,0.870284503099776
8,2013,0.866924211412923
8,2014,0.86356391972607
8,2015,0.860203628039217
8,2016,0.856843336352364
8,2017,0.853483044665511
8,2018,0.850122752978658
8,2019,0.846762461291805
8,2020,0.843402169604952
8,2021,0.840041877918099
8,2022,0.836681586231246
8,2023,0.833321294544393
8,2024,0.82996100285754
9,2012,0.864414928529904
9,2013,0.860158550059783
9,2014,0.855902171589662
9,2015,0.851645793119541
9,2016,0.84738941464942
9,2017,0.843133036179299
9,2018,0.838876657709178
9,2019,0.834620279239057
9,2020,0.830363900768936
9,2021,0.826107522298816
9,2022,0.821851143828695
9,2023,0.817594765358574
9,2024,0.813338386888453
10,2012,0.860258325194141
10,2013,0.855264645542617
10,2014,0.850270965891094
10,2015,0.845277286239571
10,2016,0.840283606588047
10,2017,0.835289926936524
10,2018,0.830296247285001
10,2019,0.825302567633477
10,2020,0.820308887981954
10,2021,0.81531520833043
10,2022,0.810321528678907
10,2023,0.805327849027384
10,2024,0.80033416937586
11,2012,0.865811483804647
11,2013,0.860714849504688
11,2014,0.855618215204728
11,2015,0.850521580904769
11,2016,0.84542494660481
11,2017,0.84032831230485
11,2018,0.835231678004891
11,2019,0.830135043704931
11,2020,0.825038409404972
11,2021,0.819941775105012
11,2022,0.814845140805053
11,2023,0.809748506505093
11,2024,0.804651872205134
12,2012,0.883299334674893
12,2013,0.879777753402774
12,2014,0.876256172130655
12,2015,0.872734590858537
12,2016,0.869213009586418
12,2017,0.865691428314299
12,2018,0.86216984704218
12,2019,0.858648265770062
12,2020,0.855126684497943
12,2021,0.851605103225824
12,2022,0.848083521953705
12,2023,0.844561940681586
12,2024,0.841040359409468
13,2012,0.881901076721063
13,2013,0.878958233291727
13,2014,0.876015389862392
13,2015,0.873072546433056
13,2016,0.870129703003721
13,2017,0.867186859574385
13,2018,0.86424401614505
13,2019,0.861301172715714
13,2020,0.858358329286379
13,2021,0.855415485857043
13,2022,0.852472642427708
13,2023,0.849529798998372
13,2024,0.846586955569037
14,2012,0.881952067743359
14,2013,0.878156477496919
14,2014,0.874360887250479
14,2015,0.870565297004039
14,2016,0.866769706757599
14,2017,0.862974116511159
14,2018,0.859178526264719
14,2019,0.855382936018279
14,2020,0.851587345771839
14,2021,0.847791755525399
14,2022,0.843996165278959
14,2023,0.84020057503252
14,2024,0.83640498478608
15,2012,0.867036854686469
15,2013,0.864342116746433
15,2014,0.861647378806396
15,2015,0.85895264086636
15,2016,0.856257902926324
15,2017,0.853563164986287
15,2018,0.850868427046251
15,2019,0.848173689106215
15,2020,0.845478951166179
15,2021,0.842784213226142
15,2022,0.840089475286106
15,2023,0.83739473734607
15,2024,0.834699999406033
16,2012,0.866044102739323
16,2013,0.861533874716837
16,2014,0.85702364669435
16,2015,0.852513418671863
16,2016,0.848003190649377
16,2017,0.84349296262689
16,2018,0.838982734604403
16,2019,0.834472506581916
16,2020,0.82996227855943
16,2021,0.825452050536943
16,2022,0.820941822514456
16,2023,0.81643159449197
16,2024,0.811921366469483
17,2012,0.869681660420881
17,2013,0.866295068461435
17,2014,0.862908476501989
17,2015,0.859521884542544
17,2016,0.856135292583098
17,2017,0.852748700623652
17,2018,0.849362108664207
17,2019,0.845975516704761
17,2020,0.842588924745315
17,2021,0.83920233278587
17,2022,0.835815740826424
17,2023,0.832429148866978
17,2024,0.829042556907532
18,2012,0.865023110627095
18,2013,0.860850567949988
18,2014,0.856678025272881
18,2015,0.852505482595773
18,2016,0.848332939918666
18,2017,0.844160397241559
18,2018,0.839987854564452
18,2019,0.835815311887344
18,2020,0.831642769210237
18,2021,0.82747022653313
18,2022,0.823297683856023
18,2023,0.819125141178915
18,2024,0.814952598501808
20,2012,0.870510001650575
20,2013,0.865501491143251
20,2014,0.860492980635927
20,2015,0.855484470128603
20,2016,0.850475959621279
20,2017,0.845467449113955
20,2018,0.840458938606631
20,2019,0.835450428099307
20,2020,0.830441917591982
20,2021,0.825433407084658
20,2022,0.820424896577334
20,2023,0.81541638607001
20,2024,0.810407875562686
21,2012,0.8470082126971
21,2013,0.842205245133801
21,2014,0.837402277570503
21,2015,0.832599310007204
21,2016,0.827796342443906
21,2017,0.822993374880607
21,2018,0.818190407317309
21,2019,0.81338743975401
21,2020,0.808584472190712
21,2021,0.803781504627413
21,2022,0.798978537064115
21,2023,0.794175569500816
21,2024,0.789372601937518
24,2012,0.859521656321902
24,2013,0.853684815492702
24,2014,0.847847974663502
24,2015,0.842011133834302
24,2016,0.836174293005102
24,2017,0.830337452175902
24,2018,0.824500611346703
24,2019,0.818663770517503
24,2020,0.812826929688303
24,2021,0.806990088859103
24,2022,0.801153248029903
24,2023,0.795316407200703
24,2024,0.789479566371504
25,2012,0.861005317770454
25,2013,0.855438179078554
25,2014,0.849871040386654
25,2015,0.844303901694754
25,2016,0.838736763002853
25,2017,0.833169624310953
25,2018,0.827602485619053
25,2019,0.822035346927153
25,2020,0.816468208235252
25,2021,0.810901069543352
25,2022,0.805333930851452
25,2023,0.799766792159552
25,2024,0.794199653467651
26,2012,0.864177628276852
26,2013,0.859594793100448
26,2014,0.855011957924044
26,2015,0.85042912274764
26,2016,0.845846287571236
26,2017,0.841263452394832
26,2018,0.836680617218428
26,2019,0.832097782042024
26,2020,0.827514946865621
26,2021,0.822932111689217
26,2022,0.818349276512813
26,2023,0.813766441336409
26,2024,0.809183606160005
28,2012,0.883710908723225
28,2013,0.880318592908484
28,2014,0.876926277093743
28,2015,0.873533961279003
28,2016,0.870141645464262
28,2017,0.866749329649522
28,2018,0.863357013834781
28,2019,0.85996469802004
28,2020,0.8565723822053
28,2021,0.853180066390559
28,2022,0.849787750575819
28,2023,0.846395434761078
28,2024,0.843003118946337
29,2012,0.880715323074441
29,2013,0.877128950602275
29,2014,0.873542578130108
29,2015,0.869956205657942
29,2016,0.866369833185775
29,2017,0.862783460713608
29,2018,0.859197088241442
29,2019,0.855610715769275
29,2020,0.852024343297109
29,2021,0.848437970824942
29,2022,0.844851598352776
29,2023,0.841265225880609
29,2024,0.837678853408442
30,2012,0.88297537613512
30,2013,0.879944705327653
30,2014,0.876914034520187
30,2015,0.873883363712721
30,2016,0.870852692905254
30,2017,0.867822022097788
30,2018,0.864791351290321
30,2019,0.861760680482855
30,2020,0.858730009675389
30,2021,0.855699338867922
30,2022,0.852668668060456
30,2023,0.849637997252989
30,2024,0.846607326445523
31,2012,0.876522778155662
31,2013,0.872635421112339
31,2014,0.868748064069016
31,2015,0.864860707025693
31,2016,0.86097334998237
31,2017,0.857085992939047
31,2018,0.853198635895723
31,2019,0.8493112788524
31,2020,0.845423921809077
31,2021,0.841536564765754
31,2022,0.837649207722431
31,2023,0.833761850679108
31,2024,0.829874493635785
32,2012,0.879633832893261
32,2013,0.876119475486734
32,2014,0.872605118080206
32,2015,0.869090760673678
32,2016,0.86557640326715
32,2017,0.862062045860622
32,2018,0.858547688454095
32,2019,0.855033331047567
32,2020,0.851518973641039
32,2021,0.848004616234511
32,2022,0.844490258827983
32,2023,0.840975901421456
32,2024,0.837461544014928
33,2012,0.873449409501126
33,2013,0.870221845343701
33,2014,0.866994281186276
33,2015,0.86376671702885
33,2016,0.860539152871425
33,2017,0.857311588713999
33,2018,0.854084024556574
33,2019,0.850856460399149
33,2020,0.847628896241723
33,2021,0.844401332084298
33,2022,0.841173767926872
33,2023,0.837946203769447
33,2024,0.834718639612022
34,2012,0.781061509111588
34,2013,0.778465800075466
34,2014,0.775870091039344
34,2015,0.773274382003222
34,2016,0.7706786729671
34,2017,0.768082963930978
34,2018,0.765487254894856
34,2019,0.762891545858734
34,2020,0.760295836822612
34,2021,0.75770012778649
34,2022,0.755104418750367
34,2023,0.752508709714245
34,2024,0.749913000678123
35,2012,0.869362523154155
35,2013,0.866713402459132
35,2014,0.864064281764109
35,2015,0.861415161069087
35,2016,0.858766040374064
35,2017,0.856116919679041
35,2018,0.853467798984019
35,2019,0.850818678288996
35,2020,0.848169557593973
35,2021,0.845520436898951
35,2022,0.842871316203928
35,2023,0.840222195508906
35,2024,0.837573074813883
36,2012,0.840542842435156
36,2013,0.836134787682834
36,2014,0.831726732930512
36,2015,0.82731867817819
36,2016,0.822910623425868
36,2017,0.818502568673546
36,2018,0.814094513921224
36,2019,0.809686459168902
36,2020,0.80527840441658
36,2021,0.800870349664258
36,2022,0.796462294911936
36,2023,0.792054240159613
36,2024,0.787646185407291
37,2012,0.870592276723572
37,2013,0.866528663470638
37,2014,0.862465050217703
37,2015,0.858401436964769
37,2016,0.854337823711834
37,2017,0.8502742104589
37,2018,0.846210597205965
37,2019,0.842146983953031
37,2020,0.838083370700097
37,2021,0.834019757447162
37,2022,0.829956144194228
37,2023,0.825892530941293
37,2024,0.821828917688359
38,2012,0.862481699879175
38,2013,0.858093131163374
38,2014,0.853704562447573
38,2015,0.849315993731772
38,2016,0.844927425015972
38,2017,0.840538856300171
38,2018,0.83615028758437
38,2019,0.831761718868569
38,2020,0.827373150152768
38,2021,0.822984581436967
38,2022,0.818596012721167
38,2023,0.814207444005366
38,2024,0.809818875289565
39,2012,0.878530728546952
39,2013,0.874076419466798
39,2014,0.869622110386643
39,2015,0.865167801306489
39,2016,0.860713492226335
39,2017,0.856259183146181
39,2018,0.851804874066026
39,2019,0.847350564985872
39,2020,0.842896255905718
39,2021,0.838441946825563
39,2022,0.833987637745409
39,2023,0.829533328665255
39,2024,0.8250790195851
40,2012,0.878398056079596
40,2013,0.873617489610783
40,2014,0.86883692314197
40,2015,0.864056356673158
40,2016,0.859275790204345
40,2017,0.854495223735533
40,2018,0.84971465726672
40,2019,0.844934090797908
40,2020,0.840153524329095
40,2021,0.835372957860283
40,2022,0.83059239139147
40,2023,0.825811824922657
40,2024,0.821031258453845
41,2012,0.889289702685759
41,2013,0.885129697150995
41,2014,0.880969691616231
41,2015,0.876809686081466
41,2016,0.872649680546702
41,2017,0.868489675011937
41,2018,0.864329669477173
41,2019,0.860169663942408
41,2020,0.856009658407644
41,2021,0.85184965287288
41,2022,0.847689647338115
41,2023,0.843529641803351
41,2024,0.839369636268586
42,2012,0.876055142525688
42,2013,0.872677890742082
42,2014,0.869300638958477
42,2015,0.865923387174871
42,2016,0.862546135391266
42,2017,0.859168883607661
42,2018,0.855791631824055
42,2019,0.85241438004045
42,2020,0.849037128256844
42,2021,0.845659876473239
42,2022,0.842282624689633
42,2023,0.838905372906028
42,2024,0.835528121122422
43,2012,0.89602938995498
43,2013,0.89155788223925
43,2014,0.887086374523519
43,2015,0.882614866807788
43,2016,0.878143359092057
43,2017,0.873671851376327
43,2018,0.869200343660596
43,2019,0.864728835944865
43,2020,0.860257328229135
43,2021,0.855785820513404
43,2022,0.851314312797673
43,2023,0.846842805081942
43,2024,0.842371297366212
44,2012,0.888406004048566
44,2013,0.884075181587202
44,2014,0.879744359125837
44,2015,0.875413536664472
44,2016,0.871082714203107
44,2017,0.866751891741742
44,2018,0.862421069280378
44,2019,0.858090246819013
44,2020,0.853759424357648
44,2021,0.849428601896284
44,2022,0.845097779434919
44,2023,0.840766956973554
44,2024,0.836436134512189
45,2012,0.865754796861523
45,2013,0.860435273923443
45,2014,0.855115750985362
45,2015,0.849796228047281
45,2016,0.8444767051092
45,2017,0.839157182171119
45,2018,0.833837659233038
45,2019,0.828518136294957
45,2020,0.823198613356877
45,2021,0.817879090418796
45,2022,0.812559567480715
45,2023,0.807240044542634
45,2024,0.801920521604553
46,2012,0.881216288675441
46,2013,0.877198620076001
46,2014,0.87318095147656
46,2015,0.86916328287712
46,2016,0.86514561427768
46,2017,0.86112794567824
46,2018,0.857110277078799
46,2019,0.853092608479359
46,2020,0.849074939879919
46,2021,0.845057271280479
46,2022,0.841039602681039
46,2023,0.837021934081598
46,2024,0.833004265482158
47,2012,0.871608709284958
47,2013,0.866958963446583
47,2014,0.862309217608209
47,2015,0.857659471769834
47,2016,0.85300972593146
47,2017,0.848359980093085
47,2018,0.843710234254711
47,2019,0.839060488416336
47,2020,0.834410742577962
47,2021,0.829760996739587
47,2022,0.825111250901213
47,2023,0.820461505062839
47,2024,0.815811759224464
48,2012,0.87989626118806
48,2013,0.875416262632582
48,2014,0.870936264077104
48,2015,0.866456265521626
48,2016,0.861976266966148
48,2017,0.857496268410669
48,2018,0.853016269855191
48,2019,0.848536271299713
48,2020,0.844056272744235
48,2021,0.839576274188757
48,2022,0.835096275633278
48,2023,0.8306162770778
48,2024,0.826136278522322
49,2012,0.867224833900657
49,2013,0.862509226244685
49,2014,0.857793618588714
49,2015,0.853078010932742
49,2016,0.848362403276771
49,2017,0.843646795620799
49,2018,0.838931187964827
49,2019,0.834215580308856
49,2020,0.829499972652884
49,2021,0.824784364996913
49,2022,0.820068757340941
49,2023,0.815353149684969
49,2024,0.810637542028998
50,2012,0.862558176699112
50,2013,0.857505148824895
50,2014,0.852452120950678
50,2015,0.847399093076461
50,2016,0.842346065202244
50,2017,0.837293037328027
50,2018,0.83224000945381
50,2019,0.827186981579593
50,2020,0.822133953705377
50,2021,0.81708092583116
50,2022,0.812027897956943
50,2023,0.806974870082726
50,2024,0.801921842208509
51,2012,0.851190867947968
51,2013,0.845003797142194
51,2014,0.83881672633642
51,2015,0.832629655530646
51,2016,0.826442584724871
51,2017,0.820255513919097
51,2018,0.814068443113323
51,2019,0.807881372307549
51,2020,0.801694301501774
51,2021,0.795507230696
51,2022,0.789320159890226
51,2023,0.783133089084452
51,2024,0.776946018278677
52,2012,0.853140468576514
52,2013,0.84602396757252
52,2014,0.838907466568526
52,2015,0.831790965564533
52,2016,0.824674464560539
52,2017,0.817557963556545
52,2018,0.810441462552551
52,2019,0.803324961548557
52,2020,0.796208460544563
52,2021,0.789091959540569
52,2022,0.781975458536576
52,2023,0.774858957532582
52,2024,0.767742456528588
53,2012,0.840599931860435
53,2013,0.834717234748286
53,2014,0.828834537636137
53,2015,0.822951840523988
53,2016,0.817069143411838
53,2017,0.811186446299689
53,2018,0.80530374918754
53,2019,0.799421052075391
53,2020,0.793538354963241
53,2021,0.787655657851092
53,2022,0.781772960738943
53,2023,0.775890263626794
53,2024,0.770007566514645
54,2012,0.858433450930368
54,2013,0.851297156304588
54,2014,0.844160861678808
54,2015,0.837024567053028
54,2016,0.829888272427248
54,2017,0.822751977801468
54,2018,0.815615683175688
54,2019,0.808479388549908
54,2020,0.801343093924128
54,2021,0.794206799298348
54,2022,0.787070504672568
54,2023,0.779934210046788
54,2024,0.772797915421008
55,2012,0.788996301539877
55,2013,0.786890914405859
55,2014,0.784785527271842
55,2015,0.782680140137824
55,2016,0.780574753003807
55,2017,0.77846936586979
55,2018,0.776363978735773
55,2019,0.774258591601755
55,2020,0.772153204467738
55,2021,0.770047817333721
55,2022,0.767942430199703
55,2023,0.765837043065686
55,2024,0.763731655931669
56,2012,0.832356329389254
56,2013,0.830943188675645
56,2014,0.829530047962036
56,2015,0.828116907248426
56,2016,0.826703766534817
56,2017,0.825290625821208
56,2018,0.823877485107598
56,2019,0.822464344393989
56,2020,0.821051203680379
56,2021,0.81963806296677
56,2022,0.818224922253161
56,2023,0.816811781539551
56,2024,0.815398640825942
57,2012,0.805303410966988
57,2013,0.802801323211123
57,2014,0.800299235455259
57,2015,0.797797147699395
57,2016,0.79529505994353
57,2017,0.792792972187666
57,2018,0.790290884431801
57,2019,0.787788796675937
57,2020,0.785286708920072
57,2021,0.782784621164208
57,2022,0.780282533408343
57,2023,0.777780445652479
57,2024,0.775278357896615
58,2012,0.826069654999491
58,2013,0.822549602587889
58,2014,0.819029550176288
58,2015,0.815509497764686
58,2016,0.811989445353084
58,2017,0.808469392941482
58,2018,0.80494934052988
58,2019,0.801429288118279
58,2020,0.797909235706677
58,2021,0.794389183295075
58,2022,0.790869130883473
58,2023,0.787349078471872
58,2024,0.78382902606027
59,2012,0.828025751516695
59,2013,0.828589388876262
59,2014,0.82915302623583
59,2015,0.829716663595398
59,2016,0.830280300954965
59,2017,0.830843938314533
59,2018,0.831407575674101
59,2019,0.831971213033668
59,2020,0.832534850393236
59,2021,0.833098487752803
59,2022,0.833662125112371
59,2023,0.834225762471939
59,2024,0.834789399831506
60,2012,0.835512686017259
60,2013,0.831309153860618
60,2014,0.827105621703976
60,2015,0.822902089547335
60,2016,0.818698557390693
60,2017,0.814495025234052
60,2018,0.810291493077411
60,2019,0.806087960920769
60,2020,0.801884428764128
60,2021,0.797680896607486
60,2022,0.793477364450845
60,2023,0.789273832294204
60,2024,0.785070300137562
61,2012,0.786807332492486
61,2013,0.78237056881532
61,2014,0.777933805138155
61,2015,0.773497041460989
61,2016,0.769060277783823
61,2017,0.764623514106658
61,2018,0.760186750429492
61,2019,0.755749986752326
61,2020,0.751313223075161
61,2021,0.746876459397995
61,2022,0.74243969572083
61,2023,0.738002932043664
61,2024,0.733566168366498
62,2012,0.821642054525343
62,2013,0.818056286512336
62,2014,0.814470518499328
62,2015,0.810884750486321
62,2016,0.807298982473314
62,2017,0.803713214460307
62,2018,0.800127446447299
62,2019,0.796541678434292
62,2020,0.792955910421285
62,2021,0.789370142408277
62,2022,0.78578437439527
62,2023,0.782198606382262
62,2024,0.778612838369255
63,2012,0.804086087257725
63,2013,0.800803291270617
63,2014,0.797520495283509
63,2015,0.794237699296401
63,2016,0.790954903309293
63,2017,0.787672107322185
63,2018,0.784389311335077
63,2019,0.781106515347969
63,2020,0.777823719360861
63,2021,0.774540923373753
63,2022,0.771258127386645
63,2023,0.767975331399537
63,2024,0.764692535412429
64,2012,0.816120186451142
64,2013,0.812623079122378
64,2014,0.809125971793613
64,2015,0.805628864464849
64,2016,0.802131757136085
64,2017,0.79863464980732
64,2018,0.795137542478556
64,2019,0.791640435149792
64,2020,0.788143327821027
64,2021,0.784646220492263
64,2022,0.781149113163499
64,2023,0.777652005834734
64,2024,0.77415489850597
65,2012,0.836495873064401
65,2013,0.834005195990754
65,2014,0.831514518917107
65,2015,0.82902384184346
65,2016,0.826533164769814
65,2017,0.824042487696167
65,2018,0.82155181062252
65,2019,0.819061133548873
65,2020,0.816570456475226
65,2021,0.814079779401579
65,2022,0.811589102327932
65,2023,0.809098425254286
65,2024,0.806607748180639
66,2012,0.813309040358298
66,2013,0.810141083034215
66,2014,0.806973125710131
66,2015,0.803805168386047
66,2016,0.800637211061964
66,2017,0.79746925373788
66,2018,0.794301296413796
66,2019,0.791133339089713
66,2020,0.787965381765629
66,2021,0.784797424441546
66,2022,0.781629467117462
66,2023,0.778461509793378
66,2024,0.775293552469294
67,2012,0.776702477083934
67,2013,0.772370222832524
67,2014,0.768037968581114
67,2015,0.763705714329703
67,2016,0.759373460078293
67,2017,0.755041205826882
67,2018,0.750708951575472
67,2019,0.746376697324062
67,2020,0.742044443072651
67,2021,0.737712188821241
67,2022,0.73337993456983
67,2023,0.72904768031842
67,2024,0.72471542606701
68,2012,0.786310841159049
68,2013,0.78184010704063
68,2014,0.777369372922212
68,2015,0.772898638803793
68,2016,0.768427904685374
68,2017,0.763957170566956
68,2018,0.759486436448537
68,2019,0.755015702330118
68,2020,0.750544968211699
68,2021,0.746074234093281
68,2022,0.741603499974862
68,2023,0.737132765856443
68,2024,0.732662031738024
69,2012,0.881576258906703
69,2013,0.882171117394814
69,2014,0.882765975882926
69,2015,0.883360834371038
69,2016,0.883955692859149
69,2017,0.884550551347261
69,2018,0.885145409835372
69,2019,0.885740268323484
69,2020,0.886335126811595
69,2021,0.886929985299707
69,2022,0.887524843787819
69,2023,0.88811970227593
69,2024,0.888714560764042
70,2012,0.864724536147228
70,2013,0.866532772838587
70,2014,0.868341009529945
70,2015,0.870149246221304
70,2016,0.871957482912663
70,2017,0.873765719604022
70,2018,0.87557395629538
70,2019,0.877382192986739
70,2020,0.879190429678098
70,2021,0.880998666369457
70,2022,0.882806903060816
70,2023,0.884615139752174
70,2024,0.886423376443533
71,2012,0.923131005415346
71,2013,0.91728206606708
71,2014,0.911433126718815
71,2015,0.905584187370549
71,2016,0.899735248022283
71,2017,0.893886308674018
71,2018,0.888037369325752
71,2019,0.882188429977486
71,2020,0.876339490629221
71,2021,0.870490551280955
71,2022,0.864641611932689
71,2023,0.858792672584424
71,2024,0.852943733236158
72,2012,0.911232859176506
72,2013,0.906095658113198
72,2014,0.90095845704989
72,2015,0.895821255986582
72,2016,0.890684054923274
72,2017,0.885546853859966
72,2018,0.880409652796658
72,2019,0.87527245173335
72,2020,0.870135250670041
72,2021,0.864998049606733
72,2022,0.859860848543425
72,2023,0.854723647480117
72,2024,0.849586446416809
73,2012,0.845020705859896
73,2013,0.842232613044198
73,2014,0.8394445202285
73,2015,0.836656427412803
73,2016,0.833868334597105
73,2017,0.831080241781407
73,2018,0.828292148965709
73,2019,0.825504056150012
73,2020,0.822715963334314
73,2021,0.819927870518616
73,2022,0.817139777702919
73,2023,0.814351684887221
73,2024,0.811563592071523
74,2012,0.908894835613264
74,2013,0.905007285758698
74,2014,0.901119735904133
74,2015,0.897232186049568
74,2016,0.893344636195003
74,2017,0.889457086340438
74,2018,0.885569536485873
74,2019,0.881681986631307
74,2020,0.877794436776742
74,2021,0.873906886922177
74,2022,0.870019337067612
74,2023,0.866131787213047
74,2024,0.862244237358482
75,2012,0.90110203898093
75,2013,0.896266613739625
75,2014,0.891431188498319
75,2015,0.886595763257013
75,2016,0.881760338015708
75,2017,0.876924912774402
75,2018,0.872089487533096
75,2019,0.867254062291791
75,2020,0.862418637050485
75,2021,0.857583211809179
75,2022,0.852747786567874
75,2023,0.847912361326568
75,2024,0.843076936085262
76,2012,0.839402296916755
76,2013,0.834317439234464
76,2014,0.829232581552173
76,2015,0.824147723869882
76,2016,0.819062866187591
76,2017,0.8139780085053
76,2018,0.808893150823009
76,2019,0.803808293140718
76,2020,0.798723435458427
76,2021,0.793638577776136
76,2022,0.788553720093846
76,2023,0.783468862411555
76,2024,0.778384004729264
77,2012,0.820945422300354
77,2013,0.817169414430649
77,2014,0.813393406560945
77,2015,0.80961739869124
77,2016,0.805841390821536
77,2017,0.802065382951831
77,2018,0.798289375082127
77,2019,0.794513367212422
77,2020,0.790737359342717
77,2021,0.786961351473013
77,2022,0.783185343603308
77,2023,0.779409335733604
77,2024,0.775633327863899
78,2012,0.817796683893483
78,2013,0.813768062674241
78,2014,0.809739441455
78,2015,0.805710820235758
78,2016,0.801682199016517
78,2017,0.797653577797275
78,2018,0.793624956578033
78,2019,0.789596335358792
78,2020,0.78556771413955
78,2021,0.781539092920309
78,2022,0.777510471701067
78,2023,0.773481850481826
78,2024,0.769453229262584
79,2012,0.797794028403598
79,2013,0.793437176102081
79,2014,0.789080323800565
79,2015,0.784723471499048
79,2016,0.780366619197531
79,2017,0.776009766896014
79,2018,0.771652914594497
79,2019,0.767296062292981
79,2020,0.762939209991464
79,2021,0.758582357689947
79,2022,0.75422550538843
79,2023,0.749868653086914
79,2024,0.745511800785397
80,2012,0.819685485197287
80,2013,0.814549214327342
80,2014,0.809412943457396
80,2015,0.804276672587451
80,2016,0.799140401717505
80,2017,0.79400413084756
80,2018,0.788867859977614
80,2019,0.783731589107668
80,2020,0.778595318237723
80,2021,0.773459047367777
80,2022,0.768322776497832
80,2023,0.763186505627886
80,2024,0.758050234757941
81,2012,0.78604054942317
81,2013,0.781958826200601
81,2014,0.777877102978033
81,2015,0.773795379755465
81,2016,0.769713656532896
81,2017,0.765631933310328
81,2018,0.761550210087759
81,2019,0.757468486865191
81,2020,0.753386763642623
81,2021,0.749305040420054
81,2022,0.745223317197486
81,2023,0.741141593974918
81,2024,0.737059870752349
82,2012,0.805294511804372
82,2013,0.799515671671953
82,2014,0.793736831539534
82,2015,0.787957991407115
82,2016,0.782179151274696
82,2017,0.776400311142277
82,2018,0.770621471009858
82,2019,0.764842630877439
82,2020,0.75906379074502
82,2021,0.753284950612601
82,2022,0.747506110480182
82,2023,0.741727270347763
82,2024,0.735948430215344
84,2012,0.821249958626567
84,2013,0.816704815884421
84,2014,0.812159673142274
84,2015,0.807614530400127
84,2016,0.80306938765798
84,2017,0.798524244915834
84,2018,0.793979102173687
84,2019,0.78943395943154
84,2020,0.784888816689393
84,2021,0.780343673947246
84,2022,0.7757985312051
84,2023,0.771253388462953
84,2024,0.766708245720806
85,2012,0.80138519205387
85,2013,0.800551711244862
85,2014,0.799718230435853
85,2015,0.798884749626845
85,2016,0.798051268817837
85,2017,0.797217788008828
85,2018,0.79638430719982
85,2019,0.795550826390811
85,2020,0.794717345581803
85,2021,0.793883864772794
85,2022,0.793050383963786
85,2023,0.792216903154778
85,2024,0.791383422345769
86,2012,0.810596070712772
86,2013,0.809511626325406
86,2014,0.808427181938039
86,2015,0.807342737550673
86,2016,0.806258293163306
86,2017,0.80517384877594
86,2018,0.804089404388573
86,2019,0.803004960001206
86,2020,0.80192051561384
86,2021,0.800836071226473
86,2022,0.799751626839106
86,2023,0.79866718245174
86,2024,0.797582738064373
88,2012,0.743213546819692
88,2013,0.743852844924095
88,2014,0.744492143028497
88,2015,0.7451314411329
88,2016,0.745770739237302
88,2017,0.746410037341705
88,2018,0.747049335446108
88,2019,0.74768863355051
88,2020,0.748327931654913
88,2021,0.748967229759315
88,2022,0.749606527863718
88,2023,0.750245825968121
88,2024,0.750885124072523
89,2012,0.832187632807005
89,2013,0.833961649840919
89,2014,0.835735666874833
89,2015,0.837509683908747
89,2016,0.839283700942661
89,2017,0.841057717976575
89,2018,0.842831735010488
89,2019,0.844605752044402
89,2020,0.846379769078316
89,2021,0.84815378611223
89,2022,0.849927803146144
89,2023,0.851701820180058
89,2024,0.853475837213971
90,2012,0.792655660988392
90,2013,0.79331018275746
90,2014,0.793964704526528
90,2015,0.794619226295597
90,2016,0.795273748064665
90,2017,0.795928269833734
90,2018,0.796582791602802
90,2019,0.79723731337187
90,2020,0.797891835140939
90,2021,0.798546356910007
90,2022,0.799200878679076
90,2023,0.799855400448144
90,2024,0.800509922217212
91,2012,0.783294015964715
91,2013,0.784639713158521
91,2014,0.785985410352328
91,2015,0.787331107546134
91,2016,0.78867680473994
91,2017,0.790022501933746
91,2018,0.791368199127552
91,2019,0.792713896321359
91,2020,0.794059593515165
91,2021,0.795405290708971
91,2022,0.796750987902777
91,2023,0.798096685096583
91,2024,0.79944238229039
92,2012,0.730791585207376
92,2013,0.731921086752495
92,2014,0.733050588297614
92,2015,0.734180089842732
92,2016,0.735309591387851
92,2017,0.73643909293297
92,2018,0.737568594478089
92,2019,0.738698096023208
92,2020,0.739827597568327
92,2021,0.740957099113446
92,2022,0.742086600658565
92,2023,0.743216102203684
92,2024,0.744345603748802
93,2012,0.814521316703565
93,2013,0.816876983744668
93,2014,0.819232650785771
93,2015,0.821588317826874
93,2016,0.823943984867977
93,2017,0.82629965190908
93,2018,0.828655318950183
93,2019,0.831010985991286
93,2020,0.833366653032389
93,2021,0.835722320073492
93,2022,0.838077987114595
93,2023,0.840433654155698
93,2024,0.842789321196801
94,2012,0.82946061212597
94,2013,0.831627229733363
94,2014,0.833793847340756
94,2015,0.83596046494815
94,2016,0.838127082555543
94,2017,0.840293700162936
94,2018,0.84246031777033
94,2019,0.844626935377723
94,2020,0.846793552985116
94,2021,0.848960170592509
94,2022,0.851126788199903
94,2023,0.853293405807296
94,2024,0.855460023414689
95,2012,0.836378416195223
95,2013,0.836732991325687
95,2014,0.837087566456152
95,2015,0.837442141586616
95,2016,0.83779671671708
95,2017,0.838151291847544
95,2018,0.838505866978008
95,2019,0.838860442108472
95,2020,0.839215017238936
95,2021,0.839569592369401
95,2022,0.839924167499865
95,2023,0.840278742630329
95,2024,0.840633317760793
96,2012,0.822820379292961
96,2013,0.819577182501041
96,2014,0.816333985709122
96,2015,0.813090788917203
96,2016,0.809847592125283
96,2017,0.806604395333364
96,2018,0.803361198541444
96,2019,0.800118001749525
96,2020,0.796874804957606
96,2021,0.793631608165687
96,2022,0.790388411373767
96,2023,0.787145214581848
96,2024,0.783902017789929
97,2012,0.801943269943379
97,2013,0.798305782906954
97,2014,0.794668295870529
97,2015,0.791030808834103
97,2016,0.787393321797678
97,2017,0.783755834761253
97,2018,0.780118347724828
97,2019,0.776480860688403
97,2020,0.772843373651978
97,2021,0.769205886615553
97,2022,0.765568399579128
97,2023,0.761930912542703
97,2024,0.758293425506278
98,2012,0.798961521572881
98,2013,0.794957473607291
98,2014,0.790953425641702
98,2015,0.786949377676112
98,2016,0.782945329710523
98,2017,0.778941281744933
98,2018,0.774937233779344
98,2019,0.770933185813755
98,2020,0.766929137848165
98,2021,0.762925089882576
98,2022,0.758921041916986
98,2023,0.754916993951397
98,2024,0.750912945985807
99,2012,0.81282915425181
99,2013,0.808850849308257
99,2014,0.804872544364704
99,2015,0.800894239421151
99,2016,0.796915934477597
99,2017,0.792937629534044
99,2018,0.788959324590491
99,2019,0.784981019646938
99,2020,0.781002714703385
99,2021,0.777024409759832
99,2022,0.773046104816279
99,2023,0.769067799872725
99,2024,0.765089494929172
100,2012,0.795880639410889
100,2013,0.791849019912165
100,2014,0.787817400413441
100,2015,0.783785780914717
100,2016,0.779754161415993
100,2017,0.775722541917269
100,2018,0.771690922418545
100,2019,0.767659302919821
100,2020,0.763627683421097
100,2021,0.759596063922373
100,2022,0.755564444423649
100,2023,0.751532824924925
100,2024,0.747501205426201
101,2012,0.797469151354749
101,2013,0.794140286486711
101,2014,0.790811421618673
101,2015,0.787482556750635
101,2016,0.784153691882597
101,2017,0.780824827014559
101,2018,0.777495962146521
101,2019,0.774167097278483
101,2020,0.770838232410445
101,2021,0.767509367542407
101,2022,0.764180502674369
101,2023,0.760851637806331
101,2024,0.757522772938294
102,2012,0.839054671012095
102,2013,0.836302853698873
102,2014,0.833551036385651
102,2015,0.830799219072429
102,2016,0.828047401759207
102,2017,0.825295584445985
102,2018,0.822543767132763
102,2019,0.819791949819541
102,2020,0.817040132506319
102,2021,0.814288315193097
102,2022,0.811536497879875
102,2023,0.808784680566654
102,2024,0.806032863253432
103,2012,0.840876811680415
103,2013,0.837069812183775
103,2014,0.833262812687136
103,2015,0.829455813190496
103,2016,0.825648813693857
103,2017,0.821841814197218
103,2018,0.818034814700578
103,2019,0.814227815203939
103,2020,0.8104208157073
103,2021,0.80661381621066
103,2022,0.802806816714021
103,2023,0.798999817217381
103,2024,0.795192817720742
104,2012,0.81659784868505
104,2013,0.813393774756471
104,2014,0.810189700827893
104,2015,0.806985626899314
104,2016,0.803781552970735
104,2017,0.800577479042156
104,2018,0.797373405113577
104,2019,0.794169331184998
104,2020,0.79096525725642
104,2021,0.787761183327841
104,2022,0.784557109399262
104,2023,0.781353035470683
104,2024,0.778148961542104
105,2012,0.815719937351744
105,2013,0.817775313178912
105,2014,0.819830689006081
105,2015,0.821886064833249
105,2016,0.823941440660417
105,2017,0.825996816487586
105,2018,0.828052192314754
105,2019,0.830107568141922
105,2020,0.832162943969091
105,2021,0.834218319796259
105,2022,0.836273695623427
105,2023,0.838329071450596
105,2024,0.840384447277764
106,2012,0.801596860576688
106,2013,0.797767016241486
106,2014,0.793937171906285
106,2015,0.790107327571084
106,2016,0.786277483235883
106,2017,0.782447638900681
106,2018,0.77861779456548
106,2019,0.774787950230279
106,2020,0.770958105895077
106,2021,0.767128261559876
106,2022,0.763298417224675
106,2023,0.759468572889474
106,2024,0.755638728554272
107,2012,0.803035342487448
107,2013,0.798815026867376
107,2014,0.794594711247303
107,2015,0.790374395627231
107,2016,0.786154080007158
107,2017,0.781933764387086
107,2018,0.777713448767013
107,2019,0.77349313314694
107,2020,0.769272817526868
107,2021,0.765052501906795
107,2022,0.760832186286723
107,2023,0.75661187066665
107,2024,0.752391555046578
108,2012,0.843134434713384
108,2013,0.839082948428003
108,2014,0.835031462142622
108,2015,0.830979975857241
108,2016,0.826928489571861
108,2017,0.82287700328648
108,2018,0.818825517001099
108,2019,0.814774030715718
108,2020,0.810722544430338
108,2021,0.806671058144957
108,2022,0.802619571859576
108,2023,0.798568085574195
108,2024,0.794516599288815
110,2012,0.902395976506322
110,2013,0.895079725961881
110,2014,0.88776347541744
110,2015,0.880447224873
110,2016,0.873130974328559
110,2017,0.865814723784118
110,2018,0.858498473239677
110,2019,0.851182222695236
110,2020,0.843865972150795
110,2021,0.836549721606354
110,2022,0.829233471061913
110,2023,0.821917220517472
110,2024,0.814600969973032
111,2012,0.903184408048423
111,2013,0.895832507617187
111,2014,0.88848060718595
111,2015,0.881128706754714
111,2016,0.873776806323478
111,2017,0.866424905892242
111,2018,0.859073005461006
111,2019,0.85172110502977
111,2020,0.844369204598533
111,2021,0.837017304167297
111,2022,0.829665403736061
111,2023,0.822313503304825
111,2024,0.814961602873589
112,2012,0.888726978947537
112,2013,0.881739314393423
112,2014,0.874751649839309
112,2015,0.867763985285195
112,2016,0.86077632073108
112,2017,0.853788656176966
112,2018,0.846800991622852
112,2019,0.839813327068738
112,2020,0.832825662514623
112,2021,0.825837997960509
112,2022,0.818850333406395
112,2023,0.811862668852281
112,2024,0.804875004298167
113,2012,0.882110475713048
113,2013,0.875519136291096
113,2014,0.868927796869144
113,2015,0.862336457447192
113,2016,0.85574511802524
113,2017,0.849153778603288
113,2018,0.842562439181336
113,2019,0.835971099759384
113,2020,0.829379760337432
113,2021,0.82278842091548
113,2022,0.816197081493528
113,2023,0.809605742071576
113,2024,0.803014402649624
114,2012,0.899522043753958
114,2013,0.892750709124838
114,2014,0.885979374495718
114,2015,0.879208039866598
114,2016,0.872436705237478
114,2017,0.865665370608358
114,2018,0.858894035979238
114,2019,0.852122701350118
114,2020,0.845351366720998
114,2021,0.838580032091878
114,2022,0.831808697462757
114,2023,0.825037362833637
114,2024,0.818266028204517
115,2012,0.902811542468626
115,2013,0.895490421159447
115,2014,0.888169299850269
115,2015,0.88084817854109
115,2016,0.873527057231912
115,2017,0.866205935922733
115,2018,0.858884814613555
115,2019,0.851563693304376
115,2020,0.844242571995197
115,2021,0.836921450686019
115,2022,0.82960032937684
115,2023,0.822279208067662
115,2024,0.814958086758483
116,2012,0.90586600476221
116,2013,0.898890527232558
116,2014,0.891915049702907
116,2015,0.884939572173255
116,2016,0.877964094643603
116,2017,0.870988617113952
116,2018,0.8640131395843
116,2019,0.857037662054648
116,2020,0.850062184524996
116,2021,0.843086706995345
116,2022,0.836111229465693
116,2023,0.829135751936041
116,2024,0.82216027440639
117,2012,0.901155942173163
117,2013,0.894355810310282
117,2014,0.887555678447402
117,2015,0.88075554658452
117,2016,0.87395541472164
117,2017,0.867155282858759
117,2018,0.860355150995878
117,2019,0.853555019132997
117,2020,0.846754887270116
117,2021,0.839954755407235
117,2022,0.833154623544354
117,2023,0.826354491681473
117,2024,0.819554359818592
118,2012,0.904308711314838
118,2013,0.897369552050063
118,2014,0.890430392785289
118,2015,0.883491233520514
118,2016,0.87655207425574
118,2017,0.869612914990966
118,2018,0.862673755726191
118,2019,0.855734596461417
118,2020,0.848795437196642
118,2021,0.841856277931868
118,2022,0.834917118667093
118,2023,0.827977959402319
118,2024,0.821038800137545
119,2012,0.89695178634353
119,2013,0.891268686642766
119,2014,0.885585586942003
119,2015,0.879902487241239
119,2016,0.874219387540475
119,2017,0.868536287839711
119,2018,0.862853188138948
119,2019,0.857170088438184
119,2020,0.85148698873742
119,2021,0.845803889036657
119,2022,0.840120789335893
119,2023,0.834437689635129
119,2024,0.828754589934366
120,2012,0.905582385263453
120,2013,0.898561497172619
120,2014,0.891540609081786
120,2015,0.884519720990953
120,2016,0.877498832900119
120,2017,0.870477944809286
120,2018,0.863457056718452
120,2019,0.856436168627619
120,2020,0.849415280536785
120,2021,0.842394392445952
120,2022,0.835373504355118
120,2023,0.828352616264285
120,2024,0.821331728173451
121,2012,0.910282165162026
121,2013,0.903829731508405
121,2014,0.897377297854783
121,2015,0.890924864201161
121,2016,0.88447243054754
121,2017,0.878019996893918
121,2018,0.871567563240297
121,2019,0.865115129586675
121,2020,0.858662695933054
121,2021,0.852210262279432
121,2022,0.845757828625811
121,2023,0.839305394972189
121,2024,0.832852961318567
122,2012,0.907077086390932
122,2013,0.900415917246372
122,2014,0.893754748101812
122,2015,0.887093578957252
122,2016,0.880432409812692
122,2017,0.873771240668132
122,2018,0.867110071523572
122,2019,0.860448902379012
122,2020,0.853787733234452
122,2021,0.847126564089892
122,2022,0.840465394945331
122,2023,0.833804225800771
122,2024,0.827143056656211
123,2012,0.901230816030565
123,2013,0.894933130774134
123,2014,0.888635445517704
123,2015,0.882337760261273
123,2016,0.876040075004842
123,2017,0.869742389748412
123,2018,0.863444704491981
123,2019,0.85714701923555
123,2020,0.85084933397912
123,2021,0.844551648722689
123,2022,0.838253963466258
123,2023,0.831956278209828
123,2024,0.825658592953397
124,2012,0.903803622183566
124,2013,0.897291959269917
124,2014,0.890780296356268
124,2015,0.884268633442619
124,2016,0.87775697052897
124,2017,0.871245307615321
124,2018,0.864733644701673
124,2019,0.858221981788024
124,2020,0.851710318874375
124,2021,0.845198655960726
124,2022,0.838686993047077
124,2023,0.832175330133428
124,2024,0.825663667219779
125,2012,0.898183850050964
125,2013,0.891499013693926
125,2014,0.884814177336888
125,2015,0.87812934097985
125,2016,0.871444504622812
125,2017,0.864759668265775
125,2018,0.858074831908737
125,2019,0.851389995551699
125,2020,0.844705159194661
125,2021,0.838020322837623
125,2022,0.831335486480585
125,2023,0.824650650123548
125,2024,0.81796581376651
126,2012,0.875689723688391
126,2013,0.868471013781463
126,2014,0.861252303874534
126,2015,0.854033593967605
126,2016,0.846814884060677
126,2017,0.839596174153748
126,2018,0.832377464246819
126,2019,0.82515875433989
126,2020,0.817940044432962
126,2021,0.810721334526033
126,2022,0.803502624619104
126,2023,0.796283914712176
126,2024,0.789065204805247
127,2012,0.903655016433346
127,2013,0.896721252863133
127,2014,0.889787489292918
127,2015,0.882853725722704
127,2016,0.87591996215249
127,2017,0.868986198582276
127,2018,0.862052435012062
127,2019,0.855118671441848
127,2020,0.848184907871634
127,2021,0.84125114430142
127,2022,0.834317380731206
127,2023,0.827383617160992
127,2024,0.820449853590778
129,2012,0.883832594392758
129,2013,0.878395625528159
129,2014,0.872958656663561
129,2015,0.867521687798962
129,2016,0.862084718934364
129,2017,0.856647750069766
129,2018,0.851210781205167
129,2019,0.845773812340569
129,2020,0.840336843475971
129,2021,0.834899874611372
129,2022,0.829462905746774
129,2023,0.824025936882176
129,2024,0.818588968017577
130,2012,0.892027885214131
130,2013,0.887672148239865
130,2014,0.883316411265599
130,2015,0.878960674291332
130,2016,0.874604937317066
130,2017,0.8702492003428
130,2018,0.865893463368533
130,2019,0.861537726394267
130,2020,0.857181989420001
130,2021,0.852826252445735
130,2022,0.848470515471468
130,2023,0.844114778497202
130,2024,0.839759041522936
131,2012,0.893018913195604
131,2013,0.885780581202746
131,2014,0.878542249209887
131,2015,0.871303917217028
131,2016,0.86406558522417
131,2017,0.856827253231311
131,2018,0.849588921238452
131,2019,0.842350589245593
131,2020,0.835112257252735
131,2021,0.827873925259876
131,2022,0.820635593267017
131,2023,0.813397261274158
131,2024,0.8061589292813
132,2012,0.880297411817727
132,2013,0.874074038902347
132,2014,0.867850665986968
132,2015,0.86162729307159
132,2016,0.855403920156211
132,2017,0.849180547240832
132,2018,0.842957174325453
132,2019,0.836733801410074
132,2020,0.830510428494695
132,2021,0.824287055579316
132,2022,0.818063682663937
132,2023,0.811840309748558
132,2024,0.805616936833179
133,2012,0.900934655503579
133,2013,0.893654196713872
133,2014,0.886373737924166
133,2015,0.87909327913446
133,2016,0.871812820344754
133,2017,0.864532361555048
133,2018,0.857251902765341
133,2019,0.849971443975635
133,2020,0.842690985185929
133,2021,0.835410526396223
133,2022,0.828130067606517
133,2023,0.82084960881681
133,2024,0.813569150027104
134,2012,0.870653981127627
134,2013,0.866877456058938
134,2014,0.863100930990249
134,2015,0.85932440592156
134,2016,0.855547880852871
134,2017,0.851771355784182
134,2018,0.847994830715494
134,2019,0.844218305646804
134,2020,0.840441780578116
134,2021,0.836665255509427
134,2022,0.832888730440738
134,2023,0.829112205372049
134,2024,0.82533568030336
135,2012,0.871959158459992
135,2013,0.86768579322762
135,2014,0.863412427995249
135,2015,0.859139062762877
135,2016,0.854865697530505
135,2017,0.850592332298134
135,2018,0.846318967065762
135,2019,0.84204560183339
135,2020,0.837772236601019
135,2021,0.833498871368647
135,2022,0.829225506136275
135,2023,0.824952140903904
135,2024,0.820678775671532
136,2012,0.866290629484611
136,2013,0.860702529564937
136,2014,0.855114429645263
136,2015,0.849526329725589
136,2016,0.843938229805914
136,2017,0.83835012988624
136,2018,0.832762029966566
136,2019,0.827173930046892
136,2020,0.821585830127218
136,2021,0.815997730207544
136,2022,0.81040963028787
136,2023,0.804821530368196
136,2024,0.799233430448522
137,2012,0.831906825611652
137,2013,0.828946319168763
137,2014,0.825985812725874
137,2015,0.823025306282985
137,2016,0.820064799840096
137,2017,0.817104293397207
137,2018,0.814143786954318
137,2019,0.811183280511429
137,2020,0.80822277406854
137,2021,0.805262267625651
137,2022,0.802301761182763
137,2023,0.799341254739874
137,2024,0.796380748296985
138,2012,0.808356608797289
138,2013,0.804598961119183
138,2014,0.800841313441077
138,2015,0.797083665762971
138,2016,0.793326018084865
138,2017,0.789568370406759
138,2018,0.785810722728653
138,2019,0.782053075050547
138,2020,0.778295427372441
138,2021,0.774537779694335
138,2022,0.770780132016229
138,2023,0.767022484338124
138,2024,0.763264836660018
139,2012,0.872718776936064
139,2013,0.866546572505303
139,2014,0.860374368074542
139,2015,0.85420216364378
139,2016,0.848029959213019
139,2017,0.841857754782258
139,2018,0.835685550351496
139,2019,0.829513345920735
139,2020,0.823341141489974
139,2021,0.817168937059212
139,2022,0.810996732628451
139,2023,0.804824528197689
139,2024,0.798652323766928
140,2012,0.904144852933263
140,2013,0.897720038142417
140,2014,0.89129522335157
140,2015,0.884870408560723
140,2016,0.878445593769877
140,2017,0.87202077897903
140,2018,0.865595964188183
140,2019,0.859171149397337
140,2020,0.85274633460649
140,2021,0.846321519815644
140,2022,0.839896705024797
140,2023,0.83347189023395
140,2024,0.827047075443104
141,2012,0.750297510797567
141,2013,0.753938496298896
141,2014,0.757579481800225
141,2015,0.761220467301554
141,2016,0.764861452802883
141,2017,0.768502438304212
141,2018,0.772143423805542
141,2019,0.775784409306871
141,2020,0.7794253948082
141,2021,0.783066380309529
141,2022,0.786707365810858
141,2023,0.790348351312187
141,2024,0.793989336813516
143,2012,0.805753173137477
143,2013,0.803508318247516
143,2014,0.801263463357555
143,2015,0.799018608467594
143,2016,0.796773753577633
143,2017,0.794528898687672
143,2018,0.792284043797711
143,2019,0.790039188907749
143,2020,0.787794334017788
143,2021,0.785549479127827
143,2022,0.783304624237866
143,2023,0.781059769347905
143,2024,0.778814914457944
144,2012,0.789727499295902
144,2013,0.792372180788213
144,2014,0.795016862280523
144,2015,0.797661543772833
144,2016,0.800306225265144
144,2017,0.802950906757454
144,2018,0.805595588249764
144,2019,0.808240269742075
144,2020,0.810884951234385
144,2021,0.813529632726695
144,2022,0.816174314219006
144,2023,0.818818995711316
144,2024,0.821463677203626
145,2012,0.85199906752665
145,2013,0.849254004418278
145,2014,0.846508941309906
145,2015,0.843763878201534
145,2016,0.841018815093162
145,2017,0.83827375198479
145,2018,0.835528688876419
145,2019,0.832783625768047
145,2020,0.830038562659675
145,2021,0.827293499551303
145,2022,0.824548436442931
145,2023,0.821803373334559
145,2024,0.819058310226187
146,2012,0.85781403317121
146,2013,0.853643557775257
146,2014,0.849473082379305
146,2015,0.845302606983352
146,2016,0.8411321315874
146,2017,0.836961656191447
146,2018,0.832791180795494
146,2019,0.828620705399542
146,2020,0.824450230003589
146,2021,0.820279754607636
146,2022,0.816109279211684
146,2023,0.811938803815731
146,2024,0.807768328419778
147,2012,0.893749329999808
147,2013,0.888561570125106
147,2014,0.883373810250403
147,2015,0.878186050375701
147,2016,0.872998290500998
147,2017,0.867810530626296
147,2018,0.862622770751593
147,2019,0.857435010876891
147,2020,0.852247251002188
147,2021,0.847059491127485
147,2022,0.841871731252783
147,2023,0.83668397137808
147,2024,0.831496211503378
148,2012,0.888307805689086
148,2013,0.883431649131825
148,2014,0.878555492574565
148,2015,0.873679336017304
148,2016,0.868803179460044
148,2017,0.863927022902784
148,2018,0.859050866345523
148,2019,0.854174709788263
148,2020,0.849298553231002
148,2021,0.844422396673742
148,2022,0.839546240116481
148,2023,0.834670083559221
148,2024,0.829793927001961
149,2012,0.889035412338519
149,2013,0.886005014671694
149,2014,0.882974617004868
149,2015,0.879944219338043
149,2016,0.876913821671218
149,2017,0.873883424004393
149,2018,0.870853026337568
149,2019,0.867822628670743
149,2020,0.864792231003917
149,2021,0.861761833337092
149,2022,0.858731435670267
149,2023,0.855701038003442
149,2024,0.852670640336617
150,2012,0.868559499529204
150,2013,0.863049416360033
150,2014,0.857539333190862
150,2015,0.852029250021691
150,2016,0.84651916685252
150,2017,0.841009083683349
150,2018,0.835499000514178
150,2019,0.829988917345007
150,2020,0.824478834175836
150,2021,0.818968751006665
150,2022,0.813458667837494
150,2023,0.807948584668324
150,2024,0.802438501499153
151,2012,0.879084442437879
151,2013,0.874011645597025
151,2014,0.868938848756171
151,2015,0.863866051915317
151,2016,0.858793255074463
151,2017,0.853720458233608
151,2018,0.848647661392754
151,2019,0.8435748645519
151,2020,0.838502067711046
151,2021,0.833429270870192
151,2022,0.828356474029338
151,2023,0.823283677188484
151,2024,0.81821088034763
152,2012,0.88150960430307
152,2013,0.876476078718504
152,2014,0.871442553133938
152,2015,0.866409027549372
152,2016,0.861375501964806
152,2017,0.856341976380239
152,2018,0.851308450795673
152,2019,0.846274925211107
152,2020,0.841241399626541
152,2021,0.836207874041975
152,2022,0.831174348457408
152,2023,0.826140822872842
152,2024,0.821107297288276
153,2012,0.876876646443521
153,2013,0.87112147609574
153,2014,0.86536630574796
153,2015,0.85961113540018
153,2016,0.853855965052399
153,2017,0.848100794704619
153,2018,0.842345624356838
153,2019,0.836590454009058
153,2020,0.830835283661278
153,2021,0.825080113313497
153,2022,0.819324942965717
153,2023,0.813569772617937
153,2024,0.807814602270156
154,2012,0.888699471686255
154,2013,0.882910008509071
154,2014,0.877120545331887
154,2015,0.871331082154703
154,2016,0.865541618977518
154,2017,0.859752155800334
154,2018,0.85396269262315
154,2019,0.848173229445966
154,2020,0.842383766268782
154,2021,0.836594303091597
154,2022,0.830804839914413
154,2023,0.825015376737229
154,2024,0.819225913560045
155,2012,0.90218020188492
155,2013,0.897133078671745
155,2014,0.892085955458569
155,2015,0.887038832245394
155,2016,0.881991709032219
155,2017,0.876944585819044
155,2018,0.871897462605869
155,2019,0.866850339392694
155,2020,0.861803216179518
155,2021,0.856756092966343
155,2022,0.851708969753168
155,2023,0.846661846539993
155,2024,0.841614723326818
156,2012,0.87899336125276
156,2013,0.873883279906018
156,2014,0.868773198559276
156,2015,0.863663117212535
156,2016,0.858553035865793
156,2017,0.853442954519051
156,2018,0.848332873172309
156,2019,0.843222791825567
156,2020,0.838112710478825
156,2021,0.833002629132084
156,2022,0.827892547785342
156,2023,0.8227824664386
156,2024,0.817672385091858
157,2012,0.87798396830896
157,2013,0.873030970232195
157,2014,0.868077972155431
157,2015,0.863124974078666
157,2016,0.858171976001901
157,2017,0.853218977925137
157,2018,0.848265979848372
157,2019,0.843312981771607
157,2020,0.838359983694843
157,2021,0.833406985618078
157,2022,0.828453987541313
157,2023,0.823500989464549
157,2024,0.818547991387784
158,2012,0.787486682204278
158,2013,0.785124856484029
158,2014,0.78276303076378
158,2015,0.780401205043532
158,2016,0.778039379323283
158,2017,0.775677553603034
158,2018,0.773315727882786
158,2019,0.770953902162537
158,2020,0.768592076442288
158,2021,0.76623025072204
158,2022,0.763868425001791
158,2023,0.761506599281542
158,2024,0.759144773561294
159,2012,0.879213499508125
159,2013,0.874553819544823
159,2014,0.869894139581521
159,2015,0.865234459618219
159,2016,0.860574779654918
159,2017,0.855915099691616
159,2018,0.851255419728314
159,2019,0.846595739765012
159,2020,0.841936059801711
159,2021,0.837276379838409
159,2022,0.832616699875107
159,2023,0.827957019911805
159,2024,0.823297339948504
161,2012,0.888058641779403
161,2013,0.88302045616717
161,2014,0.877982270554936
161,2015,0.872944084942703
161,2016,0.867905899330469
161,2017,0.862867713718236
161,2018,0.857829528106003
161,2019,0.852791342493769
161,2020,0.847753156881536
161,2021,0.842714971269302
161,2022,0.837676785657069
161,2023,0.832638600044835
161,2024,0.827600414432602
162,2012,0.830650944930889
162,2013,0.829896091339329
162,2014,0.829141237747768
162,2015,0.828386384156208
162,2016,0.827631530564648
162,2017,0.826876676973088
162,2018,0.826121823381528
162,2019,0.825366969789968
162,2020,0.824612116198408
162,2021,0.823857262606848
162,2022,0.823102409015287
162,2023,0.822347555423727
162,2024,0.821592701832167
163,2012,0.843118899899784
163,2013,0.840483381653953
163,2014,0.837847863408122
163,2015,0.835212345162291
163,2016,0.83257682691646
163,2017,0.829941308670629
163,2018,0.827305790424798
163,2019,0.824670272178967
163,2020,0.822034753933136
163,2021,0.819399235687305
163,2022,0.816763717441474
163,2023,0.814128199195643
163,2024,0.811492680949812
164,2012,0.89167982204613
164,2013,0.884822648481241
164,2014,0.877965474916353
164,2015,0.871108301351464
164,2016,0.864251127786576
164,2017,0.857393954221687
164,2018,0.850536780656799
164,2019,0.84367960709191
164,2020,0.836822433527022
164,2021,0.829965259962133
164,2022,0.823108086397245
164,2023,0.816250912832356
164,2024,0.809393739267468
166,2012,0.898379597058659
166,2013,0.891363252742522
166,2014,0.884346908426386
166,2015,0.877330564110249
166,2016,0.870314219794113
166,2017,0.863297875477977
166,2018,0.85628153116184
166,2019,0.849265186845703
166,2020,0.842248842529567
166,2021,0.83523249821343
166,2022,0.828216153897294
166,2023,0.821199809581158
166,2024,0.814183465265021
167,2012,0.843951920134533
167,2013,0.840896698696959
167,2014,0.837841477259385
167,2015,0.834786255821811
167,2016,0.831731034384237
167,2017,0.828675812946663
167,2018,0.825620591509089
167,2019,0.822565370071515
167,2020,0.819510148633941
167,2021,0.816454927196368
167,2022,0.813399705758794
167,2023,0.81034448432122
167,2024,0.807289262883646
168,2012,0.854032178142689
168,2013,0.850836293500782
168,2014,0.847640408858876
168,2015,0.844444524216969
168,2016,0.841248639575063
168,2017,0.838052754933156
168,2018,0.834856870291249
168,2019,0.831660985649343
168,2020,0.828465101007436
168,2021,0.82526921636553
168,2022,0.822073331723623
168,2023,0.818877447081716
168,2024,0.81568156243981
169,2012,0.852873751433599
169,2013,0.849608288297701
169,2014,0.846342825161804
169,2015,0.843077362025907
169,2016,0.839811898890009
169,2017,0.836546435754112
169,2018,0.833280972618215
169,2019,0.830015509482318
169,2020,0.82675004634642
169,2021,0.823484583210523
169,2022,0.820219120074626
169,2023,0.816953656938728
169,2024,0.813688193802831
171,2012,0.805689823078303
171,2013,0.801395957907875
171,2014,0.797102092737447
171,2015,0.792808227567019
171,2016,0.788514362396591
171,2017,0.784220497226163
171,2018,0.779926632055735
171,2019,0.775632766885308
171,2020,0.77133890171488
171,2021,0.767045036544452
171,2022,0.762751171374024
171,2023,0.758457306203596
171,2024,0.754163441033168
172,2012,0.7874255860702
172,2013,0.786174234741047
172,2014,0.784922883411895
172,2015,0.783671532082742
172,2016,0.782420180753589
172,2017,0.781168829424436
172,2018,0.779917478095283
172,2019,0.77866612676613
172,2020,0.777414775436977
172,2021,0.776163424107825
172,2022,0.774912072778672
172,2023,0.773660721449519
172,2024,0.772409370120366
173,2012,0.73384459168342
173,2013,0.730637376150281
173,2014,0.727430160617141
173,2015,0.724222945084002
173,2016,0.721015729550862
173,2017,0.717808514017723
173,2018,0.714601298484583
173,2019,0.711394082951444
173,2020,0.708186867418304
173,2021,0.704979651885165
173,2022,0.701772436352026
173,2023,0.698565220818886
173,2024,0.695358005285747
174,2012,0.872584747612001
174,2013,0.872733324926969
174,2014,0.872881902241937
174,2015,0.873030479556904
174,2016,0.873179056871872
174,2017,0.87332763418684
174,2018,0.873476211501807
174,2019,0.873624788816775
174,2020,0.873773366131743
174,2021,0.87392194344671
174,2022,0.874070520761678
174,2023,0.874219098076646
174,2024,0.874367675391614
175,2012,0.835514251814303
175,2013,0.837316423561864
175,2014,0.839118595309424
175,2015,0.840920767056985
175,2016,0.842722938804545
175,2017,0.844525110552106
175,2018,0.846327282299666
175,2019,0.848129454047226
175,2020,0.849931625794787
175,2021,0.851733797542347
175,2022,0.853535969289908
175,2023,0.855338141037468
175,2024,0.857140312785028
176,2012,0.833484891443567
176,2013,0.834418361540911
176,2014,0.835351831638254
176,2015,0.836285301735598
176,2016,0.837218771832942
176,2017,0.838152241930286
176,2018,0.839085712027629
176,2019,0.840019182124973
176,2020,0.840952652222317
176,2021,0.84188612231966
176,2022,0.842819592417004
176,2023,0.843753062514348
176,2024,0.844686532611691
177,2012,0.826355707555678
177,2013,0.82675922565992
177,2014,0.827162743764163
177,2015,0.827566261868406
177,2016,0.827969779972649
177,2017,0.828373298076891
177,2018,0.828776816181134
177,2019,0.829180334285376
177,2020,0.829583852389619
177,2021,0.829987370493862
177,2022,0.830390888598104
177,2023,0.830794406702347
177,2024,0.83119792480659
178,2012,0.879949198078163
178,2013,0.881317899560872
178,2014,0.88268660104358
178,2015,0.884055302526288
178,2016,0.885424004008996
178,2017,0.886792705491705
178,2018,0.888161406974413
178,2019,0.889530108457121
178,2020,0.89089880993983
178,2021,0.892267511422538
178,2022,0.893636212905246
178,2023,0.895004914387954
178,2024,0.896373615870663
179,2012,0.801807343185614
179,2013,0.800241062273621
179,2014,0.798674781361627
179,2015,0.797108500449634
179,2016,0.79554221953764
179,2017,0.793975938625647
179,2018,0.792409657713654
179,2019,0.79084337680166
179,2020,0.789277095889667
179,2021,0.787710814977673
179,2022,0.78614453406568
179,2023,0.784578253153687
179,2024,0.783011972241693
180,2012,0.776888711963799
180,2013,0.778629383882287
180,2014,0.780370055800774
180,2015,0.782110727719261
180,2016,0.783851399637749
180,2017,0.785592071556236
180,2018,0.787332743474724
180,2019,0.789073415393211
180,2020,0.790814087311698
180,2021,0.792554759230186
180,2022,0.794295431148673
180,2023,0.796036103067161
180,2024,0.797776774985648
181,2012,0.755948290642608
181,2013,0.758389868387788
181,2014,0.760831446132969
181,2015,0.763273023878149
181,2016,0.765714601623329
181,2017,0.768156179368509
181,2018,0.77059775711369
181,2019,0.77303933485887
181,2020,0.77548091260405
181,2021,0.77792249034923
181,2022,0.780364068094411
181,2023,0.782805645839591
181,2024,0.785247223584771
182,2012,0.805242263267294
182,2013,0.802002879382823
182,2014,0.798763495498351
182,2015,0.79552411161388
182,2016,0.792284727729409
182,2017,0.789045343844938
182,2018,0.785805959960467
182,2019,0.782566576075996
182,2020,0.779327192191524
182,2021,0.776087808307053
182,2022,0.772848424422582
182,2023,0.769609040538111
182,2024,0.76636965665364
183,2012,0.804332098980392
183,2013,0.802586732204473
183,2014,0.800841365428555
183,2015,0.799095998652636
183,2016,0.797350631876718
183,2017,0.795605265100799
183,2018,0.793859898324881
183,2019,0.792114531548962
183,2020,0.790369164773043
183,2021,0.788623797997125
183,2022,0.786878431221206
183,2023,0.785133064445288
183,2024,0.783387697669369
184,2012,0.806887503973756
184,2013,0.801593726856065
184,2014,0.796299949738373
184,2015,0.791006172620681
184,2016,0.785712395502989
184,2017,0.780418618385297
184,2018,0.775124841267605
184,2019,0.769831064149913
184,2020,0.764537287032222
184,2021,0.75924350991453
184,2022,0.753949732796838
184,2023,0.748655955679146
184,2024,0.743362178561454
185,2012,0.804049064720001
185,2013,0.799938103232091
185,2014,0.795827141744181
185,2015,0.791716180256271
185,2016,0.787605218768361
185,2017,0.783494257280451
185,2018,0.779383295792541
185,2019,0.775272334304631
185,2020,0.771161372816721
185,2021,0.767050411328811
185,2022,0.762939449840901
185,2023,0.758828488352991
185,2024,0.754717526865081
186,2012,0.803691911311193
186,2013,0.797653785071645
186,2014,0.791615658832098
186,2015,0.785577532592551
186,2016,0.779539406353004
186,2017,0.773501280113456
186,2018,0.767463153873909
186,2019,0.761425027634362
186,2020,0.755386901394815
186,2021,0.749348775155267
186,2022,0.74331064891572
186,2023,0.737272522676173
186,2024,0.731234396436625
187,2012,0.80392455531213
187,2013,0.798407713552202
187,2014,0.792890871792274
187,2015,0.787374030032347
187,2016,0.781857188272419
187,2017,0.776340346512492
187,2018,0.770823504752564
187,2019,0.765306662992636
187,2020,0.759789821232709
187,2021,0.754272979472781
187,2022,0.748756137712854
187,2023,0.743239295952926
187,2024,0.737722454192999
188,2012,0.826812130407611
188,2013,0.820604970676572
188,2014,0.814397810945533
188,2015,0.808190651214494
188,2016,0.801983491483455
188,2017,0.795776331752415
188,2018,0.789569172021376
188,2019,0.783362012290337
188,2020,0.777154852559298
188,2021,0.770947692828259
188,2022,0.764740533097219
188,2023,0.75853337336618
188,2024,0.752326213635141
189,2012,0.89414768401624
189,2013,0.894536960415736
189,2014,0.894926236815232
189,2015,0.895315513214729
189,2016,0.895704789614225
189,2017,0.896094066013721
189,2018,0.896483342413217
189,2019,0.896872618812714
189,2020,0.89726189521221
189,2021,0.897651171611706
189,2022,0.898040448011202
189,2023,0.898429724410699
189,2024,0.898819000810195
190,2012,0.858361876011477
190,2013,0.851008033348991
190,2014,0.843654190686505
190,2015,0.836300348024019
190,2016,0.828946505361533
190,2017,0.821592662699047
190,2018,0.814238820036561
190,2019,0.806884977374075
190,2020,0.79953113471159
190,2021,0.792177292049104
190,2022,0.784823449386618
190,2023,0.777469606724132
190,2024,0.770115764061646
191,2012,0.852766756196398
191,2013,0.846693854524734
191,2014,0.840620952853069
191,2015,0.834548051181405
191,2016,0.82847514950974
191,2017,0.822402247838076
191,2018,0.816329346166412
191,2019,0.810256444494747
191,2020,0.804183542823082
191,2021,0.798110641151418
191,2022,0.792037739479753
191,2023,0.785964837808089
191,2024,0.779891936136424
192,2012,0.856803439825823
192,2013,0.850803665100226
192,2014,0.844803890374629
192,2015,0.838804115649032
192,2016,0.832804340923436
192,2017,0.826804566197839
192,2018,0.820804791472242
192,2019,0.814805016746645
192,2020,0.808805242021049
192,2021,0.802805467295452
192,2022,0.796805692569855
192,2023,0.790805917844258
192,2024,0.784806143118661
193,2012,0.804514229906973
193,2013,0.800515077070886
193,2014,0.796515924234799
193,2015,0.792516771398712
193,2016,0.788517618562625
193,2017,0.784518465726539
193,2018,0.780519312890452
193,2019,0.776520160054365
193,2020,0.772521007218278
193,2021,0.768521854382191
193,2022,0.764522701546105
193,2023,0.760523548710018
193,2024,0.756524395873931
194,2012,0.81391271286156
194,2013,0.810166211643267
194,2014,0.806419710424974
194,2015,0.802673209206681
194,2016,0.798926707988388
194,2017,0.795180206770095
194,2018,0.791433705551802
194,2019,0.787687204333509
194,2020,0.783940703115216
194,2021,0.780194201896924
194,2022,0.776447700678631
194,2023,0.772701199460338
194,2024,0.768954698242045
195,2012,0.80228055025918
195,2013,0.79836058167121
195,2014,0.794440613083239
195,2015,0.790520644495268
195,2016,0.786600675907298
195,2017,0.782680707319327
195,2018,0.778760738731357
195,2019,0.774840770143386
195,2020,0.770920801555416
195,2021,0.767000832967445
195,2022,0.763080864379474
195,2023,0.759160895791504
195,2024,0.755240927203533
196,2012,0.815261665563563
196,2013,0.811239921472766
196,2014,0.807218177381968
196,2015,0.803196433291171
196,2016,0.799174689200374
196,2017,0.795152945109576
196,2018,0.791131201018779
196,2019,0.787109456927981
196,2020,0.783087712837184
196,2021,0.779065968746387
196,2022,0.775044224655589
196,2023,0.771022480564792
196,2024,0.767000736473995
197,2012,0.805501426541587
197,2013,0.801367130835811
197,2014,0.797232835130036
197,2015,0.793098539424261
197,2016,0.788964243718485
197,2017,0.78482994801271
197,2018,0.780695652306934
197,2019,0.776561356601159
197,2020,0.772427060895384
197,2021,0.768292765189608
197,2022,0.764158469483833
197,2023,0.760024173778058
197,2024,0.755889878072282
198,2012,0.812956859056341
198,2013,0.809454727843109
198,2014,0.805952596629877
198,2015,0.802450465416645
198,2016,0.798948334203413
198,2017,0.795446202990181
198,2018,0.791944071776949
198,2019,0.788441940563717
198,2020,0.784939809350485
198,2021,0.781437678137253
198,2022,0.777935546924021
198,2023,0.774433415710789
198,2024,0.770931284497557
199,2012,0.810492927614643
199,2013,0.805718644290191
199,2014,0.800944360965739
199,2015,0.796170077641286
199,2016,0.791395794316834
199,2017,0.786621510992382
199,2018,0.78184722766793
199,2019,0.777072944343478
199,2020,0.772298661019025
199,2021,0.767524377694573
199,2022,0.762750094370121
199,2023,0.757975811045669
199,2024,0.753201527721217
200,2012,0.800079513936641
200,2013,0.796175936408202
200,2014,0.792272358879762
200,2015,0.788368781351323
200,2016,0.784465203822883
200,2017,0.780561626294444
200,2018,0.776658048766004
200,2019,0.772754471237565
200,2020,0.768850893709125
200,2021,0.764947316180686
200,2022,0.761043738652246
200,2023,0.757140161123807
200,2024,0.753236583595367
202,2012,0.891917254137163
202,2013,0.887951222400817
202,2014,0.883985190664471
202,2015,0.880019158928125
202,2016,0.876053127191779
202,2017,0.872087095455434
202,2018,0.868121063719088
202,2019,0.864155031982742
202,2020,0.860189000246396
202,2021,0.856222968510051
202,2022,0.852256936773705
202,2023,0.848290905037359
202,2024,0.844324873301013
203,2012,0.857544135376993
203,2013,0.852193840240327
203,2014,0.846843545103662
203,2015,0.841493249966996
203,2016,0.836142954830331
203,2017,0.830792659693665
203,2018,0.825442364556999
203,2019,0.820092069420334
203,2020,0.814741774283668
203,2021,0.809391479147003
203,2022,0.804041184010337
203,2023,0.798690888873672
203,2024,0.793340593737006
204,2012,0.851469696068495
204,2013,0.844940056058315
204,2014,0.838410416048136
204,2015,0.831880776037956
204,2016,0.825351136027776
204,2017,0.818821496017596
204,2018,0.812291856007417
204,2019,0.805762215997237
204,2020,0.799232575987057
204,2021,0.792702935976878
204,2022,0.786173295966698
204,2023,0.779643655956518
204,2024,0.773114015946338
205,2012,0.858000286855467
205,2013,0.85243044616025
205,2014,0.846860605465032
205,2015,0.841290764769815
205,2016,0.835720924074598
205,2017,0.830151083379381
205,2018,0.824581242684164
205,2019,0.819011401988947
205,2020,0.81344156129373
205,2021,0.807871720598513
205,2022,0.802301879903295
205,2023,0.796732039208078
205,2024,0.791162198512861
206,2012,0.836598725230296
206,2013,0.832961096842762
206,2014,0.829323468455229
206,2015,0.825685840067695
206,2016,0.822048211680162
206,2017,0.818410583292628
206,2018,0.814772954905095
206,2019,0.811135326517561
206,2020,0.807497698130028
206,2021,0.803860069742494
206,2022,0.800222441354961
206,2023,0.796584812967427
206,2024,0.792947184579893
207,2012,0.847987145589745
207,2013,0.843231627798538
207,2014,0.83847611000733
207,2015,0.833720592216122
207,2016,0.828965074424915
207,2017,0.824209556633707
207,2018,0.8194540388425
207,2019,0.814698521051292
207,2020,0.809943003260085
207,2021,0.805187485468878
207,2022,0.80043196767767
207,2023,0.795676449886462
207,2024,0.790920932095255
208,2012,0.829332797660888
208,2013,0.82529227699617
208,2014,0.821251756331452
208,2015,0.817211235666734
208,2016,0.813170715002017
208,2017,0.809130194337299
208,2018,0.805089673672581
208,2019,0.801049153007864
208,2020,0.797008632343146
208,2021,0.792968111678428
208,2022,0.78892759101371
208,2023,0.784887070348993
208,2024,0.780846549684275
209,2012,0.869802459812544
209,2013,0.865181056133332
209,2014,0.860559652454121
209,2015,0.85593824877491
209,2016,0.851316845095698
209,2017,0.846695441416487
209,2018,0.842074037737276
209,2019,0.837452634058065
209,2020,0.832831230378853
209,2021,0.828209826699642
209,2022,0.823588423020431
209,2023,0.81896701934122
209,2024,0.814345615662008
210,2012,0.879404173473798
210,2013,0.875606394298169
210,2014,0.871808615122541
210,2015,0.868010835946912
210,2016,0.864213056771284
210,2017,0.860415277595656
210,2018,0.856617498420027
210,2019,0.852819719244399
210,2020,0.84902194006877
210,2021,0.845224160893142
210,2022,0.841426381717513
210,2023,0.837628602541885
210,2024,0.833830823366257
212,2012,0.861050448601223
212,2013,0.855667158443866
212,2014,0.85028386828651
212,2015,0.844900578129153
212,2016,0.839517287971797
212,2017,0.83413399781444
212,2018,0.828750707657084
212,2019,0.823367417499727
212,2020,0.817984127342371
212,2021,0.812600837185014
212,2022,0.807217547027658
212,2023,0.801834256870301
212,2024,0.796450966712945
214,2012,0.853643825050682
214,2013,0.848920090768888
214,2014,0.844196356487095
214,2015,0.839472622205301
214,2016,0.834748887923508
214,2017,0.830025153641714
214,2018,0.825301419359921
214,2019,0.820577685078127
214,2020,0.815853950796334
214,2021,0.81113021651454
214,2022,0.806406482232747
214,2023,0.801682747950954
214,2024,0.79695901366916
215,2012,0.868952896659009
215,2013,0.864832893733537
215,2014,0.860712890808065
215,2015,0.856592887882593
215,2016,0.852472884957121
215,2017,0.848352882031649
215,2018,0.844232879106177
215,2019,0.840112876180705
215,2020,0.835992873255233
215,2021,0.831872870329761
215,2022,0.827752867404289
215,2023,0.823632864478817
215,2024,0.819512861553346
216,2012,0.85395032199248
216,2013,0.8508201538178
216,2014,0.847689985643119
216,2015,0.844559817468439
216,2016,0.841429649293759
216,2017,0.838299481119078
216,2018,0.835169312944398
216,2019,0.832039144769717
216,2020,0.828908976595037
216,2021,0.825778808420357
216,2022,0.822648640245676
216,2023,0.819518472070996
216,2024,0.816388303896315
218,2012,0.841450453375264
218,2013,0.839451559054119
218,2014,0.837452664732973
218,2015,0.835453770411828
218,2016,0.833454876090682
218,2017,0.831455981769537
218,2018,0.829457087448391
218,2019,0.827458193127246
218,2020,0.8254592988061
218,2021,0.823460404484955
218,2022,0.821461510163809
218,2023,0.819462615842664
218,2024,0.817463721521518
219,2012,0.795458475728477
219,2013,0.794362113528281
219,2014,0.793265751328085
219,2015,0.792169389127889
219,2016,0.791073026927693
219,2017,0.789976664727496
219,2018,0.7888803025273
219,2019,0.787783940327104
219,2020,0.786687578126908
219,2021,0.785591215926712
219,2022,0.784494853726515
219,2023,0.783398491526319
219,2024,0.782302129326123
220,2012,0.904988269294605
220,2013,0.898542564064006
220,2014,0.892096858833406
220,2015,0.885651153602807
220,2016,0.879205448372207
220,2017,0.872759743141608
220,2018,0.866314037911009
220,2019,0.859868332680409
220,2020,0.85342262744981
220,2021,0.846976922219211
220,2022,0.840531216988611
220,2023,0.834085511758012
220,2024,0.827639806527412
221,2012,0.907741498704654
221,2013,0.900688230896118
221,2014,0.893634963087582
221,2015,0.886581695279046
221,2016,0.87952842747051
221,2017,0.872475159661974
221,2018,0.865421891853438
221,2019,0.858368624044902
221,2020,0.851315356236366
221,2021,0.84426208842783
221,2022,0.837208820619294
221,2023,0.830155552810758
221,2024,0.823102285002222
222,2012,0.861249775248666
222,2013,0.8621779117883
222,2014,0.863106048327935
222,2015,0.864034184867569
222,2016,0.864962321407203
222,2017,0.865890457946837
222,2018,0.866818594486471
222,2019,0.867746731026106
222,2020,0.86867486756574
222,2021,0.869603004105374
222,2022,0.870531140645008
222,2023,0.871459277184642
222,2024,0.872387413724277
223,2012,0.792497283162956
223,2013,0.793794548804647
223,2014,0.795091814446339
223,2015,0.79638908008803
223,2016,0.797686345729722
223,2017,0.798983611371413
223,2018,0.800280877013105
223,2019,0.801578142654796
223,2020,0.802875408296488
223,2021,0.804172673938179
223,2022,0.805469939579871
223,2023,0.806767205221562
223,2024,0.808064470863254
224,2012,0.81272859349237
224,2013,0.812643879915929
224,2014,0.812559166339487
224,2015,0.812474452763046
224,2016,0.812389739186605
224,2017,0.812305025610163
224,2018,0.812220312033722
224,2019,0.81213559845728
224,2020,0.812050884880839
224,2021,0.811966171304398
224,2022,0.811881457727956
224,2023,0.811796744151515
224,2024,0.811712030575073
227,2012,0.785367517620284
227,2013,0.786479770025196
227,2014,0.787592022430107
227,2015,0.788704274835019
227,2016,0.78981652723993
227,2017,0.790928779644842
227,2018,0.792041032049753
227,2019,0.793153284454665
227,2020,0.794265536859576
227,2021,0.795377789264488
227,2022,0.796490041669399
227,2023,0.797602294074311
227,2024,0.798714546479222
228,2012,0.78687407013636
228,2013,0.788072549836215
228,2014,0.789271029536071
228,2015,0.790469509235927
228,2016,0.791667988935783
228,2017,0.792866468635638
228,2018,0.794064948335494
228,2019,0.79526342803535
228,2020,0.796461907735206
228,2021,0.797660387435061
228,2022,0.798858867134917
228,2023,0.800057346834773
228,2024,0.801255826534629
231,2012,0.861050537020577
231,2013,0.858535016008111
231,2014,0.856019494995645
231,2015,0.853503973983179
231,2016,0.850988452970713
231,2017,0.848472931958248
231,2018,0.845957410945782
231,2019,0.843441889933316
231,2020,0.84092636892085
231,2021,0.838410847908384
231,2022,0.835895326895919
231,2023,0.833379805883453
231,2024,0.830864284870987
232,2012,0.858853408084474
232,2013,0.85290807468496
232,2014,0.846962741285446
232,2015,0.841017407885932
232,2016,0.835072074486419
232,2017,0.829126741086905
232,2018,0.823181407687391
232,2019,0.817236074287877
232,2020,0.811290740888363
232,2021,0.805345407488849
232,2022,0.799400074089335
232,2023,0.793454740689821
232,2024,0.787509407290307
237,2012,0.862571122708765
237,2013,0.860132376455048
237,2014,0.85769363020133
237,2015,0.855254883947613
237,2016,0.852816137693895
237,2017,0.850377391440177
237,2018,0.84793864518646
237,2019,0.845499898932742
237,2020,0.843061152679025
237,2021,0.840622406425307
237,2022,0.83818366017159
237,2023,0.835744913917872
237,2024,0.833306167664154
244,2012,0.866845780075682
244,2013,0.861428909151
244,2014,0.856012038226319
244,2015,0.850595167301637
244,2016,0.845178296376955
244,2017,0.839761425452273
244,2018,0.834344554527591
244,2019,0.82892768360291
244,2020,0.823510812678228
244,2021,0.818093941753546
244,2022,0.812677070828864
244,2023,0.807260199904183
244,2024,0.801843328979501
245,2012,0.87437636549363
245,2013,0.868440398828738
245,2014,0.862504432163847
245,2015,0.856568465498955
245,2016,0.850632498834063
245,2017,0.844696532169172
245,2018,0.83876056550428
245,2019,0.832824598839388
245,2020,0.826888632174497
245,2021,0.820952665509605
245,2022,0.815016698844714
245,2023,0.809080732179822
245,2024,0.80314476551493
247,2012,0.833997988989215
247,2013,0.831032809366699
247,2014,0.828067629744184
247,2015,0.825102450121668
247,2016,0.822137270499153
247,2017,0.819172090876637
247,2018,0.816206911254122
247,2019,0.813241731631607
247,2020,0.810276552009091
247,2021,0.807311372386576
247,2022,0.80434619276406
247,2023,0.801381013141545
247,2024,0.798415833519029
248,2012,0.860344012376177
248,2013,0.85722444684018
248,2014,0.854104881304183
248,2015,0.850985315768186
248,2016,0.847865750232189
248,2017,0.844746184696193
248,2018,0.841626619160196
248,2019,0.838507053624199
248,2020,0.835387488088202
248,2021,0.832267922552205
248,2022,0.829148357016208
248,2023,0.826028791480211
248,2024,0.822909225944215
249,2012,0.867383907312563
249,2013,0.864467285188973
249,2014,0.861550663065383
249,2015,0.858634040941793
249,2016,0.855717418818204
249,2017,0.852800796694614
249,2018,0.849884174571024
249,2019,0.846967552447434
249,2020,0.844050930323844
249,2021,0.841134308200255
249,2022,0.838217686076665
249,2023,0.835301063953075
249,2024,0.832384441829486
250,2012,0.87482268507361
250,2013,0.86773517718838
250,2014,0.860647669303149
250,2015,0.853560161417918
250,2016,0.846472653532688
250,2017,0.839385145647457
250,2018,0.832297637762227
250,2019,0.825210129876996
250,2020,0.818122621991766
250,2021,0.811035114106535
250,2022,0.803947606221305
250,2023,0.796860098336074
250,2024,0.789772590450843
19,2012,0.781010526670976
19,2013,0.777226530645619
19,2014,0.773442534620261
19,2015,0.769658538594903
19,2016,0.765874542569545
19,2017,0.762090546544187
19,2018,0.758306550518829
19,2019,0.754522554493471
19,2020,0.750738558468114
19,2021,0.746954562442756
19,2022,0.743170566417398
19,2023,0.73938657039204
