"rgn_id","rgn_name","year","Ap"
5,"New Caledonia",2008,0.771229602473355
5,"New Caledonia",2009,0.732958654376894
5,"New Caledonia",2010,0.799969508962421
5,"New Caledonia",2011,0.901893434979838
5,"New Caledonia",2012,0.898219103108362
5,"New Caledonia",2013,0.862504051920751
5,"New Caledonia",2014,0.853376575038007
5,"New Caledonia",2015,0.915608711810043
5,"New Caledonia",2016,0.943628900858971
5,"New Caledonia",2017,0.997094978052123
5,"New Caledonia",2018,1
5,"New Caledonia",2019,1
5,"New Caledonia",2020,0.259629263805422
5,"New Caledonia",2021,0.104236038828352
5,"New Caledonia",2022,0.662374941205649
6,"Vanuatu",2008,0.758564700622736
6,"Vanuatu",2009,0.834353521387932
6,"Vanuatu",2010,0.824570526793792
6,"Vanuatu",2011,0.765233367648667
6,"Vanuatu",2012,0.954602620740313
6,"Vanuatu",2013,0.970438915830902
6,"Vanuatu",2014,0.961640974113908
6,"Vanuatu",2015,0.794480081491031
6,"Vanuatu",2016,0.839349584247698
6,"Vanuatu",2017,0.963400562457307
6,"Vanuatu",2018,1
6,"Vanuatu",2019,1
6,"Vanuatu",2020,0.195875347509744
6,"Vanuatu",2021,0.219137167843048
6,"Vanuatu",2022,0.26234280624276
7,"Solomon Islands",2008,0.6476898180157
7,"Solomon Islands",2009,0.725710875726214
7,"Solomon Islands",2010,0.81153403920778
7,"Solomon Islands",2011,0.905159308460397
7,"Solomon Islands",2012,0.944169837315654
7,"Solomon Islands",2013,0.963675101743282
7,"Solomon Islands",2014,0.786866228167289
7,"Solomon Islands",2015,0.831799467920849
7,"Solomon Islands",2016,0.879001933796045
7,"Solomon Islands",2017,0.958035171548245
7,"Solomon Islands",2018,1
7,"Solomon Islands",2019,1
7,"Solomon Islands",2020,0.168826505156517
7,"Solomon Islands",2021,0.0354318880270486
7,"Solomon Islands",2022,0.143486450033103
8,"Palau",2008,0.581888064644305
8,"Palau",2009,0.510053144207507
8,"Palau",2010,0.610631088517382
8,"Palau",2011,0.797396497183765
8,"Palau",2012,0.862052086303155
8,"Palau",2013,0.775871964404775
8,"Palau",2014,1
8,"Palau",2015,1
8,"Palau",2016,0.991380396944234
8,"Palau",2017,0.883632911261121
8,"Palau",2018,0.761523091714129
8,"Palau",2019,0.675349088530855
8,"Palau",2020,0.132198329927812
8,"Palau",2021,0.149288644919484
8,"Palau",2022,0.806964975455591
9,"Micronesia",2008,0.590874731024653
9,"Micronesia",2009,1
9,"Micronesia",2010,1
9,"Micronesia",2011,0.813608528506199
9,"Micronesia",2012,0.875110916382278
9,"Micronesia",2013,0.955571308944193
9,"Micronesia",2014,0.799630165266937
9,"Micronesia",2015,0.700603993376507
9,"Micronesia",2016,0.659792279922481
9,"Micronesia",2017,0.540632418268974
9,"Micronesia",2018,0.423280281079589
9,"Micronesia",2019,0.39376151367834
9,"Micronesia",2020,0.117931293827758
9,"Micronesia",2021,0.13029108916356
9,"Micronesia",2022,0.661926120397564
11,"Marshall Islands",2008,0.964344746531973
11,"Marshall Islands",2009,0.868097431464665
11,"Marshall Islands",2010,0.739787173831786
11,"Marshall Islands",2011,0.739816417517081
11,"Marshall Islands",2012,0.739816417517081
11,"Marshall Islands",2013,0.763907489969203
11,"Marshall Islands",2014,0.787998562421325
11,"Marshall Islands",2015,1
11,"Marshall Islands",2016,0.868302137261732
11,"Marshall Islands",2017,0.964666427070221
11,"Marshall Islands",2018,1
11,"Marshall Islands",2019,0.980727142038302
11,"Marshall Islands",2020,0.193052653930717
11,"Marshall Islands",2021,0.00605580649477569
11,"Marshall Islands",2022,0.0318105532445827
13,"Northern Mariana Islands and Guam",2008,0.722684874056306
13,"Northern Mariana Islands and Guam",2009,0.660340984178357
13,"Northern Mariana Islands and Guam",2010,0.742515242219933
13,"Northern Mariana Islands and Guam",2011,0.706636511586013
13,"Northern Mariana Islands and Guam",2012,0.775972155099791
13,"Northern Mariana Islands and Guam",2013,0.808608188207922
13,"Northern Mariana Islands and Guam",2014,0.829052754803291
13,"Northern Mariana Islands and Guam",2015,0.880523144918545
13,"Northern Mariana Islands and Guam",2016,0.973974525998974
13,"Northern Mariana Islands and Guam",2017,1
13,"Northern Mariana Islands and Guam",2018,0.975895130876674
13,"Northern Mariana Islands and Guam",2019,1
13,"Northern Mariana Islands and Guam",2020,0.19603184238429
13,"Northern Mariana Islands and Guam",2021,0.0430686857355989
13,"Northern Mariana Islands and Guam",2022,0.200321218992191
15,"Philippines",2008,0.482243509339367
15,"Philippines",2009,0.464453303951551
15,"Philippines",2010,0.542101609126312
15,"Philippines",2011,0.602873740444428
15,"Philippines",2012,0.657366606710341
15,"Philippines",2013,0.7203437236708
15,"Philippines",2014,0.745588530908722
15,"Philippines",2015,0.764659434567877
15,"Philippines",2016,0.853671920704272
15,"Philippines",2017,0.950525345949782
15,"Philippines",2018,1
15,"Philippines",2019,1
15,"Philippines",2020,0.215222512952759
15,"Philippines",2021,0.0240026331253214
15,"Philippines",2022,0.398141313712756
17,"Papua New Guinea",2008,0.718198671269561
17,"Papua New Guinea",2009,0.740338333396705
17,"Papua New Guinea",2010,0.847904895221521
17,"Papua New Guinea",2011,0.948102273749853
17,"Papua New Guinea",2012,0.937156598083072
17,"Papua New Guinea",2013,0.965827278450563
17,"Papua New Guinea",2014,1
17,"Papua New Guinea",2015,1
17,"Papua New Guinea",2016,0.982432139154034
17,"Papua New Guinea",2017,0.795013072624055
17,"Papua New Guinea",2018,0.795106688583349
17,"Papua New Guinea",2019,0.905598996696025
17,"Papua New Guinea",2020,0.221117145963541
17,"Papua New Guinea",2021,0.0972856705772102
17,"Papua New Guinea",2022,0.480430980437045
18,"Fiji",2008,0.680907185447628
18,"Fiji",2009,0.630867700677593
18,"Fiji",2010,0.707821185857745
18,"Fiji",2011,0.760001982622051
18,"Fiji",2012,0.74851546257948
18,"Fiji",2013,0.750708338114125
18,"Fiji",2014,0.794042789201517
18,"Fiji",2015,0.870028672831056
18,"Fiji",2016,0.917895704411514
18,"Fiji",2017,0.981143499202497
18,"Fiji",2018,1
18,"Fiji",2019,1
18,"Fiji",2020,0.171005366834563
18,"Fiji",2021,0.0372472261167085
18,"Fiji",2022,0.740531794478925
19,"Tuvalu",2008,0.608325924696698
19,"Tuvalu",2009,0.574560918205034
19,"Tuvalu",2010,0.600187401867705
19,"Tuvalu",2011,0.429879165840581
19,"Tuvalu",2012,0.394046951778339
19,"Tuvalu",2013,0.460230759441323
19,"Tuvalu",2014,0.497706411152625
19,"Tuvalu",2015,0.837361377676142
19,"Tuvalu",2016,0.87844597663001
19,"Tuvalu",2017,0.87844597663001
19,"Tuvalu",2018,1
19,"Tuvalu",2019,1
19,"Tuvalu",2020,0.236910853288395
19,"Tuvalu",2021,0.0478268169350766
19,"Tuvalu",2022,0.116707430178071
20,"South Korea",2008,0.752813333717914
20,"South Korea",2009,0.75095580275932
20,"South Korea",2010,0.749175252345924
20,"South Korea",2011,0.745261618719518
20,"South Korea",2012,0.743814079811364
20,"South Korea",2013,0.74178594533158
20,"South Korea",2014,0.85210676820275
20,"South Korea",2015,0.780916715537749
20,"South Korea",2016,0.99313493289658
20,"South Korea",2017,0.851333894051624
20,"South Korea",2018,1
20,"South Korea",2019,1
20,"South Korea",2020,0.173567004754275
20,"South Korea",2021,0.0702257938931966
20,"South Korea",2022,0.22133814084092
24,"Cambodia",2008,0.383387595769314
24,"Cambodia",2009,0.397134189187456
24,"Cambodia",2010,0.451858219307602
24,"Cambodia",2011,0.482976372761205
24,"Cambodia",2012,0.601805382617919
24,"Cambodia",2013,0.707997303501682
24,"Cambodia",2014,0.758412427794093
24,"Cambodia",2015,0.805362459328126
24,"Cambodia",2016,0.838457910369408
24,"Cambodia",2017,0.938387402994054
24,"Cambodia",2018,1
24,"Cambodia",2019,1
24,"Cambodia",2020,0.221723165299107
24,"Cambodia",2021,0.0355670163992881
24,"Cambodia",2022,0.369421105842311
25,"Thailand",2008,0.331981755448235
25,"Thailand",2009,0.32217392179054
25,"Thailand",2010,0.366967960029635
25,"Thailand",2011,0.437721374510228
25,"Thailand",2012,0.588639958427253
25,"Thailand",2013,0.698880450455431
25,"Thailand",2014,0.652624077448806
25,"Thailand",2015,0.785641437317641
25,"Thailand",2016,0.853004076939652
25,"Thailand",2017,0.932357036484873
25,"Thailand",2018,1
25,"Thailand",2019,1
25,"Thailand",2020,0.184429405240615
25,"Thailand",2021,0.0141028857856861
25,"Thailand",2022,0.0759801085526429
28,"Comoro Islands",2008,0.357500427517487
28,"Comoro Islands",2009,0.272957641100642
28,"Comoro Islands",2010,0.369579936880745
28,"Comoro Islands",2011,0.45412272329759
28,"Comoro Islands",2012,0.550745019077693
28,"Comoro Islands",2013,0.529006035961617
28,"Comoro Islands",2014,0.55049170263863
28,"Comoro Islands",2015,0.569830655062973
28,"Comoro Islands",2016,0.647024783975166
28,"Comoro Islands",2017,0.676038038903775
28,"Comoro Islands",2018,0.866789994517332
28,"Comoro Islands",2019,1
28,"Comoro Islands",2020,0.168999857141754
28,"Comoro Islands",2021,0.695319075822979
28,"Comoro Islands",2022,1
31,"Seychelles",2008,0.43012531348847
31,"Seychelles",2009,0.451897970928321
31,"Seychelles",2010,0.492587150720246
31,"Seychelles",2011,0.554887240728541
31,"Seychelles",2012,0.59493729677887
31,"Seychelles",2013,0.657866276373491
31,"Seychelles",2014,0.602764559868728
31,"Seychelles",2015,0.781094789118626
31,"Seychelles",2016,0.853048777820131
31,"Seychelles",2017,0.981028095753961
31,"Seychelles",2018,1
31,"Seychelles",2019,1
31,"Seychelles",2020,0.320344686639661
31,"Seychelles",2021,0.508312760811026
31,"Seychelles",2022,0.768571168910076
37,"Mauritius",2008,0.680532776039728
37,"Mauritius",2009,0.637366547938644
37,"Mauritius",2010,0.684156461329861
37,"Mauritius",2011,0.706125190468268
37,"Mauritius",2012,0.706133231730763
37,"Mauritius",2013,0.726629678808583
37,"Mauritius",2014,0.759556455657116
37,"Mauritius",2015,0.842243295853253
37,"Mauritius",2016,0.932976515712188
37,"Mauritius",2017,0.981999707005636
37,"Mauritius",2018,1
37,"Mauritius",2019,1
37,"Mauritius",2020,0.226145887215884
37,"Mauritius",2021,0.131545843529898
37,"Mauritius",2022,0.729532647671937
39,"Maldives",2008,0.550660545201088
39,"Maldives",2009,0.528878016892983
39,"Maldives",2010,0.638485474440631
39,"Maldives",2011,0.750458360389179
39,"Maldives",2012,0.77217793043797
39,"Maldives",2013,0.892915001804118
39,"Maldives",2014,0.924120756973334
39,"Maldives",2015,0.913360353340288
39,"Maldives",2016,0.918606593814715
39,"Maldives",2017,0.959954532498879
39,"Maldives",2018,0.992230077784868
39,"Maldives",2019,1
39,"Maldives",2020,0.349187605544248
39,"Maldives",2021,0.806663601297671
39,"Maldives",2022,1
40,"Sri Lanka",2008,0.206118957769729
40,"Sri Lanka",2009,0.211464926299536
40,"Sri Lanka",2010,0.309623820953898
40,"Sri Lanka",2011,0.398363303505324
40,"Sri Lanka",2012,0.467044001926577
40,"Sri Lanka",2013,0.614168862869318
40,"Sri Lanka",2014,0.734934181186943
40,"Sri Lanka",2015,0.864838058936311
40,"Sri Lanka",2016,0.983150394497019
40,"Sri Lanka",2017,1
40,"Sri Lanka",2018,1
40,"Sri Lanka",2019,0.911917937652401
40,"Sri Lanka",2020,0.242162601695216
40,"Sri Lanka",2021,0.0922099643520897
40,"Sri Lanka",2022,0.342499167207184
41,"Mozambique",2008,0.548734794995686
41,"Mozambique",2009,0.615918423016555
41,"Mozambique",2010,0.716026709054229
41,"Mozambique",2011,0.802011666075507
41,"Mozambique",2012,0.886366348766546
41,"Mozambique",2013,0.771830716944498
41,"Mozambique",2014,0.676722354499739
41,"Mozambique",2015,0.619129158412863
41,"Mozambique",2016,0.652721621084682
41,"Mozambique",2017,0.58280377951879
41,"Mozambique",2018,1
41,"Mozambique",2019,0.839978686857944
41,"Mozambique",2020,0.397208784858957
41,"Mozambique",2021,0.204602321869123
41,"Mozambique",2022,1
42,"Madagascar",2008,1
42,"Madagascar",2009,0.470457799390521
42,"Madagascar",2010,0.565790435627907
42,"Madagascar",2011,0.651122541393127
42,"Madagascar",2012,0.725497660379494
42,"Madagascar",2013,0.556261156438836
42,"Madagascar",2014,0.649664469027587
42,"Madagascar",2015,0.714722624728292
42,"Madagascar",2016,0.862441106633315
42,"Madagascar",2017,0.76320647754651
42,"Madagascar",2018,0.877264316654279
42,"Madagascar",2019,1
42,"Madagascar",2020,0.201685070443296
42,"Madagascar",2021,0.0231845535800921
42,"Madagascar",2022,0.125231999414564
43,"Kenya",2008,0.678707902447136
43,"Kenya",2009,0.823497289946491
43,"Kenya",2010,0.866599278926636
43,"Kenya",2011,1
43,"Kenya",2012,0.876977259351359
43,"Kenya",2013,0.864975724531725
43,"Kenya",2014,0.763667039966206
43,"Kenya",2015,0.674367148072494
43,"Kenya",2016,0.764732719190356
43,"Kenya",2017,0.820821322709452
43,"Kenya",2018,0.818080649821417
43,"Kenya",2019,0.924360529205875
43,"Kenya",2020,0.276376676080661
43,"Kenya",2021,0.312787180652131
43,"Kenya",2022,1
46,"Djibouti",2008,0.260820400948884
46,"Djibouti",2009,0.392116839387158
46,"Djibouti",2010,0.330248979164314
46,"Djibouti",2011,0.362976221347903
46,"Djibouti",2012,0.390337508485921
46,"Djibouti",2013,0.411187034578215
46,"Djibouti",2014,0.532829003547725
46,"Djibouti",2015,0.651603835123321
46,"Djibouti",2016,0.776790116529297
46,"Djibouti",2017,0.906092007908882
46,"Djibouti",2018,0.975512669060811
46,"Djibouti",2019,1
46,"Djibouti",2020,0.521064024860536
46,"Djibouti",2021,0.794539898593034
46,"Djibouti",2022,1
47,"Yemen",2008,1
47,"Yemen",2009,1
47,"Yemen",2010,0.996435391870916
47,"Yemen",2011,0.794834577526596
47,"Yemen",2012,0.833181732012457
47,"Yemen",2013,0.9388195297431
47,"Yemen",2014,0.959238183919347
47,"Yemen",2015,0.345995080876683
47,"Yemen",2016,0.343976333794513
47,"Yemen",2017,0.298221275371374
47,"Yemen",2018,0.291446676996639
47,"Yemen",2019,0.289320085750393
47,"Yemen",2020,0.0827136992680528
47,"Yemen",2021,0.092465256723915
47,"Yemen",2022,0.494754683822398
48,"Oman",2008,0.877371284916619
48,"Oman",2009,0.980133503730356
48,"Oman",2010,0.783778500762156
48,"Oman",2011,0.505818422457843
48,"Oman",2012,0.546076752909591
48,"Oman",2013,0.578586723444064
48,"Oman",2014,0.654208908465353
48,"Oman",2015,0.756399427204701
48,"Oman",2016,0.89937511209481
48,"Oman",2017,0.881819604514927
48,"Oman",2018,1
48,"Oman",2019,1
48,"Oman",2020,0.335070512345881
48,"Oman",2021,0.19880974859761
48,"Oman",2022,0.855165986978465
49,"Sudan",2008,0.343975475770067
49,"Sudan",2009,0.326307226931961
49,"Sudan",2010,0.559628275482185
49,"Sudan",2011,0.625224709938193
49,"Sudan",2012,0.638448310470799
49,"Sudan",2013,0.643297675046425
49,"Sudan",2014,0.737110734474902
49,"Sudan",2015,0.759126569683795
49,"Sudan",2016,0.817187579832042
49,"Sudan",2017,0.874606434347309
49,"Sudan",2018,1
49,"Sudan",2019,0.999273223530312
49,"Sudan",2020,0.297830503884173
49,"Sudan",2021,0.350216536664592
49,"Sudan",2022,1
50,"Saudi Arabia",2008,1
50,"Saudi Arabia",2009,0.732894752949267
50,"Saudi Arabia",2010,0.659538351797307
50,"Saudi Arabia",2011,0.835341465713373
50,"Saudi Arabia",2012,0.917746956118729
50,"Saudi Arabia",2013,0.851936787850614
50,"Saudi Arabia",2014,0.982463763704755
50,"Saudi Arabia",2015,0.932143684569413
50,"Saudi Arabia",2016,0.907902964941704
50,"Saudi Arabia",2017,0.812361447986193
50,"Saudi Arabia",2018,0.915977775142387
50,"Saudi Arabia",2019,1
50,"Saudi Arabia",2020,0.237508056251569
50,"Saudi Arabia",2021,0.208188891055102
50,"Saudi Arabia",2022,0.969359526389479
51,"Kuwait",2008,0.928954010158088
51,"Kuwait",2009,1
51,"Kuwait",2010,0.718273001650022
51,"Kuwait",2011,0.816007659664361
51,"Kuwait",2012,0.871020846754202
51,"Kuwait",2013,0.863655228102423
51,"Kuwait",2014,0.542001221714904
51,"Kuwait",2015,0.484241925163402
51,"Kuwait",2016,0.525548957675796
51,"Kuwait",2017,0.462448226459527
51,"Kuwait",2018,0.492691332138606
51,"Kuwait",2019,0.370540036957029
51,"Kuwait",2020,0.213030866214991
51,"Kuwait",2021,0.215175050134213
51,"Kuwait",2022,1
52,"Bahrain",2008,0.732163685347975
52,"Bahrain",2009,0.677991586620413
52,"Bahrain",2010,0.639138673477985
52,"Bahrain",2011,1
52,"Bahrain",2012,1
52,"Bahrain",2013,0.982994156580034
52,"Bahrain",2014,0.954374463643528
52,"Bahrain",2015,0.910938785601029
52,"Bahrain",2016,0.903682529362956
52,"Bahrain",2017,0.961190923017032
52,"Bahrain",2018,0.979935726109694
52,"Bahrain",2019,0.894175972975518
52,"Bahrain",2020,0.193393059872868
52,"Bahrain",2021,0.510258351442077
52,"Bahrain",2022,0.868047204653065
53,"Pakistan",2008,0.533135065659037
53,"Pakistan",2009,0.55266484854845
53,"Pakistan",2010,0.569080745504559
53,"Pakistan",2011,0.673987871960686
53,"Pakistan",2012,0.588076362625563
53,"Pakistan",2013,0.58745969035498
53,"Pakistan",2014,0.586433900564052
53,"Pakistan",2015,0.899567625291262
53,"Pakistan",2016,0.89235487758299
53,"Pakistan",2017,0.954335818490892
53,"Pakistan",2018,0.952427592864105
53,"Pakistan",2019,1
53,"Pakistan",2020,0.515346626029214
53,"Pakistan",2021,0.542934566285661
53,"Pakistan",2022,1
54,"United Arab Emirates",2008,0.345073488550529
54,"United Arab Emirates",2009,0.370806237056671
54,"United Arab Emirates",2010,0.409276009801633
54,"United Arab Emirates",2011,0.442740922104868
54,"United Arab Emirates",2012,0.471612411011371
54,"United Arab Emirates",2013,0.500157288945606
54,"United Arab Emirates",2014,0.522744421237715
54,"United Arab Emirates",2015,0.527752655895598
54,"United Arab Emirates",2016,0.547774034327556
54,"United Arab Emirates",2017,0.583356332173523
54,"United Arab Emirates",2018,0.970789483751142
54,"United Arab Emirates",2019,1
54,"United Arab Emirates",2020,0.345607089430577
54,"United Arab Emirates",2021,0.536283951910411
54,"United Arab Emirates",2022,1
56,"Cape Verde",2008,0.328547724459352
56,"Cape Verde",2009,0.329625171151972
56,"Cape Verde",2010,0.453404297962229
56,"Cape Verde",2011,0.579317812669193
56,"Cape Verde",2012,0.652409312398484
56,"Cape Verde",2013,0.680833784515431
56,"Cape Verde",2014,0.668651867893882
56,"Cape Verde",2015,0.703844071467244
56,"Cape Verde",2016,0.809420682187331
56,"Cape Verde",2017,0.904168922577152
56,"Cape Verde",2018,0.961017866811045
56,"Cape Verde",2019,1
56,"Cape Verde",2020,0.243638332430969
56,"Cape Verde",2021,0.182728749323227
56,"Cape Verde",2022,1
59,"Belgium",2008,0.785597448642449
59,"Belgium",2009,0.741985135763662
59,"Belgium",2010,0.775743308158714
59,"Belgium",2011,0.799908169774893
59,"Belgium",2012,0.794540729779663
59,"Belgium",2013,0.803186496381275
59,"Belgium",2014,0.821194641272092
59,"Belgium",2015,0.9378183660456
59,"Belgium",2016,0.842255911008534
59,"Belgium",2017,0.947032362631497
59,"Belgium",2018,1
59,"Belgium",2019,1
59,"Belgium",2020,0.294656313915008
59,"Belgium",2021,0.37111855778876
59,"Belgium",2022,0.943391837632884
61,"Tunisia",2008,0.854505908603673
61,"Tunisia",2009,0.944163552565607
61,"Tunisia",2010,0.947704569293105
61,"Tunisia",2011,0.690367032838763
61,"Tunisia",2012,0.841617166757321
61,"Tunisia",2013,0.896166251542422
61,"Tunisia",2014,0.880462910496907
61,"Tunisia",2015,0.657664755623956
61,"Tunisia",2016,0.704345030353867
61,"Tunisia",2017,0.879128985111337
61,"Tunisia",2018,1
61,"Tunisia",2019,1
61,"Tunisia",2020,0.252454968445464
61,"Tunisia",2021,0.311094834868383
61,"Tunisia",2022,0.810977904410928
62,"Morocco",2008,0.736049058088473
62,"Morocco",2009,0.700342903030394
62,"Morocco",2010,0.779467190012135
62,"Morocco",2011,0.780690673497976
62,"Morocco",2012,0.778805654081756
62,"Morocco",2013,0.833401166748802
62,"Morocco",2014,0.840531138642936
62,"Morocco",2015,0.831276667508678
62,"Morocco",2016,0.842262905479584
62,"Morocco",2017,0.920338319097241
62,"Morocco",2018,1
62,"Morocco",2019,1
62,"Morocco",2020,0.239703350049847
62,"Morocco",2021,0.320852591806366
62,"Morocco",2022,0.932256166321357
65,"Gambia",2008,0.262215623795498
65,"Gambia",2009,0.25223684441745
65,"Gambia",2010,0.16185531216638
65,"Gambia",2011,0.180123339011965
65,"Gambia",2012,0.264143703824274
65,"Gambia",2013,0.304291079685951
65,"Gambia",2014,0.276260679059815
65,"Gambia",2015,0.78582457421422
65,"Gambia",2016,0.783076210525705
65,"Gambia",2017,0.903421037309172
65,"Gambia",2018,0.952207554323607
65,"Gambia",2019,1
65,"Gambia",2020,0.42147157758031
65,"Gambia",2021,0.566811524609873
65,"Gambia",2022,1
66,"Senegal",2008,0.713817038909815
66,"Senegal",2009,0.695291262669408
66,"Senegal",2010,0.678282415972561
66,"Senegal",2011,0.729683426503746
66,"Senegal",2012,0.725036750119266
66,"Senegal",2013,0.797572825082125
66,"Senegal",2014,0.710038443397256
66,"Senegal",2015,0.743548493683508
66,"Senegal",2016,0.890386789905487
66,"Senegal",2017,1
66,"Senegal",2018,0.998904690492898
66,"Senegal",2019,0.995398853340241
66,"Senegal",2020,0.285901293617033
66,"Senegal",2021,0.321857826741933
66,"Senegal",2022,1
67,"Libya",2008,0.968882943427278
67,"Libya",2009,0.971317487592136
67,"Libya",2010,0.965184533598867
67,"Libya",2011,1
67,"Libya",2012,0.889656113835595
67,"Libya",2013,0.931412881989066
67,"Libya",2014,0.943830367704988
67,"Libya",2015,0.956631282912561
67,"Libya",2016,0.961585136255863
67,"Libya",2017,0.957744305161083
67,"Libya",2018,0.941978339550147
67,"Libya",2019,0.928592998337698
67,"Libya",2020,0.268571678620933
67,"Libya",2021,0.307993343152215
67,"Libya",2022,1
68,"Malta",2008,0.563628569215
68,"Malta",2009,0.514237801883658
68,"Malta",2010,0.581965223003605
68,"Malta",2011,0.614769382475048
68,"Malta",2012,0.623609223562821
68,"Malta",2013,0.678360431646924
68,"Malta",2014,0.71255449961272
68,"Malta",2015,0.735921000741403
68,"Malta",2016,0.795449011152795
68,"Malta",2017,0.897708636316121
68,"Malta",2018,1
68,"Malta",2019,1
68,"Malta",2020,0.25891032349681
68,"Malta",2021,0.381357612102962
68,"Malta",2022,0.885135416578587
69,"Latvia",2008,0.838822353731145
69,"Latvia",2009,0.665750755274714
69,"Latvia",2010,0.701221592748466
69,"Latvia",2011,0.772216359174913
69,"Latvia",2012,0.747074379454157
69,"Latvia",2013,0.82373115098162
69,"Latvia",2014,0.991269841162876
69,"Latvia",2015,1
69,"Latvia",2016,0.907499414377672
69,"Latvia",2017,0.983605097884016
69,"Latvia",2018,0.989526324147461
69,"Latvia",2019,0.979876025121934
69,"Latvia",2020,0.320814099840796
69,"Latvia",2021,0.240925922705112
69,"Latvia",2022,1
70,"Estonia",2008,0.689052670522472
70,"Estonia",2009,0.672874262455759
70,"Estonia",2010,0.771990621881808
70,"Estonia",2011,0.865270677156327
70,"Estonia",2012,0.903530179311892
70,"Estonia",2013,0.970293163081551
70,"Estonia",2014,0.981594366791324
70,"Estonia",2015,0.924683552717312
70,"Estonia",2016,0.972333544133129
70,"Estonia",2017,1
70,"Estonia",2018,0.998397072885213
70,"Estonia",2019,1
70,"Estonia",2020,0.312285452420616
70,"Estonia",2021,0.244815156230549
70,"Estonia",2022,0.643941759168546
71,"Bulgaria",2008,0.569478194527051
71,"Bulgaria",2009,0.564330587750329
71,"Bulgaria",2010,0.593448954273086
71,"Bulgaria",2011,0.620338770663109
71,"Bulgaria",2012,0.678817139611424
71,"Bulgaria",2013,0.724571890690837
71,"Bulgaria",2014,0.769889605541802
71,"Bulgaria",2015,0.784809958096403
71,"Bulgaria",2016,0.939340687197009
71,"Bulgaria",2017,1
71,"Bulgaria",2018,1
71,"Bulgaria",2019,0.971728234723086
71,"Bulgaria",2020,0.161885046276907
71,"Bulgaria",2021,0.288558622381875
71,"Bulgaria",2022,0.689519665605784
73,"Russia",2008,0.675945178679276
73,"Russia",2009,0.602864141005059
73,"Russia",2010,0.629535180636155
73,"Russia",2011,0.702160875385548
73,"Russia",2012,0.832903091456921
73,"Russia",2013,0.907640261253083
73,"Russia",2014,0.947815562564907
73,"Russia",2015,0.987855579402447
73,"Russia",2016,0.984943587997238
73,"Russia",2017,0.98322532079492
73,"Russia",2018,0.98056711885854
73,"Russia",2019,1
73,"Russia",2020,0.290784072402219
73,"Russia",2021,0.330694645377081
73,"Russia",2022,1
74,"Georgia",2008,0.240766326937798
74,"Georgia",2009,0.239172032938385
74,"Georgia",2010,0.240149129884573
74,"Georgia",2011,0.414824442830962
74,"Georgia",2012,0.558829048015016
74,"Georgia",2013,0.654987244173575
74,"Georgia",2014,0.723960811473493
74,"Georgia",2015,0.740710334021136
74,"Georgia",2016,0.809928866978705
74,"Georgia",2017,0.999050860555342
74,"Georgia",2018,1
74,"Georgia",2019,1
74,"Georgia",2020,0.185909725755155
74,"Georgia",2021,0.334206049920497
74,"Georgia",2022,0.771257722297148
75,"Ukraine",2008,1
75,"Ukraine",2009,0.857999320069589
75,"Ukraine",2010,0.872170963101214
75,"Ukraine",2011,0.878187240988246
75,"Ukraine",2012,0.961151140101684
75,"Ukraine",2013,1
75,"Ukraine",2014,0.553196903336684
75,"Ukraine",2015,0.544759800076548
75,"Ukraine",2016,0.58378870456613
75,"Ukraine",2017,0.622742163292556
75,"Ukraine",2018,0.619181967468296
75,"Ukraine",2019,0.59355465048664
75,"Ukraine",2020,0.13948805426546
75,"Ukraine",2021,0.17701084345675
75,"Ukraine",2022,0.098902976230815
76,"Turkey",2008,0.593631351002973
76,"Turkey",2009,0.633820162912815
76,"Turkey",2010,0.657119543852907
76,"Turkey",2011,0.724494003494945
76,"Turkey",2012,0.748098211611631
76,"Turkey",2013,0.795342117472787
76,"Turkey",2014,0.829807654865024
76,"Turkey",2015,0.826587525545912
76,"Turkey",2016,0.602775937632228
76,"Turkey",2017,0.74265978008883
76,"Turkey",2018,0.900894464191811
76,"Turkey",2019,1
76,"Turkey",2020,0.335500523449672
76,"Turkey",2021,0.628874325478183
76,"Turkey",2022,1
77,"Syria",2008,0.618677309770214
77,"Syria",2009,0.751880024298218
77,"Syria",2010,1
77,"Syria",2011,0.612307334283952
77,"Syria",2012,0.606784424431464
77,"Syria",2013,0.595789237888809
77,"Syria",2014,0.604516610282606
77,"Syria",2015,0.613828502646222
77,"Syria",2016,0.633714996061459
77,"Syria",2017,0.655779630369062
77,"Syria",2018,0.659478232570156
77,"Syria",2019,0.944314357095642
77,"Syria",2020,0.262208330952404
77,"Syria",2021,0.302734084163297
77,"Syria",2022,1
78,"Lebanon",2008,0.563471756749461
78,"Lebanon",2009,0.777795665471731
78,"Lebanon",2010,0.920426119702651
78,"Lebanon",2011,0.698173618481983
78,"Lebanon",2012,0.626531319117343
78,"Lebanon",2013,0.587870995379281
78,"Lebanon",2014,0.726710071530945
78,"Lebanon",2015,0.814129639477979
78,"Lebanon",2016,0.856461856174291
78,"Lebanon",2017,0.952088357768625
78,"Lebanon",2018,1
78,"Lebanon",2019,1
78,"Lebanon",2020,0.222030307526025
78,"Lebanon",2021,0.477213075294924
78,"Lebanon",2022,0.695394059354477
79,"Israel",2008,0.656708014736585
79,"Israel",2009,0.592492161153896
79,"Israel",2010,0.715513705510693
79,"Israel",2011,0.719852655183542
79,"Israel",2012,0.736667487294105
79,"Israel",2013,0.756036487252627
79,"Israel",2014,0.747105694953024
79,"Israel",2015,0.714388178906367
79,"Israel",2016,0.740178671421258
79,"Israel",2017,0.922213161074482
79,"Israel",2018,1
79,"Israel",2019,1
79,"Israel",2020,0.212095609954224
79,"Israel",2021,0.101301728240365
79,"Israel",2022,0.682638386300258
80,"Greece",2008,0.521785718247754
80,"Greece",2009,0.487662306047445
80,"Greece",2010,0.490178087011214
80,"Greece",2011,0.537951586290344
80,"Greece",2012,0.514029435530267
80,"Greece",2013,0.598474704779771
80,"Greece",2014,0.740949979378657
80,"Greece",2015,0.799333051505849
80,"Greece",2016,0.843207632708318
80,"Greece",2017,0.925588400584417
80,"Greece",2018,1
80,"Greece",2019,1
80,"Greece",2020,0.248864931638423
80,"Greece",2021,0.500604809730984
80,"Greece",2022,0.96006001885078
81,"Cyprus",2008,0.452936495335655
81,"Cyprus",2009,0.542964253982188
81,"Cyprus",2010,0.551055929281047
81,"Cyprus",2011,0.606337203392721
81,"Cyprus",2012,0.632968451657672
81,"Cyprus",2013,0.617038283325769
81,"Cyprus",2014,0.6259176815302
81,"Cyprus",2015,0.681325825089991
81,"Cyprus",2016,0.815941378548046
81,"Cyprus",2017,0.934387788097649
81,"Cyprus",2018,0.994462097186938
81,"Cyprus",2019,1
81,"Cyprus",2020,0.161738033377044
81,"Cyprus",2021,0.495636848181926
81,"Cyprus",2022,1
82,"Albania",2008,0.22490556395197
82,"Albania",2009,0.313798522495788
82,"Albania",2010,0.331477230692131
82,"Albania",2011,0.375497189364821
82,"Albania",2012,0.506914538022192
82,"Albania",2013,0.461025711020453
82,"Albania",2014,0.544264692767255
82,"Albania",2015,0.620104892221501
82,"Albania",2016,0.674586631524678
82,"Albania",2017,0.772861981494884
82,"Albania",2018,0.893654379493334
82,"Albania",2019,1
82,"Albania",2020,0.442715931450268
82,"Albania",2021,0.950647855709047
82,"Albania",2022,1
96,"Sierra Leone",2008,0.60687622743334
96,"Sierra Leone",2009,0.495295904097645
96,"Sierra Leone",2010,0.51820154726666
96,"Sierra Leone",2011,0.688361452653585
96,"Sierra Leone",2012,0.78875023927917
96,"Sierra Leone",2013,1
96,"Sierra Leone",2014,0.622065951119753
96,"Sierra Leone",2015,0.345973934686548
96,"Sierra Leone",2016,0.79248898128288
96,"Sierra Leone",2017,0.731918419515633
96,"Sierra Leone",2018,0.818465191702443
96,"Sierra Leone",2019,0.905191606348946
96,"Sierra Leone",2020,0.345014516620092
96,"Sierra Leone",2021,0.577919287375837
96,"Sierra Leone",2022,1
98,"Togo",2008,0.0787683042931902
98,"Togo",2009,0.159789552319514
98,"Togo",2010,0.229082371059335
98,"Togo",2011,0.342208599115302
98,"Togo",2012,0.30531637292868
98,"Togo",2013,0.425789818654604
98,"Togo",2014,0.367868140039297
98,"Togo",2015,0.360648668416666
98,"Togo",2016,0.449580709665563
98,"Togo",2017,0.682972983652947
98,"Togo",2018,0.758633890358091
98,"Togo",2019,1
98,"Togo",2020,0.63932398205883
98,"Togo",2021,0.676703269892496
98,"Togo",2022,1
99,"Benin",2008,0.507944896731349
99,"Benin",2009,0.514060897813459
99,"Benin",2010,0.537705242190285
99,"Benin",2011,0.563798540690723
99,"Benin",2012,0.593520712837889
99,"Benin",2013,0.613458416775071
99,"Benin",2014,0.641834632678134
99,"Benin",2015,0.675024223628009
99,"Benin",2016,0.706844031458903
99,"Benin",2017,0.742831781303658
99,"Benin",2018,0.779225101107499
99,"Benin",2019,0.870509614543479
99,"Benin",2020,0.924011283382602
99,"Benin",2021,1
99,"Benin",2022,1
100,"Republique du Congo",2008,0.21069517145316
100,"Republique du Congo",2009,0.315533724288483
100,"Republique du Congo",2010,0.641337685585501
100,"Republique du Congo",2011,0.71751853503939
100,"Republique du Congo",2012,0.844445333688393
100,"Republique du Congo",2013,1
100,"Republique du Congo",2014,0.895052177190781
100,"Republique du Congo",2015,0.867969913881966
100,"Republique du Congo",2016,0.828194655507123
100,"Republique du Congo",2017,0.582295983947401
100,"Republique du Congo",2018,0.60801852884423
100,"Republique du Congo",2019,0.607630309283657
100,"Republique du Congo",2020,0.175528459986229
100,"Republique du Congo",2021,0.198083336334089
100,"Republique du Congo",2022,1
101,"Namibia",2008,0.445725195614003
101,"Namibia",2009,0.466425247071424
101,"Namibia",2010,0.464966358181395
101,"Namibia",2011,0.481262488940396
101,"Namibia",2012,0.629157407571226
101,"Namibia",2013,0.676294460579828
101,"Namibia",2014,0.745958353262079
101,"Namibia",2015,0.769755666259549
101,"Namibia",2016,0.943294207558236
101,"Namibia",2017,0.960610168557428
101,"Namibia",2018,1
101,"Namibia",2019,1
101,"Namibia",2020,0.111013859397499
101,"Namibia",2021,0.149956327345624
101,"Namibia",2022,0.295260973786684
102,"South Africa",2008,0.94804158600322
102,"South Africa",2009,0.68933066446135
102,"South Africa",2010,0.78430398826086
102,"South Africa",2011,0.798291131944309
102,"South Africa",2012,0.854960401602077
102,"South Africa",2013,0.869088794547167
102,"South Africa",2014,0.853068917030893
102,"South Africa",2015,0.865069494019553
102,"South Africa",2016,0.979534913168514
102,"South Africa",2017,1
102,"South Africa",2018,1
102,"South Africa",2019,0.988776588777333
102,"South Africa",2020,0.270194345195307
102,"South Africa",2021,0.216291101666967
102,"South Africa",2022,0.543307608834094
103,"Sao Tome and Principe",2008,0.434670534469099
103,"Sao Tome and Principe",2009,0.455615483848422
103,"Sao Tome and Principe",2010,0.232262943309124
103,"Sao Tome and Principe",2011,0.353745638895611
103,"Sao Tome and Principe",2012,0.450678729792557
103,"Sao Tome and Principe",2013,0.547761532552437
103,"Sao Tome and Principe",2014,0.645087269530983
103,"Sao Tome and Principe",2015,0.742735984315764
103,"Sao Tome and Principe",2016,0.839413295813026
103,"Sao Tome and Principe",2017,0.840722874488118
103,"Sao Tome and Principe",2018,0.97306933258808
103,"Sao Tome and Principe",2019,1
103,"Sao Tome and Principe",2020,0.311164760843878
103,"Sao Tome and Principe",2021,0.435903261680396
103,"Sao Tome and Principe",2022,1
106,"Ghana",2008,0.711405363353354
106,"Ghana",2009,0.815218157942138
106,"Ghana",2010,0.921186172874118
106,"Ghana",2011,0.80885454924964
106,"Ghana",2012,0.888423606564578
106,"Ghana",2013,0.975500715970547
106,"Ghana",2014,0.808581965423639
106,"Ghana",2015,0.873477749619814
106,"Ghana",2016,0.907437858818849
106,"Ghana",2017,0.941547786422641
106,"Ghana",2018,0.935091891572663
106,"Ghana",2019,1
106,"Ghana",2020,0.349581340458498
106,"Ghana",2021,0.691708163570204
106,"Ghana",2022,1
108,"Bermuda",2008,0.979228486646884
108,"Bermuda",2009,0.875370919881306
108,"Bermuda",2010,0.86053412462908
108,"Bermuda",2011,0.875370919881306
108,"Bermuda",2012,0.86053412462908
108,"Bermuda",2013,0.875370919881306
108,"Bermuda",2014,0.830860534124629
108,"Bermuda",2015,0.816023738872404
108,"Bermuda",2016,0.905044510385757
108,"Bermuda",2017,1
108,"Bermuda",2018,1
108,"Bermuda",2019,0.997774480712166
108,"Bermuda",2020,0.156157270029674
108,"Bermuda",2021,0.267803413204007
108,"Bermuda",2022,0.541172477374258
110,"Bahamas",2008,0.934480415454774
110,"Bahamas",2009,0.839163989413475
110,"Bahamas",2010,0.861413078570944
110,"Bahamas",2011,0.846234943787975
110,"Bahamas",2012,0.892901934965378
110,"Bahamas",2013,0.858979006915392
110,"Bahamas",2014,0.900737334968554
110,"Bahamas",2015,0.933740753168549
110,"Bahamas",2016,0.936861369626612
110,"Bahamas",2017,0.909204301787289
110,"Bahamas",2018,1
110,"Bahamas",2019,1
110,"Bahamas",2020,0.276940187562857
110,"Bahamas",2021,0.588046826390525
110,"Bahamas",2022,0.962675831968155
111,"Turks and Caicos Islands",2008,0.608474365051631
111,"Turks and Caicos Islands",2009,0.597475005781442
111,"Turks and Caicos Islands",2010,0.471893700139164
111,"Turks and Caicos Islands",2011,0.750857800137074
111,"Turks and Caicos Islands",2012,0.619095838749466
111,"Turks and Caicos Islands",2013,0.616769383572477
111,"Turks and Caicos Islands",2014,0.759317637144304
111,"Turks and Caicos Islands",2015,0.818536496194915
111,"Turks and Caicos Islands",2016,0.951778929058788
111,"Turks and Caicos Islands",2017,0.882831257449863
111,"Turks and Caicos Islands",2018,0.934859255044328
111,"Turks and Caicos Islands",2019,1
111,"Turks and Caicos Islands",2020,0.350073021919549
111,"Turks and Caicos Islands",2021,0.858720721979258
111,"Turks and Caicos Islands",2022,1
112,"Cuba",2008,0.527477867431604
112,"Cuba",2009,0.548936248274787
112,"Cuba",2010,0.573602609841026
112,"Cuba",2011,0.594012842498063
112,"Cuba",2012,0.622888513763171
112,"Cuba",2013,0.62613759636362
112,"Cuba",2014,0.658884257730055
112,"Cuba",2015,0.774540028119225
112,"Cuba",2016,0.891835930201472
112,"Cuba",2017,1
112,"Cuba",2018,1
112,"Cuba",2019,0.952002760122242
112,"Cuba",2020,0.241844426578645
112,"Cuba",2021,0.0794446217859364
112,"Cuba",2022,0.364573828911337
113,"Cayman Islands",2008,0.704294138766852
113,"Cayman Islands",2009,0.629673590713944
113,"Cayman Islands",2010,0.663973740877615
113,"Cayman Islands",2011,0.709315523960681
113,"Cayman Islands",2012,0.735827690682331
113,"Cayman Islands",2013,0.785167301412488
113,"Cayman Islands",2014,0.868457874864785
113,"Cayman Islands",2015,0.870281327476833
113,"Cayman Islands",2016,0.86799678850003
113,"Cayman Islands",2017,0.940331033154346
113,"Cayman Islands",2018,1
113,"Cayman Islands",2019,1
113,"Cayman Islands",2020,0.273324290333229
113,"Cayman Islands",2021,0.0386979894519278
113,"Cayman Islands",2022,0.634401879919915
114,"Haiti",2008,0.501259936424367
114,"Haiti",2009,0.749049273243638
114,"Haiti",2010,0.521323560130598
114,"Haiti",2011,0.710478058620853
114,"Haiti",2012,0.705435320605909
114,"Haiti",2013,0.844083074742209
114,"Haiti",2014,0.930863690430614
114,"Haiti",2015,1
114,"Haiti",2016,0.908414186407663
114,"Haiti",2017,0.954317445572786
114,"Haiti",2018,0.911374544344315
114,"Haiti",2019,0.583211641901643
114,"Haiti",2020,0.413989011384848
114,"Haiti",2021,0.301949358686989
114,"Haiti",2022,1
115,"Dominican Republic",2008,0.63145574163198
115,"Dominican Republic",2009,0.624468950445325
115,"Dominican Republic",2010,0.648245541133658
115,"Dominican Republic",2011,0.676943045476518
115,"Dominican Republic",2012,0.717360323849267
115,"Dominican Republic",2013,0.737928025694424
115,"Dominican Republic",2014,0.809038675027631
115,"Dominican Republic",2015,0.898002521060364
115,"Dominican Republic",2016,0.956949103796585
115,"Dominican Republic",2017,0.995097494082201
115,"Dominican Republic",2018,1
115,"Dominican Republic",2019,0.992391391467231
115,"Dominican Republic",2020,0.36981735809719
115,"Dominican Republic",2021,0.766967262464688
115,"Dominican Republic",2022,1
116,"Puerto Rico and Virgin Islands of the United States",2008,1
116,"Puerto Rico and Virgin Islands of the United States",2009,0.881923715480058
116,"Puerto Rico and Virgin Islands of the United States",2010,0.884754735675157
116,"Puerto Rico and Virgin Islands of the United States",2011,0.851107142207187
116,"Puerto Rico and Virgin Islands of the United States",2012,0.868306279490666
116,"Puerto Rico and Virgin Islands of the United States",2013,0.885757479323382
116,"Puerto Rico and Virgin Islands of the United States",2014,0.909073974050095
116,"Puerto Rico and Virgin Islands of the United States",2015,0.985113032632221
116,"Puerto Rico and Virgin Islands of the United States",2016,1
116,"Puerto Rico and Virgin Islands of the United States",2017,0.953066432631111
116,"Puerto Rico and Virgin Islands of the United States",2018,0.811872109851009
116,"Puerto Rico and Virgin Islands of the United States",2019,0.869626426176367
116,"Puerto Rico and Virgin Islands of the United States",2020,0.68743461126314
116,"Puerto Rico and Virgin Islands of the United States",2021,0.809581013719362
116,"Puerto Rico and Virgin Islands of the United States",2022,0.770583008136963
117,"British Virgin Islands",2008,0.828205336521613
117,"British Virgin Islands",2009,0.727739136930371
117,"British Virgin Islands",2010,0.778220427255249
117,"British Virgin Islands",2011,0.8846747737584
117,"British Virgin Islands",2012,0.918700726595262
117,"British Virgin Islands",2013,0.957961441407025
117,"British Virgin Islands",2014,1
117,"British Virgin Islands",2015,0.997501663191881
117,"British Virgin Islands",2016,1
117,"British Virgin Islands",2017,0.876822630796047
117,"British Virgin Islands",2018,0.50253714959057
117,"British Virgin Islands",2019,0.79149496469866
117,"British Virgin Islands",2020,0.217242621958424
117,"British Virgin Islands",2021,0.14657333529725
117,"British Virgin Islands",2022,0.452806910829004
119,"Saint Kitts and Nevis",2008,0.912384179029474
119,"Saint Kitts and Nevis",2009,0.597817484309515
119,"Saint Kitts and Nevis",2010,0.823660074024106
119,"Saint Kitts and Nevis",2011,0.873567600243699
119,"Saint Kitts and Nevis",2012,0.873567600243699
119,"Saint Kitts and Nevis",2013,0.898521363353495
119,"Saint Kitts and Nevis",2014,0.948428889573088
119,"Saint Kitts and Nevis",2015,0.990018494756081
119,"Saint Kitts and Nevis",2016,0.973382652682884
119,"Saint Kitts and Nevis",2017,0.965064731646285
119,"Saint Kitts and Nevis",2018,1
119,"Saint Kitts and Nevis",2019,1
119,"Saint Kitts and Nevis",2020,0.25804144353539
119,"Saint Kitts and Nevis",2021,0.176525817376722
119,"Saint Kitts and Nevis",2022,0.672273911158009
120,"Antigua and Barbuda",2008,0.9932785660941
120,"Antigua and Barbuda",2009,0.87378640776699
120,"Antigua and Barbuda",2010,0.858849887976102
120,"Antigua and Barbuda",2011,0.899925317401046
120,"Antigua and Barbuda",2012,0.922330097087379
120,"Antigua and Barbuda",2013,0.90739357729649
120,"Antigua and Barbuda",2014,0.929798356982823
120,"Antigua and Barbuda",2015,0.933532486930545
120,"Antigua and Barbuda",2016,0.989544436146378
120,"Antigua and Barbuda",2017,0.922330097087379
120,"Antigua and Barbuda",2018,1
120,"Antigua and Barbuda",2019,1
120,"Antigua and Barbuda",2020,0.466766616505227
120,"Antigua and Barbuda",2021,0.632560120984318
120,"Antigua and Barbuda",2022,0.989917476101195
122,"Saint Lucia",2008,0.764429215895062
122,"Saint Lucia",2009,0.716471193442223
122,"Saint Lucia",2010,0.78618858780908
122,"Saint Lucia",2011,0.8015808818714
122,"Saint Lucia",2012,0.788096816418575
122,"Saint Lucia",2013,0.818242239949711
122,"Saint Lucia",2014,0.86623057889839
122,"Saint Lucia",2015,0.883283921829415
122,"Saint Lucia",2016,0.890122030802941
122,"Saint Lucia",2017,0.986605999704261
122,"Saint Lucia",2018,1
122,"Saint Lucia",2019,1
122,"Saint Lucia",2020,0.333505034415065
122,"Saint Lucia",2021,0.507495113691007
122,"Saint Lucia",2022,0.909150869388282
123,"Dominica",2008,0.996309963099631
123,"Dominica",2009,0.922509225092251
123,"Dominica",2010,0.947109471094711
123,"Dominica",2011,0.934809348093481
123,"Dominica",2012,0.971709717097171
123,"Dominica",2013,0.959409594095941
123,"Dominica",2014,1
123,"Dominica",2015,0.922509225092251
123,"Dominica",2016,0.959409594095941
123,"Dominica",2017,0.885608856088561
123,"Dominica",2018,0.774907749077491
123,"Dominica",2019,1
123,"Dominica",2020,0.27060270602706
123,"Dominica",2021,0.18450184501845
123,"Dominica",2022,0.750307503075031
124,"Barbados",2008,0.872436140502139
124,"Barbados",2009,0.797308386711332
124,"Barbados",2010,0.817240239757873
124,"Barbados",2011,0.872436140502139
124,"Barbados",2012,0.823373117618347
124,"Barbados",2013,0.781976192060146
124,"Barbados",2014,0.800374825641569
124,"Barbados",2015,0.909233407664984
124,"Barbados",2016,0.970562186269724
124,"Barbados",2017,1
124,"Barbados",2018,1
124,"Barbados",2019,0.803441264571806
124,"Barbados",2020,0.319557201380401
124,"Barbados",2021,0.223577662863982
124,"Barbados",2022,0.829046029639285
125,"Grenada",2008,0.611511155494585
125,"Grenada",2009,0.536865641726376
125,"Grenada",2010,0.613700747319137
125,"Grenada",2011,0.659091274876572
125,"Grenada",2012,0.697287324616674
125,"Grenada",2013,0.713349282825457
125,"Grenada",2014,0.835470801488084
125,"Grenada",2015,0.863456691079032
125,"Grenada",2016,0.869868163698049
125,"Grenada",2017,0.938344293384677
125,"Grenada",2018,1
125,"Grenada",2019,1
125,"Grenada",2020,0.304056871949674
125,"Grenada",2021,0.264016763801753
125,"Grenada",2022,0.83823534746917
126,"Trinidad and Tobago",2008,0.878056135509917
126,"Trinidad and Tobago",2009,0.987566815708847
126,"Trinidad and Tobago",2010,0.908671700067401
126,"Trinidad and Tobago",2011,0.999998031618667
126,"Trinidad and Tobago",2012,1
126,"Trinidad and Tobago",2013,0.995864693465551
126,"Trinidad and Tobago",2014,0.942910546317993
126,"Trinidad and Tobago",2015,1
126,"Trinidad and Tobago",2016,0.927995557953773
126,"Trinidad and Tobago",2017,0.889956163758905
126,"Trinidad and Tobago",2018,0.843278561178348
126,"Trinidad and Tobago",2019,0.86734667680919
126,"Trinidad and Tobago",2020,0.211747887488611
126,"Trinidad and Tobago",2021,0.0914753302055853
126,"Trinidad and Tobago",2022,0.570002696305125
127,"Saint Vincent and the Grenadines",2008,1
127,"Saint Vincent and the Grenadines",2009,0.885027902527978
127,"Saint Vincent and the Grenadines",2010,0.850926320095911
127,"Saint Vincent and the Grenadines",2011,0.876550011478837
127,"Saint Vincent and the Grenadines",2012,0.87867402728395
127,"Saint Vincent and the Grenadines",2013,0.857079059204442
127,"Saint Vincent and the Grenadines",2014,0.847464407232611
127,"Saint Vincent and the Grenadines",2015,0.897446931936692
127,"Saint Vincent and the Grenadines",2016,0.947882747592644
127,"Saint Vincent and the Grenadines",2017,0.915296556004215
127,"Saint Vincent and the Grenadines",2018,0.967918511036255
127,"Saint Vincent and the Grenadines",2019,1
127,"Saint Vincent and the Grenadines",2020,0.329614213089271
127,"Saint Vincent and the Grenadines",2021,0.296678712404509
127,"Saint Vincent and the Grenadines",2022,0.727680200159135
129,"Panama",2008,0.676886069962473
129,"Panama",2009,0.649507085621266
129,"Panama",2010,0.714593386790291
129,"Panama",2011,0.793866801316069
129,"Panama",2012,0.862659900314886
129,"Panama",2013,0.888008219074286
129,"Panama",2014,0.931391157467804
129,"Panama",2015,1
129,"Panama",2016,1
129,"Panama",2017,0.972769649298486
129,"Panama",2018,0.938555361408369
129,"Panama",2019,0.918576141091669
129,"Panama",2020,0.217060326261859
129,"Panama",2021,0.322942680377362
129,"Panama",2022,0.847945395515152
130,"Costa Rica",2008,0.649361503895506
130,"Costa Rica",2009,0.593090030975467
130,"Costa Rica",2010,0.677023565518568
130,"Costa Rica",2011,0.705464435953816
130,"Costa Rica",2012,0.776739453753428
130,"Costa Rica",2013,0.806347856832881
130,"Costa Rica",2014,0.840514749644393
130,"Costa Rica",2015,0.881796291176071
130,"Costa Rica",2016,0.971280232808738
130,"Costa Rica",2017,0.985316236855475
130,"Costa Rica",2018,1
130,"Costa Rica",2019,1
130,"Costa Rica",2020,0.34815064730356
130,"Costa Rica",2021,0.465351983890234
130,"Costa Rica",2022,0.816180299484939
131,"Nicaragua",2008,0.653233770092395
131,"Nicaragua",2009,0.712251942394716
131,"Nicaragua",2010,0.775957296405987
131,"Nicaragua",2011,0.758906883688173
131,"Nicaragua",2012,0.842256344644919
131,"Nicaragua",2013,0.856863069790068
131,"Nicaragua",2014,0.923484316557015
131,"Nicaragua",2015,0.956289131404857
131,"Nicaragua",2016,1
131,"Nicaragua",2017,1
131,"Nicaragua",2018,0.850332296323161
131,"Nicaragua",2019,0.8732256688498
131,"Nicaragua",2020,0.253225528787288
131,"Nicaragua",2021,0.145870037821073
131,"Nicaragua",2022,0.534388147965743
132,"Colombia",2008,0.575912138158002
132,"Colombia",2009,0.563403506711899
132,"Colombia",2010,0.335390619215937
132,"Colombia",2011,0.487817249085554
132,"Colombia",2012,0.521197756693084
132,"Colombia",2013,0.547883260079495
132,"Colombia",2014,0.627281257437504
132,"Colombia",2015,0.762909806781377
132,"Colombia",2016,0.829903176506771
132,"Colombia",2017,0.909983107296191
132,"Colombia",2018,0.977039912776245
132,"Colombia",2019,1
132,"Colombia",2020,0.312479240927007
132,"Colombia",2021,0.538066908122911
132,"Colombia",2022,1
133,"Honduras",2008,0.992965615103301
133,"Honduras",2009,0.958531644764906
133,"Honduras",2010,0.989328751486139
133,"Honduras",2011,0.996142174781523
133,"Honduras",2012,1
133,"Honduras",2013,0.985244194709387
133,"Honduras",2014,0.989442715366505
133,"Honduras",2015,1
133,"Honduras",2016,0.952931353658859
133,"Honduras",2017,0.966070178671035
133,"Honduras",2018,0.959672749093497
133,"Honduras",2019,0.802974264940017
133,"Honduras",2020,0.229752263211801
133,"Honduras",2021,0.536823017353222
133,"Honduras",2022,0.978827632698593
134,"El Salvador",2008,0.912515637012125
134,"El Salvador",2009,0.729483654724223
134,"El Salvador",2010,0.651265742278744
134,"El Salvador",2011,0.670944896789133
134,"El Salvador",2012,0.710544500370307
134,"El Salvador",2013,0.725621215456605
134,"El Salvador",2014,0.759706162674472
134,"El Salvador",2015,0.790817684338022
134,"El Salvador",2016,0.808468975467494
134,"El Salvador",2017,0.877568353838581
134,"El Salvador",2018,0.946959604090589
134,"El Salvador",2019,1
134,"El Salvador",2020,0.324614381536459
134,"El Salvador",2021,0.723506215729159
134,"El Salvador",2022,1
135,"Mexico",2008,0.548122475088144
135,"Mexico",2009,0.532317584910474
135,"Mexico",2010,0.553225261055738
135,"Mexico",2011,0.562923945130343
135,"Mexico",2012,0.56173967801155
135,"Mexico",2013,0.578657030701128
135,"Mexico",2014,0.71813357306569
135,"Mexico",2015,0.789929004303235
135,"Mexico",2016,0.865461410970199
135,"Mexico",2017,0.971135904440951
135,"Mexico",2018,1
135,"Mexico",2019,1
135,"Mexico",2020,0.614864912399518
135,"Mexico",2021,0.793477438959597
135,"Mexico",2022,0.94011464245241
136,"Guatemala",2008,0.879383708805867
136,"Guatemala",2009,0.607933348794132
136,"Guatemala",2010,0.651019494763139
136,"Guatemala",2011,0.677409682012983
136,"Guatemala",2012,0.700376575259755
136,"Guatemala",2013,0.716626814433156
136,"Guatemala",2014,0.805412445668598
136,"Guatemala",2015,0.839076962956125
136,"Guatemala",2016,0.904207067990986
136,"Guatemala",2017,0.948408427277833
136,"Guatemala",2018,1
136,"Guatemala",2019,1
136,"Guatemala",2020,0.233969793495037
136,"Guatemala",2021,0.364461937009245
136,"Guatemala",2022,0.901316326347227
138,"Peru",2008,0.477001525837484
138,"Peru",2009,0.498931377284962
138,"Peru",2010,0.539028202899128
138,"Peru",2011,0.599823992579385
138,"Peru",2012,0.658720758705093
138,"Peru",2013,0.733336988126105
138,"Peru",2014,0.746223108817397
138,"Peru",2015,0.801210069314
138,"Peru",2016,0.866653197380461
138,"Peru",2017,0.929453031688966
138,"Peru",2018,1
138,"Peru",2019,1
138,"Peru",2020,0.215347350300318
138,"Peru",2021,0.106903193568355
138,"Peru",2022,0.478684671943859
139,"Venezuela",2008,0.750323452484653
139,"Venezuela",2009,0.60409425880306
139,"Venezuela",2010,0.566422548940007
139,"Venezuela",2011,0.642239159498862
139,"Venezuela",2012,1
139,"Venezuela",2013,1
139,"Venezuela",2014,0.919217134588327
139,"Venezuela",2015,0.849395794538961
139,"Venezuela",2016,0.672870944611385
139,"Venezuela",2017,0.491461073061083
139,"Venezuela",2018,0.510211935769461
139,"Venezuela",2019,0.469642429581447
139,"Venezuela",2020,0.136859699155424
139,"Venezuela",2021,0.15808057364158
139,"Venezuela",2022,0.876490763386989
143,"Iceland",2008,0.214137866096193
143,"Iceland",2009,0.211700598342246
143,"Iceland",2010,0.211304582691759
143,"Iceland",2011,0.245612459024422
143,"Iceland",2012,0.292584920673973
143,"Iceland",2013,0.34984698821656
143,"Iceland",2014,0.430125913018583
143,"Iceland",2015,0.574029531516351
143,"Iceland",2016,0.797730338642542
143,"Iceland",2017,0.978687309469774
143,"Iceland",2018,1
143,"Iceland",2019,0.861615198558616
143,"Iceland",2020,0.206878318878082
143,"Iceland",2021,0.295202589323533
143,"Iceland",2022,1
147,"French Polynesia",2008,0.899908172635445
147,"French Polynesia",2009,0.734618916437098
147,"French Polynesia",2010,0.707070707070707
147,"French Polynesia",2011,0.748282852749669
147,"French Polynesia",2012,0.775941230486685
147,"French Polynesia",2013,0.752984389348026
147,"French Polynesia",2014,0.831037649219467
147,"French Polynesia",2015,0.844811753902663
147,"French Polynesia",2016,0.881542699724518
147,"French Polynesia",2017,0.913682277318641
147,"French Polynesia",2018,0.993111571623968
147,"French Polynesia",2019,1
147,"French Polynesia",2020,0.353535353535353
147,"French Polynesia",2021,0.381083562901745
147,"French Polynesia",2022,1
151,"American Samoa",2008,1
151,"American Samoa",2009,1
151,"American Samoa",2010,0.989761811141024
151,"American Samoa",2011,0.968432251018156
151,"American Samoa",2012,0.968432251018156
151,"American Samoa",2013,0.891645834575834
151,"American Samoa",2014,0.925773130772422
151,"American Samoa",2015,0.870316274452967
151,"American Samoa",2016,0.86178445040382
151,"American Samoa",2017,0.856155445289123
151,"American Samoa",2018,0.864655372844848
151,"American Samoa",2019,0.822177695768241
151,"American Samoa",2020,0.0406951018100401
151,"American Samoa",2021,0.0449157069443583
151,"American Samoa",2022,0.224439499421668
152,"Samoa",2008,0.774594845176372
152,"Samoa",2009,0.800901097443443
152,"Samoa",2010,0.796660561747764
152,"Samoa",2011,0.788043630805703
152,"Samoa",2012,0.818032029551231
152,"Samoa",2013,0.750825826877202
152,"Samoa",2014,0.776963237982921
152,"Samoa",2015,0.823639451348197
152,"Samoa",2016,0.859952502970495
152,"Samoa",2017,0.93373910904447
152,"Samoa",2018,1
152,"Samoa",2019,1
152,"Samoa",2020,0.145807552486243
152,"Samoa",2021,0.0163601176341258
152,"Samoa",2022,0.310632162709929
155,"Tonga",2008,0.818097639297743
155,"Tonga",2009,0.747883981216979
155,"Tonga",2010,0.77074424198746
155,"Tonga",2011,0.741207797383355
155,"Tonga",2012,0.766158459000853
155,"Tonga",2013,0.783137396006583
155,"Tonga",2014,0.823321913857155
155,"Tonga",2015,0.880146918531906
155,"Tonga",2016,0.96668933430587
155,"Tonga",2017,1
155,"Tonga",2018,0.883412670070546
155,"Tonga",2019,1
155,"Tonga",2020,0.148618573876508
155,"Tonga",2021,0.00492550617634061
155,"Tonga",2022,0.302108896192596
162,"New Zealand",2008,0.688260954638197
162,"New Zealand",2009,0.689237429958571
162,"New Zealand",2010,0.70543849863376
162,"New Zealand",2011,0.728865364130931
162,"New Zealand",2012,0.719968214528598
162,"New Zealand",2013,0.763020182941256
162,"New Zealand",2014,0.79794891981639
162,"New Zealand",2015,0.864708797538884
162,"New Zealand",2016,0.945237114568526
162,"New Zealand",2017,0.984103791190168
162,"New Zealand",2018,1
162,"New Zealand",2019,1
162,"New Zealand",2020,0.271111437154077
162,"New Zealand",2021,0.0591651380124071
162,"New Zealand",2022,0.404394875190247
163,"United States",2008,0.733171333034876
163,"United States",2009,0.706953069281371
163,"United States",2010,0.760448763838219
163,"United States",2011,0.805323596958552
163,"United States",2012,0.84620025011578
163,"United States",2013,0.903745646326693
163,"United States",2014,0.953874203514572
163,"United States",2015,0.985622339471857
163,"United States",2016,0.971502365912546
163,"United States",2017,0.986725400259306
163,"United States",2018,1
163,"United States",2019,1
163,"United States",2020,0.244305044518997
163,"United States",2021,0.284549882662136
163,"United States",2022,0.651564117003937
164,"Belize",2008,0.542459032294989
164,"Belize",2009,0.511795367750246
164,"Belize",2010,0.52793548673451
164,"Belize",2011,0.546898723734604
164,"Belize",2012,0.597581383258839
164,"Belize",2013,0.634397612240924
164,"Belize",2014,0.684493734905892
164,"Belize",2015,0.721710140855084
164,"Belize",2016,0.813685123353878
164,"Belize",2017,0.892431654315266
164,"Belize",2018,1
164,"Belize",2019,1
164,"Belize",2020,0.322041592969404
164,"Belize",2021,0.490990319556246
164,"Belize",2022,0.834771094024187
166,"Jamaica",2008,0.717192963804747
166,"Jamaica",2009,0.743169392601297
166,"Jamaica",2010,0.780104627296392
166,"Jamaica",2011,0.792281078294775
166,"Jamaica",2012,0.806081056092942
166,"Jamaica",2013,0.815172643981245
166,"Jamaica",2014,0.844233935887875
166,"Jamaica",2015,0.861686848985556
166,"Jamaica",2016,0.885633869282376
166,"Jamaica",2017,0.955039639973158
166,"Jamaica",2018,1
166,"Jamaica",2019,1
166,"Jamaica",2020,0.354539745614801
166,"Jamaica",2021,0.589796655250805
166,"Jamaica",2022,0.998656681565765
167,"Guyana",2008,0.479277064425835
167,"Guyana",2009,0.509698448266448
167,"Guyana",2010,0.550123632263074
167,"Guyana",2011,0.568761484463927
167,"Guyana",2012,0.640172374148767
167,"Guyana",2013,0.713334063934893
167,"Guyana",2014,0.720924398833483
167,"Guyana",2015,0.719761006311321
167,"Guyana",2016,0.812388356705514
167,"Guyana",2017,0.850936797901675
167,"Guyana",2018,0.964599520589736
167,"Guyana",2019,1
167,"Guyana",2020,0.29393118561507
167,"Guyana",2021,0.563097431095153
167,"Guyana",2022,1
168,"Suriname",2008,0.489757345931808
168,"Suriname",2009,0.488909727254782
168,"Suriname",2010,0.659895275416101
168,"Suriname",2011,0.793176804048078
168,"Suriname",2012,0.866690433766944
168,"Suriname",2013,0.897907307360511
168,"Suriname",2014,0.905995449929072
168,"Suriname",2015,0.819320645047423
168,"Suriname",2016,0.920871767531079
168,"Suriname",2017,0.999249303675687
168,"Suriname",2018,1
168,"Suriname",2019,0.998772748021667
168,"Suriname",2020,0.287305653610026
168,"Suriname",2021,0.324072867939239
168,"Suriname",2022,1
171,"Brazil",2008,0.761184593261039
171,"Brazil",2009,0.726138042168699
171,"Brazil",2010,0.783067293990892
171,"Brazil",2011,0.850084651717146
171,"Brazil",2012,0.86328528301558
171,"Brazil",2013,0.8842429370621
171,"Brazil",2014,0.978158646813628
171,"Brazil",2015,0.959290516110432
171,"Brazil",2016,0.996027400648131
171,"Brazil",2017,1
171,"Brazil",2018,1
171,"Brazil",2019,0.97125345091671
171,"Brazil",2020,0.332743702114701
171,"Brazil",2021,0.116439141712913
171,"Brazil",2022,0.567600253007721
172,"Argentina",2008,0.645180405460768
172,"Argentina",2009,0.591341431156229
172,"Argentina",2010,0.934233976140588
172,"Argentina",2011,0.920579452306584
172,"Argentina",2012,0.892913928715477
172,"Argentina",2013,0.921429911295271
172,"Argentina",2014,1
172,"Argentina",2015,0.957327853221394
172,"Argentina",2016,0.937539072405753
172,"Argentina",2017,0.946637543140672
172,"Argentina",2018,0.979666130870437
172,"Argentina",2019,1
172,"Argentina",2020,0.296721784069487
172,"Argentina",2021,0.0424192490838602
172,"Argentina",2022,0.548151444489505
173,"Uruguay",2008,0.564306077596207
173,"Uruguay",2009,0.599899688018521
173,"Uruguay",2010,0.688237971620127
173,"Uruguay",2011,0.785773502479399
173,"Uruguay",2012,0.748586021397877
173,"Uruguay",2013,0.744892322967163
173,"Uruguay",2014,0.744242179544175
173,"Uruguay",2015,0.768739737101688
173,"Uruguay",2016,0.841657115904868
173,"Uruguay",2017,1
173,"Uruguay",2018,0.97135121646947
173,"Uruguay",2019,0.858658564330236
173,"Uruguay",2020,0.247970012492124
173,"Uruguay",2021,0.281099423564983
173,"Uruguay",2022,1
174,"Finland",2008,0.907668598101327
174,"Finland",2009,0.863261443141819
174,"Finland",2010,0.92348386247645
174,"Finland",2011,1
174,"Finland",2012,1
174,"Finland",2013,0.712037462602742
174,"Finland",2014,0.692799330780435
174,"Finland",2015,0.689156541574945
174,"Finland",2016,0.733773994102907
174,"Finland",2017,0.835349408024112
174,"Finland",2018,0.862348926223964
174,"Finland",2019,0.881693269786943
174,"Finland",2020,0.240451456301137
174,"Finland",2021,0.218669176962698
174,"Finland",2022,0.579046561588432
175,"Denmark",2008,0.657613168826751
175,"Denmark",2009,0.621837189534668
175,"Denmark",2010,0.634933249113827
175,"Denmark",2011,0.570274715344315
175,"Denmark",2012,0.611522585631299
175,"Denmark",2013,0.618577213785846
175,"Denmark",2014,0.740095673521779
175,"Denmark",2015,0.748293817995153
175,"Denmark",2016,0.769648510599174
175,"Denmark",2017,0.883915795972237
175,"Denmark",2018,0.935346825312002
175,"Denmark",2019,1
175,"Denmark",2020,0.458867574027654
175,"Denmark",2021,0.556806996723839
175,"Denmark",2022,1
176,"Germany",2008,0.667494155233641
176,"Germany",2009,0.651270869858061
176,"Germany",2010,0.723079031270008
176,"Germany",2011,0.770073651450254
176,"Germany",2012,0.826505170916595
176,"Germany",2013,0.852995720116048
176,"Germany",2014,0.886934984820635
176,"Germany",2015,0.929499114748658
176,"Germany",2016,0.935837522029219
176,"Germany",2017,0.980368082120428
176,"Germany",2018,1
176,"Germany",2019,1
176,"Germany",2020,0.321287765017012
176,"Germany",2021,0.300464273519403
176,"Germany",2022,0.769504132875619
177,"Netherlands",2008,0.550291394850791
177,"Netherlands",2009,0.5398461312974
177,"Netherlands",2010,0.593356215219507
177,"Netherlands",2011,0.611465917482324
177,"Netherlands",2012,0.633310411708505
177,"Netherlands",2013,0.695764912693338
177,"Netherlands",2014,0.758471805936854
177,"Netherlands",2015,0.817188120772518
177,"Netherlands",2016,0.860790030581129
177,"Netherlands",2017,0.972509729335708
177,"Netherlands",2018,1
177,"Netherlands",2019,1
177,"Netherlands",2020,0.391565601378406
177,"Netherlands",2021,0.336122795871859
177,"Netherlands",2022,0.865737924809964
178,"Poland",2008,0.661175810251828
178,"Poland",2009,0.605664483045143
178,"Poland",2010,0.637056650992491
178,"Poland",2011,0.68120479979238
178,"Poland",2012,0.770256599147373
178,"Poland",2013,0.819648963710503
178,"Poland",2014,0.829893434995516
178,"Poland",2015,0.872808209969597
178,"Poland",2016,0.916137701663748
178,"Poland",2017,0.9558849768049
178,"Poland",2018,1
178,"Poland",2019,1
178,"Poland",2020,0.445400000967097
178,"Poland",2021,0.520366382187333
178,"Poland",2022,0.866590177763667
179,"France",2008,0.850201727808927
179,"France",2009,0.82427488453923
179,"France",2010,0.821574599888326
179,"France",2011,0.862962869530834
179,"France",2012,0.895922680392545
179,"France",2013,0.913984837534381
179,"France",2014,0.914538548718201
179,"France",2015,0.924974996478634
179,"France",2016,0.907050406670533
179,"France",2017,0.947612173238067
179,"France",2018,0.989151009220837
179,"France",2019,1
179,"France",2020,0.463935842203962
179,"France",2021,0.538753724881951
179,"France",2022,1
180,"United Kingdom",2008,0.773958456810387
180,"United Kingdom",2009,0.750343172974868
180,"United Kingdom",2010,0.749627324009819
180,"United Kingdom",2011,0.786145137701996
180,"United Kingdom",2012,0.78474698887953
180,"United Kingdom",2013,0.823352379365208
180,"United Kingdom",2014,0.864332399612399
180,"United Kingdom",2015,0.90241534868231
180,"United Kingdom",2016,0.95662350659233
180,"United Kingdom",2017,1
180,"United Kingdom",2018,0.988470157737253
180,"United Kingdom",2019,1
180,"United Kingdom",2020,0.274837200526601
180,"United Kingdom",2021,0.161516978808886
180,"United Kingdom",2022,0.802743291379252
181,"Ireland",2008,0.652092097794841
181,"Ireland",2009,0.584723363337628
181,"Ireland",2010,0.638437296163638
181,"Ireland",2011,0.684204979874485
181,"Ireland",2012,0.686048443333743
181,"Ireland",2013,0.755262859020119
181,"Ireland",2014,0.809489622262664
181,"Ireland",2015,0.87757123440371
181,"Ireland",2016,0.930291489521311
181,"Ireland",2017,0.950116028477398
181,"Ireland",2018,1
181,"Ireland",2019,0.998409782737587
181,"Ireland",2020,0.287573032996499
181,"Ireland",2021,0.323222925885178
181,"Ireland",2022,1
182,"Spain",2008,0.571027582185953
182,"Spain",2009,0.516782531010909
182,"Spain",2010,0.595942040267345
182,"Spain",2011,0.637497722239431
182,"Spain",2012,0.663045090691
182,"Spain",2013,0.707541443409982
182,"Spain",2014,0.765426116425307
182,"Spain",2015,0.812187481674635
182,"Spain",2016,0.904608229949853
182,"Spain",2017,0.989428874202973
182,"Spain",2018,1
182,"Spain",2019,1
182,"Spain",2020,0.23011669586211
182,"Spain",2021,0.357562688178673
182,"Spain",2022,0.817683094515425
183,"Portugal",2008,0.420433087316651
183,"Portugal",2009,0.389644025336086
183,"Portugal",2010,0.409688230914052
183,"Portugal",2011,0.442130435297764
183,"Portugal",2012,0.468456880118835
183,"Portugal",2013,0.577056658132304
183,"Portugal",2014,0.664573276942119
183,"Portugal",2015,0.746006935947528
183,"Portugal",2016,0.853552201573667
183,"Portugal",2017,0.989456698498315
183,"Portugal",2018,1
183,"Portugal",2019,1
183,"Portugal",2020,0.260124395980945
183,"Portugal",2021,0.38840349306136
183,"Portugal",2022,0.994666855926411
184,"Italy",2008,0.680185861873614
184,"Italy",2009,0.6839888114779
184,"Italy",2010,0.679650873635135
184,"Italy",2011,0.75220105046949
184,"Italy",2012,0.756582697816332
184,"Italy",2013,0.779739160475917
184,"Italy",2014,0.796413937110733
184,"Italy",2015,0.83545986761464
184,"Italy",2016,0.866244723152225
184,"Italy",2017,0.967398545576476
184,"Italy",2018,1
184,"Italy",2019,1
184,"Italy",2020,0.421357415709883
184,"Italy",2021,0.452159786925394
184,"Italy",2022,0.822016309031323
185,"Monaco",2008,0.920977828311541
185,"Monaco",2009,0.753268902785674
185,"Monaco",2010,0.793064241046049
185,"Monaco",2011,0.838544627629335
185,"Monaco",2012,0.830017055144969
185,"Monaco",2013,0.932347924957362
185,"Monaco",2014,0.935190449118818
185,"Monaco",2015,0.940875497441728
185,"Monaco",2016,0.955088118249005
185,"Monaco",2017,1
185,"Monaco",2018,0.986355884025014
185,"Monaco",2019,1
185,"Monaco",2020,0.451961341671404
185,"Monaco",2021,0.620807276861853
185,"Monaco",2022,0.929505400795907
186,"Montenegro",2008,0.517890820411067
186,"Montenegro",2009,0.518803049274252
186,"Montenegro",2010,0.535187831606853
186,"Montenegro",2011,0.585655727511204
186,"Montenegro",2012,0.651265049278525
186,"Montenegro",2013,0.676893409543878
186,"Montenegro",2014,0.683713429208477
186,"Montenegro",2015,0.784726646463764
186,"Montenegro",2016,0.848233133846009
186,"Montenegro",2017,0.951677378461832
186,"Montenegro",2018,1
186,"Montenegro",2019,1
186,"Montenegro",2020,0.170907905672707
186,"Montenegro",2021,0.755364447520138
186,"Montenegro",2022,0.986017369356466
187,"Croatia",2008,0.498974242986108
187,"Croatia",2009,0.50093549544407
187,"Croatia",2010,0.526341445863949
187,"Croatia",2011,0.575014278470916
187,"Croatia",2012,0.616874449017253
187,"Croatia",2013,0.655170014439237
187,"Croatia",2014,0.700083963918159
187,"Croatia",2015,0.772167061457427
187,"Croatia",2016,0.821223161420471
187,"Croatia",2017,0.937825656248789
187,"Croatia",2018,1
187,"Croatia",2019,1
187,"Croatia",2020,0.345252146293382
187,"Croatia",2021,0.665658013247693
187,"Croatia",2022,0.958994424794412
188,"Slovenia",2008,0.45085640126393
188,"Slovenia",2009,0.415825955654562
188,"Slovenia",2010,0.470422011389269
188,"Slovenia",2011,0.51152154789631
188,"Slovenia",2012,0.547195449907403
188,"Slovenia",2013,0.5740028365568
188,"Slovenia",2014,0.612597570410383
188,"Slovenia",2015,0.688327024481512
188,"Slovenia",2016,0.771002448394719
188,"Slovenia",2017,0.898102351933561
188,"Slovenia",2018,1
188,"Slovenia",2019,1
188,"Slovenia",2020,0.285484306175594
188,"Slovenia",2021,0.428870118315391
188,"Slovenia",2022,0.919210154711282
189,"Lithuania",2008,0.664134295881375
189,"Lithuania",2009,0.557159936206707
189,"Lithuania",2010,0.637908747353491
189,"Lithuania",2011,0.766323761806197
189,"Lithuania",2012,0.828891030224943
189,"Lithuania",2013,0.892143804206031
189,"Lithuania",2014,0.919659106058498
189,"Lithuania",2015,0.767369102676081
189,"Lithuania",2016,0.851352410946125
189,"Lithuania",2017,0.936887782239797
189,"Lithuania",2018,1
189,"Lithuania",2019,1
189,"Lithuania",2020,0.351588014344551
189,"Lithuania",2021,0.35340651376909
189,"Lithuania",2022,0.794241410242126
190,"Qatar",2008,0.578046247186324
190,"Qatar",2009,0.517617204748695
190,"Qatar",2010,0.519816158333477
190,"Qatar",2011,0.99995493362237
190,"Qatar",2012,0.999970618254329
190,"Qatar",2013,1
190,"Qatar",2014,0.986596573276601
190,"Qatar",2015,0.936200904092329
190,"Qatar",2016,0.911738702798821
190,"Qatar",2017,0.90916792528536
190,"Qatar",2018,0.916036456861519
190,"Qatar",2019,0.912438307507481
190,"Qatar",2020,0.252559751480778
190,"Qatar",2021,0.322823926198731
190,"Qatar",2022,1
193,"Guinea Bissau",2008,0.380193312866394
193,"Guinea Bissau",2009,0.339024540047151
193,"Guinea Bissau",2010,0.444768312235468
193,"Guinea Bissau",2011,0.713767101819089
193,"Guinea Bissau",2012,0.684654174972734
193,"Guinea Bissau",2013,0.68032421363589
193,"Guinea Bissau",2014,0.687325154943674
193,"Guinea Bissau",2015,0.825517834027064
193,"Guinea Bissau",2016,0.846287475833492
193,"Guinea Bissau",2017,0.919841235464843
193,"Guinea Bissau",2018,1
193,"Guinea Bissau",2019,0.972597884851172
193,"Guinea Bissau",2020,0.298196375926393
193,"Guinea Bissau",2021,0.334562642539438
193,"Guinea Bissau",2022,1
194,"Guinea",2008,0.194190470011353
194,"Guinea",2009,0.147732994493565
194,"Guinea",2010,0.100959836988492
194,"Guinea",2011,1
194,"Guinea",2012,0.772972386355455
194,"Guinea",2013,0.452380978577368
194,"Guinea",2014,0.292303427782578
194,"Guinea",2015,0.315348725783231
194,"Guinea",2016,0.570250253044637
194,"Guinea",2017,0.914424232176273
194,"Guinea",2018,0.852906631431816
194,"Guinea",2019,0.855495147554379
194,"Guinea",2020,0.247216568387069
194,"Guinea",2021,0.280127189436438
194,"Guinea",2022,1
196,"Nigeria",2008,0.523644847245651
196,"Nigeria",2009,0.557606006166935
196,"Nigeria",2010,0.60804246721908
196,"Nigeria",2011,0.297780203506853
196,"Nigeria",2012,0.203078140026516
196,"Nigeria",2013,0.249009992545907
196,"Nigeria",2014,0.492451462356004
196,"Nigeria",2015,0.669043991475135
196,"Nigeria",2016,0.94522402558281
196,"Nigeria",2017,0.963042153010728
196,"Nigeria",2018,1
196,"Nigeria",2019,1
196,"Nigeria",2020,0.263500278403699
196,"Nigeria",2021,0.273021013857225
196,"Nigeria",2022,0.279489679189073
197,"Cameroon",2008,0.470104578806566
197,"Cameroon",2009,0.479643863356079
197,"Cameroon",2010,0.547390037665487
197,"Cameroon",2011,0.662788614442512
197,"Cameroon",2012,0.888913701611231
197,"Cameroon",2013,0.898798401501185
197,"Cameroon",2014,0.98120566115415
197,"Cameroon",2015,0.977868438585935
197,"Cameroon",2016,0.986689428856024
197,"Cameroon",2017,0.987131250166498
197,"Cameroon",2018,0.985118982167326
197,"Cameroon",2019,1
197,"Cameroon",2020,0.290241107990948
197,"Cameroon",2021,0.328969326857835
197,"Cameroon",2022,1
199,"Democratic Republic of the Congo",2008,0.115897469167399
199,"Democratic Republic of the Congo",2009,0.123008641211827
199,"Democratic Republic of the Congo",2010,0.187454547526352
199,"Democratic Republic of the Congo",2011,0.419367844701583
199,"Democratic Republic of the Congo",2012,0.357295432801971
199,"Democratic Republic of the Congo",2013,0.405316766495732
199,"Democratic Republic of the Congo",2014,0.704354907352365
199,"Democratic Republic of the Congo",2015,0.739473791599316
199,"Democratic Republic of the Congo",2016,0.724947599685608
199,"Democratic Republic of the Congo",2017,0.877054092617181
199,"Democratic Republic of the Congo",2018,0.791605501849268
199,"Democratic Republic of the Congo",2019,1
199,"Democratic Republic of the Congo",2020,0.449649953655328
199,"Democratic Republic of the Congo",2021,0.848904999423192
199,"Democratic Republic of the Congo",2022,1
200,"Angola",2008,0.241468590780702
200,"Angola",2009,0.295688032086675
200,"Angola",2010,0.337007167775532
200,"Angola",2011,0.497201397010012
200,"Angola",2012,0.539416068851618
200,"Angola",2013,0.659872964655661
200,"Angola",2014,1
200,"Angola",2015,1
200,"Angola",2016,0.803412310831752
200,"Angola",2017,0.549992081180131
200,"Angola",2018,0.462607797221751
200,"Angola",2019,0.464795712640835
200,"Angola",2020,0.13588838890704
200,"Angola",2021,0.136473925489573
200,"Angola",2022,0.274226704586553
202,"Tanzania",2008,0.449285532579535
202,"Tanzania",2009,0.414661654450296
202,"Tanzania",2010,0.447850670522371
202,"Tanzania",2011,0.496681633732031
202,"Tanzania",2012,0.657694578292606
202,"Tanzania",2013,0.757787528353127
202,"Tanzania",2014,0.793231145191658
202,"Tanzania",2015,0.784009977663871
202,"Tanzania",2016,0.871410938012049
202,"Tanzania",2017,0.900368166089922
202,"Tanzania",2018,0.973932736463565
202,"Tanzania",2019,1
202,"Tanzania",2020,0.416142365689406
202,"Tanzania",2021,0.675876879061646
202,"Tanzania",2022,1
203,"India",2008,0.317338271593668
203,"India",2009,0.316292261800754
203,"India",2010,0.352941562346214
203,"India",2011,0.388183000811501
203,"India",2012,0.395537703090785
203,"India",2013,0.420333194367348
203,"India",2014,0.745879865340882
203,"India",2015,0.763199171106379
203,"India",2016,0.839514882154004
203,"India",2017,0.896708423771629
203,"India",2018,0.952509527461778
203,"India",2019,1
203,"India",2020,0.355883888919744
203,"India",2021,0.39641982976308
203,"India",2022,1
204,"Bangladesh",2008,1
204,"Bangladesh",2009,0.840864255772678
204,"Bangladesh",2010,0.674061963333692
204,"Bangladesh",2011,0.700569369441898
204,"Bangladesh",2012,0.694052801185625
204,"Bangladesh",2013,0.629394903432358
204,"Bangladesh",2014,0.670730300961214
204,"Bangladesh",2015,0.665453869610337
204,"Bangladesh",2016,0.67398464620551
204,"Bangladesh",2017,0.76119975293059
204,"Bangladesh",2018,0.799975457100472
204,"Bangladesh",2019,0.867836634623032
204,"Bangladesh",2020,0.701731118741258
204,"Bangladesh",2021,0.645633982905392
204,"Bangladesh",2022,1
205,"Myanmar",2008,0.185957564516738
205,"Myanmar",2009,0.194581214991182
205,"Myanmar",2010,0.222505533312526
205,"Myanmar",2011,0.229841256077696
205,"Myanmar",2012,0.298193418393309
205,"Myanmar",2013,0.576878061322843
205,"Myanmar",2014,0.837651861920602
205,"Myanmar",2015,1
205,"Myanmar",2016,0.789416475915727
205,"Myanmar",2017,0.852046319812479
205,"Myanmar",2018,0.877365244164997
205,"Myanmar",2019,1
205,"Myanmar",2020,0.236881603340279
205,"Myanmar",2021,0.0343979859712785
205,"Myanmar",2022,0.0623656314173692
206,"Malaysia",2008,0.774936388880338
206,"Malaysia",2009,0.828690641262345
206,"Malaysia",2010,0.92800678636447
206,"Malaysia",2011,0.931598925247052
206,"Malaysia",2012,0.95614509579731
206,"Malaysia",2013,0.98005961331274
206,"Malaysia",2014,1
206,"Malaysia",2015,0.975903448151535
206,"Malaysia",2016,1
206,"Malaysia",2017,0.979015877446854
206,"Malaysia",2018,0.973483930877117
206,"Malaysia",2019,0.982656804020377
206,"Malaysia",2020,0.163089347794378
206,"Malaysia",2021,0.00515874944575556
206,"Malaysia",2022,0.386598066567965
207,"Vietnam",2008,0.574090044561632
207,"Vietnam",2009,0.511466527598682
207,"Vietnam",2010,0.677756722753949
207,"Vietnam",2011,0.807587849707145
207,"Vietnam",2012,0.879398986192501
207,"Vietnam",2013,0.960042622984292
207,"Vietnam",2014,0.996256373379014
207,"Vietnam",2015,1
207,"Vietnam",2016,0.98373097435193
207,"Vietnam",2017,0.981309324458455
207,"Vietnam",2018,0.979585436153685
207,"Vietnam",2019,0.9800514695668
207,"Vietnam",2020,0.278502467103045
207,"Vietnam",2021,0.322836125589192
207,"Vietnam",2022,1
208,"Singapore",2008,0.515624072590713
208,"Singapore",2009,0.486827210847722
208,"Singapore",2010,0.590558999135534
208,"Singapore",2011,0.723374707078835
208,"Singapore",2012,0.772701994340565
208,"Singapore",2013,0.828466721241683
208,"Singapore",2014,0.826000002050272
208,"Singapore",2015,0.839037554333918
208,"Singapore",2016,0.899012420839143
208,"Singapore",2017,0.967862923020689
208,"Singapore",2018,1
208,"Singapore",2019,1
208,"Singapore",2020,0.145327881818555
208,"Singapore",2021,0.0228787872127718
208,"Singapore",2022,0.372665478655683
209,"China",2008,0.689021478846842
209,"China",2009,0.666461881164501
209,"China",2010,0.738879432989709
209,"China",2011,0.78207697971642
209,"China",2012,0.889499575561417
209,"China",2013,0.89261091897653
209,"China",2014,0.911359152857721
209,"China",2015,0.913466444596839
209,"China",2016,0.946213458825139
209,"China",2017,0.987955791681061
209,"China",2018,1
209,"China",2019,1
209,"China",2020,0.113067288737964
209,"China",2021,0.0353548004105482
209,"China",2022,0.0287481297681151
212,"Kiribati",2008,0.718002730146588
212,"Kiribati",2009,0.718722228336073
212,"Kiribati",2010,0.734603744543996
212,"Kiribati",2011,0.819099274749076
212,"Kiribati",2012,0.764533234565744
212,"Kiribati",2013,0.907795293358685
212,"Kiribati",2014,0.776967946504577
212,"Kiribati",2015,0.617499459277417
212,"Kiribati",2016,0.874555186471452
212,"Kiribati",2017,0.885636187462947
212,"Kiribati",2018,1
212,"Kiribati",2019,1
212,"Kiribati",2020,0.250449025147423
212,"Kiribati",2021,0.0633131785852205
212,"Kiribati",2022,0.302667413703791
214,"Egypt",2008,0.952535371444092
214,"Egypt",2009,0.916873263535943
214,"Egypt",2010,1
214,"Egypt",2011,0.730444893544984
214,"Egypt",2012,0.858641147730091
214,"Egypt",2013,0.697873878416449
214,"Egypt",2014,0.731752408296599
214,"Egypt",2015,0.697269247858173
214,"Egypt",2016,0.428099313696147
214,"Egypt",2017,0.667264216814518
214,"Egypt",2018,0.898751832332213
214,"Egypt",2019,1
214,"Egypt",2020,0.291586195235517
214,"Egypt",2021,0.646381754870459
214,"Egypt",2022,0.940796476344217
215,"Jordan",2008,0.9254163908224
215,"Jordan",2009,0.945799376042305
215,"Jordan",2010,1
215,"Jordan",2011,0.958303728875318
215,"Jordan",2012,1
215,"Jordan",2013,0.944660437465819
215,"Jordan",2014,0.912354332895745
215,"Jordan",2015,0.80676726662417
215,"Jordan",2016,0.713052273192577
215,"Jordan",2017,0.77304887627145
215,"Jordan",2018,0.864854585364739
215,"Jordan",2019,0.961494631748967
215,"Jordan",2020,0.227937950463007
215,"Jordan",2021,0.428990520863576
215,"Jordan",2022,0.922673259260707
216,"Indonesia",2008,0.766833979361789
216,"Indonesia",2009,0.766146489423783
216,"Indonesia",2010,0.76500498225394
216,"Indonesia",2011,0.763359252743953
216,"Indonesia",2012,0.762857108957908
216,"Indonesia",2013,0.76139611391532
216,"Indonesia",2014,0.759148152949081
216,"Indonesia",2015,0.757323157454754
216,"Indonesia",2016,0.840741232521461
216,"Indonesia",2017,0.981499785091381
216,"Indonesia",2018,1
216,"Indonesia",2019,1
216,"Indonesia",2020,0.294142692349988
216,"Indonesia",2021,0.118308444605817
216,"Indonesia",2022,0.636274085442959
218,"Canada",2008,0.839113331938515
218,"Canada",2009,0.768388492156038
218,"Canada",2010,0.788125652707215
218,"Canada",2011,0.778961027018109
218,"Canada",2012,0.787520710472314
218,"Canada",2013,0.771749710209658
218,"Canada",2014,0.792731295002338
218,"Canada",2015,0.86134165124547
218,"Canada",2016,0.95878598885226
218,"Canada",2017,0.997846782264723
218,"Canada",2018,1
218,"Canada",2019,1
218,"Canada",2020,0.143514307379954
218,"Canada",2021,0.148571469766327
218,"Canada",2022,0.606364084178402
220,"Sint Maarten",2008,1
220,"Sint Maarten",2009,0.92690444420898
220,"Sint Maarten",2010,0.95705242505793
220,"Sint Maarten",2011,0.872683098648671
220,"Sint Maarten",2012,0.93488277324041
220,"Sint Maarten",2013,0.942460494000201
220,"Sint Maarten",2014,0.976079007232948
220,"Sint Maarten",2015,0.966082960315247
220,"Sint Maarten",2016,1
220,"Sint Maarten",2017,0.781481134394738
220,"Sint Maarten",2018,0.345691251289816
220,"Sint Maarten",2019,0.620934097882185
220,"Sint Maarten",2020,0.207884978434006
220,"Sint Maarten",2021,0.486905345274549
220,"Sint Maarten",2022,0.686384208270746
222,"Sweden",2008,0.406922428875595
222,"Sweden",2009,0.434768327986062
222,"Sweden",2010,0.45670870592811
222,"Sweden",2011,1
222,"Sweden",2012,1
222,"Sweden",2013,0.969528848944836
222,"Sweden",2014,0.981006569399297
222,"Sweden",2015,0.602761145228081
222,"Sweden",2016,0.631756380241204
222,"Sweden",2017,0.653103238095222
222,"Sweden",2018,0.687990392838715
222,"Sweden",2019,0.702728841275287
222,"Sweden",2020,0.18066819192413
222,"Sweden",2021,0.275784269873127
222,"Sweden",2022,0.619328443059416
223,"Norway",2008,0.698248016360386
223,"Norway",2009,0.691668125390214
223,"Norway",2010,0.751873868285399
223,"Norway",2011,0.776048423901085
223,"Norway",2012,0.708833924083305
223,"Norway",2013,0.740607505801916
223,"Norway",2014,0.811714849888384
223,"Norway",2015,0.898923335513889
223,"Norway",2016,1
223,"Norway",2017,1
223,"Norway",2018,0.9620983572189
223,"Norway",2019,0.996774730787062
223,"Norway",2020,0.237513137183706
223,"Norway",2021,0.244737247742886
223,"Norway",2022,0.847276047645618
224,"Chile",2008,0.492153891221589
224,"Chile",2009,0.501070693347588
224,"Chile",2010,0.507012366490131
224,"Chile",2011,0.566392844681681
224,"Chile",2012,0.649294879612343
224,"Chile",2013,0.651508584450536
224,"Chile",2014,0.65572336523235
224,"Chile",2015,0.799129846773117
224,"Chile",2016,1
224,"Chile",2017,1
224,"Chile",2018,0.99553383852412
224,"Chile",2019,0.780174305226613
224,"Chile",2020,0.196535539599339
224,"Chile",2021,0.0405895533980506
224,"Chile",2022,0.355540692834182
231,"East Timor",2008,0.482174260616196
231,"East Timor",2009,0.589286829523692
231,"East Timor",2010,0.535742523679406
231,"East Timor",2011,0.682706649418916
231,"East Timor",2012,0.738987511179591
231,"East Timor",2013,1
231,"East Timor",2014,0.771968425781784
231,"East Timor",2015,0.797878202341564
231,"East Timor",2016,0.853903594012578
231,"East Timor",2017,0.9643372523339
231,"East Timor",2018,0.984308870389908
231,"East Timor",2019,1
231,"East Timor",2020,0.237984141346375
231,"East Timor",2021,0.0736760967190276
231,"East Timor",2022,0.398868376547911
232,"Bosnia and Herzegovina",2008,0.270257171153495
232,"Bosnia and Herzegovina",2009,0.266912250233165
232,"Bosnia and Herzegovina",2010,0.318684266324043
232,"Bosnia and Herzegovina",2011,0.348841075776767
232,"Bosnia and Herzegovina",2012,0.336283512221771
232,"Bosnia and Herzegovina",2013,0.477022775032903
232,"Bosnia and Herzegovina",2014,0.489331163679282
232,"Bosnia and Herzegovina",2015,0.629097896175877
232,"Bosnia and Herzegovina",2016,0.729947959023809
232,"Bosnia and Herzegovina",2017,0.894498838945989
232,"Bosnia and Herzegovina",2018,1
232,"Bosnia and Herzegovina",2019,1
232,"Bosnia and Herzegovina",2020,0.1986170905079
232,"Bosnia and Herzegovina",2021,0.512948612334828
232,"Bosnia and Herzegovina",2022,0.949471722432424
244,"Curacao",2008,0.928003342552631
244,"Curacao",2009,0.832791423423141
244,"Curacao",2010,0.7760419818637
244,"Curacao",2011,0.848914403779383
244,"Curacao",2012,0.915988939046414
244,"Curacao",2013,0.955213153697974
244,"Curacao",2014,0.965956896798354
244,"Curacao",2015,0.98700974866998
244,"Curacao",2016,0.934194541959375
244,"Curacao",2017,0.845992571333262
244,"Curacao",2018,0.924433704972892
244,"Curacao",2019,1
244,"Curacao",2020,0.387918439268246
244,"Curacao",2021,0.599489542509131
244,"Curacao",2022,1
247,"Brunei",2008,0.843609523598833
247,"Brunei",2009,0.600570269732154
247,"Brunei",2010,0.801341827274193
247,"Brunei",2011,0.898544583048734
247,"Brunei",2012,0.783730287138926
247,"Brunei",2013,0.840087215571779
247,"Brunei",2014,0.7555518229225
247,"Brunei",2015,0.815431059382406
247,"Brunei",2016,0.81895336740946
247,"Brunei",2017,0.959845688491592
247,"Brunei",2018,1
247,"Brunei",2019,1
247,"Brunei",2020,0.267007699570205
247,"Brunei",2021,0.0598959875794705
247,"Brunei",2022,0.114235062439044
250,"Aruba",2008,0.743571300125877
250,"Aruba",2009,0.730983636036684
250,"Aruba",2010,0.740873943535335
250,"Aruba",2011,0.781334292393454
250,"Aruba",2012,0.812803452616436
250,"Aruba",2013,0.880237367379967
250,"Aruba",2014,0.963855421686747
250,"Aruba",2015,1
250,"Aruba",2016,0.99082898759216
250,"Aruba",2017,0.962506743391476
250,"Aruba",2018,0.972846610321885
250,"Aruba",2019,1
250,"Aruba",2020,0.330866759566634
250,"Aruba",2021,0.725588922855602
250,"Aruba",2022,0.989929868728646
