"rgn_id","year","S_score"
1,2005,4.67344802977058
1,2006,4.67823764354137
1,2007,4.6848980432893
1,2008,4.68457555566284
1,2009,4.68264084866285
1,2010,4.6843463156607
1,2011,4.6884475335652
1,2012,4.69517982409818
1,2013,4.6999173614479
1,2014,4.70529090223328
1,2015,4.70940841800544
1,2016,4.71414049558451
1,2017,4.71748343362588
1,2018,4.72306889483526
1,2019,4.72575354978265
1,2020,4.71844911282942
1,2021,4.72944298139411
1,2022,4.74028247701605
1,2023,4.73998857899455
2,2005,4.67344802977058
2,2006,4.67823764354137
2,2007,4.6848980432893
2,2008,4.68457555566284
2,2009,4.68264084866285
2,2010,4.6843463156607
2,2011,4.6884475335652
2,2012,4.69517982409818
2,2013,4.6999173614479
2,2014,4.70529090223328
2,2015,4.70940841800544
2,2016,4.71414049558451
2,2017,4.71748343362588
2,2018,4.72306889483526
2,2019,4.72575354978265
2,2020,4.71844911282942
2,2021,4.72944298139411
2,2022,4.74028247701605
2,2023,4.73998857899455
3,2005,4.67344802977058
3,2006,4.67823764354137
3,2007,4.6848980432893
3,2008,4.68457555566284
3,2009,4.68264084866285
3,2010,4.6843463156607
3,2011,4.6884475335652
3,2012,4.69517982409818
3,2013,4.6999173614479
3,2014,4.70529090223328
3,2015,4.70940841800544
3,2016,4.71414049558451
3,2017,4.71748343362588
3,2018,4.72306889483526
3,2019,4.72575354978265
3,2020,4.71844911282942
3,2021,4.72944298139411
3,2022,4.74028247701605
3,2023,4.73998857899455
4,2005,4.67344802977058
4,2006,4.67823764354137
4,2007,4.6848980432893
4,2008,4.68457555566284
4,2009,4.68264084866285
4,2010,4.6843463156607
4,2011,4.6884475335652
4,2012,4.69517982409818
4,2013,4.6999173614479
4,2014,4.70529090223328
4,2015,4.70940841800544
4,2016,4.71414049558451
4,2017,4.71748343362588
4,2018,4.72306889483526
4,2019,4.72575354978265
4,2020,4.71844911282942
4,2021,4.72944298139411
4,2022,4.74028247701605
4,2023,4.73998857899455
5,2005,4.58865039739941
5,2006,4.58865039739941
5,2007,4.58865039739941
5,2008,4.58865039739941
5,2009,4.58865039739941
5,2010,4.58865039739941
5,2011,4.58865039739941
5,2012,4.58865039739941
5,2013,4.58865039739941
5,2014,4.58865039739941
5,2015,4.58865039739941
5,2016,4.58865039739941
5,2017,4.58865039739941
5,2018,4.58865039739941
5,2019,4.58865039739941
5,2020,4.58865039739941
5,2021,4.58865039739941
5,2022,4.58865039739941
5,2023,4.58865039739941
6,2005,4.31771401229386
6,2006,4.31922000820836
6,2007,4.31932521676408
6,2008,4.32013959137614
6,2009,4.32026712577139
6,2010,4.31996066429187
6,2011,4.32021914605522
6,2012,4.31988523664539
6,2013,4.31939890015502
6,2014,4.31963273508944
6,2015,4.31912401288721
6,2016,4.31976997257818
6,2017,4.32084192048373
6,2018,4.32097570840259
6,2019,4.32122536476201
6,2020,4.31913105239942
6,2021,4.31809951138429
6,2022,4.31798987107979
6,2023,4.31795461055336
7,2005,4.31104933278959
7,2006,4.31149299671505
7,2007,4.31185577623287
7,2008,4.31273202180845
7,2009,4.31294050456546
7,2010,4.31433129778338
7,2011,4.31512212381791
7,2012,4.31483949658542
7,2013,4.31517299837313
7,2014,4.31461488116671
7,2015,4.31418544724211
7,2016,4.31460504242511
7,2017,4.31450888996702
7,2018,4.31436315756897
7,2019,4.31415943725491
7,2020,4.31294251765048
7,2021,4.31296987914225
7,2022,4.31296575657245
7,2023,4.3130995370358
8,2005,4.43646257662709
8,2006,4.43794764712463
8,2007,4.44274499594758
8,2008,4.43666089082148
8,2009,4.42831153080696
8,2010,4.42938846694209
8,2011,4.43895758493985
8,2012,4.44341990393073
8,2013,4.43979688773286
8,2014,4.44625913045126
8,2015,4.45838814447456
8,2016,4.45740499149733
8,2017,4.45187958206588
8,2018,4.45203743432641
8,2019,4.45250153287753
8,2020,4.44292599987964
8,2021,4.42217964051575
8,2022,4.42063744495695
8,2023,4.42328767625207
9,2005,4.32318454566182
9,2006,4.32335121848699
9,2007,4.32301384093969
9,2008,4.32252987912457
9,2009,4.32314255615396
9,2010,4.32396844780634
9,2011,4.32493798640155
9,2012,4.32426651541964
9,2013,4.32301457825804
9,2014,4.32222376259223
9,2015,4.32352560177705
9,2016,4.32357388394062
9,2017,4.32371549118994
9,2018,4.32359216694215
9,2019,4.32476870548019
9,2020,4.32394371287262
9,2021,4.32462886070279
9,2022,4.32423400348766
9,2023,4.32433783585378
10,2005,4.35256378831613
10,2006,4.3577021548533
10,2007,4.34320757036747
10,2008,4.35370240274784
10,2009,4.35017698223176
10,2010,4.34992795543117
10,2011,4.35789917747527
10,2012,4.3731883619654
10,2013,4.37414902487533
10,2014,4.38563089857845
10,2015,4.38629575654104
10,2016,4.38867903861605
10,2017,4.38147465344288
10,2018,4.37920677461656
10,2019,4.38570618741923
10,2020,4.38710294938416
10,2021,4.39337888345614
10,2022,4.39562793844864
10,2023,4.39559050483621
11,2005,4.32590362402585
11,2006,4.32590709507663
11,2007,4.32712704789084
11,2008,4.32447582754871
11,2009,4.32567155958178
11,2010,4.32751708245702
11,2011,4.32743198600066
11,2012,4.32730676693238
11,2013,4.32918284430187
11,2014,4.32936677506635
11,2015,4.33084661588408
11,2016,4.33272770754473
11,2017,4.33524362977391
11,2018,4.33886571523374
11,2019,4.34526113376237
11,2020,4.34536173627097
11,2021,4.34776024939654
11,2022,4.34891060321511
11,2023,4.34843172469577
12,2005,4.38614457821455
12,2006,4.3873881444186
12,2007,4.3859498929389
12,2008,4.3860045040892
12,2009,4.38427915263391
12,2010,4.38483699780356
12,2011,4.38795036514291
12,2012,4.39123638188424
12,2013,4.39109103201424
12,2014,4.39397915571695
12,2015,4.3968997852619
12,2016,4.39765699721957
12,2017,4.39606238788482
12,2018,4.39636990889265
12,2019,4.39886155954957
12,2020,4.39728529417502
12,2021,4.39564882590403
12,2022,4.3959871086227
12,2023,4.39646822684371
13,2005,4.56856333324193
13,2006,4.56856333324193
13,2007,4.56856333324193
13,2008,4.56856333324193
13,2009,4.56856333324193
13,2010,4.56856333324193
13,2011,4.56856333324193
13,2012,4.56856333324193
13,2013,4.56856333324193
13,2014,4.56856333324193
13,2015,4.56856333324193
13,2016,4.56856333324193
13,2017,4.56856333324193
13,2018,4.56856333324193
13,2019,4.56856333324193
13,2020,4.56856333324193
13,2021,4.56856333324193
13,2022,4.56856333324193
13,2023,4.56856333324193
14,2005,4.91983298250967
14,2006,4.91983298250967
14,2007,4.91983298250967
14,2008,4.91983298250967
14,2009,4.91983298250967
14,2010,4.91983298250967
14,2011,4.91983298250967
14,2012,4.91983298250967
14,2013,4.91983298250967
14,2014,4.91983298250967
14,2015,4.91983298250967
14,2016,4.91983298250967
14,2017,4.91983298250967
14,2018,4.91983298250967
14,2019,4.91983298250967
14,2020,4.91983298250967
14,2021,4.91983298250967
14,2022,4.91983298250967
14,2023,4.91983298250967
15,2005,3.84
15,2006,3.84
15,2007,3.84
15,2008,3.84
15,2009,3.84
15,2010,3.84
15,2011,3.84
15,2012,3.84
15,2013,3.84
15,2014,3.84
15,2015,3.84
15,2016,3.84
15,2017,3.84
15,2018,3.84
15,2019,3.84
15,2020,3.84
15,2021,3.84
15,2022,3.84
15,2023,3.84
16,2005,5
16,2006,5
16,2007,5
16,2008,5
16,2009,5
16,2010,5
16,2011,5
16,2012,5
16,2013,5
16,2014,5
16,2015,5
16,2016,5
16,2017,5
16,2018,5
16,2019,5
16,2020,5
16,2021,5
16,2022,5
16,2023,5
17,2005,4.3181057345307
17,2006,4.31865326102364
17,2007,4.31984435523611
17,2008,4.31891439577505
17,2009,4.31987586963903
17,2010,4.32178284301403
17,2011,4.32124830216277
17,2012,4.32176855583588
17,2013,4.32208286873473
17,2014,4.32526770636747
17,2015,4.32656300482115
17,2016,4.32757017338555
17,2017,4.32795629248331
17,2018,4.32703343522326
17,2019,4.32778504778577
17,2020,4.32592416759641
17,2021,4.32508729916862
17,2022,4.32632181420465
17,2023,4.3267284909606
18,2005,4.37618470134093
18,2006,4.37697470503283
18,2007,4.37555194093787
18,2008,4.37589448269569
18,2009,4.37438233529345
18,2010,4.3765190086061
18,2011,4.37855990077222
18,2012,4.37959590219676
18,2013,4.38359720319834
18,2014,4.3885973610972
18,2015,4.39283424847166
18,2016,4.39523312074665
18,2017,4.40080524939712
18,2018,4.40514590067035
18,2019,4.40476805714135
18,2020,4.38555521815997
18,2021,4.38082140921045
18,2022,4.3980788667027
18,2023,4.40547439910733
19,2005,4.32102979542827
19,2006,4.32139422005236
19,2007,4.32310138923132
19,2008,4.32472560938095
19,2009,4.32227313284554
19,2010,4.32117538794743
19,2011,4.32268232700287
19,2012,4.32160818147938
19,2013,4.32270561306198
19,2014,4.32275306476903
19,2015,4.32601664069956
19,2016,4.32804786368553
19,2017,4.32913632387469
19,2018,4.33006360691549
19,2019,4.33601364043366
19,2020,4.3348706713608
19,2021,4.33652001356733
19,2022,4.33772641804621
19,2023,4.34033698644936
20,2005,4.74
20,2006,4.74
20,2007,4.74
20,2008,4.74
20,2009,4.74
20,2010,4.74
20,2011,4.74
20,2012,4.74
20,2013,4.74
20,2014,4.74
20,2015,4.74
20,2016,4.74
20,2017,4.74
20,2018,4.74
20,2019,4.74
20,2020,4.74
20,2021,4.74
20,2022,4.74
20,2023,4.74
21,2005,4.6968184879383
21,2006,4.6968184879383
21,2007,4.6968184879383
21,2008,4.6968184879383
21,2009,4.6968184879383
21,2010,4.6968184879383
21,2011,4.6968184879383
21,2012,4.6968184879383
21,2013,4.6968184879383
21,2014,4.6968184879383
21,2015,4.6968184879383
21,2016,4.6968184879383
21,2017,4.6968184879383
21,2018,4.6968184879383
21,2019,4.6968184879383
21,2020,4.6968184879383
21,2021,4.6968184879383
21,2022,4.6968184879383
21,2023,4.6968184879383
24,2005,3.57
24,2006,3.57
24,2007,3.57
24,2008,3.57
24,2009,3.57
24,2010,3.57
24,2011,3.57
24,2012,3.57
24,2013,3.57
24,2014,3.57
24,2015,3.57
24,2016,3.57
24,2017,3.57
24,2018,3.57
24,2019,3.57
24,2020,3.57
24,2021,3.57
24,2022,3.57
24,2023,3.57
25,2005,4.12
25,2006,4.12
25,2007,4.12
25,2008,4.12
25,2009,4.12
25,2010,4.12
25,2011,4.12
25,2012,4.12
25,2013,4.12
25,2014,4.12
25,2015,4.12
25,2016,4.12
25,2017,4.12
25,2018,4.12
25,2019,4.12
25,2020,4.12
25,2021,4.12
25,2022,4.12
25,2023,4.12
26,2005,4.12830519799766
26,2006,4.13519833416025
26,2007,4.13645671852871
26,2008,4.13186137449448
26,2009,4.12769422910691
26,2010,4.13885852399388
26,2011,4.14455681968197
26,2012,4.14819597804897
26,2013,4.15027565123576
26,2014,4.15204403295432
26,2015,4.15472555147249
26,2016,4.15668630349112
26,2017,4.16303583636553
26,2018,4.16780714330619
26,2019,4.17283177598355
26,2020,4.16682347918404
26,2021,4.1784739275514
26,2022,4.18025725644912
26,2023,4.17841522434582
28,2005,3.72273316836802
28,2006,3.72286756185125
28,2007,3.7225983984266
28,2008,3.72302770914194
28,2009,3.72330307309477
28,2010,3.72370340065438
28,2011,3.72419224160541
28,2012,3.72445914657209
28,2013,3.72501182631904
28,2014,3.72498937516583
28,2015,3.72475035348707
28,2016,3.72505017658242
28,2017,3.72548888367655
28,2018,3.72590265908019
28,2019,3.72585690225778
28,2020,3.72530988798484
28,2021,3.72531091664987
28,2022,3.72546975389275
28,2023,3.72573064825656
29,2005,3.73847890015814
29,2006,3.74039901263675
29,2007,3.74266992273259
29,2008,3.74270397021032
29,2009,3.74281500662707
29,2010,3.7440321139646
29,2011,3.74694170560825
29,2012,3.74811467453642
29,2013,3.74876694255976
29,2014,3.75018475897174
29,2015,3.75237924870594
29,2016,3.75551657141149
29,2017,3.75783173848814
29,2018,3.75976935915672
29,2019,3.76172497384839
29,2020,3.75546419209162
29,2021,3.75634010756854
29,2022,3.75711047603162
29,2023,3.75957052097578
30,2005,3.73847890015814
30,2006,3.74039901263675
30,2007,3.74266992273259
30,2008,3.74270397021032
30,2009,3.74281500662707
30,2010,3.7440321139646
30,2011,3.74694170560825
30,2012,3.74811467453642
30,2013,3.74876694255976
30,2014,3.75018475897174
30,2015,3.75237924870594
30,2016,3.75551657141149
30,2017,3.75783173848814
30,2018,3.75976935915672
30,2019,3.76172497384839
30,2020,3.75546419209162
30,2021,3.75634010756854
30,2022,3.75711047603162
30,2023,3.75957052097578
31,2005,3.8453882458126
31,2006,3.85577183201249
31,2007,3.86871538753471
31,2008,3.86049819987332
31,2009,3.85591228038224
31,2010,3.85844578817793
31,2011,3.87810646561691
31,2012,3.88184918985672
31,2013,3.88076105585018
31,2014,3.88519778062732
31,2015,3.89724340798826
31,2016,3.91818145433166
31,2017,3.93050215477225
31,2018,3.93958129487037
31,2019,3.95054724294812
31,2020,3.91928242216609
31,2021,3.91872581762382
31,2022,3.90823783260105
31,2023,3.91500252509534
32,2005,3.73847890015814
32,2006,3.74039901263675
32,2007,3.74266992273259
32,2008,3.74270397021032
32,2009,3.74281500662707
32,2010,3.7440321139646
32,2011,3.74694170560825
32,2012,3.74811467453642
32,2013,3.74876694255976
32,2014,3.75018475897174
32,2015,3.75237924870594
32,2016,3.75551657141149
32,2017,3.75783173848814
32,2018,3.75976935915672
32,2019,3.76172497384839
32,2020,3.75546419209162
32,2021,3.75634010756854
32,2022,3.75711047603162
32,2023,3.75957052097578
33,2005,3.73847890015814
33,2006,3.74039901263675
33,2007,3.74266992273259
33,2008,3.74270397021032
33,2009,3.74281500662707
33,2010,3.7440321139646
33,2011,3.74694170560825
33,2012,3.74811467453642
33,2013,3.74876694255976
33,2014,3.75018475897174
33,2015,3.75237924870594
33,2016,3.75551657141149
33,2017,3.75783173848814
33,2018,3.75976935915672
33,2019,3.76172497384839
33,2020,3.75546419209162
33,2021,3.75634010756854
33,2022,3.75711047603162
33,2023,3.75957052097578
34,2005,3.73847890015814
34,2006,3.74039901263675
34,2007,3.74266992273259
34,2008,3.74270397021032
34,2009,3.74281500662707
34,2010,3.7440321139646
34,2011,3.74694170560825
34,2012,3.74811467453642
34,2013,3.74876694255976
34,2014,3.75018475897174
34,2015,3.75237924870594
34,2016,3.75551657141149
34,2017,3.75783173848814
34,2018,3.75976935915672
34,2019,3.76172497384839
34,2020,3.75546419209162
34,2021,3.75634010756854
34,2022,3.75711047603162
34,2023,3.75957052097578
35,2005,3.73847890015814
35,2006,3.74039901263675
35,2007,3.74266992273259
35,2008,3.74270397021032
35,2009,3.74281500662707
35,2010,3.7440321139646
35,2011,3.74694170560825
35,2012,3.74811467453642
35,2013,3.74876694255976
35,2014,3.75018475897174
35,2015,3.75237924870594
35,2016,3.75551657141149
35,2017,3.75783173848814
35,2018,3.75976935915672
35,2019,3.76172497384839
35,2020,3.75546419209162
35,2021,3.75634010756854
35,2022,3.75711047603162
35,2023,3.75957052097578
36,2005,3.73847890015814
36,2006,3.74039901263675
36,2007,3.74266992273259
36,2008,3.74270397021032
36,2009,3.74281500662707
36,2010,3.7440321139646
36,2011,3.74694170560825
36,2012,3.74811467453642
36,2013,3.74876694255976
36,2014,3.75018475897174
36,2015,3.75237924870594
36,2016,3.75551657141149
36,2017,3.75783173848814
36,2018,3.75976935915672
36,2019,3.76172497384839
36,2020,3.75546419209162
36,2021,3.75634010756854
36,2022,3.75711047603162
36,2023,3.75957052097578
37,2005,3.98
37,2006,3.98
37,2007,3.98
37,2008,3.98
37,2009,3.98
37,2010,3.98
37,2011,3.98
37,2012,3.98
37,2013,3.98
37,2014,3.98
37,2015,3.98
37,2016,3.98
37,2017,3.98
37,2018,3.98
37,2019,3.98
37,2020,3.98
37,2021,3.98
37,2022,3.98
37,2023,3.98
38,2005,3.64526804570106
38,2006,3.65050660983003
38,2007,3.65350756790767
38,2008,3.65524619377508
38,2009,3.65357914933213
38,2010,3.65635271177222
38,2011,3.65906141840981
38,2012,3.65953781804873
38,2013,3.66149690524609
38,2014,3.66468510620256
38,2015,3.66580885234807
38,2016,3.66957200663461
38,2017,3.67256559467543
38,2018,3.67470849389488
38,2019,3.67572248361184
38,2020,3.66537167500791
38,2021,3.67399889930264
38,2022,3.67730120322008
38,2023,3.67994008481009
39,2005,3.69098989954413
39,2006,3.71188383522114
39,2007,3.7162906997834
39,2008,3.72284657882777
39,2009,3.70776505219326
39,2010,3.71145091468896
39,2011,3.71731822634029
39,2012,3.71589885016048
39,2013,3.72020587674926
39,2014,3.72576743809868
39,2015,3.72636711315499
39,2016,3.73036246543923
39,2017,3.73535414364206
39,2018,3.74300981293891
39,2019,3.74925292177062
39,2020,3.69377240958929
39,2021,3.72882538633792
39,2022,3.74562572968287
39,2023,3.75239756422196
40,2005,3.69
40,2006,3.69
40,2007,3.69
40,2008,3.69
40,2009,3.69
40,2010,3.69
40,2011,3.69
40,2012,3.69
40,2013,3.69
40,2014,3.69
40,2015,3.69
40,2016,3.69
40,2017,3.69
40,2018,3.69
40,2019,3.69
40,2020,3.69
40,2021,3.69
40,2022,3.69
40,2023,3.69
41,2005,3.70730343200129
41,2006,3.70782390673426
41,2007,3.70821251291585
41,2008,3.70855371689053
41,2009,3.70882167345457
41,2010,3.7091534337904
41,2011,3.70952730661119
41,2012,3.70998635462123
41,2013,3.71033120062219
41,2014,3.71079834105024
41,2015,3.71125508697343
41,2016,3.71143953881578
41,2017,3.71139653072485
41,2018,3.71144629184451
41,2019,3.71137381040121
41,2020,3.71091637473958
41,2021,3.71085158862489
41,2022,3.71099319695249
41,2023,3.71124806703974
42,2005,3.71228512830831
42,2006,3.71256806631028
42,2007,3.71289537627935
42,2008,3.71335455376815
42,2009,3.71246781390182
42,2010,3.71219055585695
42,2011,3.71203921202862
42,2012,3.71206290378276
42,2013,3.71201033047144
42,2014,3.71208167800052
42,2015,3.71213450145891
42,2016,3.71229051071625
42,2017,3.71244274412971
42,2018,3.71250899420787
42,2019,3.71272141730703
42,2020,3.71153586538559
42,2021,3.71188778509567
42,2022,3.71205685380865
42,2023,3.71220770579415
43,2005,3.68
43,2006,3.68
43,2007,3.68
43,2008,3.68
43,2009,3.68
43,2010,3.68
43,2011,3.68
43,2012,3.68
43,2013,3.68
43,2014,3.68
43,2015,3.68
43,2016,3.68
43,2017,3.68
43,2018,3.68
43,2019,3.68
43,2020,3.68
43,2021,3.68
43,2022,3.68
43,2023,3.68
44,2005,3.70628397332363
44,2006,3.70648203830575
44,2007,3.70669605320427
44,2008,3.70692745870427
44,2009,3.70719766289772
44,2010,3.7074818331952
44,2011,3.70791266935579
44,2012,3.70835301596629
44,2013,3.7089571060597
44,2014,3.70940554432608
44,2015,3.7100222630414
44,2016,3.71031535634227
44,2017,3.71136085427787
44,2018,3.71119561166028
44,2019,3.71109845107187
44,2020,3.71040569101193
44,2021,3.71037953291585
44,2022,3.71034563968485
44,2023,3.71045245471055
45,2005,3.71189206486789
45,2006,3.71189206486789
45,2007,3.71189206486789
45,2008,3.71189206486789
45,2009,3.71189206486789
45,2010,3.71189206486789
45,2011,3.71189206486789
45,2012,3.71189206486789
45,2013,3.71189206486789
45,2014,3.71189206486789
45,2015,3.71189206486789
45,2016,3.71189206486789
45,2017,3.71189206486789
45,2018,3.71189206486789
45,2019,3.71189206486789
45,2020,3.71189206486789
45,2021,3.71189206486789
45,2022,3.71189206486789
45,2023,3.71189206486789
46,2005,3.72294844211225
46,2006,3.72427018654226
46,2007,3.72559193097227
46,2008,3.72691367540228
46,2009,3.72823541983229
46,2010,3.7295571642623
46,2011,3.73087890869231
46,2012,3.73220065312232
46,2013,3.73263688354114
46,2014,3.73430612802214
46,2015,3.73623877312971
46,2016,3.73815917180166
46,2017,3.73957757085752
46,2018,3.74080072896352
46,2019,3.74238855367877
46,2020,3.74230663218151
46,2021,3.74357951576482
46,2022,3.74456910831747
46,2023,3.74687925046782
47,2005,3.73555782991505
47,2006,3.73555782991505
47,2007,3.73555782991505
47,2008,3.73555782991505
47,2009,3.73555782991505
47,2010,3.73555782991505
47,2011,3.73555782991505
47,2012,3.73555782991505
47,2013,3.73555782991505
47,2014,3.73555782991505
47,2015,3.73555782991505
47,2016,3.73555782991505
47,2017,3.73555782991505
47,2018,3.73555782991505
47,2019,3.73555782991505
47,2020,3.73555782991505
47,2021,3.73555782991505
47,2022,3.73555782991505
47,2023,3.73555782991505
48,2005,3.87
48,2006,3.87
48,2007,3.87
48,2008,3.87
48,2009,3.87
48,2010,3.87
48,2011,3.87
48,2012,3.87
48,2013,3.87
48,2014,3.87
48,2015,3.87
48,2016,3.87
48,2017,3.87
48,2018,3.87
48,2019,3.87
48,2020,3.87
48,2021,3.87
48,2022,3.87
48,2023,3.87
49,2005,3.5971472271287
49,2006,3.59822331846943
49,2007,3.59906735570704
49,2008,3.59929054884438
49,2009,3.5974076434395
49,2010,3.59763927406673
49,2011,3.59944517447633
49,2012,3.59710064834118
49,2013,3.59698807848973
49,2014,3.59754936551247
49,2015,3.59719730759908
49,2016,3.59730930095397
49,2017,3.59648179528923
49,2018,3.5947008977493
49,2019,3.59330788275825
49,2020,3.59167336552591
49,2021,3.59056358294285
49,2022,3.58971162065673
49,2023,3.58488049578932
50,2005,4.23
50,2006,4.23
50,2007,4.23
50,2008,4.23
50,2009,4.23
50,2010,4.23
50,2011,4.23
50,2012,4.23
50,2013,4.23
50,2014,4.23
50,2015,4.23
50,2016,4.23
50,2017,4.23
50,2018,4.23
50,2019,4.23
50,2020,4.23
50,2021,4.23
50,2022,4.23
50,2023,4.23
51,2005,3.44
51,2006,3.44
51,2007,3.44
51,2008,3.44
51,2009,3.44
51,2010,3.44
51,2011,3.44
51,2012,3.44
51,2013,3.44
51,2014,3.44
51,2015,3.44
51,2016,3.44
51,2017,3.44
51,2018,3.44
51,2019,3.44
51,2020,3.44
51,2021,3.44
51,2022,3.44
51,2023,3.44
52,2005,3.96
52,2006,3.96
52,2007,3.96
52,2008,3.96
52,2009,3.96
52,2010,3.96
52,2011,3.96
52,2012,3.96
52,2013,3.96
52,2014,3.96
52,2015,3.96
52,2016,3.96
52,2017,3.96
52,2018,3.96
52,2019,3.96
52,2020,3.96
52,2021,3.96
52,2022,3.96
52,2023,3.96
53,2005,3.41
53,2006,3.41
53,2007,3.41
53,2008,3.41
53,2009,3.41
53,2010,3.41
53,2011,3.41
53,2012,3.41
53,2013,3.41
53,2014,3.41
53,2015,3.41
53,2016,3.41
53,2017,3.41
53,2018,3.41
53,2019,3.41
53,2020,3.41
53,2021,3.41
53,2022,3.41
53,2023,3.41
54,2005,4.62
54,2006,4.62
54,2007,4.62
54,2008,4.62
54,2009,4.62
54,2010,4.62
54,2011,4.62
54,2012,4.62
54,2013,4.62
54,2014,4.62
54,2015,4.62
54,2016,4.62
54,2017,4.62
54,2018,4.62
54,2019,4.62
54,2020,4.62
54,2021,4.62
54,2022,4.62
54,2023,4.62
55,2005,4.33543400202016
55,2006,4.34287252657863
55,2007,4.35045107805763
55,2008,4.35368504811955
55,2009,4.34351263976578
55,2010,4.3448104418065
55,2011,4.34304848829116
55,2012,4.33797763877434
55,2013,4.33828671786414
55,2014,4.3418638878015
55,2015,4.34828358201891
55,2016,4.35348400874419
55,2017,4.36294478434794
55,2018,4.3700369381466
55,2019,4.37524987625565
55,2020,4.3566405421928
55,2021,4.37787551363818
55,2022,4.38995338104507
55,2023,4.39630252332459
56,2005,3.15674597458905
56,2006,3.15948346052025
56,2007,3.16550357349693
56,2008,3.16843142342671
56,2009,3.16715918154407
56,2010,3.1677243513111
56,2011,3.16957306069229
56,2012,3.17009807608549
56,2013,3.17041029797745
56,2014,3.1707773212088
56,2015,3.17128103158324
56,2016,3.17362171351927
56,2017,3.17619626748046
56,2018,3.17835768324596
56,2019,3.18258840169066
56,2020,3.16871368323817
56,2021,3.17219409899846
56,2022,3.18068240583595
56,2023,3.18387672755535
57,2005,4.33543400202016
57,2006,4.34287252657863
57,2007,4.35045107805763
57,2008,4.35368504811955
57,2009,4.34351263976578
57,2010,4.3448104418065
57,2011,4.34304848829116
57,2012,4.33797763877434
57,2013,4.33828671786414
57,2014,4.3418638878015
57,2015,4.34828358201891
57,2016,4.35348400874419
57,2017,4.36294478434794
57,2018,4.3700369381466
57,2019,4.37524987625565
57,2020,4.3566405421928
57,2021,4.37787551363818
57,2022,4.38995338104507
57,2023,4.39630252332459
58,2005,4.33543400202016
58,2006,4.34287252657863
58,2007,4.35045107805763
58,2008,4.35368504811955
58,2009,4.34351263976578
58,2010,4.3448104418065
58,2011,4.34304848829116
58,2012,4.33797763877434
58,2013,4.33828671786414
58,2014,4.3418638878015
58,2015,4.34828358201891
58,2016,4.35348400874419
58,2017,4.36294478434794
58,2018,4.3700369381466
58,2019,4.37524987625565
58,2020,4.3566405421928
58,2021,4.37787551363818
58,2022,4.38995338104507
58,2023,4.39630252332459
59,2005,4.45
59,2006,4.45
59,2007,4.45
59,2008,4.45
59,2009,4.45
59,2010,4.45
59,2011,4.45
59,2012,4.45
59,2013,4.45
59,2014,4.45
59,2015,4.45
59,2016,4.45
59,2017,4.45
59,2018,4.45
59,2019,4.45
59,2020,4.45
59,2021,4.45
59,2022,4.45
59,2023,4.45
60,2005,4.54525525298559
60,2006,4.54525525298559
60,2007,4.54525525298559
60,2008,4.54525525298559
60,2009,4.54525525298559
60,2010,4.54525525298559
60,2011,4.54525525298559
60,2012,4.54525525298559
60,2013,4.54525525298559
60,2014,4.54525525298559
60,2015,4.54525525298559
60,2016,4.54525525298559
60,2017,4.54525525298559
60,2018,4.54525525298559
60,2019,4.54525525298559
60,2020,4.54525525298559
60,2021,4.54525525298559
60,2022,4.54525525298559
60,2023,4.54525525298559
61,2005,3.6
61,2006,3.6
61,2007,3.6
61,2008,3.6
61,2009,3.6
61,2010,3.6
61,2011,3.6
61,2012,3.6
61,2013,3.6
61,2014,3.6
61,2015,3.6
61,2016,3.6
61,2017,3.6
61,2018,3.6
61,2019,3.6
61,2020,3.6
61,2021,3.6
61,2022,3.6
61,2023,3.6
62,2005,3.64
62,2006,3.64
62,2007,3.64
62,2008,3.64
62,2009,3.64
62,2010,3.64
62,2011,3.64
62,2012,3.64
62,2013,3.64
62,2014,3.64
62,2015,3.64
62,2016,3.64
62,2017,3.64
62,2018,3.64
62,2019,3.64
62,2020,3.64
62,2021,3.64
62,2022,3.64
62,2023,3.64
63,2005,3.64682227460276
63,2006,3.64994905137618
63,2007,3.65300380813373
63,2008,3.65407414443259
63,2009,3.65283511958029
63,2010,3.65501573592347
63,2011,3.64272522556973
63,2012,3.65496337867131
63,2013,3.65054825663723
63,2014,3.64658961901339
63,2015,3.64698953913816
63,2016,3.647195735996
63,2017,3.65223142814105
63,2018,3.6540154136519
63,2019,3.65206847092718
63,2020,3.64319631575238
63,2021,3.64822561055646
63,2022,3.6483032136319
63,2023,3.64974944412127
64,2005,3.15587184526445
64,2006,3.16198559507349
64,2007,3.15993091903365
64,2008,3.15855039927223
64,2009,3.15728542145824
64,2010,3.15703745584932
64,2011,3.15738329821553
64,2012,3.15784269899178
64,2013,3.15823244054455
64,2014,3.1587289270946
64,2015,3.15968869374777
64,2016,3.15893612225567
64,2017,3.16027960497361
64,2018,3.16103039201749
64,2019,3.1610928691796
64,2020,3.15964272874433
64,2021,3.1587195529915
64,2022,3.16029884528544
64,2023,3.16179616989489
65,2005,3.13552223086643
65,2006,3.13487391569196
65,2007,3.13489192264257
65,2008,3.13549285130934
65,2009,3.13619042175112
65,2010,3.1367653559348
65,2011,3.13454707040673
65,2012,3.13494860774245
65,2013,3.13493047646563
65,2014,3.13414819425324
65,2015,3.13437301403241
65,2016,3.13424549595912
65,2017,3.134644344115
65,2018,3.13550612734693
65,2019,3.13623047629164
65,2020,3.13587699010373
65,2021,3.13642707076911
65,2022,3.13704935619223
65,2023,3.13755296152493
66,2005,3.24
66,2006,3.24
66,2007,3.24
66,2008,3.24
66,2009,3.24
66,2010,3.24
66,2011,3.24
66,2012,3.24
66,2013,3.24
66,2014,3.24
66,2015,3.24
66,2016,3.24
66,2017,3.24
66,2018,3.24
66,2019,3.24
66,2020,3.24
66,2021,3.24
66,2022,3.24
66,2023,3.24
67,2005,3.71733968151321
67,2006,3.72386686665844
67,2007,3.73025471857298
67,2008,3.72656200132236
67,2009,3.71638885362709
67,2010,3.72073548422136
67,2011,3.64515197469396
67,2012,3.71698659681546
67,2013,3.68752508928306
67,2014,3.65795490011082
67,2015,3.65574185040365
67,2016,3.65309317251576
67,2017,3.67929623908047
67,2018,3.68626942218408
67,2019,3.67134764546048
67,2020,3.63959078199608
67,2021,3.65901689222772
67,2022,3.6503773911941
67,2023,3.65782626952045
68,2005,4.3
68,2006,4.3
68,2007,4.3
68,2008,4.3
68,2009,4.3
68,2010,4.3
68,2011,4.3
68,2012,4.3
68,2013,4.3
68,2014,4.3
68,2015,4.3
68,2016,4.3
68,2017,4.3
68,2018,4.3
68,2019,4.3
68,2020,4.3
68,2021,4.3
68,2022,4.3
68,2023,4.3
69,2005,3.88
69,2006,3.88
69,2007,3.88
69,2008,3.88
69,2009,3.88
69,2010,3.88
69,2011,3.88
69,2012,3.88
69,2013,3.88
69,2014,3.88
69,2015,3.88
69,2016,3.88
69,2017,3.88
69,2018,3.88
69,2019,3.88
69,2020,3.88
69,2021,3.88
69,2022,3.88
69,2023,3.88
70,2005,4.28
70,2006,4.28
70,2007,4.28
70,2008,4.28
70,2009,4.28
70,2010,4.28
70,2011,4.28
70,2012,4.28
70,2013,4.28
70,2014,4.28
70,2015,4.28
70,2016,4.28
70,2017,4.28
70,2018,4.28
70,2019,4.28
70,2020,4.28
70,2021,4.28
70,2022,4.28
70,2023,4.28
71,2005,4.25
71,2006,4.25
71,2007,4.25
71,2008,4.25
71,2009,4.25
71,2010,4.25
71,2011,4.25
71,2012,4.25
71,2013,4.25
71,2014,4.25
71,2015,4.25
71,2016,4.25
71,2017,4.25
71,2018,4.25
71,2019,4.25
71,2020,4.25
71,2021,4.25
71,2022,4.25
71,2023,4.25
72,2005,4.19
72,2006,4.19
72,2007,4.19
72,2008,4.19
72,2009,4.19
72,2010,4.19
72,2011,4.19
72,2012,4.19
72,2013,4.19
72,2014,4.19
72,2015,4.19
72,2016,4.19
72,2017,4.19
72,2018,4.19
72,2019,4.19
72,2020,4.19
72,2021,4.19
72,2022,4.19
72,2023,4.19
73,2005,4.27449551741168
73,2006,4.29191455337927
73,2007,4.3111129139764
73,2008,4.32371595455286
73,2009,4.30392474196658
73,2010,4.31430234921126
73,2011,4.32446998359483
73,2012,4.33401178469178
73,2013,4.33783545155834
73,2014,4.33484037395655
73,2015,4.32883214095935
73,2016,4.32859875237345
73,2017,4.33275795447707
73,2018,4.339872064471
73,2019,4.34563389856469
73,2020,4.33869145643767
73,2021,4.35466775636453
73,2022,4.34974920152224
73,2023,4.36060723680806
74,2005,4.14
74,2006,4.14
74,2007,4.14
74,2008,4.14
74,2009,4.14
74,2010,4.14
74,2011,4.14
74,2012,4.14
74,2013,4.14
74,2014,4.14
74,2015,4.14
74,2016,4.14
74,2017,4.14
74,2018,4.14
74,2019,4.14
74,2020,4.14
74,2021,4.14
74,2022,4.14
74,2023,4.14
75,2005,4.18465256276515
75,2006,4.19406096540316
75,2007,4.20479266965093
75,2008,4.20850937861102
75,2009,4.1881670281885
75,2010,4.19340713288815
75,2011,4.20049230417781
75,2012,4.20096444774976
75,2013,4.20125853217185
75,2014,4.19462436624665
75,2015,4.18314493171569
75,2016,4.18644716811236
75,2017,4.18975264997119
75,2018,4.19462561888116
75,2019,4.19941802773369
75,2020,4.19545321173211
75,2021,4.20094745177687
75,2022,4.17136314252793
75,2023,4.18665424425614
76,2005,4.39
76,2006,4.39
76,2007,4.39
76,2008,4.39
76,2009,4.39
76,2010,4.39
76,2011,4.39
76,2012,4.39
76,2013,4.39
76,2014,4.39
76,2015,4.39
76,2016,4.39
76,2017,4.39
76,2018,4.39
76,2019,4.39
76,2020,4.39
76,2021,4.39
76,2022,4.39
76,2023,4.39
77,2005,3.7816835381532
77,2006,3.7820979332774
77,2007,3.78168618487653
77,2008,3.78222887672136
77,2009,3.78500073822183
77,2010,3.78691355297747
77,2011,3.78765885706294
77,2012,3.76940627352396
77,2013,3.75764774157936
77,2014,3.75597623063348
77,2015,3.75597950140076
77,2016,3.75393912707263
77,2017,3.75361611596004
77,2018,3.75345797145529
77,2019,3.75250551776941
77,2020,3.75110579934666
77,2021,3.75081055353673
77,2022,3.74980491217526
77,2023,3.74204584977616
78,2005,3.66
78,2006,3.66
78,2007,3.66
78,2008,3.66
78,2009,3.66
78,2010,3.66
78,2011,3.66
78,2012,3.66
78,2013,3.66
78,2014,3.66
78,2015,3.66
78,2016,3.66
78,2017,3.66
78,2018,3.66
78,2019,3.66
78,2020,3.66
78,2021,3.66
78,2022,3.66
78,2023,3.66
79,2005,4.1
79,2006,4.1
79,2007,4.1
79,2008,4.1
79,2009,4.1
79,2010,4.1
79,2011,4.1
79,2012,4.1
79,2013,4.1
79,2014,4.1
79,2015,4.1
79,2016,4.1
79,2017,4.1
79,2018,4.1
79,2019,4.1
79,2020,4.1
79,2021,4.1
79,2022,4.1
79,2023,4.1
80,2005,4.52
80,2006,4.52
80,2007,4.52
80,2008,4.52
80,2009,4.52
80,2010,4.52
80,2011,4.52
80,2012,4.52
80,2013,4.52
80,2014,4.52
80,2015,4.52
80,2016,4.52
80,2017,4.52
80,2018,4.52
80,2019,4.52
80,2020,4.52
80,2021,4.52
80,2022,4.52
80,2023,4.52
81,2005,4.37
81,2006,4.37
81,2007,4.37
81,2008,4.37
81,2009,4.37
81,2010,4.37
81,2011,4.37
81,2012,4.37
81,2013,4.37
81,2014,4.37
81,2015,4.37
81,2016,4.37
81,2017,4.37
81,2018,4.37
81,2019,4.37
81,2020,4.37
81,2021,4.37
81,2022,4.37
81,2023,4.37
82,2005,3.87
82,2006,3.87
82,2007,3.87
82,2008,3.87
82,2009,3.87
82,2010,3.87
82,2011,3.87
82,2012,3.87
82,2013,3.87
82,2014,3.87
82,2015,3.87
82,2016,3.87
82,2017,3.87
82,2018,3.87
82,2019,3.87
82,2020,3.87
82,2021,3.87
82,2022,3.87
82,2023,3.87
84,2005,3.42
84,2006,3.42
84,2007,3.42
84,2008,3.42
84,2009,3.42
84,2010,3.42
84,2011,3.42
84,2012,3.42
84,2013,3.42
84,2014,3.42
84,2015,3.42
84,2016,3.42
84,2017,3.42
84,2018,3.42
84,2019,3.42
84,2020,3.42
84,2021,3.42
84,2022,3.42
84,2023,3.42
85,2005,4.41505583960952
85,2006,4.42709921761196
85,2007,4.43846909326944
85,2008,4.43791429621483
85,2009,4.41811712408604
85,2010,4.42079738894599
85,2011,4.42665252734653
85,2012,4.43127319661739
85,2013,4.43585142315081
85,2014,4.44454951827317
85,2015,4.45593256405429
85,2016,4.46254802386184
85,2017,4.47283401775988
85,2018,4.48058101247636
85,2019,4.48739710504102
85,2020,4.479744445819
85,2021,4.50169047207149
85,2022,4.5116492713199
85,2023,4.50691891862246
86,2005,4.41505583960952
86,2006,4.42709921761196
86,2007,4.43846909326944
86,2008,4.43791429621483
86,2009,4.41811712408604
86,2010,4.42079738894599
86,2011,4.42665252734653
86,2012,4.43127319661739
86,2013,4.43585142315081
86,2014,4.44454951827317
86,2015,4.45593256405429
86,2016,4.46254802386184
86,2017,4.47283401775988
86,2018,4.48058101247636
86,2019,4.48739710504102
86,2020,4.479744445819
86,2021,4.50169047207149
86,2022,4.5116492713199
86,2023,4.50691891862246
88,2005,4.41505583960952
88,2006,4.42709921761196
88,2007,4.43846909326944
88,2008,4.43791429621483
88,2009,4.41811712408604
88,2010,4.42079738894599
88,2011,4.42665252734653
88,2012,4.43127319661739
88,2013,4.43585142315081
88,2014,4.44454951827317
88,2015,4.45593256405429
88,2016,4.46254802386184
88,2017,4.47283401775988
88,2018,4.48058101247636
88,2019,4.48739710504102
88,2020,4.479744445819
88,2021,4.50169047207149
88,2022,4.5116492713199
88,2023,4.50691891862246
89,2005,NA
89,2006,NA
89,2007,NA
89,2008,NA
89,2009,NA
89,2010,NA
89,2011,NA
89,2012,NA
89,2013,NA
89,2014,NA
89,2015,NA
89,2016,NA
89,2017,NA
89,2018,NA
89,2019,NA
89,2020,NA
89,2021,NA
89,2022,NA
89,2023,NA
90,2005,NA
90,2006,NA
90,2007,NA
90,2008,NA
90,2009,NA
90,2010,NA
90,2011,NA
90,2012,NA
90,2013,NA
90,2014,NA
90,2015,NA
90,2016,NA
90,2017,NA
90,2018,NA
90,2019,NA
90,2020,NA
90,2021,NA
90,2022,NA
90,2023,NA
91,2005,NA
91,2006,NA
91,2007,NA
91,2008,NA
91,2009,NA
91,2010,NA
91,2011,NA
91,2012,NA
91,2013,NA
91,2014,NA
91,2015,NA
91,2016,NA
91,2017,NA
91,2018,NA
91,2019,NA
91,2020,NA
91,2021,NA
91,2022,NA
91,2023,NA
92,2005,NA
92,2006,NA
92,2007,NA
92,2008,NA
92,2009,NA
92,2010,NA
92,2011,NA
92,2012,NA
92,2013,NA
92,2014,NA
92,2015,NA
92,2016,NA
92,2017,NA
92,2018,NA
92,2019,NA
92,2020,NA
92,2021,NA
92,2022,NA
92,2023,NA
93,2005,NA
93,2006,NA
93,2007,NA
93,2008,NA
93,2009,NA
93,2010,NA
93,2011,NA
93,2012,NA
93,2013,NA
93,2014,NA
93,2015,NA
93,2016,NA
93,2017,NA
93,2018,NA
93,2019,NA
93,2020,NA
93,2021,NA
93,2022,NA
93,2023,NA
94,2005,NA
94,2006,NA
94,2007,NA
94,2008,NA
94,2009,NA
94,2010,NA
94,2011,NA
94,2012,NA
94,2013,NA
94,2014,NA
94,2015,NA
94,2016,NA
94,2017,NA
94,2018,NA
94,2019,NA
94,2020,NA
94,2021,NA
94,2022,NA
94,2023,NA
95,2005,4.55487207804061
95,2006,4.55487207804061
95,2007,4.55487207804061
95,2008,4.55487207804061
95,2009,4.55487207804061
95,2010,4.55487207804061
95,2011,4.55487207804061
95,2012,4.55487207804061
95,2013,4.55487207804061
95,2014,4.55487207804061
95,2015,4.55487207804061
95,2016,4.55487207804061
95,2017,4.55487207804061
95,2018,4.55487207804061
95,2019,4.55487207804061
95,2020,4.55487207804061
95,2021,4.55487207804061
95,2022,4.55487207804061
95,2023,4.55487207804061
96,2005,2.89
96,2006,2.89
96,2007,2.89
96,2008,2.89
96,2009,2.89
96,2010,2.89
96,2011,2.89
96,2012,2.89
96,2013,2.89
96,2014,2.89
96,2015,2.89
96,2016,2.89
96,2017,2.89
96,2018,2.89
96,2019,2.89
96,2020,2.89
96,2021,2.89
96,2022,2.89
96,2023,2.89
97,2005,3.12591639092784
97,2006,3.12612764384516
97,2007,3.12654668314982
97,2008,3.12684566749679
97,2009,3.12706339153342
97,2010,3.12739756826635
97,2011,3.12785076072575
97,2012,3.12834590505285
97,2013,3.12911514240322
97,2014,3.12893748345374
97,2015,3.12867472450151
97,2016,3.12823175665966
97,2017,3.12829000575508
97,2018,3.12819286712846
97,2019,3.12766661277132
97,2020,3.12709530410971
97,2021,3.1274001780327
97,2022,3.1276901657306
97,2023,3.12796656787547
98,2005,3.13035599893481
98,2006,3.13032971441391
98,2007,3.12976204801015
98,2008,3.12990975034392
98,2009,3.13025397103324
98,2010,3.13067793124919
98,2011,3.13111421890425
98,2012,3.13164343042576
98,2013,3.13212911428217
98,2014,3.13260586354763
98,2015,3.13307275494963
98,2016,3.13334766371246
98,2017,3.13359505079658
98,2018,3.13398448432059
98,2019,3.13440998968509
98,2020,3.13432998186826
98,2021,3.13496512879162
98,2022,3.13558503043476
98,2023,3.13635215210015
99,2005,3.16
99,2006,3.16
99,2007,3.16
99,2008,3.16
99,2009,3.16
99,2010,3.16
99,2011,3.16
99,2012,3.16
99,2013,3.16
99,2014,3.16
99,2015,3.16
99,2016,3.16
99,2017,3.16
99,2018,3.16
99,2019,3.16
99,2020,3.16
99,2021,3.16
99,2022,3.16
99,2023,3.16
100,2005,3.02822844199107
100,2006,3.0305348326088
100,2007,3.0245822750713
100,2008,3.02612343437774
100,2009,3.030140334114
100,2010,3.03338505989059
100,2011,3.03272009178234
100,2012,3.0370001158517
100,2013,3.03495076759833
100,2014,3.03758002700214
100,2015,3.03625688180378
100,2016,3.02914460486901
100,2017,3.02456001681359
100,2018,3.02205705115476
100,2019,3.02140136389479
100,2020,3.01710971960571
100,2021,3.01647349043704
100,2022,3.01605000652595
100,2023,3.01581083240914
101,2005,3.45
101,2006,3.45
101,2007,3.45
101,2008,3.45
101,2009,3.45
101,2010,3.45
101,2011,3.45
101,2012,3.45
101,2013,3.45
101,2014,3.45
101,2015,3.45
101,2016,3.45
101,2017,3.45
101,2018,3.45
101,2019,3.45
101,2020,3.45
101,2021,3.45
101,2022,3.45
101,2023,3.45
102,2005,3.99
102,2006,3.99
102,2007,3.99
102,2008,3.99
102,2009,3.99
102,2010,3.99
102,2011,3.99
102,2012,3.99
102,2013,3.99
102,2014,3.99
102,2015,3.99
102,2016,3.99
102,2017,3.99
102,2018,3.99
102,2019,3.99
102,2020,3.99
102,2021,3.99
102,2022,3.99
102,2023,3.99
103,2005,3.00268657115582
103,2006,3.00467390163863
103,2007,3.00506675495635
103,2008,3.00634287262079
103,2009,3.00667822510639
103,2010,3.00640749328221
103,2011,3.00636686378196
103,2012,3.0066808316476
103,2013,3.00779269051142
103,2014,3.0088930682743
103,2015,3.00879911100457
103,2016,3.0100986103275
103,2017,3.0110656869016
103,2018,3.01218455860104
103,2019,3.01238395746235
103,2020,3.01268177493847
103,2021,3.01260705278075
103,2022,3.01187419760971
103,2023,3.01121217083908
104,2005,3.19896454842468
104,2006,3.20587952864433
104,2007,3.22984760876958
104,2008,3.2623098334402
104,2009,3.25292273992798
104,2010,3.21620747606616
104,2011,3.22111277604208
104,2012,3.23109418815985
104,2013,3.21056284258248
104,2014,3.20233849354874
104,2015,3.17341872146233
104,2016,3.14891096101325
104,2017,3.13298928841611
104,2018,3.11779398908119
104,2019,3.10526663889835
104,2020,3.09537355608052
104,2021,3.0934225066373
104,2022,3.0942338277981
104,2023,3.08516360774219
105,2005,NA
105,2006,NA
105,2007,NA
105,2008,NA
105,2009,NA
105,2010,NA
105,2011,NA
105,2012,NA
105,2013,NA
105,2014,NA
105,2015,NA
105,2016,NA
105,2017,NA
105,2018,NA
105,2019,NA
105,2020,NA
105,2021,NA
105,2022,NA
105,2023,NA
106,2005,3.28
106,2006,3.28
106,2007,3.28
106,2008,3.28
106,2009,3.28
106,2010,3.28
106,2011,3.28
106,2012,3.28
106,2013,3.28
106,2014,3.28
106,2015,3.28
106,2016,3.28
106,2017,3.28
106,2018,3.28
106,2019,3.28
106,2020,3.28
106,2021,3.28
106,2022,3.28
106,2023,3.28
107,2005,3.62511625125008
107,2006,3.62886347292252
107,2007,3.63275007824262
107,2008,3.63463060275698
107,2009,3.63161683957104
107,2010,3.6340255418104
107,2011,3.6375201228808
107,2012,3.64114437609975
107,2013,3.64318875609991
107,2014,3.64540620708285
107,2015,3.64788395817431
107,2016,3.64973483920209
107,2017,3.65188493131897
107,2018,3.65317552252189
107,2019,3.65421404833313
107,2020,3.64213208974365
107,2021,3.6525360499088
107,2022,3.65825899540627
107,2023,3.66233366876696
108,2005,4.3181126052622
108,2006,4.36030212490413
108,2007,4.38575220283891
108,2008,4.36588227107891
108,2009,4.31541901108286
108,2010,4.29377345108544
108,2011,4.26500650835606
108,2012,4.22684152640251
108,2013,4.22567545953453
108,2014,4.20031688126803
108,2015,4.2062279809723
108,2016,4.20192763597074
108,2017,4.22486141420265
108,2018,4.21909229981477
108,2019,4.21822396129709
108,2020,4.16822038277951
108,2021,4.20015542747684
108,2022,4.24228922427856
108,2023,4.24217437635594
110,2005,3.78531167343758
110,2006,3.78839847580041
110,2007,3.78845666682105
110,2008,3.77899162409385
110,2009,3.76538315476577
110,2010,3.76597474500312
110,2011,3.76469390112013
110,2012,3.76936847270439
110,2013,3.76028832327882
110,2014,3.76251272356516
110,2015,3.76297752745955
110,2016,3.7590867326544
110,2017,3.76408548138829
110,2018,3.76892453923246
110,2019,3.76446891238939
110,2020,3.71317373122854
110,2021,3.74147610688423
110,2022,3.76383760635961
110,2023,3.76891659384241
111,2005,3.75691809429543
111,2006,3.75326288699307
111,2007,3.7496076796907
111,2008,3.74595247238834
111,2009,3.74229726508597
111,2010,3.7386420577836
111,2011,3.72910981404484
111,2012,3.71919587954751
111,2013,3.71246810080529
111,2014,3.72056047801848
111,2015,3.73326637919418
111,2016,3.73833412891462
111,2017,3.72484215899994
111,2018,3.72765768542581
111,2019,3.73043865718758
111,2020,3.67204231990361
111,2021,3.68209310466771
111,2022,3.68950818039858
111,2023,3.69020599956334
112,2005,3.61728420074239
112,2006,3.61728420074239
112,2007,3.61728420074239
112,2008,3.61728420074239
112,2009,3.61728420074239
112,2010,3.61728420074239
112,2011,3.61728420074239
112,2012,3.61728420074239
112,2013,3.61728420074239
112,2014,3.61728420074239
112,2015,3.61728420074239
112,2016,3.61728420074239
112,2017,3.61728420074239
112,2018,3.61728420074239
112,2019,3.61728420074239
112,2020,3.61728420074239
112,2021,3.61728420074239
112,2022,3.61728420074239
112,2023,3.61728420074239
113,2005,4.14836622961376
113,2006,4.19938034463034
113,2007,4.20033207635942
113,2008,4.17874349896455
113,2009,4.11501521987195
113,2010,4.08342115144004
113,2011,4.07468006425479
113,2012,4.06657842685297
113,2013,4.05933769843353
113,2014,4.05979739492876
113,2015,4.06171743199598
113,2016,4.06628107584544
113,2017,4.07107306409918
113,2018,4.08218120046687
113,2019,4.09203215155193
113,2020,4.05346940945256
113,2021,4.06805667972458
113,2022,4.08415040257314
113,2023,4.09690639274774
114,2005,3.55069406815091
114,2006,3.55070653019321
114,2007,3.55138827389484
114,2008,3.55161667465207
114,2009,3.552612833268
114,2010,3.55092826547243
114,2011,3.55183999098657
114,2012,3.55158753814297
114,2013,3.55225025759142
114,2014,3.55259289354323
114,2015,3.55258155558057
114,2016,3.55268091901932
114,2017,3.55296235241249
114,2018,3.55304507145115
114,2019,3.55228629678738
114,2020,3.55117771619505
114,2021,3.55048880988761
114,2022,3.54985257463182
114,2023,3.54918797936914
115,2005,3.88
115,2006,3.88
115,2007,3.88
115,2008,3.88
115,2009,3.88
115,2010,3.88
115,2011,3.88
115,2012,3.88
115,2013,3.88
115,2014,3.88
115,2015,3.88
115,2016,3.88
115,2017,3.88
115,2018,3.88
115,2019,3.88
115,2020,3.88
115,2021,3.88
115,2022,3.88
115,2023,3.88
116,2005,3.84086325426421
116,2006,3.83830353817982
116,2007,3.83707595618164
116,2008,3.83349150391546
116,2009,3.82851241260519
116,2010,3.82887284449086
116,2011,3.83022015333727
116,2012,3.83219105562874
116,2013,3.83407451946342
116,2014,3.83522288630594
116,2015,3.83730776775101
116,2016,3.8394761458462
116,2017,3.83789353173424
116,2018,3.83688845446787
116,2019,3.84219779428836
116,2020,3.82153210272681
116,2021,3.8246932496188
116,2022,3.83874295608811
116,2023,3.84016385425752
117,2005,3.77689261352386
117,2006,3.77689261352386
117,2007,3.77689261352386
117,2008,3.77689261352386
117,2009,3.77689261352386
117,2010,3.77689261352386
117,2011,3.77689261352386
117,2012,3.77689261352386
117,2013,3.77689261352386
117,2014,3.77689261352386
117,2015,3.77689261352386
117,2016,3.77689261352386
117,2017,3.77689261352386
117,2018,3.77689261352386
117,2019,3.77689261352386
117,2020,3.77689261352386
117,2021,3.77689261352386
117,2022,3.77689261352386
117,2023,3.77689261352386
118,2005,3.7591222960893
118,2006,3.76699812443823
118,2007,3.77073453827984
118,2008,3.76980689481889
118,2009,3.75617821197472
118,2010,3.75264835743165
118,2011,3.75129148103788
118,2012,3.74915492729119
118,2013,3.74913965131182
118,2014,3.75012132994814
118,2015,3.75108923660563
118,2016,3.75192099909128
118,2017,3.75193879533153
118,2018,3.7532311475757
118,2019,3.75585346844206
118,2020,3.72731032130929
118,2021,3.73769159054749
118,2022,3.75143531811072
118,2023,3.75599673602666
119,2005,3.6925335959446
119,2006,3.69724622468103
119,2007,3.69776439612015
119,2008,3.71649569989744
119,2009,3.70975073798804
119,2010,3.709924016367
119,2011,3.71271278940059
119,2012,3.71077346447806
119,2013,3.72111388031264
119,2014,3.73568484618941
119,2015,3.73713784951449
119,2016,3.74543223760323
119,2017,3.74602940670786
119,2018,3.75060390332782
119,2019,3.7571900344343
119,2020,3.72228399390636
119,2021,3.72366515892175
119,2022,3.74454294247997
119,2023,3.74926654075708
120,2005,3.72950725137606
120,2006,3.75235750338082
120,2007,3.76998334132285
120,2008,3.76641904753573
120,2009,3.73470491327825
120,2010,3.71590480902108
120,2011,3.71005361086806
120,2012,3.71420071710964
120,2013,3.71138701867632
120,2014,3.71396729329403
120,2015,3.71529852044069
120,2016,3.72177609826933
120,2017,3.72546111010906
120,2018,3.73815018664576
120,2019,3.74363643291339
120,2020,3.70193614451004
120,2021,3.71518679735232
120,2022,3.73194812912563
120,2023,3.73875608312198
121,2005,3.7591222960893
121,2006,3.76699812443823
121,2007,3.77073453827984
121,2008,3.76980689481889
121,2009,3.75617821197472
121,2010,3.75264835743165
121,2011,3.75129148103788
121,2012,3.74915492729119
121,2013,3.74913965131182
121,2014,3.75012132994814
121,2015,3.75108923660563
121,2016,3.75192099909128
121,2017,3.75193879533153
121,2018,3.7532311475757
121,2019,3.75585346844206
121,2020,3.72731032130929
121,2021,3.73769159054749
121,2022,3.75143531811072
121,2023,3.75599673602666
122,2005,3.66969297919464
122,2006,3.67741709813086
122,2007,3.6789347821052
122,2008,3.68543515713832
122,2009,3.68001362347791
122,2010,3.67958888483716
122,2011,3.68533775250507
122,2012,3.68444884287197
122,2013,3.68061169277394
122,2014,3.68225238527696
122,2015,3.68172974010524
122,2016,3.68633970726037
122,2017,3.69105835784745
122,2018,3.69513377576329
122,2019,3.69335700264496
122,2020,3.65257251354258
122,2021,3.66685147005317
122,2022,3.69498917182327
122,2023,3.6982068449835
123,2005,3.62829171163989
123,2006,3.63287125087298
123,2007,3.63948984388738
123,2008,3.64744247563055
123,2009,3.64602409684647
123,2010,3.64682903533814
123,2011,3.64622848764488
123,2012,3.64486230612785
123,2013,3.64269638519327
123,2014,3.64703893925937
123,2015,3.64371655519667
123,2016,3.64830228123035
123,2017,3.64214165412096
123,2018,3.64676365280013
123,2019,3.65386268024536
123,2020,3.63338295129016
123,2021,3.64129313477368
123,2022,3.64831412170384
123,2023,3.65460087538422
124,2005,3.71
124,2006,3.71
124,2007,3.71
124,2008,3.71
124,2009,3.71
124,2010,3.71
124,2011,3.71
124,2012,3.71
124,2013,3.71
124,2014,3.71
124,2015,3.71
124,2016,3.71
124,2017,3.71
124,2018,3.71
124,2019,3.71
124,2020,3.71
124,2021,3.71
124,2022,3.71
124,2023,3.71
125,2005,3.63128128487617
125,2006,3.62677824414971
125,2007,3.63248046557901
125,2008,3.63311693905047
125,2009,3.62582456565638
125,2010,3.62503207429346
125,2011,3.62534522638337
125,2012,3.62362087684652
125,2013,3.62526113534204
125,2014,3.63183632753331
125,2015,3.63802580244658
125,2016,3.64170218691952
125,2017,3.64644715350258
125,2018,3.65135766416144
125,2019,3.65188318634373
125,2020,3.63446011300759
125,2021,3.63913468800969
125,2022,3.64706656456362
125,2023,3.65114795441753
126,2005,3.52
126,2006,3.52
126,2007,3.52
126,2008,3.52
126,2009,3.52
126,2010,3.52
126,2011,3.52
126,2012,3.52
126,2013,3.52
126,2014,3.52
126,2015,3.52
126,2016,3.52
126,2017,3.52
126,2018,3.52
126,2019,3.52
126,2020,3.52
126,2021,3.52
126,2022,3.52
126,2023,3.52
127,2005,3.61645440470163
127,2006,3.62303848696583
127,2007,3.62663537087854
127,2008,3.62748623920087
127,2009,3.62657353041556
127,2010,3.62262265375603
127,2011,3.62257344206311
127,2012,3.6242247459519
127,2013,3.62715312005034
127,2014,3.62895945007672
127,2015,3.6323391328925
127,2016,3.63730629407785
127,2017,3.63961745562785
127,2018,3.64398488738127
127,2019,3.64560810016443
127,2020,3.64190024524429
127,2021,3.64352831747722
127,2022,3.65279311966532
127,2023,3.66126916061346
129,2005,3.9
129,2006,3.9
129,2007,3.9
129,2008,3.9
129,2009,3.9
129,2010,3.9
129,2011,3.9
129,2012,3.9
129,2013,3.9
129,2014,3.9
129,2015,3.9
129,2016,3.9
129,2017,3.9
129,2018,3.9
129,2019,3.9
129,2020,3.9
129,2021,3.9
129,2022,3.9
129,2023,3.9
130,2005,4.08
130,2006,4.08
130,2007,4.08
130,2008,4.08
130,2009,4.08
130,2010,4.08
130,2011,4.08
130,2012,4.08
130,2013,4.08
130,2014,4.08
130,2015,4.08
130,2016,4.08
130,2017,4.08
130,2018,4.08
130,2019,4.08
130,2020,4.08
130,2021,4.08
130,2022,4.08
130,2023,4.08
131,2005,3.24
131,2006,3.24
131,2007,3.24
131,2008,3.24
131,2009,3.24
131,2010,3.24
131,2011,3.24
131,2012,3.24
131,2013,3.24
131,2014,3.24
131,2015,3.24
131,2016,3.24
131,2017,3.24
131,2018,3.24
131,2019,3.24
131,2020,3.24
131,2021,3.24
131,2022,3.24
131,2023,3.24
132,2005,4.08
132,2006,4.08
132,2007,4.08
132,2008,4.08
132,2009,4.08
132,2010,4.08
132,2011,4.08
132,2012,4.08
132,2013,4.08
132,2014,4.08
132,2015,4.08
132,2016,4.08
132,2017,4.08
132,2018,4.08
132,2019,4.08
132,2020,4.08
132,2021,4.08
132,2022,4.08
132,2023,4.08
133,2005,3.19
133,2006,3.19
133,2007,3.19
133,2008,3.19
133,2009,3.19
133,2010,3.19
133,2011,3.19
133,2012,3.19
133,2013,3.19
133,2014,3.19
133,2015,3.19
133,2016,3.19
133,2017,3.19
133,2018,3.19
133,2019,3.19
133,2020,3.19
133,2021,3.19
133,2022,3.19
133,2023,3.19
134,2005,3.43
134,2006,3.43
134,2007,3.43
134,2008,3.43
134,2009,3.43
134,2010,3.43
134,2011,3.43
134,2012,3.43
134,2013,3.43
134,2014,3.43
134,2015,3.43
134,2016,3.43
134,2017,3.43
134,2018,3.43
134,2019,3.43
134,2020,3.43
134,2021,3.43
134,2022,3.43
134,2023,3.43
135,2005,4.26
135,2006,4.26
135,2007,4.26
135,2008,4.26
135,2009,4.26
135,2010,4.26
135,2011,4.26
135,2012,4.26
135,2013,4.26
135,2014,4.26
135,2015,4.26
135,2016,4.26
135,2017,4.26
135,2018,4.26
135,2019,4.26
135,2020,4.26
135,2021,4.26
135,2022,4.26
135,2023,4.26
136,2005,3.42
136,2006,3.42
136,2007,3.42
136,2008,3.42
136,2009,3.42
136,2010,3.42
136,2011,3.42
136,2012,3.42
136,2013,3.42
136,2014,3.42
136,2015,3.42
136,2016,3.42
136,2017,3.42
136,2018,3.42
136,2019,3.42
136,2020,3.42
136,2021,3.42
136,2022,3.42
136,2023,3.42
137,2005,3.66
137,2006,3.66
137,2007,3.66
137,2008,3.66
137,2009,3.66
137,2010,3.66
137,2011,3.66
137,2012,3.66
137,2013,3.66
137,2014,3.66
137,2015,3.66
137,2016,3.66
137,2017,3.66
137,2018,3.66
137,2019,3.66
137,2020,3.66
137,2021,3.66
137,2022,3.66
137,2023,3.66
138,2005,3.9
138,2006,3.9
138,2007,3.9
138,2008,3.9
138,2009,3.9
138,2010,3.9
138,2011,3.9
138,2012,3.9
138,2013,3.9
138,2014,3.9
138,2015,3.9
138,2016,3.9
138,2017,3.9
138,2018,3.9
138,2019,3.9
138,2020,3.9
138,2021,3.9
138,2022,3.9
138,2023,3.9
139,2005,3.34
139,2006,3.34
139,2007,3.34
139,2008,3.34
139,2009,3.34
139,2010,3.34
139,2011,3.34
139,2012,3.34
139,2013,3.34
139,2014,3.34
139,2015,3.34
139,2016,3.34
139,2017,3.34
139,2018,3.34
139,2019,3.34
139,2020,3.34
139,2021,3.34
139,2022,3.34
139,2023,3.34
140,2005,3.7591222960893
140,2006,3.76699812443823
140,2007,3.77073453827984
140,2008,3.76980689481889
140,2009,3.75617821197472
140,2010,3.75264835743165
140,2011,3.75129148103788
140,2012,3.74915492729119
140,2013,3.74913965131182
140,2014,3.75012132994814
140,2015,3.75108923660563
140,2016,3.75192099909128
140,2017,3.75193879533153
140,2018,3.7532311475757
140,2019,3.75585346844206
140,2020,3.72731032130929
140,2021,3.73769159054749
140,2022,3.75143531811072
140,2023,3.75599673602666
141,2005,4.38634758838163
141,2006,4.39594181341832
141,2007,4.405536038455
141,2008,4.42899849793522
141,2009,4.40937300678759
141,2010,4.40898225718788
141,2011,4.42308169115331
141,2012,4.4524359227606
141,2013,4.47706280705697
141,2014,4.49912941874252
141,2015,4.49904415794184
141,2016,4.50011388775635
141,2017,4.50948146511077
141,2018,4.51474952390783
141,2019,4.52869216219586
141,2020,4.51356056242009
141,2021,4.5327001906962
141,2022,4.54422284311956
141,2023,4.55176282549626
143,2005,4.32
143,2006,4.32
143,2007,4.32
143,2008,4.32
143,2009,4.32
143,2010,4.32
143,2011,4.32
143,2012,4.32
143,2013,4.32
143,2014,4.32
143,2015,4.32
143,2016,4.32
143,2017,4.32
143,2018,4.32
143,2019,4.32
143,2020,4.32
143,2021,4.32
143,2022,4.32
143,2023,4.32
144,2005,4.41505583960952
144,2006,4.42709921761196
144,2007,4.43846909326944
144,2008,4.43791429621483
144,2009,4.41811712408604
144,2010,4.42079738894599
144,2011,4.42665252734653
144,2012,4.43127319661739
144,2013,4.43585142315081
144,2014,4.44454951827317
144,2015,4.45593256405429
144,2016,4.46254802386184
144,2017,4.47283401775988
144,2018,4.48058101247636
144,2019,4.48739710504102
144,2020,4.479744445819
144,2021,4.50169047207149
144,2022,4.5116492713199
144,2023,4.50691891862246
145,2005,4.41406781511695
145,2006,4.43603530661556
145,2007,4.44695229818731
145,2008,4.47386064669419
145,2009,4.47766634057521
145,2010,4.4807173014637
145,2011,4.47863940239406
145,2012,4.48539843749103
145,2013,4.4821528499378
145,2014,4.50472409554246
145,2015,4.49440597703379
145,2016,4.51512252849964
145,2017,4.51549240292475
145,2018,4.51973753684758
145,2019,4.53157982256373
145,2020,4.53126062907293
145,2021,4.53509564915218
145,2022,4.54864159642604
145,2023,4.55520367550532
146,2005,4.37277718132121
146,2006,4.37276575110029
146,2007,4.3728041932048
146,2008,4.37344486124872
146,2009,4.37274020266929
146,2010,4.37297483987807
146,2011,4.3737324808291
146,2012,4.37334378652675
146,2013,4.3734755544345
146,2014,4.37361728007711
146,2015,4.37431832626737
146,2016,4.37550632768911
146,2017,4.37590746211786
146,2018,4.37593966991538
146,2019,4.37689887681281
146,2020,4.37658161271683
146,2021,4.37627715402995
146,2022,4.37590512595625
146,2023,4.3769956943912
147,2005,4.4465794926122
147,2006,4.4465794926122
147,2007,4.4465794926122
147,2008,4.4465794926122
147,2009,4.4465794926122
147,2010,4.4465794926122
147,2011,4.4465794926122
147,2012,4.4465794926122
147,2013,4.4465794926122
147,2014,4.4465794926122
147,2015,4.4465794926122
147,2016,4.4465794926122
147,2017,4.4465794926122
147,2018,4.4465794926122
147,2019,4.4465794926122
147,2020,4.4465794926122
147,2021,4.4465794926122
147,2022,4.4465794926122
147,2023,4.4465794926122
148,2005,4.38614457821455
148,2006,4.3873881444186
148,2007,4.3859498929389
148,2008,4.3860045040892
148,2009,4.38427915263391
148,2010,4.38483699780356
148,2011,4.38795036514291
148,2012,4.39123638188424
148,2013,4.39109103201424
148,2014,4.39397915571695
148,2015,4.3968997852619
148,2016,4.39765699721957
148,2017,4.39606238788482
148,2018,4.39636990889265
148,2019,4.39886155954957
148,2020,4.39728529417502
148,2021,4.39564882590403
148,2022,4.3959871086227
148,2023,4.39646822684371
149,2005,4.38614457821455
149,2006,4.3873881444186
149,2007,4.3859498929389
149,2008,4.3860045040892
149,2009,4.38427915263391
149,2010,4.38483699780356
149,2011,4.38795036514291
149,2012,4.39123638188424
149,2013,4.39109103201424
149,2014,4.39397915571695
149,2015,4.3968997852619
149,2016,4.39765699721957
149,2017,4.39606238788482
149,2018,4.39636990889265
149,2019,4.39886155954957
149,2020,4.39728529417502
149,2021,4.39564882590403
149,2022,4.3959871086227
149,2023,4.39646822684371
150,2005,4.38614457821455
150,2006,4.3873881444186
150,2007,4.3859498929389
150,2008,4.3860045040892
150,2009,4.38427915263391
150,2010,4.38483699780356
150,2011,4.38795036514291
150,2012,4.39123638188424
150,2013,4.39109103201424
150,2014,4.39397915571695
150,2015,4.3968997852619
150,2016,4.39765699721957
150,2017,4.39606238788482
150,2018,4.39636990889265
150,2019,4.39886155954957
150,2020,4.39728529417502
150,2021,4.39564882590403
150,2022,4.3959871086227
150,2023,4.39646822684371
151,2005,4.38509851627154
151,2006,4.38509851627154
151,2007,4.38509851627154
151,2008,4.38509851627154
151,2009,4.38509851627154
151,2010,4.38509851627154
151,2011,4.38509851627154
151,2012,4.38509851627154
151,2013,4.38509851627154
151,2014,4.38509851627154
151,2015,4.38509851627154
151,2016,4.38509851627154
151,2017,4.38509851627154
151,2018,4.38509851627154
151,2019,4.38509851627154
151,2020,4.38509851627154
151,2021,4.38509851627154
151,2022,4.38509851627154
151,2023,4.38509851627154
152,2005,4.34118855127863
152,2006,4.34204087149677
152,2007,4.34200597062112
152,2008,4.34341410922095
152,2009,4.34276078442049
152,2010,4.34544587506498
152,2011,4.3470199503522
152,2012,4.34448751243121
152,2013,4.34407511646818
152,2014,4.34395532069329
152,2015,4.34548781696671
152,2016,4.34926761292131
152,2017,4.34953107131022
152,2018,4.3485841765659
152,2019,4.35048240970368
152,2020,4.34808785247658
152,2021,4.34367377204303
152,2022,4.34059768657534
152,2023,4.34442424879447
153,2005,4.4216547724741
153,2006,4.4216547724741
153,2007,4.4216547724741
153,2008,4.4216547724741
153,2009,4.4216547724741
153,2010,4.4216547724741
153,2011,4.4216547724741
153,2012,4.4216547724741
153,2013,4.4216547724741
153,2014,4.4216547724741
153,2015,4.4216547724741
153,2016,4.4216547724741
153,2017,4.4216547724741
153,2018,4.4216547724741
153,2019,4.4216547724741
153,2020,4.4216547724741
153,2021,4.4216547724741
153,2022,4.4216547724741
153,2023,4.4216547724741
154,2005,4.38426769226694
154,2006,4.38426769226694
154,2007,4.38426769226694
154,2008,4.38426769226694
154,2009,4.38426769226694
154,2010,4.38426769226694
154,2011,4.38426769226694
154,2012,4.38426769226694
154,2013,4.38426769226694
154,2014,4.38426769226694
154,2015,4.38426769226694
154,2016,4.38426769226694
154,2017,4.38426769226694
154,2018,4.38426769226694
154,2019,4.38426769226694
154,2020,4.38426769226694
154,2021,4.38426769226694
154,2022,4.38426769226694
154,2023,4.38426769226694
155,2005,4.34046972924568
155,2006,4.33916154263609
155,2007,4.33779681116885
155,2008,4.33988979677074
155,2009,4.33735832947118
155,2010,4.33764808139507
155,2011,4.34062819466059
155,2012,4.34112522368628
155,2013,4.34149433132875
155,2014,4.34270048053745
155,2015,4.34351277785557
155,2016,4.34720577028896
155,2017,4.34906292714086
155,2018,4.34934020122458
155,2019,4.34916558974802
155,2020,4.35016500328017
155,2021,4.35049407201214
155,2022,4.34938752841135
155,2023,4.35167494526863
156,2005,4.34192890099234
156,2006,4.34192890099234
156,2007,4.34192890099234
156,2008,4.34192890099234
156,2009,4.34192890099234
156,2010,4.34192890099234
156,2011,4.34192890099234
156,2012,4.34192890099234
156,2013,4.34192890099234
156,2014,4.34192890099234
156,2015,4.34192890099234
156,2016,4.34192890099234
156,2017,4.34192890099234
156,2018,4.34192890099234
156,2019,4.34192890099234
156,2020,4.34192890099234
156,2021,4.34192890099234
156,2022,4.34192890099234
156,2023,4.34192890099234
157,2005,4.38614457821455
157,2006,4.3873881444186
157,2007,4.3859498929389
157,2008,4.3860045040892
157,2009,4.38427915263391
157,2010,4.38483699780356
157,2011,4.38795036514291
157,2012,4.39123638188424
157,2013,4.39109103201424
157,2014,4.39397915571695
157,2015,4.3968997852619
157,2016,4.39765699721957
157,2017,4.39606238788482
157,2018,4.39636990889265
157,2019,4.39886155954957
157,2020,4.39728529417502
157,2021,4.39564882590403
157,2022,4.3959871086227
157,2023,4.39646822684371
158,2005,4.38614457821455
158,2006,4.3873881444186
158,2007,4.3859498929389
158,2008,4.3860045040892
158,2009,4.38427915263391
158,2010,4.38483699780356
158,2011,4.38795036514291
158,2012,4.39123638188424
158,2013,4.39109103201424
158,2014,4.39397915571695
158,2015,4.3968997852619
158,2016,4.39765699721957
158,2017,4.39606238788482
158,2018,4.39636990889265
158,2019,4.39886155954957
158,2020,4.39728529417502
158,2021,4.39564882590403
158,2022,4.3959871086227
158,2023,4.39646822684371
159,2005,4.38614457821455
159,2006,4.3873881444186
159,2007,4.3859498929389
159,2008,4.3860045040892
159,2009,4.38427915263391
159,2010,4.38483699780356
159,2011,4.38795036514291
159,2012,4.39123638188424
159,2013,4.39109103201424
159,2014,4.39397915571695
159,2015,4.3968997852619
159,2016,4.39765699721957
159,2017,4.39606238788482
159,2018,4.39636990889265
159,2019,4.39886155954957
159,2020,4.39728529417502
159,2021,4.39564882590403
159,2022,4.3959871086227
159,2023,4.39646822684371
161,2005,4.37277718132121
161,2006,4.37276575110029
161,2007,4.3728041932048
161,2008,4.37344486124872
161,2009,4.37274020266929
161,2010,4.37297483987807
161,2011,4.3737324808291
161,2012,4.37334378652675
161,2013,4.3734755544345
161,2014,4.37361728007711
161,2015,4.37431832626737
161,2016,4.37550632768911
161,2017,4.37590746211786
161,2018,4.37593966991538
161,2019,4.37689887681281
161,2020,4.37658161271683
161,2021,4.37627715402995
161,2022,4.37590512595625
161,2023,4.3769956943912
162,2005,4.41
162,2006,4.41
162,2007,4.41
162,2008,4.41
162,2009,4.41
162,2010,4.41
162,2011,4.41
162,2012,4.41
162,2013,4.41
162,2014,4.41
162,2015,4.41
162,2016,4.41
162,2017,4.41
162,2018,4.41
162,2019,4.41
162,2020,4.41
162,2021,4.41
162,2022,4.41
162,2023,4.41
163,2005,5.24
163,2006,5.24
163,2007,5.24
163,2008,5.24
163,2009,5.24
163,2010,5.24
163,2011,5.24
163,2012,5.24
163,2013,5.24
163,2014,5.24
163,2015,5.24
163,2016,5.24
163,2017,5.24
163,2018,5.24
163,2019,5.24
163,2020,5.24
163,2021,5.24
163,2022,5.24
163,2023,5.24
164,2005,3.63290253198462
164,2006,3.63434097111774
164,2007,3.6347954215277
164,2008,3.63068529112449
164,2009,3.62795725470506
164,2010,3.62682208011163
164,2011,3.62475115673453
164,2012,3.62604317406801
164,2013,3.62797091714367
164,2014,3.62959724901207
164,2015,3.63025506392506
164,2016,3.62823858604522
164,2017,3.62467949537359
164,2018,3.62404070093059
164,2019,3.62634580393886
164,2020,3.61344198484906
164,2021,3.62543022748057
164,2022,3.63193377423112
164,2023,3.63109913244001
166,2005,3.59
166,2006,3.59
166,2007,3.59
166,2008,3.59
166,2009,3.59
166,2010,3.59
166,2011,3.59
166,2012,3.59
166,2013,3.59
166,2014,3.59
166,2015,3.59
166,2016,3.59
166,2017,3.59
166,2018,3.59
166,2019,3.59
166,2020,3.59
166,2021,3.59
166,2022,3.59
166,2023,3.59
167,2005,3.87715878930056
167,2006,3.88040784906236
167,2007,3.88515783056327
167,2008,3.88656171829322
167,2009,3.88931527560464
167,2010,3.89259393947435
167,2011,3.89685355355639
167,2012,3.90105248398942
167,2013,3.90369009255906
167,2014,3.90466046757666
167,2015,3.90473356384443
167,2016,3.90750586670073
167,2017,3.91028384287385
167,2018,3.91158634038359
167,2019,3.91466236861771
167,2020,3.95716417991963
167,2021,3.98363295832889
167,2022,4.0871398501118
167,2023,4.17639639775614
168,2005,3.95706327238355
168,2006,3.96357432474753
168,2007,3.96932072614095
168,2008,3.97379320746359
168,2009,3.97663991161552
168,2010,3.98295184063789
168,2011,3.9906557366501
168,2012,3.99331083317717
168,2013,3.9964460142917
168,2014,3.99491795315962
168,2015,3.98699707428422
168,2016,3.97696059822403
168,2017,3.97783590491474
168,2018,3.98416209451043
168,2019,3.98436765577666
168,2020,3.95612367987705
168,2021,3.95150941728947
168,2022,3.95358179315526
168,2023,3.95577635716519
169,2005,3.92270681983827
169,2006,3.92759021070482
169,2007,3.93327116746476
169,2008,3.937663977689
169,2009,3.9369759928374
169,2010,3.94365603222308
169,2011,3.94971647721801
169,2012,3.95286049423565
169,2013,3.95680409018596
169,2014,3.95753735057243
169,2015,3.95705254171915
169,2016,3.95574182559978
169,2017,3.95736700316564
169,2018,3.9582466693285
169,2019,3.95816648052741
169,2020,3.95054865675793
169,2021,3.96140344738046
169,2022,3.97615624343776
169,2023,3.98518909551216
171,2005,4.41
171,2006,4.41
171,2007,4.41
171,2008,4.41
171,2009,4.41
171,2010,4.41
171,2011,4.41
171,2012,4.41
171,2013,4.41
171,2014,4.41
171,2015,4.41
171,2016,4.41
171,2017,4.41
171,2018,4.41
171,2019,4.41
171,2020,4.41
171,2021,4.41
171,2022,4.41
171,2023,4.41
172,2005,4.1
172,2006,4.1
172,2007,4.1
172,2008,4.1
172,2009,4.1
172,2010,4.1
172,2011,4.1
172,2012,4.1
172,2013,4.1
172,2014,4.1
172,2015,4.1
172,2016,4.1
172,2017,4.1
172,2018,4.1
172,2019,4.1
172,2020,4.1
172,2021,4.1
172,2022,4.1
172,2023,4.1
173,2005,3.79
173,2006,3.79
173,2007,3.79
173,2008,3.79
173,2009,3.79
173,2010,3.79
173,2011,3.79
173,2012,3.79
173,2013,3.79
173,2014,3.79
173,2015,3.79
173,2016,3.79
173,2017,3.79
173,2018,3.79
173,2019,3.79
173,2020,3.79
173,2021,3.79
173,2022,3.79
173,2023,3.79
174,2005,4.52
174,2006,4.52
174,2007,4.52
174,2008,4.52
174,2009,4.52
174,2010,4.52
174,2011,4.52
174,2012,4.52
174,2013,4.52
174,2014,4.52
174,2015,4.52
174,2016,4.52
174,2017,4.52
174,2018,4.52
174,2019,4.52
174,2020,4.52
174,2021,4.52
174,2022,4.52
174,2023,4.52
175,2005,4.63
175,2006,4.63
175,2007,4.63
175,2008,4.63
175,2009,4.63
175,2010,4.63
175,2011,4.63
175,2012,4.63
175,2013,4.63
175,2014,4.63
175,2015,4.63
175,2016,4.63
175,2017,4.63
175,2018,4.63
175,2019,4.63
175,2020,4.63
175,2021,4.63
175,2022,4.63
175,2023,4.63
176,2005,5
176,2006,5
176,2007,5
176,2008,5
176,2009,5
176,2010,5
176,2011,5
176,2012,5
176,2013,5
176,2014,5
176,2015,5
176,2016,5
176,2017,5
176,2018,5
176,2019,5
176,2020,5
176,2021,5
176,2022,5
176,2023,5
177,2005,4.64
177,2006,4.64
177,2007,4.64
177,2008,4.64
177,2009,4.64
177,2010,4.64
177,2011,4.64
177,2012,4.64
177,2013,4.64
177,2014,4.64
177,2015,4.64
177,2016,4.64
177,2017,4.64
177,2018,4.64
177,2019,4.64
177,2020,4.64
177,2021,4.64
177,2022,4.64
177,2023,4.64
178,2005,4.4
178,2006,4.4
178,2007,4.4
178,2008,4.4
178,2009,4.4
178,2010,4.4
178,2011,4.4
178,2012,4.4
178,2013,4.4
178,2014,4.4
178,2015,4.4
178,2016,4.4
178,2017,4.4
178,2018,4.4
178,2019,4.4
178,2020,4.4
178,2021,4.4
178,2022,4.4
178,2023,4.4
179,2005,5.07
179,2006,5.07
179,2007,5.07
179,2008,5.07
179,2009,5.07
179,2010,5.07
179,2011,5.07
179,2012,5.07
179,2013,5.07
179,2014,5.07
179,2015,5.07
179,2016,5.07
179,2017,5.07
179,2018,5.07
179,2019,5.07
179,2020,5.07
179,2021,5.07
179,2022,5.07
179,2023,5.07
180,2005,4.96
180,2006,4.96
180,2007,4.96
180,2008,4.96
180,2009,4.96
180,2010,4.96
180,2011,4.96
180,2012,4.96
180,2013,4.96
180,2014,4.96
180,2015,4.96
180,2016,4.96
180,2017,4.96
180,2018,4.96
180,2019,4.96
180,2020,4.96
180,2021,4.96
180,2022,4.96
180,2023,4.96
181,2005,4.44
181,2006,4.44
181,2007,4.44
181,2008,4.44
181,2009,4.44
181,2010,4.44
181,2011,4.44
181,2012,4.44
181,2013,4.44
181,2014,4.44
181,2015,4.44
181,2016,4.44
181,2017,4.44
181,2018,4.44
181,2019,4.44
181,2020,4.44
181,2021,4.44
181,2022,4.44
181,2023,4.44
182,2005,5.18
182,2006,5.18
182,2007,5.18
182,2008,5.18
182,2009,5.18
182,2010,5.18
182,2011,5.18
182,2012,5.18
182,2013,5.18
182,2014,5.18
182,2015,5.18
182,2016,5.18
182,2017,5.18
182,2018,5.18
182,2019,5.18
182,2020,5.18
182,2021,5.18
182,2022,5.18
182,2023,5.18
183,2005,4.78
183,2006,4.78
183,2007,4.78
183,2008,4.78
183,2009,4.78
183,2010,4.78
183,2011,4.78
183,2012,4.78
183,2013,4.78
183,2014,4.78
183,2015,4.78
183,2016,4.78
183,2017,4.78
183,2018,4.78
183,2019,4.78
183,2020,4.78
183,2021,4.78
183,2022,4.78
183,2023,4.78
184,2005,4.9
184,2006,4.9
184,2007,4.9
184,2008,4.9
184,2009,4.9
184,2010,4.9
184,2011,4.9
184,2012,4.9
184,2013,4.9
184,2014,4.9
184,2015,4.9
184,2016,4.9
184,2017,4.9
184,2018,4.9
184,2019,4.9
184,2020,4.9
184,2021,4.9
184,2022,4.9
184,2023,4.9
185,2005,5.21181528501868
185,2006,5.21181528501868
185,2007,5.21181528501868
185,2008,5.21181528501868
185,2009,5.21181528501868
185,2010,5.21181528501868
185,2011,5.21181528501868
185,2012,5.21181528501868
185,2013,5.21181528501868
185,2014,5.21181528501868
185,2015,5.21181528501868
185,2016,5.21181528501868
185,2017,5.21181528501868
185,2018,5.21181528501868
185,2019,5.21181528501868
185,2020,5.21181528501868
185,2021,5.21181528501868
185,2022,5.21181528501868
185,2023,5.21181528501868
186,2005,3.96
186,2006,3.96
186,2007,3.96
186,2008,3.96
186,2009,3.96
186,2010,3.96
186,2011,3.96
186,2012,3.96
186,2013,3.96
186,2014,3.96
186,2015,3.96
186,2016,3.96
186,2017,3.96
186,2018,3.96
186,2019,3.96
186,2020,3.96
186,2021,3.96
186,2022,3.96
186,2023,3.96
187,2005,4.13
187,2006,4.13
187,2007,4.13
187,2008,4.13
187,2009,4.13
187,2010,4.13
187,2011,4.13
187,2012,4.13
187,2013,4.13
187,2014,4.13
187,2015,4.13
187,2016,4.13
187,2017,4.13
187,2018,4.13
187,2019,4.13
187,2020,4.13
187,2021,4.13
187,2022,4.13
187,2023,4.13
188,2005,4.22
188,2006,4.22
188,2007,4.22
188,2008,4.22
188,2009,4.22
188,2010,4.22
188,2011,4.22
188,2012,4.22
188,2013,4.22
188,2014,4.22
188,2015,4.22
188,2016,4.22
188,2017,4.22
188,2018,4.22
188,2019,4.22
188,2020,4.22
188,2021,4.22
188,2022,4.22
188,2023,4.22
189,2005,4.17
189,2006,4.17
189,2007,4.17
189,2008,4.17
189,2009,4.17
189,2010,4.17
189,2011,4.17
189,2012,4.17
189,2013,4.17
189,2014,4.17
189,2015,4.17
189,2016,4.17
189,2017,4.17
189,2018,4.17
189,2019,4.17
189,2020,4.17
189,2021,4.17
189,2022,4.17
189,2023,4.17
190,2005,4.02
190,2006,4.02
190,2007,4.02
190,2008,4.02
190,2009,4.02
190,2010,4.02
190,2011,4.02
190,2012,4.02
190,2013,4.02
190,2014,4.02
190,2015,4.02
190,2016,4.02
190,2017,4.02
190,2018,4.02
190,2019,4.02
190,2020,4.02
190,2021,4.02
190,2022,4.02
190,2023,4.02
191,2005,3.72
191,2006,3.72
191,2007,3.72
191,2008,3.72
191,2009,3.72
191,2010,3.72
191,2011,3.72
191,2012,3.72
191,2013,3.72
191,2014,3.72
191,2015,3.72
191,2016,3.72
191,2017,3.72
191,2018,3.72
191,2019,3.72
191,2020,3.72
191,2021,3.72
191,2022,3.72
191,2023,3.72
192,2005,3.79078994775224
192,2006,3.79436452027804
192,2007,3.79644090428697
192,2008,3.80123733869423
192,2009,3.80093546045711
192,2010,3.80345948318196
192,2011,3.80674452953377
192,2012,3.81468435201785
192,2013,3.81727829720025
192,2014,3.81599480544808
192,2015,3.81584324618796
192,2016,3.82677580199882
192,2017,3.82241418235752
192,2018,3.82269553784962
192,2019,3.82600423720271
192,2020,3.81082620236224
192,2021,3.81012741658897
192,2022,3.81495153616981
192,2023,3.80997661286978
193,2005,3.13078439744723
193,2006,3.13081660828752
193,2007,3.13082211813669
193,2008,3.13110332307095
193,2009,3.13108478723804
193,2010,3.13151852724167
193,2011,3.13232831993885
193,2012,3.13163527156337
193,2013,3.13171923740714
193,2014,3.13146232182565
193,2015,3.13198806324614
193,2016,3.13241398047322
193,2017,3.13278192568948
193,2018,3.13300221968537
193,2019,3.13352502511825
193,2020,3.13338602084734
193,2021,3.13404520129512
193,2022,3.13445360030915
193,2023,3.13497680841818
194,2005,3.13441137973007
194,2006,3.13424660838995
194,2007,3.13503657305585
194,2008,3.13534656946155
194,2009,3.13467436813723
194,2010,3.13509360656899
194,2011,3.13566628903784
194,2012,3.13631853194387
194,2013,3.13660755115553
194,2014,3.13684372986945
194,2015,3.13709797534525
194,2016,3.13877377017448
194,2017,3.14047171959524
194,2018,3.14136727121133
194,2019,3.14210932069408
194,2020,3.14264521845318
194,2021,3.14343095696584
194,2022,3.14381872205431
194,2023,3.14496534777481
195,2005,3.13
195,2006,3.13
195,2007,3.13
195,2008,3.13
195,2009,3.13
195,2010,3.13
195,2011,3.13
195,2012,3.13
195,2013,3.13
195,2014,3.13
195,2015,3.13
195,2016,3.13
195,2017,3.13
195,2018,3.13
195,2019,3.13
195,2020,3.13
195,2021,3.13
195,2022,3.13
195,2023,3.13
196,2005,3.18
196,2006,3.18
196,2007,3.18
196,2008,3.18
196,2009,3.18
196,2010,3.18
196,2011,3.18
196,2012,3.18
196,2013,3.18
196,2014,3.18
196,2015,3.18
196,2016,3.18
196,2017,3.18
196,2018,3.18
196,2019,3.18
196,2020,3.18
196,2021,3.18
196,2022,3.18
196,2023,3.18
197,2005,2.99
197,2006,2.99
197,2007,2.99
197,2008,2.99
197,2009,2.99
197,2010,2.99
197,2011,2.99
197,2012,2.99
197,2013,2.99
197,2014,2.99
197,2015,2.99
197,2016,2.99
197,2017,2.99
197,2018,2.99
197,2019,2.99
197,2020,2.99
197,2021,2.99
197,2022,2.99
197,2023,2.99
198,2005,3.11939597971042
198,2006,3.11093335855181
198,2007,3.11477962508224
198,2008,3.10560553676993
198,2009,3.10136428019144
198,2010,3.10587872211581
198,2011,3.11041562205242
198,2012,3.11258246941059
198,2013,3.11539604343891
198,2014,3.11665348437658
198,2015,3.11766449538786
198,2016,3.11650178801115
198,2017,3.11334993936661
198,2018,3.11094408213549
198,2019,3.11288130924481
198,2020,3.10697854783328
198,2021,3.1058277327644
198,2022,3.10683690974737
198,2023,3.10713310157107
199,2005,2.97752119015482
199,2006,2.97766335330779
199,2007,2.97787480157704
199,2008,2.97809118368737
199,2009,2.97807116826481
199,2010,2.97834266558228
199,2011,2.97860014792387
199,2012,2.9788777098108
199,2013,2.97926848020468
199,2014,2.97975984277381
199,2015,2.9800674227589
199,2016,2.97995994339961
199,2017,2.97996015615857
199,2018,2.98017365922757
199,2019,2.98027908308836
199,2020,2.98013831641879
199,2021,2.98040057967762
199,2022,2.98092420098856
199,2023,2.98143706799867
200,2005,3.05
200,2006,3.05
200,2007,3.05
200,2008,3.05
200,2009,3.05
200,2010,3.05
200,2011,3.05
200,2012,3.05
200,2013,3.05
200,2014,3.05
200,2015,3.05
200,2016,3.05
200,2017,3.05
200,2018,3.05
200,2019,3.05
200,2020,3.05
200,2021,3.05
200,2022,3.05
200,2023,3.05
202,2005,3.65
202,2006,3.65
202,2007,3.65
202,2008,3.65
202,2009,3.65
202,2010,3.65
202,2011,3.65
202,2012,3.65
202,2013,3.65
202,2014,3.65
202,2015,3.65
202,2016,3.65
202,2017,3.65
202,2018,3.65
202,2019,3.65
202,2020,3.65
202,2021,3.65
202,2022,3.65
202,2023,3.65
203,2005,4.25
203,2006,4.25
203,2007,4.25
203,2008,4.25
203,2009,4.25
203,2010,4.25
203,2011,4.25
203,2012,4.25
203,2013,4.25
203,2014,4.25
203,2015,4.25
203,2016,4.25
203,2017,4.25
203,2018,4.25
203,2019,4.25
203,2020,4.25
203,2021,4.25
203,2022,4.25
203,2023,4.25
204,2005,3.19
204,2006,3.19
204,2007,3.19
204,2008,3.19
204,2009,3.19
204,2010,3.19
204,2011,3.19
204,2012,3.19
204,2013,3.19
204,2014,3.19
204,2015,3.19
204,2016,3.19
204,2017,3.19
204,2018,3.19
204,2019,3.19
204,2020,3.19
204,2021,3.19
204,2022,3.19
204,2023,3.19
205,2005,3.96836330377452
205,2006,3.97048722110184
205,2007,3.97266617701552
205,2008,3.97475373599526
205,2009,3.97711095014089
205,2010,3.97941117746159
205,2011,3.9807581697224
205,2012,3.98267046246892
205,2013,3.9850460355362
205,2014,3.98752071594871
205,2015,3.98976091467584
205,2016,3.99170758060432
205,2017,3.99387129407146
205,2018,3.99622816925365
205,2019,3.99886444524306
205,2020,3.99422811614395
205,2021,3.98877382791225
205,2022,3.9900275883389
205,2023,3.99012715265966
206,2005,4.28
206,2006,4.28
206,2007,4.28
206,2008,4.28
206,2009,4.28
206,2010,4.28
206,2011,4.28
206,2012,4.28
206,2013,4.28
206,2014,4.28
206,2015,4.28
206,2016,4.28
206,2017,4.28
206,2018,4.28
206,2019,4.28
206,2020,4.28
206,2021,4.28
206,2022,4.28
206,2023,4.28
207,2005,3.96
207,2006,3.96
207,2007,3.96
207,2008,3.96
207,2009,3.96
207,2010,3.96
207,2011,3.96
207,2012,3.96
207,2013,3.96
207,2014,3.96
207,2015,3.96
207,2016,3.96
207,2017,3.96
207,2018,3.96
207,2019,3.96
207,2020,3.96
207,2021,3.96
207,2022,3.96
207,2023,3.96
208,2005,4.76
208,2006,4.76
208,2007,4.76
208,2008,4.76
208,2009,4.76
208,2010,4.76
208,2011,4.76
208,2012,4.76
208,2013,4.76
208,2014,4.76
208,2015,4.76
208,2016,4.76
208,2017,4.76
208,2018,4.76
208,2019,4.76
208,2020,4.76
208,2021,4.76
208,2022,4.76
208,2023,4.76
209,2005,4.94
209,2006,4.94
209,2007,4.94
209,2008,4.94
209,2009,4.94
209,2010,4.94
209,2011,4.94
209,2012,4.94
209,2013,4.94
209,2014,4.94
209,2015,4.94
209,2016,4.94
209,2017,4.94
209,2018,4.94
209,2019,4.94
209,2020,4.94
209,2021,4.94
209,2022,4.94
209,2023,4.94
210,2005,5.09
210,2006,5.09
210,2007,5.09
210,2008,5.09
210,2009,5.09
210,2010,5.09
210,2011,5.09
210,2012,5.09
210,2013,5.09
210,2014,5.09
210,2015,5.09
210,2016,5.09
210,2017,5.09
210,2018,5.09
210,2019,5.09
210,2020,5.09
210,2021,5.09
210,2022,5.09
210,2023,5.09
212,2005,4.31018960141449
212,2006,4.3108574177281
212,2007,4.31104256924591
212,2008,4.31009469105064
212,2009,4.30980895378709
212,2010,4.30965670094282
212,2011,4.30991212279818
212,2012,4.31067340981539
212,2013,4.31183952367541
212,2014,4.3118310343715
212,2015,4.31377925965274
212,2016,4.31499302847678
212,2017,4.31549763759434
212,2018,4.31595402899511
212,2019,4.31636846451617
212,2020,4.31581403340078
212,2021,4.31738198811101
212,2022,4.31794932838588
212,2023,4.31859828618248
214,2005,3.96
214,2006,3.96
214,2007,3.96
214,2008,3.96
214,2009,3.96
214,2010,3.96
214,2011,3.96
214,2012,3.96
214,2013,3.96
214,2014,3.96
214,2015,3.96
214,2016,3.96
214,2017,3.96
214,2018,3.96
214,2019,3.96
214,2020,3.96
214,2021,3.96
214,2022,3.96
214,2023,3.96
215,2005,3.81
215,2006,3.81
215,2007,3.81
215,2008,3.81
215,2009,3.81
215,2010,3.81
215,2011,3.81
215,2012,3.81
215,2013,3.81
215,2014,3.81
215,2015,3.81
215,2016,3.81
215,2017,3.81
215,2018,3.81
215,2019,3.81
215,2020,3.81
215,2021,3.81
215,2022,3.81
215,2023,3.81
216,2005,4.46
216,2006,4.46
216,2007,4.46
216,2008,4.46
216,2009,4.46
216,2010,4.46
216,2011,4.46
216,2012,4.46
216,2013,4.46
216,2014,4.46
216,2015,4.46
216,2016,4.46
216,2017,4.46
216,2018,4.46
216,2019,4.46
216,2020,4.46
216,2021,4.46
216,2022,4.46
216,2023,4.46
218,2005,4.81
218,2006,4.81
218,2007,4.81
218,2008,4.81
218,2009,4.81
218,2010,4.81
218,2011,4.81
218,2012,4.81
218,2013,4.81
218,2014,4.81
218,2015,4.81
218,2016,4.81
218,2017,4.81
218,2018,4.81
218,2019,4.81
218,2020,4.81
218,2021,4.81
218,2022,4.81
218,2023,4.81
219,2005,4.99743849186861
219,2006,5.00439895084172
219,2007,5.00875531488192
219,2008,5.00672089075027
219,2009,4.99126908395856
219,2010,4.99888222358674
219,2011,5.00477508734631
219,2012,5.00944930462131
219,2013,5.0150668012206
219,2014,5.02276326935584
219,2015,5.02757926806091
219,2016,5.02993153173515
219,2017,5.03790285514673
219,2018,5.04641728628201
219,2019,5.05256705770937
219,2020,5.03199123219519
219,2021,5.05570787428719
219,2022,5.06529180548171
219,2023,5.0680916706699
220,2005,3.9524930287844
220,2006,3.94569388439882
220,2007,3.93889474001324
220,2008,3.93209559562766
220,2009,3.89919303415272
220,2010,3.90764469734704
220,2011,3.91963826047977
220,2012,3.91650991564013
220,2013,3.91246066946787
220,2014,3.90982290773997
220,2015,3.90206936116571
220,2016,3.89800319651054
220,2017,3.86353562778112
220,2018,3.83486254957827
220,2019,3.86286828132677
220,2020,3.81381216517333
220,2021,3.82285886885123
220,2022,3.84742094118717
220,2023,3.85483613174394
221,2005,3.7591222960893
221,2006,3.76699812443823
221,2007,3.77073453827984
221,2008,3.76980689481889
221,2009,3.75617821197472
221,2010,3.75264835743165
221,2011,3.75129148103788
221,2012,3.74915492729119
221,2013,3.74913965131182
221,2014,3.75012132994814
221,2015,3.75108923660563
221,2016,3.75192099909128
221,2017,3.75193879533153
221,2018,3.7532311475757
221,2019,3.75585346844206
221,2020,3.72731032130929
221,2021,3.73769159054749
221,2022,3.75143531811072
221,2023,3.75599673602666
222,2005,4.57
222,2006,4.57
222,2007,4.57
222,2008,4.57
222,2009,4.57
222,2010,4.57
222,2011,4.57
222,2012,4.57
222,2013,4.57
222,2014,4.57
222,2015,4.57
222,2016,4.57
222,2017,4.57
222,2018,4.57
222,2019,4.57
222,2020,4.57
222,2021,4.57
222,2022,4.57
222,2023,4.57
223,2005,4.65165742599976
223,2006,4.66170437813623
223,2007,4.67325559043665
223,2008,4.66841752084393
223,2009,4.64846579232116
223,2010,4.64565783929806
223,2011,4.6444600192944
223,2012,4.65280276822452
223,2013,4.65158791363027
223,2014,4.65712535917729
223,2015,4.66237303940779
223,2016,4.66410266385636
223,2017,4.67435327087292
223,2018,4.67540517447679
223,2019,4.67822772341814
223,2020,4.66635054397669
223,2021,4.68739908769813
223,2022,4.7009167489366
223,2023,4.69656375739658
224,2005,4.33
224,2006,4.33
224,2007,4.33
224,2008,4.33
224,2009,4.33
224,2010,4.33
224,2011,4.33
224,2012,4.33
224,2013,4.33
224,2014,4.33
224,2015,4.33
224,2016,4.33
224,2017,4.33
224,2018,4.33
224,2019,4.33
224,2020,4.33
224,2021,4.33
224,2022,4.33
224,2023,4.33
227,2005,4.45138169167089
227,2006,4.45138169167089
227,2007,4.45138169167089
227,2008,4.45138169167089
227,2009,4.45138169167089
227,2010,4.45138169167089
227,2011,4.45138169167089
227,2012,4.45138169167089
227,2013,4.45138169167089
227,2014,4.45138169167089
227,2015,4.45138169167089
227,2016,4.45138169167089
227,2017,4.45138169167089
227,2018,4.45138169167089
227,2019,4.45138169167089
227,2020,4.45138169167089
227,2021,4.45138169167089
227,2022,4.45138169167089
227,2023,4.45138169167089
228,2005,4.42150066462048
228,2006,4.42150066462048
228,2007,4.42150066462048
228,2008,4.42150066462048
228,2009,4.42150066462048
228,2010,4.42150066462048
228,2011,4.42150066462048
228,2012,4.42150066462048
228,2013,4.42150066462048
228,2014,4.42150066462048
228,2015,4.42150066462048
228,2016,4.42150066462048
228,2017,4.42150066462048
228,2018,4.42150066462048
228,2019,4.42150066462048
228,2020,4.42150066462048
228,2021,4.42150066462048
228,2022,4.42150066462048
228,2023,4.42150066462048
231,2005,3.97482144965123
231,2006,3.97318165147146
231,2007,3.97476770131998
231,2008,3.97676695749905
231,2009,3.97867266005404
231,2010,3.98053037368212
231,2011,3.98156931142133
231,2012,3.98235728047387
231,2013,3.98266603661586
231,2014,3.98343189191999
231,2015,3.9835954460223
231,2016,3.9839425297222
231,2017,3.98229979274269
231,2018,3.98156232350241
231,2019,3.98822603026874
231,2020,3.99909814117309
231,2021,4.00077248295326
231,2022,3.9899813841274
231,2023,3.98257942277393
232,2005,3.51
232,2006,3.51
232,2007,3.51
232,2008,3.51
232,2009,3.51
232,2010,3.51
232,2011,3.51
232,2012,3.51
232,2013,3.51
232,2014,3.51
232,2015,3.51
232,2016,3.51
232,2017,3.51
232,2018,3.51
232,2019,3.51
232,2020,3.51
232,2021,3.51
232,2022,3.51
232,2023,3.51
237,2005,4.12830519799766
237,2006,4.13519833416025
237,2007,4.13645671852871
237,2008,4.13186137449448
237,2009,4.12769422910691
237,2010,4.13885852399388
237,2011,4.14455681968197
237,2012,4.14819597804897
237,2013,4.15027565123576
237,2014,4.15204403295432
237,2015,4.15472555147249
237,2016,4.15668630349112
237,2017,4.16303583636553
237,2018,4.16780714330619
237,2019,4.17283177598355
237,2020,4.16682347918404
237,2021,4.1784739275514
237,2022,4.18025725644912
237,2023,4.17841522434582
244,2005,3.77289638169474
244,2006,3.77058862338684
244,2007,3.77172118105595
244,2008,3.77394314508855
244,2009,3.7710444251273
244,2010,3.76818134840609
244,2011,3.76599347471034
244,2012,3.7631986456884
244,2013,3.75906270821243
244,2014,3.75450956592003
244,2015,3.75256126527049
244,2016,3.74781283638315
244,2017,3.74430954608443
244,2018,3.74086748533518
244,2019,3.73651532937165
244,2020,3.70074422120687
244,2021,3.71103769891913
244,2022,3.72680484940479
244,2023,3.73816889772686
245,2005,3.7591222960893
245,2006,3.76699812443823
245,2007,3.77073453827984
245,2008,3.76980689481889
245,2009,3.75617821197472
245,2010,3.75264835743165
245,2011,3.75129148103788
245,2012,3.74915492729119
245,2013,3.74913965131182
245,2014,3.75012132994814
245,2015,3.75108923660563
245,2016,3.75192099909128
245,2017,3.75193879533153
245,2018,3.7532311475757
245,2019,3.75585346844206
245,2020,3.72731032130929
245,2021,3.73769159054749
245,2022,3.75143531811072
245,2023,3.75599673602666
247,2005,4.67834949773491
247,2006,4.69622582400456
247,2007,4.65617147253393
247,2008,4.61625391776796
247,2009,4.59147692062662
247,2010,4.59665643198291
247,2011,4.60899620402041
247,2012,4.60490614968155
247,2013,4.58222709189557
247,2014,4.55820539425132
247,2015,4.54799900713512
247,2016,4.52591936609152
247,2017,4.52654789810475
247,2018,4.52022322508445
247,2019,4.53574028853769
247,2020,4.53612464812875
247,2021,4.52131458468807
247,2022,4.50753310512477
247,2023,4.51096265066231
248,2005,3.7591222960893
248,2006,3.76699812443823
248,2007,3.77073453827984
248,2008,3.76980689481889
248,2009,3.75617821197472
248,2010,3.75264835743165
248,2011,3.75129148103788
248,2012,3.74915492729119
248,2013,3.74913965131182
248,2014,3.75012132994814
248,2015,3.75108923660563
248,2016,3.75192099909128
248,2017,3.75193879533153
248,2018,3.7532311475757
248,2019,3.75585346844206
248,2020,3.72731032130929
248,2021,3.73769159054749
248,2022,3.75143531811072
248,2023,3.75599673602666
249,2005,3.7591222960893
249,2006,3.76699812443823
249,2007,3.77073453827984
249,2008,3.76980689481889
249,2009,3.75617821197472
249,2010,3.75264835743165
249,2011,3.75129148103788
249,2012,3.74915492729119
249,2013,3.74913965131182
249,2014,3.75012132994814
249,2015,3.75108923660563
249,2016,3.75192099909128
249,2017,3.75193879533153
249,2018,3.7532311475757
249,2019,3.75585346844206
249,2020,3.72731032130929
249,2021,3.73769159054749
249,2022,3.75143531811072
249,2023,3.75599673602666
250,2005,3.82360044636833
250,2006,3.82160787741096
250,2007,3.82843577738571
250,2008,3.83162953189907
250,2009,3.79431514799026
250,2010,3.7864297232413
250,2011,3.79318546459039
250,2012,3.78658762239301
250,2013,3.79916019868209
250,2014,3.79202029127373
250,2015,3.78769569985237
250,2016,3.79017021754876
250,2017,3.80865399208207
250,2018,3.81493302194699
250,2019,3.80776063941774
250,2020,3.73550876742124
250,2021,3.78779779909198
250,2022,3.81098376385646
250,2023,3.82292986414646
